# Blender v3.0.0 OBJ File: 'bebe assets.blend'
# www.blender.org
mtllib bebe assets.mtl
o Cube.003_Cube.004
v -27.618650 3.177072 127.810783
v -27.491718 3.421619 127.909058
v -27.623434 3.226020 127.807076
v -27.616871 3.274774 127.812157
v -27.599289 3.320889 127.825775
v -27.535105 3.396199 127.875465
v -27.571569 3.362052 127.847237
v -27.350670 3.007249 128.018265
v -27.602757 3.130383 127.823090
v -27.401129 3.002608 127.979195
v -27.451385 3.008975 127.940285
v -27.498922 3.026031 127.903481
v -27.576553 3.088296 127.843376
v -27.541353 3.052921 127.870628
v -27.443592 3.437036 127.946320
v -27.191505 3.313902 128.141495
v -27.393135 3.441677 127.985390
v -27.342876 3.435310 128.024292
v -27.295341 3.418254 128.061096
v -27.217709 3.355989 128.121216
v -27.252909 3.391364 128.093948
v -27.175613 3.267213 128.153793
v -27.302544 3.022666 128.055527
v -27.170828 3.218265 128.157501
v -27.177391 3.169511 128.152420
v -27.194973 3.123396 128.138809
v -27.259159 3.048086 128.089111
v -27.222692 3.082233 128.117355
v -27.574518 3.176459 127.747566
v -27.445862 3.424330 127.847176
v -27.579367 3.226073 127.743805
v -27.572714 3.275489 127.748955
v -27.554893 3.322231 127.762756
v -27.489836 3.398565 127.813126
v -27.526798 3.363953 127.784508
v -27.302896 3.004328 127.957863
v -27.558409 3.129136 127.760033
v -27.354040 2.999624 127.918266
v -27.404980 3.006077 127.878822
v -27.453161 3.023365 127.841522
v -27.531849 3.086477 127.780594
v -27.496170 3.050621 127.808220
v -27.397079 3.439957 127.884941
v -27.141567 3.315149 128.082764
v -27.345938 3.444661 127.924538
v -27.294996 3.438208 127.963982
v -27.246815 3.420920 128.001282
v -27.168127 3.357808 128.062210
v -27.203806 3.393664 128.034576
v -27.125460 3.267826 128.095245
v -27.254114 3.019955 127.995628
v -27.120609 3.218212 128.098999
v -27.127262 3.168796 128.093842
v -27.145082 3.122054 128.080048
v -27.210140 3.045720 128.029678
v -27.173178 3.080332 128.058289
v -27.660912 3.180296 127.898102
v -27.543060 3.407348 127.989349
v -27.665352 3.225743 127.894669
v -27.659260 3.271008 127.899384
v -27.642935 3.313824 127.912025
v -27.583342 3.383747 127.958160
v -27.617199 3.352043 127.931946
v -27.412104 3.022622 128.090744
v -27.646154 3.136948 127.909531
v -27.458950 3.018313 128.054474
v -27.505611 3.024225 128.018341
v -27.549747 3.040061 127.984169
v -27.621826 3.097872 127.928368
v -27.589144 3.065027 127.953667
v -27.498377 3.421663 128.023941
v -27.264324 3.307337 128.205154
v -27.451529 3.425972 128.060211
v -27.404867 3.420060 128.096344
v -27.360731 3.404224 128.130508
v -27.288652 3.346413 128.186325
v -27.321335 3.379258 128.161026
v -27.249569 3.263989 128.216583
v -27.367418 3.036937 128.125336
v -27.245127 3.218543 128.220016
v -27.251221 3.173276 128.215302
v -27.267544 3.130461 128.202667
v -27.327137 3.060538 128.156525
v -27.293280 3.092242 128.182739
v -27.692247 3.185232 127.988693
v -27.588299 3.385502 128.069183
v -27.696165 3.225318 127.985664
v -27.690790 3.265244 127.989822
v -27.676392 3.303010 128.000977
v -27.623827 3.364685 128.041672
v -27.653690 3.336720 128.018539
v -27.472788 3.046157 128.158615
v -27.679232 3.146997 127.998772
v -27.514109 3.042356 128.126617
v -27.555267 3.047571 128.094757
v -27.594196 3.061538 128.064606
v -27.657772 3.112530 128.015381
v -27.628946 3.083560 128.037704
v -27.548883 3.398128 128.099686
v -27.342440 3.297288 128.259537
v -27.507563 3.401929 128.131683
v -27.466406 3.396714 128.163559
v -27.427475 3.382746 128.193695
v -27.363899 3.331755 128.242920
v -27.392727 3.360725 128.220596
v -27.329426 3.259053 128.269608
v -27.433374 3.058783 128.189133
v -27.325508 3.218967 128.272644
v -27.330883 3.179041 128.268478
v -27.345282 3.141275 128.257324
v -27.397844 3.079600 128.216629
v -27.367981 3.107565 128.239761
v -27.720402 3.191394 128.087631
v -27.633808 3.358229 128.154678
v -27.723667 3.224788 128.085098
v -27.719189 3.258049 128.088562
v -27.707193 3.289509 128.097855
v -27.663406 3.340888 128.131760
v -27.688284 3.317591 128.112488
v -27.537582 3.075538 128.229172
v -27.709560 3.159543 128.096024
v -27.572004 3.072371 128.202530
v -27.606291 3.076715 128.175980
v -27.638721 3.088351 128.150864
v -27.691683 3.130830 128.109863
v -27.667669 3.106696 128.128448
v -27.600975 3.368747 128.180099
v -27.428995 3.284742 128.313248
v -27.566551 3.371913 128.206741
v -27.532265 3.367570 128.233292
v -27.499834 3.355934 128.258408
v -27.446873 3.313455 128.299408
v -27.470886 3.337589 128.280807
v -27.418154 3.252891 128.321640
v -27.504747 3.086056 128.254593
v -27.414890 3.219497 128.324173
v -27.419367 3.186236 128.320694
v -27.431362 3.154776 128.311417
v -27.475151 3.103398 128.277512
v -27.450272 3.126694 128.296768
v -27.766796 3.193311 128.167007
v -27.685600 3.349746 128.229874
v -27.769857 3.224623 128.164642
v -27.765659 3.255810 128.167892
v -27.754412 3.285310 128.176605
v -27.713354 3.333485 128.208389
v -27.736681 3.311641 128.190323
v -27.595373 3.084677 128.299728
v -27.756630 3.163445 128.174881
v -27.627649 3.081708 128.274750
v -27.659800 3.085781 128.249847
v -27.690208 3.096691 128.226303
v -27.739868 3.136522 128.187866
v -27.717352 3.113893 128.205292
v -27.654814 3.359608 128.253708
v -27.493555 3.280840 128.378571
v -27.622536 3.362577 128.278702
v -27.590387 3.358504 128.303589
v -27.559978 3.347594 128.327133
v -27.510319 3.307763 128.365585
v -27.532835 3.330392 128.348160
v -27.483389 3.250974 128.386444
v -27.564587 3.094539 128.323578
v -27.480330 3.219662 128.388809
v -27.484528 3.188475 128.385559
v -27.495775 3.158975 128.376846
v -27.536833 3.110800 128.345062
v -27.513506 3.132644 128.363113
v -27.848648 3.187078 128.209442
v -27.749899 3.377331 128.285904
v -27.852371 3.225159 128.206573
v -27.847265 3.263088 128.210526
v -27.833586 3.298965 128.221115
v -27.783651 3.357555 128.259766
v -27.812021 3.330989 128.237808
v -27.640167 3.054960 128.370865
v -27.836285 3.150756 128.219025
v -27.679422 3.051349 128.340469
v -27.718521 3.056303 128.310196
v -27.755503 3.069572 128.281570
v -27.815899 3.118013 128.234802
v -27.788513 3.090492 128.256012
v -27.712458 3.389325 128.314896
v -27.516340 3.293529 128.466736
v -27.673203 3.392936 128.345291
v -27.634104 3.387982 128.375565
v -27.597122 3.374713 128.404190
v -27.536726 3.326272 128.450958
v -27.564110 3.353793 128.429749
v -27.503975 3.257207 128.476303
v -27.602724 3.066954 128.399857
v -27.500254 3.219126 128.479187
v -27.505360 3.181197 128.475235
v -27.519037 3.145320 128.464645
v -27.568972 3.086730 128.425980
v -27.540604 3.113296 128.447952
v -27.958694 3.177024 128.249496
v -27.831631 3.421828 128.347870
v -27.963484 3.226024 128.245789
v -27.956913 3.274829 128.250885
v -27.939312 3.320992 128.264511
v -27.875061 3.396382 128.314255
v -27.911564 3.362198 128.285995
v -27.690434 3.007024 128.457199
v -27.942785 3.130287 128.261810
v -27.740944 3.002378 128.418091
v -27.791254 3.008751 128.379135
v -27.838840 3.025825 128.342300
v -27.916553 3.088156 128.282120
v -27.881317 3.052743 128.309402
v -27.783453 3.437261 128.385178
v -27.531101 3.313998 128.580566
v -27.732943 3.441907 128.424286
v -27.682632 3.435534 128.463242
v -27.635046 3.418460 128.500076
v -27.557333 3.356129 128.560257
v -27.592569 3.391541 128.532974
v -27.515192 3.267261 128.592880
v -27.642256 3.022457 128.494492
v -27.510403 3.218261 128.596588
v -27.516973 3.169456 128.591492
v -27.534573 3.123293 128.577866
v -27.598825 3.047903 128.528122
v -27.562321 3.082087 128.556381
v -28.076067 3.169220 128.321854
v -27.927025 3.456368 128.437256
v -28.081686 3.226695 128.317505
v -28.073978 3.283942 128.323471
v -28.053333 3.338090 128.339462
v -27.977968 3.426520 128.397812
v -28.020786 3.386424 128.364655
v -27.761406 2.969814 128.565491
v -28.057407 3.114398 128.336304
v -27.820654 2.964364 128.519608
v -27.879665 2.971840 128.473923
v -27.935482 2.991868 128.430710
v -28.026638 3.064980 128.360123
v -27.985306 3.023442 128.392136
v -27.870514 3.474471 128.481003
v -27.574512 3.329886 128.710190
v -27.811266 3.479921 128.526886
v -27.752254 3.472445 128.572571
v -27.696438 3.452417 128.615784
v -27.605282 3.379305 128.686356
v -27.646614 3.420843 128.654358
v -27.555853 3.275065 128.724625
v -27.704895 2.987917 128.609238
v -27.550234 3.217590 128.728989
v -27.557941 3.160343 128.723007
v -27.578587 3.106194 128.707031
v -27.653952 3.017765 128.648682
v -27.611134 3.057861 128.681824
v -28.132332 3.170554 128.408066
v -27.987047 3.450466 128.520554
v -28.137810 3.226581 128.403824
v -28.130297 3.282385 128.409653
v -28.110172 3.335168 128.425232
v -28.036705 3.421370 128.482117
v -28.078445 3.382284 128.449799
v -27.825600 2.976173 128.645554
v -28.114141 3.117114 128.422150
v -27.883354 2.970860 128.600845
v -27.940880 2.978148 128.556305
v -27.995291 2.997670 128.514175
v -28.084148 3.068940 128.445374
v -28.043859 3.028449 128.476578
v -27.931959 3.468112 128.563202
v -27.643417 3.327171 128.786606
v -27.874205 3.473425 128.607925
v -27.816681 3.466137 128.652466
v -27.762270 3.446615 128.694595
v -27.673410 3.375345 128.763382
v -27.713701 3.415836 128.732193
v -27.625227 3.273731 128.800690
v -27.770514 2.993819 128.688202
v -27.619751 3.217704 128.804932
v -27.627262 3.161900 128.799118
v -27.647387 3.109117 128.783539
v -27.720854 3.022915 128.726654
v -27.679115 3.062001 128.758972
v -28.139572 3.178745 128.500580
v -28.017355 3.414214 128.595215
v -28.144180 3.225876 128.497025
v -28.137859 3.272820 128.501907
v -28.120930 3.317223 128.515015
v -28.059128 3.389738 128.562866
v -28.094240 3.356858 128.535690
v -27.881542 3.015226 128.700363
v -28.124269 3.133790 128.512436
v -27.930126 3.010757 128.662750
v -27.978518 3.016888 128.625290
v -28.024288 3.033311 128.589844
v -28.099039 3.093265 128.531967
v -28.065145 3.059203 128.558212
v -27.971014 3.429059 128.631088
v -27.728285 3.310495 128.819031
v -27.922428 3.433528 128.668716
v -27.874037 3.427397 128.706177
v -27.828266 3.410974 128.741608
v -27.753515 3.351020 128.799484
v -27.787409 3.385082 128.773254
v -27.712982 3.265540 128.830872
v -27.835201 3.030071 128.736252
v -27.708376 3.218409 128.834442
v -27.714695 3.171465 128.829544
v -27.731625 3.127062 128.816437
v -27.793427 3.054547 128.768585
v -27.758314 3.087427 128.795776
v -28.111456 3.192170 128.600586
v -28.027046 3.354795 128.665939
v -28.114637 3.224721 128.598114
v -28.110271 3.257143 128.601501
v -28.098579 3.287809 128.610550
v -28.055897 3.337891 128.643600
v -28.080147 3.315183 128.624817
v -27.933249 3.079237 128.738556
v -28.100887 3.161122 128.608765
v -27.966803 3.076151 128.712585
v -28.000223 3.080385 128.686707
v -28.031836 3.091727 128.662231
v -28.083462 3.133134 128.622253
v -28.060053 3.109609 128.640381
v -27.995041 3.365047 128.690720
v -27.827402 3.283163 128.820511
v -27.961487 3.368134 128.716690
v -27.928066 3.363900 128.742569
v -27.896454 3.352557 128.767044
v -27.844828 3.311151 128.807022
v -27.868237 3.334676 128.788895
v -27.816833 3.252115 128.828690
v -27.901243 3.089490 128.763336
v -27.813652 3.219564 128.831161
v -27.818016 3.187142 128.827774
v -27.829708 3.156476 128.818726
v -27.872393 3.106394 128.785675
v -27.848143 3.129102 128.804459
v -28.067844 3.204606 128.670517
v -28.018457 3.299757 128.708755
v -28.069706 3.223651 128.669083
v -28.067154 3.242621 128.671051
v -28.060312 3.260564 128.676361
v -28.035337 3.289866 128.695694
v -28.049526 3.276580 128.684708
v -27.963577 3.138529 128.751251
v -28.061661 3.186440 128.675308
v -27.983210 3.136724 128.736053
v -28.002764 3.139201 128.720917
v -28.021259 3.145837 128.706589
v -28.051466 3.170064 128.683197
v -28.037769 3.156300 128.693802
v -27.999731 3.305755 128.723251
v -27.901648 3.257845 128.799194
v -27.980099 3.307561 128.738464
v -27.960545 3.305084 128.753601
v -27.942049 3.298448 128.767914
v -27.911842 3.274221 128.791306
v -27.925539 3.287985 128.780701
v -27.895464 3.239679 128.803986
v -27.944851 3.144528 128.765747
v -27.893602 3.220634 128.805435
v -27.896156 3.201664 128.803452
v -27.902996 3.183721 128.798157
v -27.927971 3.154418 128.778824
v -27.913782 3.167705 128.789810
v -27.622458 3.201416 127.807838
v -27.621563 3.250576 127.808525
v -27.609413 3.298310 127.817932
v -27.514147 3.410090 127.891693
v -27.554325 3.380118 127.860588
v -27.586620 3.342224 127.835579
v -27.375765 3.003555 127.998833
v -27.426441 3.004424 127.959602
v -27.475647 3.016209 127.921501
v -27.590872 3.108627 127.832291
v -27.559977 3.069651 127.856209
v -27.520916 3.038321 127.886452
v -27.418497 3.440730 127.965752
v -27.367821 3.439861 128.004990
v -27.318617 3.428076 128.043076
v -27.203390 3.335658 128.132294
v -27.234285 3.374634 128.108368
v -27.273348 3.405964 128.078125
v -27.171804 3.242869 128.156754
v -27.172701 3.193710 128.156052
v -27.184849 3.145975 128.146652
v -27.280115 3.034195 128.072891
v -27.239939 3.064167 128.104004
v -27.207644 3.102061 128.128998
v -27.612053 3.153295 127.815887
v -27.182209 3.290990 128.148697
v -27.468102 3.430637 127.927345
v -27.326160 3.013648 128.037247
v -27.578377 3.201134 127.744576
v -27.577469 3.250962 127.745277
v -27.565155 3.299345 127.754814
v -27.468594 3.412644 127.829575
v -27.509317 3.382265 127.798042
v -27.542051 3.343857 127.772697
v -27.328331 3.000584 127.938171
v -27.379696 3.001465 127.898399
v -27.429571 3.013410 127.859787
v -27.546362 3.107084 127.769363
v -27.515047 3.067578 127.793610
v -27.475454 3.035823 127.824265
v -27.371645 3.443701 127.904633
v -27.320280 3.442821 127.944405
v -27.270405 3.430875 127.983017
v -27.153614 3.337201 128.073441
v -27.184929 3.376707 128.049194
v -27.224522 3.408462 128.018539
v -27.121599 3.243151 128.098236
v -27.122507 3.193323 128.097534
v -27.134821 3.144940 128.087997
v -27.231382 3.031641 128.013229
v -27.190659 3.062020 128.044769
v -27.157925 3.100429 128.070099
v -27.567831 3.152359 127.752739
v -27.132145 3.291926 128.090073
v -27.421923 3.433471 127.865707
v -27.278053 3.010814 127.977097
v -27.576929 3.322063 127.791924
v -27.594721 3.275400 127.778152
v -27.190811 3.357581 128.090881
v -27.226429 3.393377 128.063293
v -27.468081 3.423991 127.876205
v -27.511980 3.398269 127.842216
v -27.269367 3.420587 128.030060
v -27.548882 3.363716 127.813644
v -27.143373 3.218219 128.127609
v -27.148214 3.267750 128.123856
v -27.150015 3.168885 128.122467
v -27.376411 2.999997 127.947174
v -27.325354 3.004694 127.986710
v -27.167805 3.122222 128.108688
v -27.427267 3.006440 127.907799
v -27.276655 3.020294 128.024414
v -27.232754 3.046016 128.058395
v -27.475368 3.023699 127.870560
v -27.195854 3.080570 128.086975
v -27.580439 3.129292 127.789207
v -27.553925 3.086704 127.809738
v -27.518305 3.050908 127.837318
v -27.596519 3.176536 127.776756
v -27.164295 3.314993 128.111404
v -27.368322 3.444288 127.953438
v -27.419380 3.439592 127.913910
v -27.317469 3.437845 127.992813
v -27.601362 3.226066 127.773010
v -27.664446 3.202898 127.895370
v -27.663614 3.248541 127.896011
v -27.652334 3.292861 127.904747
v -27.563883 3.396644 127.973228
v -27.601187 3.368816 127.944344
v -27.631172 3.333634 127.921127
v -27.435402 3.019193 128.072708
v -27.482452 3.019999 128.036270
v -27.528137 3.030942 128.000900
v -27.635120 3.116748 127.918076
v -27.606436 3.080560 127.940285
v -27.570168 3.051472 127.968361
v -27.475077 3.425092 128.041992
v -27.428026 3.424286 128.078415
v -27.382341 3.413343 128.113785
v -27.275358 3.327537 128.196609
v -27.304045 3.363725 128.174408
v -27.340311 3.392813 128.146332
v -27.246033 3.241387 128.219315
v -27.246864 3.195744 128.218674
v -27.258144 3.151424 128.209946
v -27.346596 3.047641 128.141464
v -27.309292 3.075469 128.170349
v -27.279306 3.110651 128.193558
v -27.654787 3.158220 127.902847
v -27.255693 3.286065 128.211838
v -27.521132 3.415721 128.006332
v -27.389347 3.028564 128.108368
v -27.640671 3.178394 127.852646
v -27.645315 3.225906 127.849052
v -27.333836 3.028517 128.090210
v -27.380552 3.013552 128.054047
v -27.372988 3.429058 128.059906
v -27.326845 3.412502 128.095627
v -27.638945 3.273230 127.853981
v -27.251490 3.352063 128.153961
v -27.226055 3.311210 128.173660
v -27.621878 3.317992 127.867195
v -27.285658 3.386401 128.127518
v -27.559576 3.391094 127.915436
v -27.517464 3.415768 127.948036
v -27.594973 3.357948 127.888031
v -27.210629 3.265892 128.185608
v -27.205984 3.218379 128.189194
v -27.212355 3.171055 128.184265
v -27.429529 3.009047 128.016129
v -27.229422 3.126293 128.171051
v -27.478313 3.015227 127.978355
v -27.291723 3.053191 128.122818
v -27.524454 3.031783 127.942627
v -27.256327 3.086337 128.150223
v -27.599810 3.092222 127.884285
v -27.625244 3.133075 127.864594
v -27.565643 3.057884 127.910736
v -27.470747 3.430733 127.984207
v -27.421770 3.435239 128.022125
v -27.695364 3.205168 127.986282
v -27.694632 3.245427 127.986847
v -27.684683 3.284519 127.994553
v -27.606665 3.376060 128.054962
v -27.639568 3.351515 128.029480
v -27.666016 3.320482 128.009003
v -27.493338 3.043133 128.142700
v -27.534840 3.043844 128.110565
v -27.575136 3.053495 128.079361
v -27.669498 3.129180 128.006302
v -27.644197 3.097261 128.025894
v -27.612207 3.071604 128.050659
v -27.528334 3.401153 128.115601
v -27.486834 3.400442 128.147736
v -27.446537 3.390790 128.178940
v -27.352173 3.315105 128.251999
v -27.377476 3.347024 128.232407
v -27.409464 3.372681 128.207642
v -27.326307 3.239117 128.272018
v -27.327040 3.198858 128.271454
v -27.336990 3.159766 128.263748
v -27.415007 3.068225 128.203339
v -27.382105 3.092770 128.228821
v -27.355656 3.123803 128.249298
v -27.686844 3.165761 127.992882
v -27.334827 3.278525 128.265427
v -27.568956 3.392887 128.084152
v -27.452715 3.051398 128.174149
v -27.305542 3.135363 128.231018
v -27.329903 3.099188 128.212143
v -27.609947 3.073428 127.995331
v -27.640881 3.104516 127.971375
v -27.663910 3.141503 127.953545
v -27.677876 3.182534 127.942734
v -27.572657 3.049797 128.024200
v -27.302494 3.302782 128.233368
v -27.288528 3.261752 128.244186
v -27.524033 3.410994 128.061844
v -27.479689 3.415073 128.096176
v -27.566328 3.397445 128.029099
v -27.435522 3.409478 128.130371
v -27.682081 3.225550 127.939476
v -27.400076 3.046839 128.157822
v -27.442371 3.033291 128.125076
v -27.393747 3.394489 128.162720
v -27.676311 3.268396 127.943947
v -27.325521 3.339769 128.215546
v -27.660862 3.308922 127.955910
v -27.356457 3.370857 128.191589
v -27.604454 3.375106 127.999580
v -27.636501 3.345097 127.974770
v -27.284323 3.218735 128.247437
v -27.290091 3.175889 128.242981
v -27.486715 3.029212 128.090744
v -27.530882 3.034807 128.056549
v -27.361950 3.069179 128.187332
v -27.723000 3.208002 128.085617
v -27.722389 3.241540 128.086090
v -27.714102 3.274105 128.092499
v -27.649109 3.350364 128.142822
v -27.676517 3.329916 128.121597
v -27.698551 3.304065 128.104553
v -27.554701 3.073018 128.215927
v -27.589273 3.073611 128.189148
v -27.622843 3.081651 128.163162
v -27.701452 3.144700 128.102295
v -27.680374 3.118110 128.118622
v -27.653727 3.096736 128.139252
v -27.583855 3.371267 128.193344
v -27.549282 3.370675 128.220108
v -27.515713 3.362634 128.246109
v -27.437103 3.299585 128.306976
v -27.458181 3.326175 128.290649
v -27.484831 3.347549 128.270020
v -27.415556 3.236283 128.323654
v -27.416166 3.202745 128.323181
v -27.424456 3.170180 128.316757
v -27.489449 3.093921 128.266449
v -27.462038 3.114369 128.287659
v -27.440004 3.140220 128.304718
v -27.715902 3.175173 128.091110
v -27.422653 3.269112 128.318161
v -27.617695 3.364382 128.167145
v -27.520861 3.079903 128.242126
v -27.436590 3.091926 128.246490
v -27.469048 3.072909 128.221359
v -27.580399 3.062666 128.135147
v -27.615963 3.075427 128.107620
v -27.409309 3.117473 128.267609
v -27.674042 3.122009 128.062653
v -27.693645 3.153495 128.047470
v -27.388571 3.148268 128.283676
v -27.647707 3.095544 128.083038
v -27.705534 3.188424 128.038269
v -27.385977 3.290790 128.285675
v -27.374088 3.255861 128.294891
v -27.574570 3.382910 128.139664
v -27.536821 3.386382 128.168884
v -27.610575 3.371376 128.111786
v -27.499222 3.381619 128.197998
v -27.709114 3.225043 128.035492
v -27.505053 3.061375 128.193481
v -27.463659 3.368859 128.225540
v -27.704203 3.261517 128.039291
v -27.405581 3.322276 128.270508
v -27.691050 3.296017 128.049484
v -27.431915 3.348742 128.250107
v -27.643032 3.352359 128.086655
v -27.670313 3.326812 128.065536
v -27.370508 3.219242 128.297653
v -27.375418 3.182768 128.293854
v -27.542801 3.057903 128.164261
v -27.769232 3.208884 128.165131
v -27.768660 3.240331 128.165573
v -27.760889 3.270866 128.171585
v -27.699947 3.342371 128.218765
v -27.725649 3.323198 128.198868
v -27.746307 3.298958 128.182877
v -27.611425 3.082314 128.287308
v -27.643843 3.082870 128.262207
v -27.675320 3.090409 128.237839
v -27.749029 3.149527 128.180771
v -27.729265 3.124595 128.196075
v -27.704277 3.104553 128.215424
v -27.638762 3.361971 128.266144
v -27.606344 3.361416 128.291245
v -27.574867 3.353876 128.315613
v -27.501158 3.294758 128.372681
v -27.520922 3.319690 128.357376
v -27.545910 3.339732 128.338028
v -27.480953 3.235401 128.388321
v -27.481527 3.203954 128.387878
v -27.489298 3.173419 128.381866
v -27.550240 3.101914 128.334686
v -27.524538 3.121087 128.354584
v -27.503880 3.145327 128.370575
v -27.762577 3.178101 128.170273
v -27.487610 3.266184 128.383163
v -27.670492 3.355515 128.241577
v -27.579695 3.088770 128.311874
v -27.486189 3.132525 128.328140
v -27.509546 3.110652 128.310059
v -27.712852 3.136408 128.152649
v -27.729637 3.163367 128.139664
v -27.468433 3.158891 128.341888
v -27.690306 3.113749 128.170105
v -27.739817 3.193273 128.131775
v -27.663126 3.096525 128.191147
v -27.466211 3.280918 128.343613
v -27.456032 3.251012 128.351486
v -27.627684 3.359791 128.218597
v -27.595364 3.362764 128.243622
v -27.658512 3.349916 128.194717
v -27.563173 3.358685 128.268539
v -27.742882 3.224626 128.129395
v -27.537336 3.094369 128.288544
v -27.568165 3.084494 128.264679
v -27.532722 3.347760 128.292114
v -27.738676 3.255855 128.132660
v -27.482996 3.307877 128.330612
v -27.727415 3.285393 128.141373
v -27.505545 3.330536 128.313156
v -27.686302 3.333633 128.173203
v -27.709660 3.311760 128.155121
v -27.452969 3.219659 128.353867
v -27.457172 3.188430 128.350616
v -27.600485 3.081521 128.239655
v -27.632677 3.085599 128.214722
v -27.851610 3.206017 128.207153
v -27.850914 3.244263 128.207687
v -27.841463 3.281399 128.215012
v -27.767347 3.368361 128.272400
v -27.798605 3.345044 128.248199
v -27.823730 3.315563 128.228745
v -27.659691 3.052087 128.355743
v -27.699114 3.052762 128.325226
v -27.737394 3.061931 128.295578
v -27.827038 3.133830 128.226181
v -27.803001 3.103507 128.244797
v -27.772614 3.079134 128.268311
v -27.692934 3.392198 128.330002
v -27.653509 3.391523 128.360535
v -27.615229 3.382354 128.390167
v -27.525585 3.310455 128.459579
v -27.549622 3.340778 128.440964
v -27.580011 3.365151 128.417435
v -27.501013 3.238268 128.478607
v -27.501711 3.200022 128.478058
v -27.511162 3.162886 128.470749
v -27.585278 3.075924 128.413361
v -27.554020 3.099241 128.437561
v -27.528894 3.128721 128.457016
v -27.843517 3.168581 128.213425
v -27.509108 3.275704 128.472336
v -27.731525 3.384346 128.300125
v -27.621099 3.059939 128.385620
v -27.653460 3.070704 128.307663
v -27.688128 3.075096 128.280823
v -27.555527 3.102075 128.383484
v -27.585455 3.084540 128.360321
v -27.720919 3.086861 128.255432
v -27.530373 3.125631 128.402969
v -27.774471 3.129813 128.213974
v -27.792547 3.158845 128.199982
v -27.511251 3.154026 128.417770
v -27.750191 3.105411 128.232773
v -27.803511 3.191052 128.191498
v -27.508858 3.285439 128.419617
v -27.497896 3.253233 128.428116
v -27.682753 3.370380 128.284988
v -27.647945 3.373581 128.311935
v -27.715952 3.359745 128.259277
v -27.613277 3.369189 128.338776
v -27.806810 3.224817 128.188934
v -27.618654 3.073905 128.334610
v -27.580486 3.357424 128.364166
v -27.802282 3.258448 128.192444
v -27.526934 3.314472 128.405624
v -27.790155 3.290259 128.201828
v -27.551216 3.338875 128.386826
v -27.745878 3.342210 128.236115
v -27.771034 3.318654 128.216629
v -27.494595 3.219468 128.430664
v -27.499123 3.185837 128.427155
v -27.962505 3.201394 128.246552
v -27.961609 3.250605 128.247238
v -27.949448 3.298389 128.256653
v -27.854080 3.410286 128.330490
v -27.894300 3.380283 128.299362
v -27.926630 3.342350 128.274323
v -27.715555 3.003326 128.437744
v -27.766283 3.004195 128.398468
v -27.815540 3.015993 128.360336
v -27.930887 3.108508 128.271027
v -27.899960 3.069491 128.294968
v -27.860857 3.038128 128.325241
v -27.758331 3.440959 128.404633
v -27.707603 3.440089 128.443909
v -27.658346 3.428292 128.482040
v -27.542999 3.335777 128.571350
v -27.573927 3.374794 128.547409
v -27.613029 3.406156 128.517120
v -27.511381 3.242891 128.595825
v -27.512278 3.193680 128.595139
v -27.524439 3.145895 128.585724
v -27.619804 3.033998 128.511887
v -27.579586 3.064002 128.543015
v -27.547256 3.101935 128.568054
v -27.952091 3.153223 128.254608
v -27.521795 3.291062 128.587769
v -27.807987 3.430856 128.366180
v -27.665899 3.013429 128.476196
v -27.613857 3.395975 128.448608
v -27.576244 3.372140 128.477722
v -27.858706 3.346158 128.259033
v -27.826382 3.376426 128.284058
v -27.507730 3.262093 128.530777
v -27.503489 3.218706 128.534058
v -27.883274 3.309671 128.240005
v -27.509306 3.175490 128.529556
v -27.662901 3.031662 128.410629
v -27.707626 3.027548 128.376007
v -27.524891 3.134614 128.517487
v -27.752174 3.033191 128.341507
v -27.581785 3.067859 128.473434
v -27.620241 3.045327 128.443665
v -27.794310 3.048310 128.308884
v -27.549461 3.098127 128.498459
v -27.863123 3.103502 128.255615
v -27.886349 3.140807 128.237625
v -27.831921 3.072145 128.279770
v -27.900436 3.182192 128.226715
v -27.521816 3.303478 128.519867
v -27.745266 3.412623 128.346863
v -27.700541 3.416738 128.381485
v -27.787926 3.398958 128.313828
v -27.655993 3.411094 128.415985
v -27.904676 3.225580 128.223434
v -27.898859 3.268795 128.227936
v -27.545044 3.340783 128.501877
v -28.080538 3.197805 128.318390
v -28.079487 3.255528 128.319214
v -28.065222 3.311578 128.330261
v -27.953360 3.442831 128.416870
v -28.000536 3.407637 128.380341
v -28.038458 3.363143 128.350983
v -27.790873 2.965477 128.542664
v -27.850376 2.966496 128.496597
v -27.908154 2.980335 128.451859
v -28.043451 3.088852 128.347107
v -28.007174 3.043086 128.375198
v -27.961308 3.006299 128.410706
v -27.841047 3.478808 128.503815
v -27.781544 3.477788 128.549896
v -27.723766 3.463950 128.594620
v -27.588469 3.355433 128.699371
v -27.624746 3.401199 128.671295
v -27.670612 3.437986 128.635773
v -27.551382 3.246480 128.728088
v -27.552433 3.188756 128.727280
v -27.566698 3.132707 128.716232
v -27.678560 3.001454 128.629623
v -27.631384 3.036648 128.666153
v -27.593462 3.081142 128.695511
v -28.068323 3.141302 128.327850
v -27.563597 3.302983 128.718628
v -27.899294 3.466957 128.458725
v -27.732626 2.977328 128.587769
v -27.999798 3.331358 128.298782
v -27.969139 3.376886 128.322525
v -27.525908 3.217854 128.665695
v -27.533167 3.163931 128.660065
v -27.724819 2.984464 128.511688
v -27.780626 2.979331 128.468475
v -27.552612 3.112926 128.645020
v -27.836212 2.986373 128.425446
v -27.623604 3.029631 128.590042
v -27.671589 3.001516 128.552902
v -27.888788 3.005237 128.384735
v -27.583271 3.067399 128.621277
v -27.974651 3.074105 128.318253
v -28.003633 3.120654 128.295807
v -27.935720 3.034978 128.348389
v -28.021212 3.172293 128.282211
v -27.548777 3.323631 128.647980
v -27.531199 3.271992 128.661591
v -27.827591 3.459821 128.432114
v -27.771784 3.464954 128.475327
v -27.880823 3.442769 128.390900
v -27.716198 3.457912 128.518356
v -28.026503 3.226431 128.278107
v -27.663622 3.439048 128.559067
v -28.019243 3.280354 128.283722
v -27.577759 3.370180 128.625549
v -27.616692 3.409307 128.595398
v -27.928806 3.414654 128.353745
v -28.136690 3.198418 128.404694
v -28.135666 3.254687 128.405487
v -28.121761 3.309324 128.416260
v -28.012716 3.437269 128.500687
v -28.058704 3.402963 128.465073
v -28.095671 3.359590 128.436462
v -27.854324 2.971945 128.623322
v -27.912327 2.972939 128.578415
v -27.968649 2.986428 128.534805
v -28.100538 3.092211 128.432693
v -28.065174 3.047598 128.460068
v -28.020464 3.011738 128.494690
v -27.903234 3.472340 128.585449
v -27.845232 3.471346 128.630356
v -27.788910 3.457856 128.673965
v -27.657021 3.352074 128.776077
v -27.692385 3.396687 128.748703
v -27.737095 3.432547 128.714081
v -27.620869 3.245867 128.804062
v -27.621893 3.189598 128.803268
v -27.635799 3.134961 128.792511
v -27.744843 3.007016 128.708084
v -27.698854 3.041322 128.743683
v -27.661888 3.084695 128.772308
v -28.124783 3.143339 128.413910
v -27.632776 3.300946 128.794846
v -27.960012 3.460788 128.541489
v -27.797546 2.983497 128.667282
v -27.679369 3.422443 128.699478
v -27.637703 3.380570 128.731735
v -28.013391 3.428166 128.440872
v -27.962038 3.458254 128.480621
v -27.729593 3.454272 128.660599
v -28.056555 3.387747 128.407455
v -27.587877 3.275491 128.770325
v -27.582212 3.217553 128.774704
v -28.089363 3.339024 128.382050
v -27.589981 3.159845 128.768692
v -27.795086 2.967782 128.609894
v -27.854809 2.962289 128.563644
v -27.610792 3.105261 128.752579
v -27.914297 2.969825 128.517593
v -27.686766 3.016119 128.693756
v -27.738119 2.986031 128.653992
v -27.970564 2.990013 128.474030
v -27.643602 3.056538 128.727173
v -28.062454 3.063714 128.402878
v -28.093470 3.113531 128.378876
v -28.020788 3.021842 128.435135
v -28.112280 3.168794 128.364304
v -27.606688 3.330754 128.755753
v -27.905071 3.476503 128.524734
v -27.845348 3.481997 128.570969
v -27.785860 3.474460 128.617035
v -28.117943 3.226732 128.359924
v -28.110174 3.284440 128.365936
v -28.143238 3.202185 128.497742
v -28.142378 3.249520 128.498413
v -28.130680 3.295482 128.507477
v -28.038948 3.403113 128.578491
v -28.077635 3.374253 128.548538
v -28.108732 3.337767 128.524460
v -27.905704 3.011670 128.681656
v -27.954498 3.012506 128.643875
v -28.001879 3.023854 128.607193
v -28.112827 3.112841 128.521301
v -28.083078 3.075311 128.544327
v -28.045465 3.045145 128.573456
v -27.946850 3.432615 128.649796
v -27.898056 3.431779 128.687576
v -27.850677 3.420431 128.724258
v -27.739729 3.331444 128.810165
v -27.769478 3.368973 128.787125
v -27.807089 3.399140 128.758011
v -27.709316 3.242100 128.833710
v -27.710178 3.194765 128.833038
v -27.721876 3.148803 128.823990
v -27.813606 3.041172 128.752960
v -27.774920 3.070032 128.782913
v -27.743824 3.106518 128.806992
v -28.133221 3.155851 128.505508
v -27.719334 3.288434 128.825958
v -27.994614 3.422897 128.612823
v -27.857943 3.021388 128.718643
v -27.802416 3.008418 128.715118
v -27.853981 2.991900 128.675186
v -27.845631 3.450536 128.681656
v -27.794699 3.432262 128.721085
v -28.146227 3.226297 128.448914
v -28.139194 3.278533 128.454361
v -27.711521 3.365549 128.785492
v -27.683447 3.320456 128.807220
v -28.120358 3.327942 128.468948
v -27.749235 3.403451 128.756287
v -28.051588 3.408632 128.522186
v -28.005104 3.435867 128.558182
v -28.090658 3.372045 128.491943
v -27.666418 3.270433 128.820404
v -27.661293 3.217988 128.824371
v -27.668324 3.165752 128.818924
v -27.908043 2.986927 128.633331
v -27.687162 3.116343 128.804352
v -27.961889 2.993748 128.591644
v -27.755932 3.035653 128.751099
v -28.012821 3.012023 128.552200
v -27.716862 3.072240 128.781357
v -28.095999 3.078736 128.487808
v -28.124073 3.123829 128.466064
v -28.058285 3.040833 128.517014
v -28.141102 3.173852 128.452881
v -27.953539 3.452385 128.598099
v -27.899477 3.457358 128.639969
v -28.113987 3.208359 128.598618
v -28.113392 3.241050 128.599091
v -28.105312 3.272794 128.605347
v -28.041960 3.347128 128.654388
v -28.068678 3.327197 128.633698
v -28.090155 3.301997 128.617081
v -27.949936 3.076781 128.725632
v -27.983635 3.077358 128.699554
v -28.016357 3.085196 128.674210
v -28.092983 3.146654 128.614883
v -28.072437 3.120735 128.630798
v -28.046461 3.099900 128.650909
v -27.978354 3.367504 128.703644
v -27.944653 3.366926 128.729736
v -27.911932 3.359089 128.755066
v -27.835306 3.297631 128.814392
v -27.855852 3.323550 128.798477
v -27.881828 3.344384 128.778366
v -27.814302 3.235926 128.830658
v -27.814898 3.203234 128.830185
v -27.822975 3.171491 128.823944
v -27.886330 3.097157 128.774887
v -27.859610 3.117088 128.795578
v -27.838133 3.142287 128.812195
v -28.107069 3.176358 128.603973
v -27.821220 3.267926 128.825302
v -28.011339 3.360792 128.678101
v -27.916948 3.083493 128.751175
v -27.833857 3.079491 128.779953
v -27.869413 3.058658 128.752426
v -27.991400 3.047437 128.657990
v -28.030359 3.061416 128.627823
v -27.803970 3.107477 128.803101
v -28.093985 3.112446 128.578552
v -28.115459 3.146940 128.561935
v -27.781252 3.141213 128.820694
v -28.065134 3.083454 128.600891
v -28.128485 3.185204 128.551849
v -27.778410 3.297345 128.822891
v -27.765385 3.259081 128.832977
v -27.985012 3.398262 128.662933
v -27.943659 3.402066 128.694946
v -28.024456 3.385627 128.632385
v -27.902470 3.396848 128.726837
v -28.132404 3.225320 128.548813
v -27.908857 3.046023 128.721893
v -27.863510 3.382869 128.757004
v -28.127026 3.265277 128.552979
v -27.799885 3.331839 128.806259
v -28.112617 3.303071 128.564133
v -27.828735 3.360831 128.783920
v -28.060013 3.364794 128.604858
v -28.089899 3.336807 128.581726
v -27.761463 3.218965 128.836014
v -27.766844 3.179008 128.831848
v -27.950211 3.042219 128.689880
v -28.058790 3.215140 128.679611
v -28.058489 3.231749 128.679855
v -28.054384 3.247876 128.683029
v -28.022198 3.285642 128.707947
v -28.035772 3.275516 128.697433
v -28.046682 3.262713 128.688995
v -27.975443 3.148291 128.744141
v -27.992565 3.148584 128.730896
v -28.009190 3.152566 128.718018
v -28.048120 3.183790 128.687881
v -28.037682 3.170622 128.695953
v -28.024485 3.160037 128.706177
v -27.989882 3.295994 128.732971
v -27.972759 3.295701 128.746216
v -27.956135 3.291719 128.759094
v -27.917206 3.260495 128.789230
v -27.927643 3.273663 128.781158
v -27.940842 3.284248 128.770935
v -27.906534 3.229145 128.797501
v -27.906836 3.212536 128.797256
v -27.910940 3.196409 128.794083
v -27.943127 3.158643 128.769165
v -27.929554 3.168769 128.779678
v -27.918642 3.181572 128.788116
v -28.055277 3.198882 128.682343
v -27.910049 3.245403 128.794769
v -28.006639 3.292584 128.719986
v -27.958685 3.151700 128.757126
v -28.081163 3.273505 128.648560
v -28.066746 3.294916 128.659714
v -27.858301 3.220126 128.821106
v -27.861715 3.194767 128.818466
v -27.951845 3.110366 128.748672
v -27.978090 3.107952 128.728363
v -27.870861 3.170780 128.811386
v -28.004232 3.111264 128.708115
v -27.904245 3.131608 128.785522
v -27.926811 3.118386 128.768051
v -28.028957 3.120136 128.688980
v -27.885279 3.149369 128.800217
v -28.069338 3.152523 128.657715
v -28.082968 3.174414 128.647156
v -28.051029 3.134122 128.671890
v -28.091234 3.198699 128.640762
v -27.869057 3.269871 128.812775
v -27.860790 3.245586 128.819168
v -28.000177 3.333918 128.711258
v -27.973932 3.336333 128.731583
v -28.025211 3.325899 128.691879
v -27.947792 3.333021 128.751816
v -28.093723 3.224159 128.638824
v -27.923065 3.324149 128.770966
v -28.090309 3.249518 128.641479
v -27.882687 3.291762 128.802216
v -27.900995 3.310163 128.788040
v -28.047777 3.312677 128.674408
v -27.587173 3.299215 127.783997
v -27.207586 3.376448 128.077896
v -27.490774 3.412325 127.858635
v -27.247112 3.408150 128.047287
v -27.531429 3.381997 127.827156
v -27.144361 3.243116 128.126846
v -27.564110 3.343652 127.801849
v -27.145267 3.193372 128.126144
v -27.350748 3.000956 127.967049
v -27.157560 3.145070 128.116623
v -27.402025 3.001834 127.927345
v -27.253960 3.031960 128.041977
v -27.451817 3.013760 127.888794
v -27.213305 3.062289 128.073456
v -27.568413 3.107277 127.798523
v -27.180626 3.100633 128.098755
v -27.537149 3.067837 127.822723
v -27.589846 3.152476 127.781929
v -27.497623 3.036135 127.853333
v -27.154890 3.291809 128.118683
v -27.393988 3.443329 127.933571
v -27.444181 3.433116 127.894707
v -27.342709 3.442451 127.973267
v -27.600372 3.201169 127.773773
v -27.300554 3.011168 128.005905
v -27.292919 3.430525 128.011826
v -27.599468 3.250914 127.774475
v -27.176323 3.337008 128.102097
v -27.644367 3.202024 127.849785
v -27.356762 3.019763 128.072464
v -27.349438 3.422036 128.078140
v -27.643497 3.249742 127.850456
v -27.237591 3.332329 128.164734
v -27.631706 3.296076 127.859589
v -27.267580 3.370162 128.141510
v -27.539232 3.404577 127.931183
v -27.305496 3.400573 128.112152
v -27.578232 3.375484 127.900993
v -27.206932 3.242262 128.188461
v -27.609581 3.338702 127.876717
v -27.207802 3.194544 128.187790
v -27.404911 3.009966 128.035187
v -27.219593 3.148209 128.178665
v -27.454100 3.010809 127.997101
v -27.312067 3.039708 128.107071
v -27.501862 3.022249 127.960121
v -27.273067 3.068800 128.137268
v -27.613708 3.111956 127.873520
v -27.241718 3.105582 128.161530
v -27.583719 3.074123 127.896744
v -27.634268 3.155314 127.857605
v -27.545803 3.043713 127.926102
v -27.217031 3.288971 128.180649
v -27.446388 3.434319 128.003067
v -27.494539 3.424522 127.965790
v -27.397200 3.433476 128.041153
v -27.316677 3.116613 128.222397
v -27.626312 3.088130 127.982658
v -27.672079 3.161638 127.947220
v -27.591986 3.060597 128.009232
v -27.294325 3.282647 128.239700
v -27.501978 3.414240 128.078918
v -27.545572 3.405371 128.045166
v -27.457445 3.413477 128.113403
v -27.681221 3.203927 127.940147
v -27.420832 3.038914 128.141754
v -27.414202 3.403120 128.146881
v -27.680435 3.247130 127.940750
v -27.312939 3.321902 128.225281
v -27.669758 3.289079 127.949020
v -27.340092 3.356155 128.204269
v -27.586037 3.387313 128.013840
v -27.374418 3.383687 128.177689
v -27.621346 3.360974 127.986504
v -27.285183 3.240358 128.246780
v -27.649727 3.327672 127.964531
v -27.285969 3.197155 128.246170
v -27.464426 3.030045 128.108002
v -27.296646 3.155206 128.237900
v -27.508959 3.030808 128.073517
v -27.380367 3.056972 128.173080
v -27.552202 3.041165 128.040039
v -27.345058 3.083311 128.200409
v -27.653465 3.122383 127.961632
v -27.452269 3.081535 128.234360
v -27.598551 3.068079 128.121094
v -27.422211 3.103957 128.257629
v -27.684753 3.137219 128.054352
v -27.398050 3.132306 128.276337
v -27.661640 3.108060 128.072250
v -27.700600 3.170636 128.042084
v -27.632416 3.084621 128.094879
v -27.379023 3.273649 128.291061
v -27.555796 3.385673 128.154205
v -27.592905 3.378122 128.125473
v -27.517883 3.385023 128.183548
v -27.708384 3.206636 128.036057
v -27.486717 3.066163 128.207687
v -27.481071 3.376206 128.212051
v -27.707712 3.243414 128.036575
v -27.394869 3.307066 128.278793
v -27.698624 3.279125 128.043610
v -27.417982 3.336226 128.260895
v -27.627354 3.362751 128.098801
v -27.447205 3.359664 128.238281
v -27.657412 3.340328 128.075531
v -27.371239 3.237649 128.297089
v -27.681572 3.311979 128.056824
v -27.371908 3.200871 128.296570
v -27.523827 3.058612 128.178955
v -27.380997 3.165160 128.289536
v -27.561737 3.059262 128.149597
v -27.497236 3.120953 128.319595
v -27.722023 3.149431 128.145554
v -27.476549 3.145225 128.335602
v -27.702234 3.124465 128.160873
v -27.735592 3.178043 128.135040
v -27.677214 3.104397 128.180252
v -27.460258 3.266242 128.348221
v -27.611610 3.362157 128.231033
v -27.643383 3.355692 128.206436
v -27.579151 3.361601 128.256165
v -27.742256 3.208866 128.129883
v -27.552465 3.088593 128.276825
v -27.547632 3.354052 128.280579
v -27.741682 3.240355 128.130325
v -27.473825 3.294854 128.337723
v -27.733900 3.270931 128.136353
v -27.493614 3.319820 128.322388
v -27.672878 3.342531 128.183609
v -27.518635 3.339888 128.303024
v -27.698612 3.323332 128.163681
v -27.453594 3.235419 128.353378
v -27.719299 3.299060 128.147659
v -27.454166 3.203930 128.352936
v -27.584238 3.082128 128.252228
v -27.461948 3.173354 128.346909
v -27.616699 3.082684 128.227097
v -27.522970 3.101754 128.299667
v -27.648216 3.090234 128.202698
v -27.670921 3.071956 128.294144
v -27.569984 3.092493 128.372299
v -27.704865 3.080086 128.267868
v -27.542269 3.113168 128.393753
v -27.784349 3.143837 128.206329
v -27.519991 3.139308 128.411011
v -27.763037 3.116951 128.222824
v -27.798960 3.174650 128.195007
v -27.736092 3.095340 128.243683
v -27.502445 3.269635 128.424591
v -27.665442 3.372928 128.298386
v -27.699659 3.365966 128.271896
v -27.630484 3.372329 128.325455
v -27.806137 3.207845 128.189453
v -27.601746 3.078320 128.347702
v -27.596542 3.364199 128.351730
v -27.805519 3.241756 128.189941
v -27.517057 3.300448 128.413269
v -27.797138 3.274684 128.196426
v -27.538368 3.327334 128.396774
v -27.731422 3.351792 128.247299
v -27.565315 3.348946 128.375916
v -27.759136 3.331116 128.225845
v -27.495270 3.236440 128.430145
v -27.781416 3.304977 128.208603
v -27.495886 3.202529 128.429672
v -27.635963 3.071357 128.321213
v -27.504267 3.169601 128.423172
v -27.594362 3.385081 128.463699
v -27.843418 3.362171 128.270874
v -27.504354 3.240515 128.533386
v -27.872046 3.328583 128.248703
v -27.505148 3.196940 128.532776
v -27.685144 3.028388 128.393402
v -27.515917 3.154628 128.524429
v -27.730062 3.029157 128.358627
v -27.600361 3.055547 128.459045
v -27.773678 3.039604 128.324860
v -27.564747 3.082114 128.486633
v -27.875814 3.121522 128.245789
v -27.536121 3.115702 128.508789
v -27.848429 3.086974 128.266983
v -27.894588 3.161116 128.231247
v -27.813805 3.059204 128.293793
v -27.513577 3.283169 128.526245
v -27.723022 3.415897 128.364090
v -27.766991 3.406951 128.330048
v -27.678102 3.415128 128.398865
v -27.903811 3.203770 128.224106
v -27.641176 3.037334 128.427460
v -27.634487 3.404681 128.432632
v -27.903019 3.247345 128.224716
v -27.532351 3.322762 128.511703
v -27.892250 3.289657 128.233063
v -27.559738 3.357311 128.490509
v -27.807806 3.388738 128.298447
v -27.985785 3.354956 128.309631
v -27.527979 3.190695 128.664093
v -27.752575 2.980379 128.490189
v -27.541414 3.137899 128.653687
v -27.808622 2.981339 128.446793
v -27.646784 3.014267 128.572098
v -27.863045 2.994374 128.404663
v -27.602345 3.047417 128.606506
v -27.990488 3.096591 128.305984
v -27.566626 3.089329 128.634171
v -27.956318 3.053482 128.332443
v -28.013916 3.145995 128.287857
v -27.913115 3.018831 128.365891
v -27.538494 3.298290 128.655945
v -27.799837 3.463906 128.453598
v -27.854700 3.452744 128.411118
v -27.743788 3.462946 128.496994
v -28.025423 3.199218 128.278946
v -27.697710 2.991541 128.532669
v -27.689365 3.449911 128.539139
v -28.024433 3.253590 128.279709
v -27.561922 3.347694 128.637802
v -28.010996 3.306386 128.290115
v -27.596094 3.390803 128.611343
v -27.905628 3.430017 128.371689
v -27.639297 3.425454 128.577896
v -27.950066 3.396868 128.337296
v -27.526989 3.245067 128.664856
v -27.657326 3.402640 128.716553
v -27.988585 3.444607 128.460068
v -27.703562 3.439724 128.680756
v -28.036140 3.409131 128.423248
v -27.583370 3.246676 128.773804
v -28.074368 3.364278 128.393661
v -27.584429 3.188488 128.772995
v -27.824789 2.963410 128.586899
v -27.598810 3.131987 128.761856
v -27.884771 2.964438 128.540451
v -27.711573 2.999677 128.674545
v -27.943014 2.978388 128.495361
v -27.664017 3.035154 128.711365
v -28.079403 3.087779 128.389755
v -27.625790 3.080007 128.740967
v -28.042831 3.041644 128.418076
v -28.104473 3.140651 128.370346
v -27.996595 3.004561 128.453873
v -27.595684 3.303634 128.764282
v -27.875368 3.480875 128.547729
v -27.934082 3.468929 128.502274
v -27.815386 3.479847 128.594177
v -28.116787 3.197609 128.360809
v -27.766075 2.975356 128.632355
v -27.757143 3.465897 128.639267
v -28.115728 3.255797 128.361633
v -27.620754 3.356506 128.744858
v -28.101347 3.312298 128.372772
v -27.827721 2.998756 128.695526
v -27.819637 3.442785 128.701782
v -28.144222 3.252606 128.450470
v -27.696180 3.343766 128.797363
v -28.131205 3.303750 128.460556
v -27.729282 3.385526 128.771729
v -28.029133 3.423514 128.539581
v -27.771133 3.419094 128.739334
v -28.072182 3.391402 128.506241
v -27.662338 3.244350 128.823563
v -28.106783 3.350801 128.479462
v -27.663298 3.191679 128.822815
v -27.880867 2.987942 128.654373
v -27.676315 3.140535 128.812744
v -27.935163 2.988873 128.612335
v -27.778387 3.020771 128.733719
v -27.987883 3.001500 128.571518
v -27.735338 3.052883 128.767044
v -28.111340 3.100518 128.475922
v -27.700737 3.093483 128.793839
v -28.078238 3.058758 128.501556
v -28.134033 3.148377 128.458359
v -28.036385 3.025191 128.533966
v -27.673487 3.295907 128.814941
v -27.926651 3.456343 128.618927
v -27.979799 3.445529 128.577774
v -27.872356 3.455412 128.660965
v -28.145180 3.199935 128.449722
v -27.851032 3.068107 128.766663
v -28.011284 3.053366 128.642593
v -27.818104 3.092671 128.792160
v -28.105719 3.129109 128.569473
v -27.791636 3.123727 128.812653
v -28.080399 3.097165 128.589081
v -28.123077 3.165717 128.556030
v -28.048384 3.071488 128.613861
v -27.770792 3.278568 128.828781
v -27.964445 3.401289 128.678848
v -28.005100 3.393018 128.647369
v -27.922913 3.400578 128.711014
v -28.131605 3.205155 128.549438
v -27.888769 3.051267 128.737442
v -27.882586 3.390919 128.742233
v -28.130871 3.245445 128.550003
v -27.788151 3.315176 128.815353
v -28.120914 3.284566 128.557709
v -27.813471 3.347120 128.795746
v -28.042837 3.376178 128.618164
v -27.845486 3.372797 128.770950
v -28.075766 3.351614 128.592667
v -27.762264 3.239130 128.835388
v -28.102234 3.320558 128.572174
v -27.762999 3.198840 128.834824
v -27.929424 3.042995 128.705963
v -27.772955 3.159718 128.827118
v -27.970955 3.043707 128.673813
v -28.073839 3.284074 128.654434
v -27.860363 3.207478 128.819717
v -27.965092 3.109407 128.738632
v -27.866629 3.182860 128.814865
v -27.991228 3.109855 128.718384
v -27.915762 3.125210 128.776825
v -28.016605 3.115933 128.698746
v -27.895041 3.140667 128.792862
v -28.076033 3.163597 128.652725
v -27.878384 3.160211 128.805756
v -28.060099 3.143496 128.665070
v -28.086956 3.186635 128.644272
v -28.039951 3.127337 128.680664
v -27.865267 3.257650 128.815918
v -27.987131 3.334877 128.721558
v -28.012714 3.329672 128.701752
v -27.960995 3.334430 128.741791
v -28.092321 3.211453 128.640121
v -27.939508 3.114613 128.758438
v -27.935617 3.328351 128.761444
v -28.091860 3.236807 128.640472
v -27.876190 3.280688 128.807465
v -28.085594 3.261425 128.645325
v -27.892124 3.300789 128.795120
v -28.036461 3.319075 128.683365
v -27.912270 3.316947 128.779526
v -28.057182 3.303617 128.667328
v -27.859901 3.232832 128.820068
v -27.985849 3.222142 128.742676
v -27.356888 3.284956 127.724503
v -27.302153 3.360070 127.766876
v -27.153593 3.284956 127.575005
v -27.355024 3.304390 127.725945
v -27.349552 3.322520 127.730179
v -27.340857 3.338070 127.736916
v -27.316587 3.284956 127.676300
v -27.313158 3.305167 127.676453
v -27.308271 3.322635 127.681572
v -27.301371 3.336260 127.688568
v -27.275261 3.284956 127.634224
v -27.272676 3.304788 127.635674
v -27.271833 3.320753 127.644165
v -27.268961 3.332241 127.652824
v -27.247984 3.328323 127.631630
v -27.263716 3.357513 127.717232
v -27.227859 3.350003 127.670921
v -27.197105 3.338070 127.631203
v -27.316315 3.357513 127.755913
v -27.276787 3.354467 127.703941
v -27.242001 3.346873 127.659508
v -27.214760 3.336308 127.624924
v -27.329525 3.350003 127.745689
v -27.290400 3.346824 127.694946
v -27.257425 3.340459 127.655251
v -27.233561 3.332246 127.626793
v -27.172813 3.284956 127.570572
v -27.200874 3.284956 127.579521
v -27.235809 3.284956 127.601234
v -27.158651 3.304390 127.581535
v -27.179401 3.305002 127.577911
v -27.207151 3.304675 127.587456
v -27.237974 3.304272 127.606758
v -27.173502 3.322520 127.600716
v -27.194242 3.322655 127.597649
v -27.218466 3.320736 127.604904
v -27.243080 3.319162 127.619400
v -27.302153 3.081870 127.766876
v -27.356888 3.156984 127.724503
v -27.153593 3.156984 127.575005
v -27.316315 3.084428 127.755913
v -27.329525 3.091937 127.745689
v -27.340857 3.103871 127.736916
v -27.263716 3.084428 127.717232
v -27.277233 3.087473 127.704269
v -27.290609 3.095068 127.695251
v -27.301336 3.105633 127.688591
v -27.227859 3.091937 127.670921
v -27.242044 3.095116 127.659393
v -27.257473 3.101482 127.655281
v -27.268957 3.109695 127.652824
v -27.247984 3.113617 127.631630
v -27.316587 3.156984 127.676300
v -27.275261 3.156984 127.634224
v -27.235809 3.156984 127.601234
v -27.355024 3.137550 127.725945
v -27.312832 3.136939 127.676033
v -27.272751 3.137266 127.635696
v -27.238104 3.137669 127.606850
v -27.349552 3.119421 127.730179
v -27.308012 3.119286 127.681313
v -27.271799 3.121205 127.644119
v -27.243093 3.122779 127.619408
v -27.158651 3.137550 127.581535
v -27.173502 3.119421 127.600716
v -27.197105 3.103871 127.631203
v -27.172813 3.156984 127.570572
v -27.179281 3.136773 127.578003
v -27.194063 3.119306 127.597588
v -27.214664 3.105681 127.624802
v -27.200874 3.156984 127.579521
v -27.207262 3.137152 127.587570
v -27.218452 3.121187 127.604912
v -27.233549 3.109700 127.626778
v -27.060339 3.284956 127.647202
v -27.208899 3.360070 127.839081
v -27.154161 3.284956 127.881462
v -27.065397 3.304390 127.653732
v -27.080248 3.322520 127.672920
v -27.103851 3.338070 127.703400
v -27.051235 3.284956 127.664703
v -27.056812 3.305167 127.672821
v -27.072071 3.322635 127.692039
v -27.093260 3.336260 127.718803
v -27.052876 3.284956 127.694115
v -27.059065 3.304788 127.702309
v -27.073053 3.320753 127.717484
v -27.090445 3.332241 127.737579
v -27.091526 3.328323 127.752769
v -27.194736 3.357513 127.850044
v -27.181526 3.350003 127.860275
v -27.170195 3.338070 127.869049
v -27.170462 3.357513 127.789436
v -27.154524 3.354467 127.799278
v -27.142443 3.346873 127.809967
v -27.133310 3.336308 127.818687
v -27.134605 3.350003 127.743126
v -27.119886 3.346824 127.753967
v -27.112049 3.340459 127.767876
v -27.106791 3.332246 127.778381
v -27.117590 3.284956 127.830368
v -27.087206 3.284956 127.779823
v -27.065145 3.284956 127.733368
v -27.156025 3.304390 127.880013
v -27.118271 3.305002 127.826668
v -27.089260 3.304675 127.777763
v -27.070011 3.304272 127.737000
v -27.161497 3.322520 127.875778
v -27.124592 3.322655 127.823326
v -27.097654 3.320736 127.778954
v -27.080919 3.319162 127.744972
v -27.060339 3.156984 127.647202
v -27.154161 3.156984 127.881462
v -27.208899 3.081870 127.839081
v -27.051235 3.156984 127.664703
v -27.052876 3.156984 127.694115
v -27.065145 3.156984 127.733368
v -27.065397 3.137550 127.653732
v -27.056692 3.136939 127.672920
v -27.058985 3.137266 127.702171
v -27.069950 3.137669 127.736847
v -27.080248 3.119421 127.672920
v -27.072084 3.119286 127.692230
v -27.073040 3.121205 127.717499
v -27.080914 3.122779 127.744957
v -27.091526 3.113617 127.752769
v -27.156025 3.137550 127.880013
v -27.161497 3.119421 127.875778
v -27.170195 3.103871 127.869049
v -27.117590 3.156984 127.830368
v -27.118599 3.136773 127.827087
v -27.124781 3.119306 127.823639
v -27.133276 3.105681 127.818710
v -27.087206 3.156984 127.779823
v -27.089254 3.137152 127.777687
v -27.097689 3.121187 127.778999
v -27.106787 3.109700 127.778381
v -27.170462 3.084428 127.789436
v -27.134605 3.091937 127.743126
v -27.103851 3.103871 127.703400
v -27.194736 3.084428 127.850044
v -27.154318 3.087473 127.798759
v -27.120008 3.095068 127.753960
v -27.093355 3.105633 127.718925
v -27.181526 3.091937 127.860275
v -27.142204 3.095116 127.809692
v -27.112026 3.101482 127.767822
v -27.090454 3.109695 127.737595
v -27.509016 3.169394 127.606720
v -27.363766 3.449237 127.719177
v -27.514490 3.225407 127.602478
v -27.506981 3.281198 127.608292
v -27.486860 3.333968 127.623871
v -27.413412 3.420149 127.680740
v -27.455141 3.381073 127.648430
v -27.202360 2.975061 127.844147
v -27.490829 3.115968 127.620796
v -27.260099 2.969750 127.799438
v -27.317610 2.977036 127.754913
v -27.372007 2.996554 127.712791
v -27.460844 3.067806 127.644012
v -27.420563 3.027325 127.675201
v -27.308691 3.466880 127.761818
v -27.020222 3.325973 127.985161
v -27.250952 3.472191 127.806519
v -27.193441 3.464905 127.851051
v -27.139044 3.445387 127.893166
v -27.050207 3.374135 127.961945
v -27.090487 3.414616 127.930756
v -27.002035 3.272546 127.999245
v -27.147285 2.992703 127.886787
v -26.996559 3.216533 128.003479
v -27.004070 3.160743 127.997665
v -27.024191 3.107972 127.982086
v -27.097639 3.021792 127.925224
v -27.055910 3.060868 127.957527
v -27.618395 3.169394 127.747986
v -27.473145 3.449237 127.860451
v -27.623871 3.225407 127.743752
v -27.616360 3.281198 127.749565
v -27.596239 3.333968 127.765144
v -27.522791 3.420149 127.822014
v -27.564520 3.381073 127.789703
v -27.311739 2.975061 127.985413
v -27.600208 3.115968 127.762070
v -27.369478 2.969750 127.940712
v -27.426989 2.977036 127.896187
v -27.481386 2.996554 127.854065
v -27.570223 3.067806 127.785286
v -27.529943 3.027325 127.816475
v -27.418070 3.466880 127.903091
v -27.129601 3.325973 128.126434
v -27.360331 3.472191 127.947792
v -27.302820 3.464905 127.992317
v -27.248423 3.445387 128.034439
v -27.159586 3.374135 128.103226
v -27.199867 3.414616 128.072037
v -27.111414 3.272546 128.140518
v -27.256664 2.992703 128.028061
v -27.105940 3.216533 128.144760
v -27.113449 3.160743 128.138947
v -27.133570 3.107972 128.123367
v -27.207018 3.021792 128.066498
v -27.165289 3.060868 128.098801
v -27.592613 3.174640 127.767952
v -27.462135 3.426020 127.868973
v -27.597530 3.224956 127.764145
v -27.590784 3.275072 127.769371
v -27.572710 3.322475 127.783363
v -27.506733 3.399890 127.834442
v -27.544218 3.364789 127.805420
v -27.317146 3.000073 127.981232
v -27.576277 3.126647 127.780602
v -27.369013 2.995302 127.941071
v -27.420675 3.001847 127.901070
v -27.469540 3.019379 127.863243
v -27.549341 3.083384 127.801453
v -27.513157 3.047020 127.829468
v -27.412663 3.441868 127.907272
v -27.153534 3.315293 128.107910
v -27.360796 3.446639 127.947433
v -27.309135 3.440094 127.987434
v -27.260271 3.422562 128.025269
v -27.180470 3.358556 128.087051
v -27.216652 3.394920 128.059036
v -27.137197 3.267301 128.120560
v -27.267673 3.015920 128.019531
v -27.132278 3.216985 128.124359
v -27.139025 3.166868 128.119141
v -27.157099 3.119465 128.105148
v -27.223078 3.042050 128.054062
v -27.185593 3.077152 128.083084
v -27.548399 3.174640 127.710846
v -27.417921 3.426020 127.811867
v -27.553316 3.224956 127.707039
v -27.546570 3.275072 127.712265
v -27.528498 3.322475 127.726257
v -27.462519 3.399890 127.777336
v -27.500004 3.364789 127.748314
v -27.272932 3.000073 127.924126
v -27.532063 3.126647 127.723495
v -27.324799 2.995302 127.883965
v -27.376461 3.001847 127.843964
v -27.425325 3.019379 127.806137
v -27.505127 3.083384 127.744347
v -27.468943 3.047020 127.772362
v -27.368450 3.441868 127.850166
v -27.109320 3.315293 128.050797
v -27.316582 3.446639 127.890327
v -27.264921 3.440094 127.930328
v -27.216057 3.422562 127.968163
v -27.136255 3.358556 128.029938
v -27.172440 3.394920 128.001923
v -27.092983 3.267301 128.063446
v -27.223459 3.015920 127.962425
v -27.088064 3.216985 128.067261
v -27.094812 3.166868 128.062027
v -27.112885 3.119465 128.048035
v -27.178864 3.042050 127.996956
v -27.141378 3.077152 128.025970
v -27.504391 3.287133 127.557121
v -27.482342 3.344968 127.574196
v -27.047926 3.433356 127.910538
v -27.003778 3.388989 127.944717
v -27.401842 3.439420 127.636520
v -27.347431 3.471300 127.678650
v -27.101143 3.467080 127.869331
v -27.447577 3.396593 127.601112
v -26.950985 3.277651 127.985596
v -26.944984 3.216262 127.990234
v -26.953217 3.155118 127.983864
v -27.170534 2.951615 127.815605
v -27.233816 2.945794 127.766609
v -26.975266 3.097282 127.966789
v -27.296846 2.953779 127.717812
v -27.055765 3.002831 127.904465
v -27.110176 2.970951 127.862343
v -27.356464 2.975170 127.671654
v -27.010031 3.045657 127.939880
v -27.453827 3.053261 127.596268
v -27.486691 3.106045 127.570824
v -27.409681 3.008895 127.630447
v -27.506622 3.164599 127.555397
v -26.970917 3.336206 127.970161
v -27.287073 3.490635 127.725380
v -27.223791 3.496456 127.774376
v -27.160761 3.488471 127.823174
v -27.512623 3.225988 127.550751
v -27.474852 3.344968 127.564522
v -26.996290 3.388989 127.935043
v -27.339943 3.471300 127.668976
v -26.937496 3.216262 127.980568
v -26.945726 3.155118 127.974190
v -27.226328 2.945794 127.756943
v -26.967777 3.097282 127.957123
v -27.289358 2.953779 127.708138
v -27.102686 2.970951 127.852669
v -27.348976 2.975170 127.661980
v -27.479202 3.106045 127.561157
v -27.499134 3.164599 127.545723
v -27.216303 3.496456 127.764702
v -27.153273 3.488471 127.813499
v -27.505135 3.225988 127.541077
v -27.496902 3.287133 127.547447
v -27.040438 3.433356 127.900864
v -27.394354 3.439420 127.626846
v -27.093655 3.467080 127.859665
v -27.440088 3.396593 127.591438
v -26.943497 3.277651 127.975922
v -27.163046 2.951615 127.805939
v -27.048275 3.002831 127.894798
v -27.002542 3.045657 127.930206
v -27.446339 3.053261 127.586601
v -27.402193 3.008895 127.620781
v -26.963428 3.336206 127.960487
v -27.279583 3.490635 127.715706
v -27.110256 2.896163 127.919167
v -27.042826 2.934556 127.971375
v -27.415174 2.906660 127.683083
v -27.341135 2.877190 127.740410
v -26.985413 2.991386 128.015823
v -27.569595 3.079684 127.563545
v -27.532372 3.013678 127.592361
v -26.942589 3.062260 128.048981
v -27.480879 2.955033 127.632225
v -27.593214 3.151001 127.545258
v -26.915699 3.298948 128.069809
v -26.942911 3.376063 128.048737
v -27.249235 3.521747 127.811653
v -27.322750 3.519750 127.754723
v -27.399111 3.511728 127.695534
v -27.173855 3.519558 127.869980
v -27.600481 3.227021 127.539627
v -27.184774 2.872666 127.861473
v -27.101559 3.508687 127.925911
v -27.590488 3.307596 127.547356
v -26.983509 3.436630 128.017303
v -27.563744 3.379511 127.568054
v -27.037035 3.481400 127.975853
v -27.466137 3.485688 127.643623
v -27.521587 3.440306 127.600693
v -26.907291 3.214965 128.076309
v -26.916311 3.137502 128.069336
v -27.263128 2.865978 127.800804
v -27.243395 3.456740 127.799164
v -27.478634 3.273414 127.584457
v -27.460346 3.320554 127.598526
v -27.067261 3.396297 127.902412
v -27.028616 3.357725 127.932701
v -27.389921 3.401637 127.652481
v -27.340462 3.430007 127.690048
v -27.114830 3.426242 127.864906
v -27.430485 3.364237 127.621452
v -26.984346 3.265847 127.967270
v -26.979530 3.217294 127.971031
v -26.986155 3.168822 127.965881
v -27.178690 2.994180 127.816505
v -27.236900 2.988852 127.771416
v -27.004368 3.121650 127.951721
v -27.294857 2.996171 127.726540
v -27.074444 3.040375 127.897346
v -27.123512 3.011775 127.859283
v -27.349287 3.015626 127.684395
v -27.034101 3.077902 127.928650
v -27.435970 3.084519 127.617317
v -27.463980 3.128963 127.595703
v -27.397163 3.045816 127.647331
v -27.480429 3.176428 127.583054
v -27.000713 3.313323 127.954498
v -27.285770 3.447366 127.732155
v -27.227255 3.452624 127.778038
v -27.168516 3.445407 127.823090
v -27.485283 3.224956 127.579338
v -27.448494 3.319794 127.584930
v -27.018322 3.356776 127.917984
v -27.329803 3.429188 127.676826
v -26.969461 3.217330 127.955818
v -26.976038 3.169279 127.950722
v -27.225918 2.990181 127.757256
v -26.994135 3.122457 127.936714
v -27.283716 2.997477 127.712509
v -27.112827 3.013062 127.844818
v -27.337982 3.016870 127.670494
v -27.452114 3.129671 127.582130
v -27.468384 3.176800 127.569527
v -27.216711 3.452070 127.764381
v -27.158915 3.444774 127.809135
v -27.473167 3.224921 127.565826
v -27.466591 3.272972 127.570915
v -27.056940 3.395306 127.888084
v -27.378727 3.400666 127.638947
v -27.104647 3.425381 127.851151
v -27.418915 3.363291 127.607834
v -26.974245 3.265452 127.952110
v -27.167860 2.995503 127.802208
v -27.063902 3.041585 127.882698
v -27.023716 3.078959 127.913811
v -27.424309 3.085474 127.603653
v -27.385691 3.046945 127.633553
v -26.990517 3.312580 127.939514
v -27.274771 3.446748 127.719437
v -27.145346 2.912664 127.956429
v -27.080154 2.949277 128.007172
v -27.441296 2.923126 127.726974
v -27.369673 2.894657 127.782440
v -27.025068 3.003468 128.050018
v -27.589508 3.088736 127.612297
v -27.553890 3.026009 127.639748
v -26.984175 3.071063 128.081772
v -27.504530 2.969802 127.677963
v -27.612190 3.155777 127.594971
v -26.958616 3.294209 128.101562
v -26.984394 3.366466 128.081253
v -27.271755 3.488246 127.840660
v -27.346527 3.488407 127.785980
v -27.423531 3.485991 127.733147
v -27.199007 3.488999 127.901329
v -27.619215 3.226747 127.589668
v -27.217749 2.890118 127.900177
v -27.132586 3.483787 127.959305
v -27.609804 3.302175 127.596901
v -27.022730 3.422487 128.050735
v -27.584305 3.369304 127.616333
v -27.072884 3.462293 128.009872
v -27.489866 3.465940 127.686508
v -27.543741 3.425564 127.646904
v -26.950682 3.215213 128.107803
v -26.959190 3.142339 128.101196
v -27.293909 2.883748 127.841125
v -27.510324 3.164587 127.560066
v -27.516502 3.163986 127.562668
v -27.512205 3.164505 127.561752
v -27.514204 3.164312 127.562622
v -27.356153 3.473501 127.687271
v -27.351114 3.471348 127.683350
v -27.354567 3.472416 127.686539
v -27.352867 3.471669 127.685226
v -27.522537 3.226032 127.557976
v -27.516325 3.225989 127.555420
v -27.520216 3.226008 127.557961
v -27.518209 3.225995 127.557106
v -27.514198 3.288040 127.564423
v -27.508091 3.287151 127.561790
v -27.511929 3.287554 127.564362
v -27.509958 3.287272 127.563492
v -27.491945 3.346506 127.581650
v -27.486036 3.344999 127.578873
v -27.489784 3.345683 127.581512
v -27.487877 3.345205 127.580582
v -27.405529 3.439466 127.641205
v -27.410883 3.441642 127.644577
v -27.407307 3.439774 127.643005
v -27.409069 3.440490 127.644112
v -27.451267 3.396633 127.605789
v -27.456907 3.398577 127.608818
v -27.453075 3.396901 127.607536
v -27.454905 3.397524 127.608543
v -27.174171 2.951554 127.820328
v -27.177124 2.948403 127.825233
v -27.175606 2.951145 127.822319
v -27.176571 2.950192 127.823898
v -27.496412 3.104857 127.578224
v -27.490389 3.106021 127.575500
v -27.494202 3.105489 127.578110
v -27.492249 3.105861 127.577209
v -27.241022 2.942538 127.775764
v -27.237463 2.945732 127.771317
v -27.240126 2.944349 127.774696
v -27.238977 2.945317 127.773254
v -27.304668 2.950642 127.726494
v -27.300507 2.953720 127.722511
v -27.303432 2.952384 127.725685
v -27.302099 2.953318 127.724388
v -27.364904 2.972338 127.679878
v -27.360136 2.975116 127.676346
v -27.363331 2.973904 127.679321
v -27.361811 2.974752 127.678162
v -27.457521 3.053226 127.600945
v -27.463291 3.051515 127.603828
v -27.459341 3.052994 127.602676
v -27.461203 3.052453 127.603630
v -27.413364 3.008850 127.635132
v -27.418734 3.006594 127.638268
v -27.415125 3.008548 127.636894
v -27.416845 3.007848 127.637932
v -27.290747 3.490681 127.730103
v -27.295294 3.492590 127.734970
v -27.292446 3.490986 127.732140
v -27.294025 3.491697 127.733810
v -26.975714 3.337918 127.981270
v -26.974518 3.336239 127.974907
v -26.976141 3.336987 127.979149
v -26.975719 3.336464 127.977104
v -27.231464 3.498293 127.784584
v -27.227453 3.496500 127.779114
v -27.230467 3.497475 127.783157
v -27.229073 3.496793 127.781250
v -27.167521 3.490481 127.833778
v -27.164402 3.488517 127.827919
v -27.166927 3.489551 127.832130
v -27.165874 3.488828 127.830109
v -27.107126 3.469321 127.880043
v -27.104767 3.467129 127.874077
v -27.106899 3.468212 127.878265
v -27.106121 3.467454 127.876259
v -27.007385 3.389031 127.949463
v -27.008873 3.391102 127.955658
v -27.008623 3.389313 127.951645
v -27.009130 3.389970 127.953651
v -27.051538 3.433403 127.915283
v -27.053391 3.435636 127.921333
v -27.052824 3.433717 127.917450
v -27.053438 3.434449 127.919441
v -26.954580 3.277669 127.990341
v -26.955500 3.278550 127.996887
v -26.955748 3.277786 127.992561
v -26.956085 3.278058 127.994652
v -27.116192 2.967922 127.872398
v -27.113800 2.970893 127.867065
v -27.115957 2.969612 127.870819
v -27.115162 2.970508 127.869118
v -26.949394 3.216207 128.001617
v -26.948578 3.216261 127.994987
v -26.950039 3.216237 127.999336
v -26.949730 3.216254 127.997215
v -26.957670 3.154382 127.995201
v -26.956810 3.155103 127.988617
v -26.958292 3.154787 127.992935
v -26.957970 3.155008 127.990837
v -26.979921 3.095843 127.977943
v -26.978865 3.097255 127.971542
v -26.980438 3.096641 127.975769
v -26.980051 3.097070 127.973732
v -27.059380 3.002780 127.909203
v -27.061262 3.000104 127.914909
v -27.060677 3.002436 127.911293
v -27.061321 3.001636 127.913109
v -27.013636 3.045616 127.944618
v -27.015049 3.043479 127.950699
v -27.014872 3.045341 127.946762
v -27.015373 3.044700 127.948692
v -27.889339 3.100851 127.477814
v -27.970810 3.088629 127.470726
v -27.964642 3.088177 127.461243
v -27.966341 3.088080 127.462242
v -27.615683 3.694596 127.744041
v -27.566051 3.660434 127.727638
v -27.610455 3.698279 127.737381
v -27.608908 3.698111 127.736244
v -27.983980 3.231800 127.460548
v -27.901302 3.230832 127.468544
v -27.979525 3.231810 127.452042
v -27.977802 3.231798 127.451050
v -27.965971 3.401792 127.474495
v -27.884846 3.383086 127.481270
v -27.961443 3.402371 127.466042
v -27.959723 3.402184 127.465034
v -27.917667 3.538300 127.511841
v -27.840780 3.506933 127.515366
v -27.912998 3.539466 127.503532
v -27.911297 3.539168 127.502510
v -27.679865 3.656193 127.639763
v -27.741199 3.697089 127.647896
v -27.734478 3.699362 127.639252
v -27.736105 3.699688 127.640343
v -27.771301 3.601516 127.569099
v -27.841475 3.640866 127.570679
v -27.834948 3.642308 127.561577
v -27.836613 3.642662 127.562637
v -27.214071 2.581127 128.000763
v -27.228746 2.508800 128.045258
v -27.221842 2.507501 128.036438
v -27.222805 2.506852 128.037949
v -27.930149 2.958699 127.502167
v -27.852106 2.982460 127.506653
v -27.925611 2.957695 127.493774
v -27.923956 2.957889 127.492744
v -27.376740 2.498139 127.930649
v -27.348082 2.571247 127.896996
v -27.371027 2.496151 127.923180
v -27.369917 2.496809 127.921783
v -27.523924 2.524274 127.816696
v -27.481388 2.594388 127.793777
v -27.518456 2.522327 127.809036
v -27.517200 2.522958 127.807739
v -27.664495 2.591053 127.707863
v -27.608652 2.653712 127.695229
v -27.659315 2.589254 127.699974
v -27.657923 2.589818 127.698784
v -27.798866 2.867647 127.547897
v -27.872927 2.831760 127.546463
v -27.866644 2.830745 127.537132
v -27.868244 2.830437 127.538193
v -27.720360 2.756251 127.608711
v -27.787703 2.707186 127.612457
v -27.781281 2.706028 127.603249
v -27.782801 2.705597 127.604355
v -27.430435 3.626444 127.832336
v -27.464483 3.648563 127.859573
v -27.458284 3.653462 127.852570
v -27.459587 3.653357 127.853844
v -26.792000 3.559591 128.383469
v -26.816282 3.523157 128.308640
v -26.785187 3.560698 128.376770
v -26.784624 3.560348 128.374878
v -27.342852 3.632338 127.953178
v -27.319254 3.614274 127.918297
v -27.338522 3.637492 127.947449
v -27.337475 3.637693 127.945984
v -27.210443 3.657754 128.056488
v -27.198687 3.633563 128.011795
v -27.206097 3.662397 128.050156
v -27.205318 3.662448 128.048462
v -27.080486 3.697168 128.158569
v -27.079838 3.661757 128.104126
v -27.075296 3.700732 128.151749
v -27.074631 3.700539 128.149933
v -26.885456 3.612375 128.255020
v -26.868120 3.655487 128.324371
v -26.860998 3.656826 128.315689
v -26.861599 3.657217 128.317566
v -26.973625 3.658479 128.186615
v -26.964540 3.701122 128.249298
v -26.957893 3.703299 128.240540
v -26.958525 3.703644 128.242401
v -26.762163 3.377559 128.350586
v -26.731207 3.397097 128.430603
v -26.723721 3.397430 128.422073
v -26.724230 3.397619 128.423981
v -27.088791 2.551453 128.153641
v -27.087261 2.619976 128.098953
v -27.082645 2.549622 128.146469
v -27.081818 2.550232 128.144852
v -26.711727 3.208954 128.445694
v -26.744879 3.210174 128.363983
v -26.704693 3.208949 128.439102
v -26.704201 3.208963 128.437195
v -26.724350 3.056376 128.435913
v -26.756794 3.072472 128.354782
v -26.717360 3.055906 128.429306
v -26.716856 3.056048 128.427414
v -26.770084 2.900876 128.400497
v -26.798658 2.932945 128.322388
v -26.763208 2.900003 128.393814
v -26.762665 2.900288 128.391953
v -26.971739 2.682381 128.188400
v -26.961267 2.619725 128.252441
v -26.954151 2.618709 128.243713
v -26.954866 2.618148 128.245422
v -26.871202 2.790946 128.266235
v -26.850018 2.741110 128.338608
v -26.842724 2.740333 128.329987
v -26.843340 2.739882 128.331772
v -27.488485 3.167146 127.545227
v -27.497084 3.164619 127.543175
v -27.494118 3.165059 127.541641
v -27.495764 3.164751 127.542160
v -27.337927 3.471233 127.666405
v -27.333599 3.462521 127.665146
v -27.336832 3.470779 127.665215
v -27.335709 3.469724 127.664291
v -27.503082 3.225986 127.538536
v -27.494230 3.225765 127.540779
v -27.501749 3.225975 127.537529
v -27.500072 3.225948 127.537033
v -27.494854 3.287110 127.544907
v -27.486345 3.284177 127.546883
v -27.493538 3.286957 127.543884
v -27.491903 3.286600 127.543358
v -27.472811 3.344928 127.561974
v -27.465122 3.339715 127.563316
v -27.471539 3.344655 127.560921
v -27.470005 3.344022 127.560310
v -27.386866 3.431339 127.623909
v -27.392328 3.439358 127.624283
v -27.389914 3.437968 127.622322
v -27.391174 3.438940 127.623138
v -27.431442 3.389647 127.589394
v -27.438055 3.396540 127.588882
v -27.435438 3.395344 127.587074
v -27.436838 3.396180 127.587784
v -27.159821 2.960764 127.799698
v -27.161055 2.951685 127.803345
v -27.159370 2.953257 127.800819
v -27.160120 2.952158 127.802032
v -27.477160 3.106083 127.558601
v -27.469320 3.110975 127.560066
v -27.475878 3.106339 127.557556
v -27.474327 3.106934 127.556961
v -27.224327 2.945865 127.754356
v -27.222013 2.955047 127.751541
v -27.223335 2.946343 127.753090
v -27.222456 2.947455 127.751968
v -27.287350 2.953849 127.705566
v -27.283953 2.962888 127.703590
v -27.286301 2.954320 127.704338
v -27.285292 2.955415 127.703323
v -27.346958 2.975237 127.659409
v -27.342455 2.983864 127.658295
v -27.345854 2.975687 127.658226
v -27.344709 2.976732 127.657318
v -27.437513 3.059980 127.584694
v -27.444304 3.053313 127.584045
v -27.441656 3.054470 127.582260
v -27.443079 3.053661 127.582954
v -27.394522 3.016829 127.617981
v -27.400166 3.008956 127.618217
v -27.397718 3.010321 127.616280
v -27.399002 3.009366 127.617081
v -27.274351 3.481487 127.711021
v -27.277576 3.490565 127.713127
v -27.275547 3.488993 127.710869
v -27.276537 3.490093 127.711899
v -26.961472 3.336168 127.957870
v -26.964851 3.331275 127.950645
v -26.960777 3.335912 127.956367
v -26.960592 3.335317 127.954720
v -27.214302 3.496386 127.762115
v -27.212158 3.487204 127.759171
v -27.213320 3.495908 127.760841
v -27.212461 3.494796 127.759712
v -27.151281 3.488401 127.810913
v -27.150219 3.479362 127.807129
v -27.150356 3.487931 127.809593
v -27.149628 3.486836 127.808357
v -27.091671 3.467013 127.857063
v -27.091717 3.458387 127.852425
v -27.090803 3.466564 127.855698
v -27.090210 3.465519 127.854362
v -26.996656 3.382270 127.926025
v -26.994326 3.388938 127.932434
v -26.993263 3.387780 127.929420
v -26.993578 3.388590 127.930977
v -27.039650 3.425421 127.892738
v -27.038464 3.433295 127.898262
v -27.037201 3.431930 127.895409
v -27.037655 3.432884 127.896851
v -26.945686 3.275105 127.965485
v -26.941545 3.277632 127.973297
v -26.940800 3.277191 127.970039
v -26.940893 3.277499 127.971764
v -27.100702 2.971018 127.850075
v -27.100571 2.979730 127.845566
v -27.099825 2.971472 127.848717
v -27.099211 2.972527 127.847397
v -26.935547 3.216264 127.977943
v -26.939941 3.216485 127.969933
v -26.934908 3.216276 127.976402
v -26.934847 3.216303 127.974655
v -26.943775 3.155140 127.971573
v -26.947826 3.158074 127.963829
v -26.943119 3.155294 127.970039
v -26.943014 3.155651 127.968330
v -26.965820 3.097323 127.954506
v -26.969049 3.102535 127.947403
v -26.965118 3.097595 127.953011
v -26.964914 3.098229 127.951370
v -27.047304 3.010912 127.886810
v -27.046301 3.002893 127.892189
v -27.045006 3.004283 127.889359
v -27.045483 3.003311 127.890785
v -27.002729 3.052603 127.921326
v -27.000576 3.045711 127.927597
v -26.999481 3.046907 127.924606
v -26.999817 3.046070 127.926147
v -27.517979 3.172647 127.610382
v -27.502396 3.174910 127.603111
v -27.511221 3.174025 127.609573
v -27.509035 3.174347 127.608574
v -27.356840 3.433376 127.708954
v -27.368366 3.438920 127.718552
v -27.361847 3.434723 127.714417
v -27.363674 3.435613 127.715935
v -27.507534 3.225097 127.599350
v -27.523386 3.225327 127.606422
v -27.514265 3.225151 127.604782
v -27.516485 3.225184 127.605751
v -27.500591 3.275225 127.604591
v -27.516127 3.277986 127.611916
v -27.507225 3.275901 127.610077
v -27.509401 3.276293 127.611076
v -27.481529 3.323664 127.618866
v -27.496288 3.328393 127.626770
v -27.487907 3.324826 127.624451
v -27.489985 3.325500 127.625549
v -27.421144 3.411815 127.681862
v -27.408447 3.405622 127.672623
v -27.415909 3.408073 127.679665
v -27.414032 3.407147 127.678314
v -27.464285 3.374030 127.650543
v -27.450537 3.368109 127.641914
v -27.458523 3.370420 127.648819
v -27.456560 3.369566 127.647598
v -27.203979 2.980086 127.852638
v -27.195698 2.988760 127.839745
v -27.201660 2.985516 127.848244
v -27.200510 2.986721 127.846451
v -27.485226 3.126066 127.615959
v -27.500040 3.121632 127.623817
v -27.491625 3.124983 127.621521
v -27.493710 3.124353 127.622612
v -27.254528 2.983407 127.794083
v -27.263948 2.974659 127.806091
v -27.259586 2.981354 127.800575
v -27.260897 2.980137 127.802246
v -27.313135 2.990823 127.748680
v -27.323679 2.982245 127.759819
v -27.318443 2.988807 127.754982
v -27.319912 2.987611 127.756531
v -27.368233 3.010535 127.706024
v -27.379879 3.002400 127.716309
v -27.373796 3.008616 127.712120
v -27.375422 3.007480 127.713554
v -27.470194 3.074492 127.646553
v -27.456381 3.080607 127.637932
v -27.464430 3.078272 127.644844
v -27.462490 3.079136 127.643646
v -27.429552 3.033882 127.677872
v -27.416807 3.041194 127.668419
v -27.424421 3.038426 127.675644
v -27.422636 3.039454 127.674324
v -27.315569 3.453533 127.753876
v -27.306545 3.449412 127.744873
v -27.296700 3.453860 127.760246
v -27.314724 3.450894 127.749100
v -27.313198 3.450186 127.747620
v -27.015114 3.316362 127.980530
v -27.018803 3.320939 127.997017
v -27.018906 3.317490 127.988220
v -27.019403 3.318133 127.990509
v -27.175831 3.447387 127.846886
v -27.182077 3.451680 127.858154
v -27.192944 3.452318 127.841393
v -27.176853 3.448123 127.854141
v -27.177847 3.448843 127.855995
v -27.129225 3.429781 127.886009
v -27.135469 3.435437 127.899780
v -27.133289 3.431176 127.892357
v -27.134254 3.432070 127.894501
v -27.048067 3.367459 127.973335
v -27.043425 3.361607 127.957649
v -27.048050 3.363891 127.967224
v -27.047405 3.363057 127.965012
v -27.087727 3.406547 127.940605
v -27.082191 3.400357 127.925797
v -27.087091 3.402812 127.934898
v -27.086292 3.401898 127.932732
v -27.001282 3.269892 128.011093
v -26.998358 3.267465 127.994003
v -27.002375 3.268402 128.004257
v -27.001987 3.268063 128.001907
v -27.139921 3.006500 127.883194
v -27.147036 2.998147 127.896996
v -27.144493 3.004523 127.890129
v -27.145475 3.003367 127.892036
v -26.993401 3.217146 127.998009
v -26.996067 3.216906 128.015305
v -26.996975 3.217091 128.005997
v -26.997324 3.217057 128.008377
v -27.000223 3.166950 127.992607
v -27.003214 3.164130 128.009644
v -27.003874 3.166258 128.000504
v -27.004271 3.165867 128.002838
v -27.018911 3.118349 127.977859
v -27.022705 3.113312 127.994263
v -27.022747 3.117126 127.985550
v -27.023258 3.116429 127.987808
v -27.096207 3.027653 127.936729
v -27.090256 3.035422 127.922012
v -27.095400 3.032504 127.931229
v -27.094584 3.033573 127.929207
v -27.054110 3.066857 127.969658
v -27.049274 3.073573 127.954071
v -27.054012 3.071039 127.963661
v -27.053352 3.071964 127.961517
v -27.984409 3.090775 127.500015
v -27.912584 3.104548 127.527878
v -27.987917 3.091486 127.508713
v -27.987381 3.091768 127.510223
v -27.594204 3.637063 127.766174
v -27.632290 3.680925 127.766518
v -27.636662 3.675262 127.773811
v -27.636795 3.676596 127.773026
v -27.924412 3.230718 127.518814
v -27.997503 3.231742 127.489960
v -28.000412 3.231700 127.500237
v -28.000977 3.231719 127.498703
v -27.908401 3.378947 127.531181
v -27.979752 3.399392 127.503685
v -27.982767 3.398166 127.513870
v -27.983307 3.398562 127.512360
v -27.865278 3.498843 127.564285
v -27.931997 3.533592 127.540459
v -27.935263 3.531288 127.550385
v -27.935734 3.531994 127.548943
v -27.757189 3.687119 127.673645
v -27.707119 3.639116 127.683807
v -27.761471 3.683870 127.681198
v -27.761213 3.682683 127.682320
v -27.856558 3.633781 127.598282
v -27.797077 3.589362 127.616295
v -27.860544 3.631417 127.606438
v -27.860174 3.630449 127.607758
v -27.248863 2.516901 128.069473
v -27.248453 2.594978 128.042145
v -27.254721 2.519706 128.076370
v -27.255482 2.521051 128.076920
v -27.875921 2.989296 127.556099
v -27.944071 2.962655 127.531120
v -27.947237 2.964506 127.541153
v -27.947699 2.963971 127.539696
v -27.380661 2.585374 127.939697
v -27.395794 2.506401 127.955643
v -27.401783 2.510627 127.963570
v -27.401257 2.509259 127.962830
v -27.512074 2.608204 127.837929
v -27.541857 2.532343 127.842545
v -27.547192 2.536455 127.850975
v -27.546907 2.535130 127.850044
v -27.637220 2.666481 127.741043
v -27.681171 2.598479 127.734703
v -27.685812 2.602240 127.743668
v -27.685772 2.601037 127.742554
v -27.887461 2.837055 127.574921
v -27.823759 2.876827 127.596474
v -27.891302 2.838838 127.583336
v -27.890945 2.839601 127.584717
v -27.803160 2.713644 127.640221
v -27.746855 2.767414 127.656082
v -27.807325 2.715843 127.648392
v -27.807131 2.716831 127.649666
v -27.480282 3.631273 127.878448
v -27.457153 3.596998 127.864899
v -27.484638 3.625941 127.883774
v -27.484680 3.624586 127.884117
v -26.857176 3.515349 128.345276
v -26.815903 3.555017 128.404892
v -26.824617 3.552691 128.410736
v -26.823118 3.553438 128.410767
v -27.343500 3.582848 127.950081
v -27.356979 3.613885 127.971764
v -27.361097 3.606872 127.977051
v -27.360931 3.608232 127.976921
v -27.224058 3.604920 128.046524
v -27.225050 3.640924 128.076950
v -27.229740 3.634338 128.082626
v -27.229265 3.635712 128.082581
v -27.110579 3.639095 128.141403
v -27.098345 3.683887 128.180496
v -27.104485 3.678341 128.186584
v -27.103621 3.679668 128.186539
v -26.890902 3.648581 128.346237
v -26.924446 3.600576 128.292358
v -26.897751 3.646257 128.352249
v -26.899115 3.645268 128.352264
v -26.985443 3.691407 128.271484
v -27.009438 3.641878 128.224442
v -26.991688 3.688230 128.277603
v -26.992855 3.687048 128.277649
v -26.755791 3.394900 128.451675
v -26.804211 3.373801 128.386612
v -26.763243 3.394132 128.457428
v -26.764854 3.393752 128.457321
v -27.123281 2.633006 128.139236
v -27.109865 2.559075 128.177216
v -27.117062 2.562980 128.184265
v -27.116079 2.561714 128.183868
v -26.787312 3.210256 128.399796
v -26.736547 3.208993 128.466629
v -26.745718 3.209029 128.472214
v -26.744076 3.209011 128.472336
v -26.798914 3.075845 128.390839
v -26.748995 3.058311 128.457001
v -26.758078 3.059286 128.462677
v -26.756464 3.058976 128.462769
v -26.839926 2.939234 128.359070
v -26.794245 2.904499 128.421951
v -26.803074 2.906351 128.427826
v -26.801542 2.905752 128.427841
v -26.983440 2.626345 128.275314
v -27.009621 2.693736 128.227509
v -26.990047 2.628651 128.281708
v -26.991238 2.629783 128.281967
v -26.873343 2.746282 128.360687
v -26.911032 2.799877 128.304001
v -26.880350 2.748090 128.366806
v -26.881737 2.748988 128.366898
v -27.466434 3.176780 127.566910
v -27.470577 3.174252 127.559097
v -27.465782 3.176648 127.565376
v -27.465689 3.176340 127.563652
v -27.327688 3.437966 127.669724
v -27.327820 3.429255 127.674232
v -27.326326 3.430764 127.671555
v -27.326942 3.429709 127.672867
v -27.475615 3.225144 127.555191
v -27.471220 3.224923 127.563202
v -27.470520 3.224962 127.559914
v -27.470581 3.224935 127.561661
v -27.468691 3.275929 127.560555
v -27.464640 3.272995 127.568298
v -27.463879 3.273506 127.565056
v -27.463984 3.273149 127.566765
v -27.449766 3.325047 127.575211
v -27.446537 3.319834 127.582314
v -27.445631 3.320741 127.579178
v -27.445835 3.320107 127.580818
v -27.376753 3.400728 127.636345
v -27.377756 3.408746 127.630959
v -27.375935 3.401145 127.634941
v -27.375458 3.402117 127.633514
v -27.416948 3.363345 127.605225
v -27.419102 3.370237 127.598946
v -27.416191 3.363704 127.603767
v -27.415854 3.364541 127.602234
v -27.165852 2.995433 127.799629
v -27.162626 2.986355 127.797523
v -27.164814 2.994961 127.798401
v -27.163824 2.993861 127.797371
v -27.453539 3.124741 127.572289
v -27.450157 3.129633 127.579514
v -27.449278 3.128782 127.576355
v -27.449465 3.129377 127.578011
v -27.221775 2.980929 127.751732
v -27.223919 2.990110 127.754677
v -27.222078 2.988521 127.752266
v -27.222937 2.989632 127.753395
v -27.280663 2.988369 127.706131
v -27.281725 2.997407 127.709915
v -27.280071 2.995842 127.707367
v -27.280800 2.996937 127.708595
v -27.336046 3.008177 127.663254
v -27.336000 3.016803 127.667892
v -27.334539 3.015309 127.665192
v -27.335133 3.016354 127.666527
v -27.422344 3.085423 127.601044
v -27.424675 3.078755 127.594635
v -27.421595 3.085074 127.599586
v -27.421280 3.084265 127.598038
v -27.383717 3.046884 127.630951
v -27.384901 3.039011 127.625427
v -27.382908 3.046474 127.629539
v -27.382452 3.045519 127.628098
v -27.272778 3.446818 127.716843
v -27.271545 3.455895 127.713196
v -27.271843 3.447290 127.715530
v -27.271095 3.448389 127.714317
v -26.980633 3.317510 127.938431
v -26.988472 3.312618 127.936966
v -26.985641 3.313468 127.935326
v -26.987192 3.312873 127.935921
v -27.212397 3.461321 127.758987
v -27.214710 3.452141 127.761803
v -27.212841 3.453730 127.759415
v -27.213720 3.452618 127.760529
v -27.153509 3.453882 127.804581
v -27.156906 3.444844 127.806557
v -27.154848 3.446408 127.804321
v -27.155857 3.445314 127.805328
v -27.098125 3.434074 127.847466
v -27.102629 3.425448 127.848579
v -27.100380 3.426942 127.846489
v -27.101524 3.425897 127.847397
v -27.016287 3.356828 127.915428
v -27.009497 3.363496 127.916084
v -27.015062 3.357176 127.914345
v -27.013639 3.357985 127.913651
v -27.054913 3.395366 127.885521
v -27.049269 3.403239 127.885292
v -27.053749 3.395777 127.884392
v -27.052465 3.396731 127.883583
v -26.972197 3.265471 127.949570
v -26.963594 3.267998 127.951622
v -26.970875 3.265604 127.948555
v -26.969229 3.265911 127.948029
v -27.106483 3.004284 127.840988
v -27.110809 3.012995 127.842247
v -27.108591 3.011487 127.840134
v -27.109715 3.012542 127.841057
v -26.958555 3.217107 127.955521
v -26.967411 3.217328 127.953270
v -26.964397 3.217289 127.951775
v -26.966076 3.217316 127.952271
v -26.965479 3.166322 127.950165
v -26.973989 3.169256 127.948181
v -26.971039 3.168745 127.946632
v -26.972673 3.169103 127.947159
v -26.984406 3.117203 127.935509
v -26.992092 3.122416 127.934166
v -26.989288 3.121510 127.932503
v -26.990820 3.122144 127.933113
v -27.061878 3.041523 127.880135
v -27.056416 3.033505 127.879753
v -27.060722 3.041105 127.878990
v -27.059462 3.040133 127.878166
v -27.021681 3.078906 127.911255
v -27.015070 3.072013 127.911766
v -27.020466 3.078546 127.910156
v -27.019066 3.077710 127.909447
v -27.500494 3.287133 127.552086
v -27.044029 3.433356 127.905502
v -27.397945 3.439420 127.631485
v -27.097246 3.467080 127.864304
v -27.443680 3.396593 127.596077
v -26.947088 3.277651 127.980560
v -27.166637 2.951615 127.810577
v -27.051867 3.002831 127.899437
v -27.006134 3.045657 127.934845
v -27.449930 3.053261 127.591240
v -27.405785 3.008895 127.625420
v -26.967020 3.336206 127.965126
v -27.283175 3.490635 127.720345
v -26.985821 3.363492 127.958618
v -27.510275 3.256785 127.552567
v -27.130333 3.479398 127.846733
v -27.139795 2.959641 127.839409
v -27.511398 3.195130 127.551697
v -27.192045 3.494179 127.798950
v -27.317812 3.482610 127.701576
v -27.255600 3.495268 127.749748
v -26.959257 3.307471 127.979187
v -27.384048 2.990585 127.650299
v -27.498350 3.134780 127.561798
v -27.433037 3.029877 127.612366
v -26.991156 3.070524 127.954491
v -27.471785 3.078759 127.582367
v -27.031658 3.023000 127.923134
v -27.327274 2.962853 127.694252
v -27.082048 2.985410 127.884117
v -27.265562 2.948072 127.742035
v -26.962568 3.125600 127.976624
v -27.202007 2.946983 127.791237
v -26.947332 3.185466 127.988419
v -27.466452 3.371727 127.586494
v -26.946209 3.247120 127.989288
v -27.425949 3.419251 127.617859
v -27.073559 3.451666 127.890694
v -27.375559 3.456841 127.656868
v -27.024570 3.412374 127.928619
v -27.495039 3.316651 127.564362
v -27.478443 3.344968 127.569160
v -26.999882 3.388989 127.939682
v -27.343534 3.471300 127.673615
v -26.941088 3.216262 127.985207
v -26.949318 3.155118 127.978828
v -27.229919 2.945794 127.761581
v -26.971369 3.097282 127.961761
v -27.292950 2.953779 127.712776
v -27.106277 2.970951 127.857307
v -27.352568 2.975170 127.666618
v -27.482794 3.106045 127.565796
v -27.502726 3.164599 127.550362
v -27.219894 3.496456 127.769341
v -27.156864 3.488471 127.818138
v -27.508726 3.225988 127.545715
v -26.978333 3.363492 127.948952
v -27.502787 3.256785 127.542892
v -27.122845 3.479398 127.837059
v -27.132307 2.959641 127.829735
v -27.503908 3.195130 127.542023
v -27.184557 3.494179 127.789284
v -27.310322 3.482610 127.691910
v -27.248112 3.495268 127.740074
v -26.951769 3.307471 127.969513
v -27.376560 2.990585 127.640625
v -27.490862 3.134780 127.552124
v -27.425549 3.029877 127.602692
v -26.983667 3.070524 127.944817
v -27.464296 3.078759 127.572693
v -27.024170 3.023000 127.913460
v -27.319786 2.962853 127.684578
v -27.074560 2.985410 127.874443
v -27.258074 2.948072 127.732361
v -26.955080 3.125600 127.966949
v -27.194519 2.946983 127.781570
v -26.939844 3.185466 127.978745
v -27.458963 3.371727 127.576820
v -26.938721 3.247120 127.979614
v -27.418459 3.419251 127.608185
v -27.066071 3.451666 127.881020
v -27.368071 3.456841 127.647194
v -27.017082 3.412374 127.918945
v -27.487551 3.316651 127.554688
v -27.302412 2.869366 127.770393
v -26.927313 3.099727 128.060822
v -27.223732 2.867096 127.831306
v -26.909672 3.175507 128.074478
v -27.544476 3.411490 127.582970
v -26.909140 3.256739 128.074890
v -27.495363 3.465217 127.620995
v -27.068113 3.497312 127.951797
v -27.434141 3.501278 127.668404
v -27.008717 3.461045 127.997780
v -27.579144 3.344954 127.556137
v -26.961641 3.408440 128.034225
v -27.597630 3.267541 127.541832
v -27.136955 3.515733 127.898529
v -27.146807 2.882522 127.890869
v -27.599001 3.188220 127.540771
v -27.211668 3.521355 127.840729
v -27.361208 3.517250 127.724915
v -27.285801 3.521152 127.783348
v -26.927269 3.339232 128.060837
v -27.449490 2.928972 127.656525
v -27.583254 3.114804 127.552971
v -27.508511 2.983373 127.610832
v -26.962004 3.025696 128.033951
v -27.552662 3.045873 127.576653
v -27.012571 2.960731 127.994797
v -27.378874 2.889464 127.711189
v -27.075500 2.913268 127.946075
v -27.251900 3.463715 127.811012
v -27.470753 3.273027 127.576042
v -27.060884 3.395429 127.893311
v -27.382782 3.400787 127.644066
v -27.108576 3.425489 127.856300
v -27.423016 3.363410 127.612961
v -26.978163 3.265501 127.957436
v -27.171869 2.995338 127.807426
v -27.067875 3.041434 127.887955
v -27.027670 3.078827 127.919098
v -27.428421 3.085355 127.608795
v -27.389780 3.046804 127.638710
v -26.994446 3.312673 127.944817
v -27.278801 3.446825 127.724457
v -27.235714 3.453988 127.789040
v -27.013250 3.336071 127.944710
v -27.483402 3.249259 127.580788
v -27.141150 3.437269 127.844154
v -27.150522 3.001505 127.838341
v -27.484295 3.200639 127.580093
v -27.196852 3.450536 127.801773
v -27.313335 3.440147 127.710678
v -27.257862 3.451551 127.754425
v -26.991077 3.289824 127.962021
v -27.374216 3.029503 127.665092
v -27.473661 3.152461 127.588249
v -27.417828 3.064270 127.631340
v -27.017830 3.099179 127.941269
v -27.451391 3.106203 127.605408
v -27.053045 3.058183 127.913948
v -27.322710 3.004451 127.704971
v -27.098038 3.024813 127.879044
v -27.266117 2.990944 127.748795
v -26.993805 3.144960 127.959930
v -27.207621 2.989940 127.794098
v -26.981405 3.192984 127.969574
v -27.446827 3.342997 127.608910
v -26.980505 3.241622 127.970268
v -27.411448 3.383904 127.636040
v -27.090078 3.412500 127.884453
v -27.366150 3.417094 127.670563
v -27.046690 3.377921 127.918556
v -27.470951 3.297263 127.590370
v -27.452631 3.319889 127.590057
v -27.022264 3.356895 127.923256
v -27.333792 3.429290 127.681908
v -26.973375 3.217325 127.961151
v -26.979959 3.169222 127.956047
v -27.229946 2.990015 127.762459
v -26.998070 3.122356 127.942017
v -27.287764 2.997314 127.717690
v -27.116817 3.012902 127.850052
v -27.342051 3.016714 127.675659
v -27.456253 3.129583 127.587250
v -27.472546 3.176753 127.574646
v -27.220686 3.452139 127.769524
v -27.162769 3.444853 127.814308
v -27.477337 3.224926 127.570946
v -27.003002 3.335206 127.929848
v -27.471306 3.249014 127.567268
v -27.131142 3.436519 127.830635
v -27.139765 3.002815 127.823959
v -27.472200 3.200813 127.566574
v -27.187572 3.449985 127.786949
v -27.302864 3.439436 127.697685
v -27.245916 3.450981 127.741776
v -26.980932 3.289240 127.946938
v -27.362829 3.030696 127.651253
v -27.461697 3.153011 127.574707
v -27.406263 3.065320 127.617630
v -27.007524 3.100124 127.926346
v -27.439629 3.107045 127.591797
v -27.042582 3.059328 127.899208
v -27.311487 3.005731 127.691010
v -27.087425 3.026069 127.864487
v -27.255056 2.992265 127.734695
v -26.983637 3.145604 127.944839
v -27.196714 2.991270 127.779869
v -26.971323 3.193237 127.954376
v -27.435106 3.342126 127.595299
v -26.970430 3.241438 127.955063
v -27.400049 3.382923 127.622437
v -27.079802 3.411555 127.870384
v -27.355206 3.416181 127.657158
v -27.036367 3.376930 127.904015
v -27.458992 3.296647 127.576797
v -27.332085 2.887067 127.811546
v -26.969633 3.106632 128.093063
v -27.255619 2.884781 127.870804
v -26.952919 3.178119 128.106079
v -27.565807 3.399020 127.630333
v -26.952421 3.254513 128.106430
v -27.518343 3.448090 127.665764
v -27.101700 3.475371 127.985718
v -27.458418 3.478608 127.708862
v -27.046427 3.444522 128.031601
v -27.599018 3.337088 127.605141
v -27.002104 3.396565 128.067230
v -27.616554 3.264668 127.591728
v -27.165216 3.487909 127.930939
v -27.180838 2.899589 127.928841
v -27.617758 3.190528 127.590744
v -27.234018 3.488624 127.871124
v -27.385284 3.488527 127.759422
v -27.309450 3.487997 127.812019
v -26.969578 3.332019 128.092941
v -27.474358 2.944678 127.701347
v -27.602615 3.121839 127.602264
v -27.531038 2.997019 127.657425
v -27.002695 3.036218 128.067383
v -27.573303 3.056682 127.624763
v -27.051081 2.974225 128.029800
v -27.406225 2.906518 127.754135
v -27.111687 2.928991 127.982620
v -27.300493 3.455225 127.762383
v -27.315413 3.451538 127.750175
v -27.313984 3.450516 127.748367
v -27.311821 3.449883 127.746658
v -27.294632 3.452550 127.756020
v -27.304590 3.453163 127.755753
v -27.303499 3.452663 127.754646
v -27.189432 3.450945 127.838242
v -27.176279 3.447819 127.852554
v -27.177353 3.448458 127.855095
v -27.178663 3.449517 127.856956
v -27.193954 3.453718 127.845695
v -27.185936 3.450893 127.846588
v -27.186691 3.451404 127.847931
v -27.515240 3.164178 127.562752
v -27.521313 3.194819 127.558937
v -27.521259 3.226018 127.558083
v -27.518993 3.194985 127.558907
v -27.513187 3.164421 127.562279
v -27.519196 3.226001 127.557625
v -27.516985 3.195082 127.558052
v -27.511288 3.164558 127.561058
v -27.517290 3.225991 127.556404
v -27.515100 3.195124 127.556366
v -27.520151 3.257261 127.559814
v -27.512945 3.287752 127.564507
v -27.517847 3.257005 127.559784
v -27.510927 3.287395 127.564018
v -27.515854 3.256858 127.558922
v -27.509050 3.287193 127.562782
v -27.513977 3.256794 127.557236
v -27.504755 3.317906 127.571732
v -27.490759 3.346020 127.581688
v -27.502533 3.317234 127.571640
v -27.488819 3.345412 127.581131
v -27.500591 3.316843 127.570740
v -27.486988 3.345070 127.579865
v -27.498737 3.316676 127.569038
v -27.409929 3.440984 127.644424
v -27.384459 3.459088 127.665154
v -27.355370 3.472917 127.686981
v -27.382746 3.457948 127.664581
v -27.408188 3.440085 127.643631
v -27.353720 3.471994 127.685944
v -27.381010 3.457206 127.663391
v -27.406458 3.439573 127.642235
v -27.352034 3.471459 127.684402
v -27.379244 3.456888 127.661560
v -27.455822 3.397960 127.608772
v -27.435131 3.421384 127.625725
v -27.433222 3.420262 127.625359
v -27.453983 3.397172 127.608124
v -27.431429 3.419585 127.624306
v -27.452208 3.396726 127.606796
v -27.429636 3.419294 127.622536
v -27.475925 3.373508 127.594070
v -27.473839 3.372558 127.593864
v -27.471970 3.372001 127.592903
v -27.470144 3.371762 127.591171
v -27.176884 2.949503 127.824539
v -27.208902 2.943728 127.800636
v -27.240572 2.943650 127.775238
v -27.208179 2.945540 127.799423
v -27.176140 2.950731 127.823151
v -27.239590 2.944896 127.774025
v -27.207123 2.946506 127.797920
v -27.174980 2.951412 127.821419
v -27.238300 2.945588 127.772392
v -27.205648 2.946921 127.795952
v -27.273077 2.944854 127.750954
v -27.304010 2.951710 127.726128
v -27.272011 2.946642 127.750008
v -27.302792 2.952912 127.725098
v -27.270769 2.947599 127.748642
v -27.301371 2.953580 127.723564
v -27.269217 2.948011 127.746735
v -27.335403 2.959838 127.702705
v -27.364044 2.973294 127.679665
v -27.333998 2.961509 127.702026
v -27.362585 2.974383 127.678810
v -27.332573 2.962409 127.700798
v -27.361029 2.974989 127.677376
v -27.330938 2.962795 127.698952
v -27.462147 3.052072 127.603828
v -27.481392 3.077290 127.589836
v -27.495203 3.105229 127.578270
v -27.479237 3.078075 127.589684
v -27.460264 3.052759 127.603241
v -27.493212 3.105700 127.577744
v -27.477324 3.078533 127.588760
v -27.458466 3.053146 127.601952
v -27.491346 3.105966 127.576492
v -27.475481 3.078730 127.587044
v -27.417694 3.007349 127.638191
v -27.442322 3.027856 127.620033
v -27.440319 3.028948 127.619781
v -27.415987 3.008244 127.637497
v -27.438520 3.029570 127.618790
v -27.414288 3.008745 127.636147
v -27.436726 3.029837 127.617050
v -27.392809 2.988001 127.658302
v -27.391068 2.989420 127.657867
v -27.389444 2.990200 127.656769
v -27.387726 2.990535 127.654984
v -27.294727 3.492156 127.734482
v -27.263578 3.497129 127.759689
v -27.231045 3.497911 127.783974
v -27.262440 3.496298 127.758385
v -27.293245 3.491295 127.733017
v -27.229794 3.497090 127.782227
v -27.260937 3.495608 127.756577
v -27.291649 3.490787 127.731209
v -27.228327 3.496602 127.780258
v -27.259270 3.495312 127.754478
v -27.199284 3.496075 127.809387
v -27.167288 3.490020 127.833031
v -27.198479 3.495220 127.807846
v -27.166447 3.489142 127.831139
v -27.197247 3.494523 127.805870
v -27.165224 3.488626 127.829086
v -27.195698 3.494223 127.803696
v -27.136669 3.481536 127.857407
v -27.107080 3.468721 127.879173
v -27.136271 3.480512 127.855698
v -27.106573 3.467784 127.877281
v -27.135372 3.479766 127.853668
v -27.105549 3.467242 127.875237
v -27.133965 3.479445 127.851479
v -27.009117 3.390431 127.954582
v -26.990767 3.365447 127.969643
v -26.976065 3.337359 127.980118
v -26.991108 3.364390 127.967575
v -27.008957 3.389599 127.952660
v -26.976015 3.336691 127.978134
v -26.990644 3.363789 127.965553
v -27.008127 3.389130 127.950623
v -26.975246 3.336317 127.976074
v -26.989426 3.363530 127.963364
v -27.053505 3.434954 127.920357
v -27.029835 3.414593 127.939484
v -27.029993 3.413418 127.937531
v -27.053204 3.434035 127.918465
v -27.029438 3.412719 127.935539
v -27.052296 3.433512 127.916435
v -27.028179 3.412419 127.933365
v -27.079258 3.453955 127.901436
v -27.079178 3.452790 127.899605
v -27.078493 3.452038 127.897606
v -27.077177 3.451714 127.895432
v -26.955952 3.278252 127.995659
v -26.950647 3.247524 128.000641
v -26.949881 3.216225 128.000366
v -26.951277 3.247302 127.998375
v -26.956009 3.277904 127.993614
v -26.949978 3.216247 127.998283
v -26.950960 3.247180 127.996262
v -26.955297 3.277709 127.991516
v -26.949289 3.216259 127.996162
v -26.949804 3.247128 127.994041
v -26.951748 3.185048 127.999794
v -26.958145 3.154628 127.993950
v -26.952389 3.185278 127.997513
v -26.958223 3.154912 127.991898
v -26.952080 3.185404 127.995399
v -26.957523 3.155070 127.989792
v -26.950926 3.185458 127.993172
v -26.967102 3.124526 127.987885
v -26.980335 3.096332 127.976738
v -26.967684 3.125119 127.985657
v -26.980333 3.096884 127.974762
v -26.967335 3.125441 127.983582
v -26.979588 3.097191 127.972702
v -26.966166 3.125579 127.981369
v -27.061401 3.001053 127.913925
v -27.087801 2.982510 127.894371
v -27.116148 2.968964 127.871559
v -27.087715 2.984134 127.892677
v -27.061069 3.002088 127.912231
v -27.115622 2.970119 127.870003
v -27.086998 2.984988 127.890923
v -27.060141 3.002660 127.910332
v -27.114584 2.970759 127.868179
v -27.085669 2.985356 127.888847
v -27.015350 3.044234 127.949585
v -27.036909 3.020514 127.933762
v -27.037106 3.021910 127.931854
v -27.015203 3.045062 127.947746
v -27.036535 3.022640 127.929985
v -27.014376 3.045520 127.945763
v -27.035269 3.022953 127.927864
v -26.995974 3.068706 127.965492
v -26.996405 3.069720 127.963394
v -26.995966 3.070258 127.961403
v -26.994759 3.070489 127.959236
v -27.508163 3.133877 127.569122
v -27.505903 3.134357 127.569054
v -27.503922 3.134640 127.568169
v -27.502050 3.134762 127.566475
v -26.963902 3.308822 127.990395
v -26.964417 3.308084 127.988213
v -26.964039 3.307674 127.986145
v -26.962856 3.307497 127.983932
v -27.326292 3.484697 127.710686
v -27.324865 3.483706 127.709740
v -27.323219 3.482973 127.708252
v -27.321491 3.482657 127.706291
v -27.146091 2.956506 127.849258
v -27.145702 2.958253 127.847794
v -27.144825 2.959182 127.846153
v -27.143427 2.959581 127.844131
v -27.967550 3.231670 127.453079
v -27.898865 3.162732 127.470436
v -27.954552 3.089833 127.463150
v -27.975119 3.156291 127.453125
v -27.978701 3.231805 127.451447
v -27.965527 3.088110 127.461639
v -27.976833 3.156241 127.454124
v -27.980623 3.231811 127.453659
v -27.967438 3.088151 127.463860
v -27.981287 3.156516 127.462624
v -27.949677 3.399678 127.466904
v -27.896606 3.307222 127.472176
v -27.972643 3.317261 127.455040
v -27.960617 3.402303 127.465439
v -27.974367 3.317361 127.456032
v -27.962553 3.402314 127.467651
v -27.978849 3.317066 127.464531
v -27.901814 3.534940 127.503937
v -27.866154 3.449366 127.495735
v -27.939182 3.475780 127.480934
v -27.912178 3.539363 127.502930
v -27.940895 3.476032 127.481941
v -27.914129 3.539335 127.505127
v -27.945488 3.475162 127.490341
v -27.602980 3.693166 127.734863
v -27.626677 3.664915 127.680840
v -27.727036 3.693694 127.639069
v -27.675974 3.706362 127.684448
v -27.609690 3.698282 127.736763
v -27.735308 3.699603 127.639725
v -27.677578 3.706630 127.685555
v -27.611645 3.697704 127.738724
v -27.737291 3.699325 127.641823
v -27.682775 3.703521 127.692703
v -27.728064 3.634689 127.602524
v -27.826347 3.636956 127.562309
v -27.787437 3.677582 127.598312
v -27.835804 3.642548 127.562019
v -27.789083 3.677935 127.599396
v -27.837767 3.642437 127.564194
v -27.794060 3.675769 127.607231
v -27.809025 3.558161 127.539925
v -27.876402 3.595269 127.529510
v -27.878086 3.595602 127.530548
v -27.882847 3.594132 127.538750
v -27.366859 2.506528 127.918282
v -27.280666 2.572098 127.949196
v -27.220625 2.517112 128.031509
v -27.295422 2.497596 127.979462
v -27.370438 2.496391 127.922432
v -27.222273 2.507089 128.037155
v -27.296457 2.496938 127.980919
v -27.372206 2.496344 127.924713
v -27.223991 2.507039 128.039474
v -27.302290 2.498913 127.988304
v -27.512314 2.532286 127.805656
v -27.415195 2.578743 127.845032
v -27.444067 2.505340 127.864365
v -27.517809 2.522556 127.808327
v -27.445250 2.504691 127.865715
v -27.519625 2.522518 127.810577
v -27.450844 2.506671 127.873276
v -27.651272 2.598163 127.698059
v -27.546110 2.618487 127.743660
v -27.588747 2.550042 127.752342
v -27.658617 2.589458 127.699303
v -27.590071 2.549438 127.753586
v -27.660465 2.589435 127.701530
v -27.595398 2.551321 127.761360
v -27.914322 2.961099 127.494308
v -27.827723 2.924571 127.525543
v -27.857552 2.835567 127.538284
v -27.897678 2.893915 127.513100
v -27.924814 2.957757 127.493164
v -27.867468 2.830541 127.537575
v -27.899309 2.893666 127.514137
v -27.926708 2.957821 127.495377
v -27.869356 2.830593 127.539787
v -27.903908 2.894841 127.522476
v -27.763718 2.811781 127.575127
v -27.773098 2.712590 127.603706
v -27.828627 2.768424 127.566582
v -27.782053 2.705748 127.603722
v -27.830193 2.768056 127.567657
v -27.783932 2.705770 127.605934
v -27.834976 2.769518 127.575851
v -27.667778 2.701532 127.649437
v -27.723330 2.644076 127.648132
v -27.724789 2.643575 127.649277
v -27.729826 2.645276 127.657280
v -27.334845 3.634658 127.942017
v -27.373276 3.615875 127.876495
v -27.454344 3.649944 127.849625
v -27.395973 3.639851 127.900719
v -27.337988 3.637682 127.946709
v -27.458933 3.653499 127.853180
v -27.397148 3.639664 127.902084
v -27.339457 3.636597 127.948708
v -27.460669 3.652541 127.855057
v -27.401743 3.634575 127.907692
v -27.204271 3.658675 128.043274
v -27.260386 3.620867 127.963913
v -27.273136 3.646067 127.995842
v -27.205677 3.662513 128.049301
v -27.274040 3.645917 127.997429
v -27.206980 3.661618 128.051559
v -27.278265 3.640921 128.003448
v -27.075155 3.695448 128.143555
v -27.138046 3.649213 128.058899
v -27.138626 3.683038 128.100235
v -27.074907 3.700722 128.150848
v -27.139328 3.683112 128.102005
v -27.076294 3.700182 128.153259
v -27.144041 3.678975 128.108627
v -26.788576 3.555476 128.365921
v -26.849142 3.574293 128.283173
v -26.864019 3.651001 128.307434
v -26.821047 3.616234 128.346664
v -26.784807 3.560571 128.375824
v -26.861210 3.657086 128.316620
v -26.821630 3.616618 128.348526
v -26.786434 3.560587 128.378265
v -26.862806 3.657012 128.319077
v -26.828318 3.615210 128.355286
v -26.926983 3.640527 128.222809
v -26.959785 3.697419 128.233154
v -26.906635 3.685936 128.280304
v -26.958132 3.703549 128.241470
v -26.907251 3.686315 128.282166
v -26.959654 3.703298 128.243942
v -26.913555 3.684219 128.289032
v -27.024797 3.665421 128.146881
v -27.014133 3.707992 128.196899
v -27.014778 3.708277 128.198746
v -27.020420 3.705261 128.205643
v -26.709324 3.209122 128.427338
v -26.749022 3.292246 128.360779
v -26.728556 3.394829 128.412430
v -26.708920 3.301220 128.433533
v -26.704340 3.208955 128.438156
v -26.723869 3.397550 128.423035
v -26.709415 3.301303 128.435455
v -26.705963 3.208947 128.440598
v -26.725494 3.397573 128.425476
v -26.716434 3.301052 128.442047
v -26.721878 3.058192 128.417633
v -26.747379 3.138742 128.362061
v -26.706736 3.129455 128.435242
v -26.717001 3.055957 128.428360
v -26.707232 3.129371 128.437149
v -26.718624 3.055954 128.430801
v -26.714254 3.129616 128.443741
v -26.767170 2.904550 128.382599
v -26.773872 3.004205 128.341568
v -26.735474 2.980082 128.412994
v -26.762836 2.900106 128.392883
v -26.735992 2.979874 128.414886
v -26.764463 2.900088 128.395309
v -26.742933 2.980554 128.421524
v -27.082333 2.559334 128.138580
v -27.028027 2.646827 128.144821
v -26.956251 2.627017 128.236221
v -27.016401 2.579550 128.195511
v -27.082167 2.549844 128.145630
v -26.954432 2.618355 128.244553
v -27.017168 2.578960 128.197174
v -27.083838 2.549798 128.147995
v -26.956078 2.618292 128.246948
v -27.023436 2.580682 128.204269
v -26.918776 2.730738 128.229416
v -26.846245 2.746938 128.321381
v -26.895454 2.672667 128.289154
v -26.842941 2.740049 128.330872
v -26.896116 2.672151 128.290909
v -26.844578 2.739991 128.333282
v -26.902660 2.673558 128.297836
v -26.831066 2.860150 128.297302
v -26.798361 2.818346 128.364319
v -26.798937 2.817975 128.366150
v -26.805725 2.819027 128.372910
v -27.873146 3.041131 127.490356
v -27.946869 3.022513 127.474998
v -27.948549 3.022369 127.476013
v -27.953043 3.023164 127.484459
v -26.785913 3.456459 128.332184
v -26.750544 3.486095 128.401291
v -26.751078 3.486378 128.403183
v -26.757986 3.485568 128.409836
v -27.497459 3.644448 127.780586
v -27.532557 3.676673 127.795204
v -27.533993 3.676701 127.796402
v -27.539116 3.672416 127.802528
v -27.149405 2.597737 128.050827
v -27.150427 2.525819 128.091721
v -27.151320 2.525188 128.093292
v -27.157362 2.527091 128.100540
v -27.496529 3.164665 127.542702
v -27.501858 3.195140 127.539482
v -27.502523 3.225982 127.538063
v -27.500526 3.195201 127.538475
v -27.494934 3.164885 127.541786
v -27.500906 3.225963 127.537163
v -27.498856 3.195345 127.537971
v -27.492838 3.165470 127.542130
v -27.498751 3.225912 127.537552
v -27.493059 3.196317 127.541687
v -27.500736 3.256772 127.540352
v -27.494301 3.287057 127.544426
v -27.499407 3.256688 127.539337
v -27.492714 3.286802 127.543510
v -27.497744 3.256492 127.538834
v -27.490639 3.286122 127.543831
v -27.491983 3.255162 127.542519
v -27.485504 3.316618 127.552147
v -27.472271 3.344833 127.561478
v -27.484207 3.316402 127.551109
v -27.470758 3.344380 127.560509
v -27.482618 3.315898 127.550545
v -27.468874 3.343174 127.560684
v -27.477360 3.312476 127.553841
v -27.391832 3.439212 127.623764
v -27.366051 3.456775 127.644630
v -27.337450 3.471075 127.665863
v -27.364925 3.456337 127.643463
v -27.390512 3.438517 127.622635
v -27.336229 3.470320 127.664665
v -27.363733 3.455318 127.642593
v -27.389143 3.436664 127.622414
v -27.335123 3.468308 127.664238
v -27.361158 3.448363 127.643814
v -27.437536 3.396415 127.588379
v -27.416430 3.419193 127.605621
v -27.415245 3.418801 127.604500
v -27.436117 3.395817 127.587326
v -27.413914 3.417889 127.603737
v -27.434481 3.394223 127.587311
v -27.410391 3.411675 127.605690
v -27.456924 3.371679 127.574272
v -27.455681 3.371359 127.573196
v -27.454210 3.370615 127.572540
v -27.449757 3.365551 127.575218
v -27.160633 2.951850 127.802765
v -27.192522 2.947054 127.778984
v -27.223886 2.946031 127.753792
v -27.191559 2.947531 127.777687
v -27.159679 2.952636 127.801353
v -27.222839 2.946826 127.752457
v -27.190744 2.948640 127.776527
v -27.159288 2.954732 127.800377
v -27.222198 2.948946 127.751671
v -27.190746 2.956214 127.775749
v -27.256069 2.948142 127.729782
v -27.286888 2.954013 127.705009
v -27.255049 2.948618 127.728531
v -27.285749 2.954796 127.703751
v -27.254105 2.949725 127.727470
v -27.284857 2.956883 127.703156
v -27.253216 2.957284 127.727386
v -27.317772 2.962921 127.682007
v -27.346478 2.975394 127.658875
v -27.316696 2.963383 127.680801
v -27.345242 2.976141 127.657684
v -27.315619 2.964458 127.679840
v -27.344095 2.978133 127.657288
v -27.313826 2.971792 127.680458
v -27.443783 3.053434 127.583542
v -27.462257 3.078804 127.570145
v -27.476618 3.106172 127.558113
v -27.461004 3.079110 127.569077
v -27.442347 3.054013 127.582504
v -27.475090 3.106597 127.557152
v -27.459515 3.079822 127.568436
v -27.440672 3.055554 127.582520
v -27.473171 3.107729 127.557358
v -27.454920 3.084660 127.571220
v -27.399666 3.009099 127.617699
v -27.423517 3.029933 127.600136
v -27.422323 3.030316 127.599022
v -27.398331 3.009781 127.616585
v -27.420969 3.031206 127.598274
v -27.396919 3.011600 127.616394
v -27.417297 3.037269 127.600349
v -27.374537 2.990649 127.638062
v -27.373404 2.991081 127.636902
v -27.372189 2.992087 127.636040
v -27.369467 2.998948 127.637375
v -27.277119 3.490401 127.712578
v -27.246107 3.495197 127.737495
v -27.213865 3.496219 127.761551
v -27.245098 3.494720 127.736237
v -27.275993 3.489615 127.711304
v -27.212833 3.495425 127.760201
v -27.244173 3.493611 127.735161
v -27.275143 3.487518 127.710678
v -27.212233 3.493304 127.759384
v -27.243423 3.486036 127.734962
v -27.182562 3.494108 127.786697
v -27.150864 3.488238 127.810326
v -27.181606 3.493632 127.785393
v -27.149925 3.487455 127.808907
v -27.180813 3.492526 127.784210
v -27.149574 3.485367 127.807899
v -27.180956 3.484967 127.783333
v -27.120857 3.479329 127.834465
v -27.091274 3.466857 127.856468
v -27.119961 3.478868 127.833122
v -27.090431 3.466110 127.854973
v -27.119299 3.477793 127.831841
v -27.090336 3.464117 127.853760
v -27.120346 3.470459 127.830261
v -26.993971 3.388817 127.931801
v -26.976372 3.363446 127.946335
v -26.961134 3.336079 127.957222
v -26.975653 3.363141 127.944855
v -26.993326 3.388238 127.930153
v -26.960583 3.335653 127.955505
v -26.975405 3.362429 127.943253
v -26.993761 3.386696 127.928535
v -26.961260 3.334521 127.953697
v -26.979250 3.357590 127.939499
v -27.038088 3.433152 127.897644
v -27.015112 3.412317 127.916344
v -27.014334 3.411935 127.914902
v -27.037344 3.432470 127.896072
v -27.013948 3.411045 127.913406
v -27.037512 3.430650 127.894661
v -27.016874 3.404982 127.910370
v -27.064093 3.451602 127.878418
v -27.063253 3.451169 127.877029
v -27.062729 3.450164 127.875641
v -27.064705 3.443303 127.873337
v -26.941223 3.277586 127.972641
v -26.936771 3.247111 127.976997
v -26.935228 3.216268 127.977280
v -26.936131 3.247049 127.975456
v -26.940739 3.277365 127.970871
v -26.934767 3.216287 127.975494
v -26.936062 3.246906 127.973709
v -26.941593 3.276780 127.968925
v -26.935680 3.216339 127.973503
v -26.941113 3.245934 127.969025
v -26.937895 3.185478 127.976128
v -26.943451 3.155194 127.970917
v -26.937250 3.185563 127.974586
v -26.942959 3.155449 127.969154
v -26.937176 3.185759 127.972847
v -26.943792 3.156128 127.967224
v -26.942186 3.187088 127.968193
v -26.953127 3.125632 127.964333
v -26.965481 3.097418 127.953857
v -26.952450 3.125849 127.962822
v -26.964916 3.097871 127.952148
v -26.952299 3.126353 127.961136
v -26.965557 3.099077 127.950371
v -26.956812 3.129775 127.956871
v -27.045921 3.003038 127.891579
v -27.072580 2.985475 127.871849
v -27.100302 2.971176 127.849480
v -27.071732 2.985914 127.870468
v -27.045162 3.003733 127.890022
v -27.099445 2.971930 127.847992
v -27.071186 2.986933 127.869095
v -27.045288 3.005586 127.888641
v -27.099308 2.973943 127.846817
v -27.073013 2.993887 127.866905
v -27.000216 3.045836 127.926964
v -27.022200 3.023058 127.910851
v -27.021412 3.023450 127.909424
v -26.999557 3.046434 127.925331
v -27.021006 3.024362 127.907944
v -26.999950 3.048028 127.923744
v -27.023781 3.030576 127.905022
v -26.981705 3.070571 127.942207
v -26.980976 3.070891 127.940735
v -26.980707 3.071636 127.939140
v -26.984415 3.076699 127.935501
v -27.488813 3.134809 127.549583
v -27.487511 3.135007 127.548553
v -27.485907 3.135466 127.547997
v -27.480543 3.138585 127.551376
v -26.949816 3.307441 127.966896
v -26.949146 3.307244 127.965378
v -26.949013 3.306784 127.963684
v -26.953627 3.303666 127.959335
v -27.308310 3.482541 127.689331
v -27.307243 3.482076 127.688118
v -27.306187 3.480994 127.687141
v -27.304539 3.473610 127.687653
v -27.130320 2.959710 127.827141
v -27.129414 2.960175 127.825806
v -27.128731 2.961256 127.824539
v -27.129633 2.968641 127.823067
v -27.507435 3.174510 127.607422
v -27.506474 3.199929 127.600098
v -27.512644 3.225135 127.603645
v -27.513182 3.199666 127.605537
v -27.510122 3.174197 127.609123
v -27.515368 3.225166 127.605324
v -27.515396 3.199517 127.606514
v -27.512861 3.173717 127.609917
v -27.518158 3.225216 127.606064
v -27.522264 3.198883 127.607224
v -27.505575 3.250259 127.600845
v -27.505629 3.275704 127.608917
v -27.512280 3.250633 127.606293
v -27.508307 3.276083 127.610634
v -27.514488 3.250849 127.607269
v -27.511032 3.276671 127.611435
v -27.521339 3.251788 127.607994
v -27.492575 3.299784 127.610603
v -27.486374 3.324486 127.623260
v -27.499094 3.300726 127.616135
v -27.488943 3.325140 127.625053
v -27.501226 3.301270 127.617180
v -27.491522 3.326148 127.625992
v -27.507765 3.303620 127.618187
v -27.412663 3.406688 127.677032
v -27.383675 3.420842 127.690201
v -27.360569 3.434298 127.713120
v -27.388988 3.422303 127.695801
v -27.414972 3.407579 127.679031
v -27.362761 3.435137 127.715218
v -27.390841 3.423223 127.697235
v -27.417233 3.408935 127.680336
v -27.364914 3.436406 127.716728
v -27.395830 3.426805 127.699631
v -27.455107 3.369136 127.646355
v -27.430803 3.387925 127.656433
v -27.436623 3.389448 127.662148
v -27.457542 3.369964 127.648262
v -27.438536 3.390353 127.663429
v -27.459946 3.371235 127.649376
v -27.444027 3.394106 127.665398
v -27.467484 3.346561 127.629333
v -27.473696 3.347896 127.634979
v -27.475716 3.348673 127.636139
v -27.481754 3.351991 127.637604
v -27.199438 2.987323 127.844917
v -27.224934 2.984494 127.817039
v -27.258436 2.981962 127.799103
v -27.229868 2.982442 127.823631
v -27.201117 2.986160 127.847374
v -27.260265 2.980788 127.801445
v -27.231098 2.981226 127.825363
v -27.202301 2.984323 127.849373
v -27.261698 2.978932 127.803261
v -27.233789 2.975751 127.829483
v -27.284067 2.985531 127.771194
v -27.317217 2.989404 127.753563
v -27.289249 2.983490 127.777588
v -27.319197 2.988251 127.755791
v -27.290640 2.982279 127.779198
v -27.320869 2.986430 127.757423
v -27.294052 2.976837 127.782761
v -27.341320 2.999208 127.726860
v -27.372496 3.009184 127.710770
v -27.346756 2.997231 127.733063
v -27.374622 3.008087 127.712883
v -27.348301 2.996060 127.734550
v -27.376532 3.006360 127.714333
v -27.352415 2.990809 127.737572
v -27.461027 3.079570 127.642403
v -27.472218 3.102755 127.625824
v -27.490086 3.125300 127.620331
v -27.478474 3.101461 127.631462
v -27.463461 3.078734 127.644295
v -27.492664 3.124689 127.622116
v -27.480488 3.100704 127.632607
v -27.465841 3.077431 127.645393
v -27.495251 3.123745 127.623047
v -27.486547 3.097415 127.634056
v -27.421255 3.039968 127.673027
v -27.437843 3.059970 127.652184
v -27.443810 3.058352 127.657990
v -27.423536 3.038975 127.675026
v -27.445673 3.057398 127.659248
v -27.425686 3.037420 127.676300
v -27.451128 3.053205 127.661217
v -27.393505 3.024618 127.686455
v -27.399199 3.022778 127.692451
v -27.400904 3.021689 127.693832
v -27.405701 3.016847 127.696320
v -27.154253 3.440277 127.864548
v -27.132359 3.430743 127.890770
v -27.157877 3.441487 127.870735
v -27.133810 3.431593 127.893440
v -27.158924 3.442333 127.872841
v -27.134676 3.432872 127.895912
v -27.160770 3.445413 127.877533
v -27.046581 3.362633 127.963272
v -27.027870 3.339611 127.970245
v -27.018147 3.317163 127.986420
v -27.031759 3.340927 127.977783
v -27.047775 3.363446 127.966125
v -27.019209 3.317790 127.989372
v -27.032328 3.341680 127.980034
v -27.048185 3.364691 127.968750
v -27.019402 3.318757 127.992119
v -27.032030 3.344942 127.986351
v -27.085407 3.401439 127.931068
v -27.061621 3.381982 127.942795
v -27.065676 3.383507 127.949959
v -27.086737 3.402325 127.933830
v -27.066397 3.384395 127.952141
v -27.087368 3.403667 127.936356
v -27.066730 3.388120 127.958054
v -27.104837 3.416378 127.906792
v -27.108944 3.417872 127.913460
v -27.109821 3.418788 127.915611
v -27.110739 3.422391 127.921120
v -27.001282 3.267890 128.000061
v -26.994406 3.242377 127.997185
v -26.996288 3.217108 128.004120
v -26.997992 3.242655 128.005142
v -27.002237 3.268221 128.003098
v -26.997208 3.217076 128.007187
v -26.998348 3.242811 128.007523
v -27.002262 3.268732 128.005936
v -26.997175 3.217024 128.010071
v -26.997128 3.243495 128.014435
v -26.995335 3.191950 127.996483
v -27.003164 3.166458 127.998657
v -26.998932 3.191567 128.004440
v -27.004128 3.166076 128.001678
v -26.999292 3.191350 128.006805
v -27.004166 3.165483 128.004517
v -26.998093 3.190385 128.013702
v -27.008083 3.142328 127.986389
v -27.021980 3.117480 127.983757
v -27.011816 3.141354 127.994194
v -27.023056 3.116801 127.986687
v -27.012262 3.140802 127.996490
v -27.023268 3.115743 127.989395
v -27.011429 3.138343 128.003143
v -27.093666 3.034114 127.927544
v -27.114151 3.019670 127.903320
v -27.143497 3.005105 127.888535
v -27.118603 3.017747 127.910393
v -27.095034 3.033075 127.930237
v -27.145021 3.003985 127.891106
v -27.119501 3.016628 127.912354
v -27.095709 3.031442 127.932602
v -27.145948 3.002221 127.893295
v -27.120680 3.011566 127.917587
v -27.052513 3.072432 127.959793
v -27.068542 3.053496 127.938995
v -27.072746 3.051750 127.946320
v -27.053730 3.071533 127.962608
v -27.073484 3.050744 127.948402
v -27.054165 3.070123 127.965141
v -27.073929 3.046181 127.954155
v -27.032681 3.095312 127.967056
v -27.036634 3.093876 127.974632
v -27.037216 3.093055 127.976830
v -27.036978 3.089359 127.983070
v -27.495302 3.150209 127.608391
v -27.501835 3.149370 127.613892
v -27.503977 3.148887 127.614937
v -27.510548 3.146808 127.615921
v -27.005264 3.292215 127.988457
v -27.008966 3.293100 127.996262
v -27.009401 3.293604 127.998589
v -27.008524 3.295812 128.005280
v -27.329336 3.443013 127.728142
v -27.334299 3.444183 127.733147
v -27.336060 3.445018 127.734734
v -27.339973 3.447982 127.737816
v -27.167229 2.996141 127.861900
v -27.171921 2.994126 127.868721
v -27.172989 2.992941 127.870567
v -27.174931 2.987598 127.875244
v -28.000519 3.231726 127.496933
v -27.994810 3.157594 127.492012
v -27.987448 3.091310 127.506950
v -27.998289 3.157952 127.500748
v -28.000807 3.231710 127.499535
v -27.987761 3.091621 127.509537
v -27.997732 3.158094 127.502274
v -27.990482 3.231570 127.502975
v -27.977617 3.093479 127.512840
v -27.921980 3.164580 127.520660
v -27.982830 3.398782 127.510605
v -27.992458 3.315840 127.493874
v -27.995958 3.315414 127.502594
v -27.983150 3.398376 127.513184
v -27.995399 3.315208 127.504120
v -27.973051 3.395597 127.516441
v -27.919865 3.305098 127.522339
v -27.935213 3.532407 127.547234
v -27.959513 3.471603 127.519287
v -27.963148 3.470383 127.527885
v -27.935610 3.531661 127.549728
v -27.962637 3.469822 127.529366
v -27.926123 3.526940 127.552505
v -27.890131 3.443242 127.545227
v -27.636078 3.677592 127.771782
v -27.699186 3.691789 127.716995
v -27.760815 3.684657 127.679710
v -27.703609 3.688017 127.724091
v -27.636829 3.675940 127.773491
v -27.761450 3.683298 127.681831
v -27.703405 3.686743 127.725067
v -27.631104 3.669989 127.772987
v -27.754145 3.676770 127.682762
v -27.654575 3.644830 127.722420
v -27.809586 3.667337 127.634056
v -27.859961 3.632012 127.604805
v -27.813717 3.664553 127.641960
v -27.860468 3.630957 127.607162
v -27.813402 3.663470 127.643188
v -27.851934 3.624920 127.609154
v -27.754574 3.620235 127.648399
v -27.897530 3.588268 127.566925
v -27.901384 3.586294 127.575272
v -27.900959 3.585452 127.576653
v -27.834126 3.548093 127.588104
v -27.400242 2.508499 127.961487
v -27.321888 2.507132 128.012894
v -27.253590 2.518960 128.075104
v -27.327551 2.509976 128.019928
v -27.401592 2.509900 127.963295
v -27.255165 2.520336 128.076752
v -27.328197 2.511341 128.020584
v -27.399185 2.520546 127.960670
v -27.254751 2.530858 128.072586
v -27.314167 2.586149 127.991219
v -27.546011 2.534391 127.848610
v -27.469351 2.514890 127.898682
v -27.474609 2.517731 127.906021
v -27.547132 2.535751 127.850594
v -27.475016 2.519086 127.906853
v -27.542740 2.545980 127.849503
v -27.446848 2.592801 127.888435
v -27.685001 2.600361 127.741020
v -27.612715 2.559120 127.787697
v -27.617544 2.561812 127.795372
v -27.685883 2.601602 127.743187
v -27.617706 2.563088 127.796387
v -27.679569 2.610774 127.743576
v -27.575760 2.631865 127.788628
v -27.947193 2.963641 127.537971
v -27.918100 2.899507 127.551201
v -27.890739 2.838382 127.581650
v -27.921822 2.901069 127.559708
v -27.947577 2.964226 127.540489
v -27.891230 2.839199 127.584099
v -27.921408 2.901720 127.561127
v -27.937941 2.967821 127.543404
v -27.882212 2.844568 127.586548
v -27.852011 2.932652 127.574585
v -27.849930 2.775411 127.603989
v -27.806675 2.715272 127.646774
v -27.853918 2.777406 127.612297
v -27.807327 2.716309 127.649101
v -27.853634 2.778281 127.613632
v -27.799328 2.723564 127.650780
v -27.789343 2.821990 127.623146
v -27.745869 2.652250 127.684601
v -27.750242 2.654640 127.692619
v -27.750158 2.655742 127.693817
v -27.695272 2.713556 127.696060
v -27.360243 3.609452 127.976036
v -27.416634 3.616333 127.925980
v -27.483908 3.627107 127.882820
v -27.420765 3.610740 127.931091
v -27.361082 3.607538 127.977081
v -27.484743 3.625256 127.884033
v -27.420862 3.609385 127.931305
v -27.358822 3.603410 127.973534
v -27.481083 3.620667 127.881676
v -27.398598 3.584814 127.907967
v -27.228468 3.636862 128.081635
v -27.292233 3.622960 128.022858
v -27.296196 3.617439 128.028229
v -27.229553 3.635021 128.082703
v -27.296494 3.616069 128.028305
v -27.229099 3.630177 128.077896
v -27.284565 3.590294 127.996979
v -27.102566 3.680644 128.185532
v -27.160097 3.663798 128.129959
v -27.164795 3.659044 128.135834
v -27.104095 3.679018 128.186676
v -27.165468 3.657682 128.135880
v -27.105469 3.672936 128.180710
v -27.165834 3.623357 128.095123
v -26.821608 3.553856 128.409805
v -26.851727 3.609488 128.376938
v -26.896328 3.646850 128.351242
v -26.858780 3.607537 128.382874
v -26.823904 3.553088 128.410873
v -26.898472 3.645788 128.352371
v -26.860214 3.606658 128.382858
v -26.829151 3.547710 128.402283
v -26.902691 3.639276 128.344528
v -26.889198 3.564524 128.320160
v -26.935526 3.676000 128.311096
v -26.990408 3.689004 128.276581
v -26.942114 3.673273 128.317169
v -26.992313 3.687662 128.277740
v -26.943390 3.672184 128.317200
v -26.995262 3.680934 128.270767
v -26.964598 3.626481 128.260468
v -27.039940 3.693840 128.227814
v -27.045746 3.690159 128.233932
v -27.046776 3.688895 128.233978
v -27.058294 3.645911 128.184647
v -26.742483 3.209005 128.471420
v -26.741194 3.300010 128.463028
v -26.761669 3.394339 128.456497
v -26.748703 3.299649 128.468735
v -26.744928 3.209019 128.472412
v -26.764082 3.393955 128.457504
v -26.750340 3.299476 128.468613
v -26.751440 3.209190 128.462875
v -26.770285 3.391097 128.448196
v -26.791359 3.290466 128.396637
v -26.754887 3.058801 128.461823
v -26.739029 3.130640 128.464722
v -26.746542 3.130996 128.470444
v -26.757303 3.059122 128.462845
v -26.748178 3.131169 128.470337
v -26.763695 3.061485 128.453415
v -26.789730 3.140532 128.397934
v -26.800013 2.905419 128.426865
v -26.767376 2.983354 128.442764
v -26.774773 2.984317 128.448578
v -26.802343 2.906033 128.427948
v -26.776354 2.984767 128.448517
v -26.808157 2.910713 128.418976
v -26.815632 3.009076 128.377884
v -27.114843 2.561011 128.182678
v -27.045036 2.587872 128.227509
v -26.988703 2.628031 128.280594
v -27.051441 2.590368 128.234039
v -27.116625 2.562307 128.184174
v -26.990690 2.629180 128.281952
v -27.052528 2.591577 128.234360
v -27.118082 2.572266 128.178574
v -26.993868 2.638256 128.275024
v -27.064941 2.659134 128.184540
v -26.925428 2.679486 128.320312
v -26.878899 2.747602 128.365768
v -26.932243 2.681556 128.326569
v -26.881084 2.748509 128.366974
v -26.933537 2.682584 128.326736
v -26.885815 2.755730 128.358841
v -26.957661 2.740937 128.267838
v -26.829515 2.823435 128.394638
v -26.836685 2.824969 128.400635
v -26.838152 2.825721 128.400665
v -26.871695 2.867782 128.334473
v -27.966774 3.026277 127.513603
v -27.970331 3.027310 127.522247
v -27.969826 3.027721 127.523735
v -27.896622 3.046504 127.540146
v -26.782282 3.482177 128.431076
v -26.789633 3.480997 128.436890
v -26.791195 3.480419 128.436813
v -26.827475 3.450668 128.368484
v -27.555523 3.656768 127.822990
v -27.560011 3.651888 127.828842
v -27.559969 3.650532 127.829399
v -27.525200 3.617757 127.815796
v -27.177958 2.535005 128.124420
v -27.183992 2.537744 128.131195
v -27.184866 2.539056 128.131668
v -27.184603 2.611265 128.091644
v -27.466482 3.175928 127.562531
v -27.474592 3.199626 127.555984
v -27.471355 3.224998 127.558762
v -27.469542 3.200599 127.560669
v -27.465628 3.176514 127.564476
v -27.470440 3.224946 127.560753
v -27.469608 3.200742 127.562408
v -27.466112 3.176734 127.566254
v -27.470901 3.224927 127.562546
v -27.470251 3.200804 127.563950
v -27.473652 3.250637 127.556717
v -27.464657 3.273984 127.563950
v -27.468639 3.249308 127.561363
v -27.463823 3.273304 127.565872
v -27.468714 3.249111 127.563103
v -27.464315 3.273048 127.567642
v -27.469357 3.249027 127.564644
v -27.460724 3.300823 127.566727
v -27.446276 3.321589 127.578178
v -27.456213 3.297401 127.570992
v -27.445633 3.320383 127.579956
v -27.456362 3.296896 127.572670
v -27.446198 3.319929 127.581673
v -27.457039 3.296679 127.574181
v -27.375738 3.403420 127.632790
v -27.353659 3.424658 127.649620
v -27.326424 3.432179 127.670975
v -27.351831 3.417703 127.651802
v -27.375612 3.401568 127.634171
v -27.326561 3.430167 127.672150
v -27.352379 3.416684 127.653175
v -27.376371 3.400873 127.635735
v -27.327419 3.429413 127.673630
v -27.353226 3.416246 127.654556
v -27.416323 3.365662 127.601372
v -27.399658 3.390498 127.614006
v -27.396883 3.384285 127.616920
v -27.415930 3.364068 127.602959
v -27.397291 3.383373 127.618401
v -27.416590 3.363470 127.604591
v -27.398079 3.382981 127.619835
v -27.435854 3.348302 127.585976
v -27.432146 3.343238 127.589622
v -27.432415 3.342494 127.591209
v -27.433144 3.342174 127.592682
v -27.163418 2.992387 127.797180
v -27.192028 2.982039 127.774757
v -27.221848 2.987029 127.751938
v -27.192776 2.989614 127.774948
v -27.164268 2.994483 127.797806
v -27.222450 2.989149 127.752754
v -27.193701 2.990722 127.776031
v -27.165394 2.995269 127.799080
v -27.223482 2.989944 127.754105
v -27.194710 2.991199 127.777290
v -27.251455 2.983054 127.728745
v -27.280018 2.994374 127.706902
v -27.251314 2.990613 127.729630
v -27.280369 2.996461 127.707916
v -27.252108 2.991719 127.730812
v -27.281307 2.997243 127.709335
v -27.253061 2.992195 127.732109
v -27.308989 2.996794 127.684204
v -27.334665 3.013907 127.664589
v -27.307941 3.004127 127.685783
v -27.334761 3.015900 127.665802
v -27.308603 3.005201 127.687065
v -27.335604 3.016647 127.667297
v -27.309502 3.005663 127.688416
v -27.421778 3.083181 127.597145
v -27.440546 3.101143 127.582344
v -27.449947 3.127986 127.575333
v -27.436699 3.105982 127.586098
v -27.421345 3.084723 127.598763
v -27.449270 3.129119 127.577141
v -27.436949 3.106694 127.587700
v -27.421988 3.085301 127.600410
v -27.449820 3.129544 127.578865
v -27.437668 3.106999 127.589180
v -27.382765 3.044240 127.627350
v -27.406055 3.057929 127.609047
v -27.403130 3.063991 127.612083
v -27.382597 3.046059 127.628769
v -27.403515 3.064881 127.613586
v -27.383339 3.046741 127.630333
v -27.404293 3.065264 127.615021
v -27.361462 3.022334 127.643578
v -27.359488 3.029194 127.645874
v -27.360012 3.030200 127.647270
v -27.360849 3.030632 127.648659
v -27.271013 3.449864 127.713875
v -27.242144 3.460212 127.735954
v -27.212584 3.455221 127.759109
v -27.242142 3.452637 127.736732
v -27.271404 3.447768 127.714851
v -27.213224 3.453101 127.759903
v -27.242956 3.451528 127.737892
v -27.272358 3.446982 127.716263
v -27.214272 3.452307 127.761238
v -27.243919 3.451052 127.739189
v -27.182714 3.459197 127.781967
v -27.154413 3.447877 127.804153
v -27.183605 3.451638 127.782051
v -27.155306 3.445789 127.804741
v -27.184549 3.450531 127.783119
v -27.156445 3.445007 127.806007
v -27.185568 3.450056 127.784363
v -27.125183 3.445457 127.826515
v -27.099766 3.428344 127.846458
v -27.126976 3.438123 127.825897
v -27.100914 3.426351 127.846855
v -27.128054 3.437050 127.826859
v -27.102150 3.425604 127.848045
v -27.129129 3.436588 127.828064
v -27.012653 3.359070 127.913910
v -26.993626 3.341107 127.928368
v -26.984484 3.314264 127.935715
v -26.998219 3.336269 127.925583
v -27.014330 3.357528 127.913895
v -26.986404 3.313132 127.935516
v -26.999708 3.335557 127.926231
v -27.015764 3.356949 127.914932
v -26.987932 3.312706 127.936478
v -27.000961 3.335251 127.927292
v -27.051666 3.398011 127.883698
v -27.028116 3.384322 127.901665
v -27.031788 3.378259 127.899597
v -27.053078 3.396192 127.883896
v -27.033142 3.377369 127.900345
v -27.054413 3.395509 127.885002
v -27.034336 3.376987 127.901459
v -27.072710 3.419917 127.867142
v -27.075432 3.413057 127.865807
v -27.076645 3.412051 127.866661
v -27.077780 3.411619 127.867821
v -26.967949 3.266323 127.948517
v -26.959578 3.242624 127.954735
v -26.963076 3.217253 127.952293
v -26.965378 3.241652 127.951012
v -26.970045 3.265737 127.948181
v -26.965233 3.217304 127.951904
v -26.967049 3.241509 127.951515
v -26.971642 3.265517 127.949089
v -26.966850 3.217324 127.952797
v -26.968380 3.241447 127.952522
v -26.960520 3.191614 127.954002
v -26.969774 3.168268 127.947105
v -26.966278 3.192944 127.950317
v -26.971849 3.168947 127.946785
v -26.967943 3.193140 127.950821
v -26.973436 3.169203 127.947701
v -26.969273 3.193224 127.951828
v -26.973446 3.141428 127.943993
v -26.988155 3.120662 127.932877
v -26.978706 3.144850 127.940697
v -26.990040 3.121868 127.932701
v -26.980295 3.145355 127.941261
v -26.991554 3.122321 127.933670
v -26.981592 3.145572 127.942291
v -27.058693 3.038830 127.878265
v -27.080513 3.017593 127.861099
v -27.108007 3.010071 127.840080
v -27.083086 3.024547 127.859879
v -27.060061 3.040683 127.878487
v -27.109112 3.012083 127.840508
v -27.084278 3.025566 127.860748
v -27.061380 3.041378 127.879608
v -27.110332 3.012837 127.841713
v -27.085403 3.026004 127.861916
v -27.018108 3.076589 127.909683
v -27.034512 3.051752 127.896713
v -27.038034 3.057966 127.894760
v -27.019743 3.078183 127.909698
v -27.039366 3.058878 127.895523
v -27.021164 3.078781 127.910751
v -27.040552 3.059270 127.896645
v -26.998318 3.093949 127.924736
v -27.002771 3.099012 127.922058
v -27.004240 3.099757 127.922722
v -27.005486 3.100077 127.923790
v -27.463556 3.149205 127.564529
v -27.458941 3.152324 127.568878
v -27.459074 3.152784 127.570572
v -27.459743 3.152982 127.572090
v -26.970615 3.293045 127.946190
v -26.975977 3.289926 127.942810
v -26.977583 3.289467 127.943359
v -26.978886 3.289269 127.944389
v -27.300190 3.448435 127.691017
v -27.299288 3.441051 127.692482
v -27.299971 3.439970 127.693756
v -27.300877 3.439505 127.695091
v -27.133982 2.993815 127.819702
v -27.135630 3.001199 127.819199
v -27.136686 3.002281 127.820175
v -27.137753 3.002745 127.821388
v -27.533522 3.226171 127.555458
v -27.527308 3.162164 127.560272
v -27.489100 3.106042 127.573921
v -27.509031 3.164598 127.558495
v -27.515032 3.225988 127.553848
v -27.506721 3.101325 127.576218
v -27.362125 3.478776 127.688454
v -27.418640 3.447791 127.644493
v -27.349838 3.471306 127.681747
v -27.289478 3.490641 127.728485
v -27.404249 3.439425 127.639618
v -27.299038 3.496249 127.737663
v -27.524958 3.290788 127.562073
v -27.506800 3.287135 127.560219
v -27.502071 3.351142 127.579796
v -27.484749 3.344972 127.577293
v -27.466021 3.404429 127.607727
v -27.449984 3.396598 127.604210
v -27.244186 2.931715 127.779358
v -27.178246 2.937694 127.830414
v -27.112576 2.970943 127.865448
v -27.172935 2.951608 127.818710
v -27.236217 2.945786 127.769714
v -27.115393 2.957772 127.879066
v -27.473040 3.046197 127.602272
v -27.456236 3.053257 127.599365
v -27.309864 2.940261 127.728516
v -27.299250 2.953772 127.720909
v -27.372044 2.963062 127.680382
v -27.358870 2.975164 127.674751
v -27.427526 2.999329 127.637466
v -27.412088 3.008889 127.633553
v -27.233870 3.501419 127.788246
v -27.226194 3.496462 127.777481
v -26.971134 3.343290 127.990822
v -27.005348 3.397499 127.964371
v -26.973312 3.336210 127.973267
v -26.953381 3.277653 127.988701
v -27.006176 3.388995 127.947823
v -26.949926 3.281427 128.007233
v -27.168406 3.494418 127.838730
v -27.163162 3.488477 127.826279
v -27.106390 3.474759 127.886429
v -27.103542 3.467086 127.872437
v -27.051142 3.442031 127.929008
v -27.050323 3.433362 127.913643
v -26.943497 3.216032 128.012207
v -26.947380 3.216262 127.993347
v -27.058693 2.990824 127.922951
v -27.058163 3.002824 127.907570
v -26.951876 3.151999 128.005707
v -26.955610 3.155116 127.986969
v -26.974689 3.091098 127.988029
v -26.977663 3.097279 127.969902
v -27.010897 3.036106 127.959969
v -27.012426 3.045652 127.942986
v -27.990797 3.231772 127.475243
v -27.977663 3.089693 127.485359
v -27.751026 3.228929 127.504021
v -27.741405 3.125900 127.511475
v -27.937160 2.960659 127.516632
v -27.710972 3.031020 127.535042
v -27.624027 3.687797 127.755287
v -27.749239 3.692140 127.660767
v -27.376556 3.573093 127.793488
v -27.482594 3.586118 127.711563
v -27.573063 3.571012 127.641663
v -27.472412 3.639948 127.869034
v -27.972916 3.400606 127.489082
v -27.737799 3.345381 127.514252
v -27.924885 3.535970 127.526138
v -27.702381 3.443288 127.541656
v -27.849066 3.637355 127.584473
v -27.646542 3.520991 127.584854
v -27.386282 2.502222 127.943161
v -27.238810 2.512803 128.057388
v -27.305637 2.718425 127.848930
v -27.199421 2.726710 127.931175
v -27.099325 2.555219 128.165466
v -27.098722 2.757890 128.009140
v -27.880241 2.834382 127.560684
v -27.665739 2.940582 127.570076
v -27.532913 2.528261 127.829628
v -27.411327 2.735610 127.767097
v -27.672867 2.594724 127.721283
v -27.512011 2.780028 127.689140
v -27.795473 2.710381 127.626335
v -27.600735 2.855525 127.620430
v -27.349936 3.623139 127.962502
v -27.284203 3.567995 127.864914
v -26.803928 3.557330 128.394226
v -26.879492 3.652067 128.335342
v -26.838820 3.338300 128.210327
v -26.879503 3.449694 128.178802
v -26.934410 3.524595 128.136246
v -26.743473 3.396012 128.441193
v -27.217754 3.649371 128.066757
v -27.186247 3.576561 127.940842
v -27.089411 3.690563 128.169571
v -27.090672 3.585263 128.015030
v -26.974979 3.696301 128.260437
v -27.005283 3.570018 128.081284
v -26.724110 3.208973 128.456207
v -26.825968 3.212566 128.220291
v -26.972343 2.622994 128.263916
v -27.007214 2.808301 128.080002
v -26.736647 3.057333 128.446503
v -26.836435 3.104947 128.212204
v -26.782141 2.902666 128.411270
v -26.870512 2.997520 128.185822
v -26.861662 2.743664 128.349686
v -26.928211 2.891034 128.141174
v -27.479488 3.170699 127.552109
v -27.484880 3.225455 127.547935
v -27.477612 3.106050 127.559113
v -27.497543 3.164602 127.543678
v -27.503542 3.225988 127.539032
v -27.461388 3.117858 127.566124
v -27.382269 3.420042 127.627380
v -27.330603 3.450243 127.667381
v -27.392767 3.439412 127.624802
v -27.338356 3.471292 127.666931
v -27.272905 3.468691 127.712051
v -27.277998 3.490627 127.713661
v -27.477476 3.280053 127.553665
v -27.495312 3.287130 127.545410
v -27.457403 3.332381 127.569206
v -27.473263 3.344963 127.562477
v -27.425230 3.379942 127.594116
v -27.438499 3.396587 127.589394
v -27.161182 2.973560 127.798553
v -27.221851 2.967988 127.751579
v -27.101105 2.970959 127.850616
v -27.161463 2.951624 127.803886
v -27.224743 2.945803 127.754890
v -27.103485 2.992007 127.843224
v -27.431053 3.069368 127.589607
v -27.444750 3.053267 127.584557
v -27.282267 2.975629 127.704811
v -27.287771 2.953788 127.706093
v -27.339209 2.996021 127.660721
v -27.347389 2.975179 127.659935
v -27.389669 3.027920 127.621651
v -27.400604 3.008902 127.618736
v -27.212236 3.474262 127.759026
v -27.214718 3.496448 127.762657
v -27.003035 3.372883 127.920998
v -26.972700 3.324393 127.944489
v -26.994711 3.388983 127.932991
v -26.961847 3.336201 127.958435
v -26.954599 3.271551 127.958504
v -26.941917 3.277649 127.973869
v -27.151823 3.466622 127.805801
v -27.151688 3.488462 127.811455
v -27.094879 3.446230 127.849892
v -27.092072 3.467072 127.857613
v -27.044418 3.414330 127.888962
v -27.038857 3.433348 127.898811
v -26.949207 3.216796 127.962677
v -26.935917 3.216263 127.978516
v -27.051819 3.022208 127.883232
v -27.046694 3.002839 127.892746
v -26.956612 3.162198 127.956940
v -26.944149 3.155120 127.972137
v -26.976685 3.109869 127.941399
v -26.966198 3.097287 127.955070
v -27.008858 3.062308 127.916489
v -27.000961 3.045664 127.928154
v -27.543322 3.225678 127.604721
v -27.537542 3.168886 127.609016
v -27.475149 3.127540 127.606598
v -27.491953 3.175682 127.593857
v -27.518503 3.114252 127.623413
v -27.496948 3.225025 127.590118
v -27.380373 3.448608 127.722977
v -27.435616 3.422998 127.684616
v -27.399740 3.403593 127.663307
v -27.349211 3.431657 127.700249
v -27.319471 3.460971 127.763550
v -27.295771 3.448520 127.740578
v -27.535589 3.283043 127.610619
v -27.490154 3.274304 127.595299
v -27.514534 3.336977 127.626518
v -27.471483 3.322082 127.609459
v -27.480789 3.384782 127.651726
v -27.441063 3.366139 127.632446
v -27.271063 2.956657 127.814697
v -27.208181 2.962258 127.863487
v -27.132305 3.009183 127.871971
v -27.187777 2.991518 127.828865
v -27.148382 2.981130 127.910019
v -27.246290 2.986177 127.783493
v -27.487270 3.063883 127.647331
v -27.446726 3.082597 127.628387
v -27.333660 2.964798 127.766205
v -27.304565 2.993544 127.738358
v -27.392622 2.986344 127.720551
v -27.359324 3.013125 127.695961
v -27.444790 3.020389 127.680145
v -27.407543 3.043546 127.658638
v -27.274731 3.455917 127.775505
v -27.013445 3.330011 128.014969
v -27.044590 3.378615 127.989937
v -27.036623 3.359632 127.945900
v -27.008520 3.314816 127.968239
v -26.994297 3.274730 128.030228
v -26.991964 3.266643 127.981354
v -27.212927 3.455031 127.823830
v -27.189461 3.459697 127.865211
v -27.174255 3.446566 127.835129
v -27.122616 3.427976 127.876190
v -27.136183 3.445373 127.912949
v -27.086288 3.417939 127.955635
v -27.075321 3.398290 127.914833
v -26.988546 3.216510 128.034805
v -26.987080 3.217221 127.985237
v -27.094845 3.011964 127.951790
v -27.082945 3.037941 127.910408
v -26.996103 3.159306 128.028885
v -26.993801 3.167902 127.979958
v -27.016886 3.104254 128.012604
v -27.012247 3.120027 127.965515
v -27.050262 3.053856 127.986572
v -27.042290 3.075774 127.942085
v -27.773649 3.228773 127.554382
v -27.764185 3.129780 127.561600
v -27.734394 3.038259 127.584488
v -27.510035 3.562364 127.750290
v -27.599842 3.553520 127.685699
v -27.402588 3.543420 127.826416
v -27.760891 3.341027 127.564224
v -27.726460 3.434866 127.590599
v -27.671921 3.508443 127.632027
v -27.338091 2.733045 127.891426
v -27.233707 2.741045 127.972328
v -27.134712 2.771387 128.049149
v -27.690351 2.950366 127.618538
v -27.441870 2.749946 127.811050
v -27.540438 2.793396 127.734726
v -27.627048 2.867345 127.667595
v -27.308435 3.536325 127.896477
v -26.920588 3.441675 128.214996
v -26.973560 3.512501 128.173157
v -26.881079 3.334415 128.245911
v -27.212255 3.547726 127.974953
v -27.121861 3.562299 128.051666
v -27.041300 3.553079 128.118637
v -26.868616 3.212692 128.255646
v -27.045080 2.820156 128.118805
v -26.878729 3.108603 128.247833
v -26.911867 3.004274 128.222153
v -26.968048 2.900503 128.178619
v -27.466806 3.176797 127.567474
v -27.471590 3.224921 127.563774
v -27.450535 3.129667 127.580078
v -27.377146 3.400673 127.636894
v -27.328220 3.429196 127.674774
v -27.273188 3.446756 127.717384
v -27.465012 3.272974 127.568863
v -27.446915 3.319799 127.582878
v -27.417334 3.363298 127.605782
v -27.166273 2.995494 127.800163
v -27.224333 2.990172 127.755211
v -27.111240 3.013054 127.842773
v -27.422728 3.085468 127.601608
v -27.282131 2.997468 127.710457
v -27.336401 3.016861 127.668442
v -27.384108 3.046937 127.631508
v -27.215126 3.452079 127.762337
v -27.016733 3.356783 127.915947
v -26.988926 3.312584 127.937469
v -26.972654 3.265454 127.950073
v -27.157328 3.444782 127.807091
v -27.103060 3.425389 127.849106
v -27.055351 3.395313 127.886040
v -26.967871 3.217330 127.953773
v -27.062315 3.041577 127.880653
v -26.974447 3.169276 127.948685
v -26.992544 3.122452 127.934669
v -27.022127 3.078953 127.911766
v -26.726614 3.130122 128.454269
v -27.737885 2.648724 127.670937
v -27.483784 3.197972 127.548782
v -27.460115 2.510732 127.885994
v -26.914030 2.676485 128.309113
v -27.409214 3.625482 127.916862
v -27.691025 3.697692 127.704857
v -27.842497 2.772435 127.589912
v -26.905310 3.491458 128.158813
v -26.840002 3.612380 128.366150
v -27.530447 3.583154 127.674599
v -27.152069 3.671421 128.119339
v -27.959961 3.024707 127.499016
v -27.911053 2.897153 127.536827
v -27.030170 3.699588 128.216766
v -27.952553 3.473402 127.504799
v -26.770109 3.483893 128.420502
v -27.890238 3.591228 127.552826
v -26.728786 3.300537 128.452576
v -27.547356 3.664625 127.812775
v -26.924524 3.680145 128.300110
v -27.312098 2.502974 128.000610
v -27.034229 2.584234 128.215927
v -27.801868 3.671587 127.620644
v -26.755131 2.981938 128.432190
v -27.167660 2.531002 128.112503
v -26.817598 2.821204 128.383820
v -27.604084 2.555175 127.774536
v -27.442764 3.356927 127.580544
v -26.950304 3.244279 127.961830
v -27.302322 3.461023 127.689278
v -27.022453 3.394652 127.905968
v -27.191345 2.969127 127.775200
v -27.076721 3.005740 127.863953
v -27.404984 3.401087 127.609795
v -26.965088 3.135602 127.950378
v -27.131765 2.981228 127.821335
v -26.991323 3.085324 127.930069
v -27.311365 2.984293 127.682274
v -26.951311 3.189351 127.961044
v -27.365423 3.010641 127.640427
v -27.542120 3.197079 127.605591
v -27.252295 2.970169 127.728012
v -27.029104 3.041164 127.900818
v -27.242743 3.473124 127.735405
v -27.502317 3.195132 127.539986
v -27.411634 3.047599 127.604645
v -27.181793 3.472081 127.782600
v -26.986397 3.349349 127.933884
v -27.482777 3.252900 127.549561
v -27.122723 3.457958 127.828331
v -27.472010 3.143895 127.557899
v -27.192934 2.946992 127.779518
v -27.068665 3.431610 127.870186
v -27.469000 3.306649 127.560226
v -26.962080 3.298355 127.952713
v -26.958778 3.313108 128.000381
v -27.515247 3.321707 127.569588
v -27.077744 3.459985 127.908493
v -27.204409 2.946975 127.794342
v -27.518740 3.131202 127.566910
v -27.136736 3.486216 127.863091
v -27.377966 3.456846 127.659966
v -26.986708 3.371497 127.978783
v -26.988218 3.363497 127.961723
v -27.451674 3.021596 127.618797
v -27.513807 3.195130 127.554794
v -27.266586 3.500335 127.762894
v -27.033504 3.012050 127.942459
v -27.277264 2.934184 127.753754
v -27.988104 3.157050 127.477310
v -27.400843 2.979673 127.658104
v -26.945854 3.183702 128.010376
v -27.341585 2.949894 127.703957
v -26.991213 3.062623 127.975220
v -27.146233 2.946044 127.855194
v -26.961527 3.121025 127.998230
v -27.443607 3.427520 127.625114
v -27.086100 2.972711 127.901741
v -27.211039 2.932894 127.805023
v -27.026913 3.421106 127.947716
v -27.331104 3.489141 127.712654
v -26.944834 3.248824 128.011169
v -27.485590 3.378841 127.592560
v -26.981924 3.363492 127.953590
v -27.506378 3.256785 127.547531
v -27.126436 3.479398 127.841698
v -27.135899 2.959641 127.834373
v -27.507500 3.195130 127.546661
v -27.188148 3.494179 127.793922
v -27.313913 3.482610 127.696548
v -27.251703 3.495268 127.744713
v -26.955360 3.307471 127.974152
v -27.380152 2.990585 127.645264
v -27.494453 3.134780 127.556763
v -27.429140 3.029877 127.607330
v -26.987259 3.070524 127.949455
v -27.467888 3.078759 127.577332
v -27.027761 3.023000 127.918098
v -27.323378 2.962853 127.689217
v -27.078152 2.985410 127.879082
v -27.261665 2.948072 127.737000
v -26.958672 3.125600 127.971588
v -27.198111 2.946983 127.786209
v -26.943436 3.185466 127.983383
v -27.462555 3.371727 127.581459
v -26.942312 3.247120 127.984253
v -27.422050 3.419251 127.612823
v -27.069662 3.451666 127.885658
v -27.371662 3.456841 127.651833
v -27.020672 3.412374 127.923584
v -27.491142 3.316651 127.559326
v -27.267965 2.948064 127.745132
v -26.964964 3.125597 127.979729
v -27.142197 2.959633 127.842514
v -26.949728 3.185465 127.991531
v -27.468859 3.371731 127.589592
v -26.948605 3.247121 127.992393
v -27.428356 3.419256 127.620956
v -27.075958 3.451672 127.893799
v -27.320217 3.482616 127.704681
v -27.026968 3.412380 127.931725
v -27.497446 3.316654 127.567459
v -26.961653 3.307474 127.982292
v -27.512684 3.256786 127.555664
v -27.132732 3.479404 127.849838
v -27.491438 3.072879 127.588043
v -27.500759 3.134778 127.564896
v -27.194448 3.494184 127.802063
v -27.531075 3.258705 127.557343
v -27.258005 3.495273 127.752853
v -27.200974 3.499464 127.813644
v -27.386454 2.990578 127.653397
v -27.391405 3.464951 127.665657
v -27.435444 3.029872 127.615463
v -26.993551 3.070519 127.957596
v -27.474194 3.078755 127.585464
v -27.034056 3.022994 127.926239
v -27.329678 2.962846 127.697357
v -27.084446 2.985403 127.887222
v -26.870960 3.159054 128.253845
v -27.586084 2.827773 127.699356
v -27.470621 3.200812 127.564522
v -27.390368 2.738429 127.850929
v -27.004465 2.856308 128.150360
v -27.354494 3.537195 127.861366
v -27.557764 3.562650 127.716225
v -27.661633 2.908338 127.640785
v -27.260452 3.540293 127.934914
v -26.945538 3.481435 128.195358
v -27.770031 3.285141 127.557190
v -27.165916 3.556408 128.014236
v -27.751364 3.083594 127.571434
v -27.714262 2.993752 127.600029
v -27.080206 3.561582 128.086578
v -27.746309 3.390810 127.575417
v -26.898251 3.391949 128.232498
v -27.701559 3.474463 127.609573
v -26.871519 3.272678 128.253372
v -27.456263 3.553880 127.788307
v -27.005571 3.536506 128.147583
v -27.285601 2.733950 127.932098
v -27.088608 2.792656 128.084976
v -27.637888 3.535172 127.657570
v -26.892372 3.057163 128.237259
v -27.183224 2.753946 128.011490
v -26.937099 2.950964 128.202606
v -27.492081 2.767738 127.772179
v -27.433525 3.342132 127.593246
v -26.968840 3.241439 127.953026
v -27.301281 3.439445 127.695633
v -27.034779 3.376937 127.901970
v -27.195129 2.991261 127.777824
v -27.085836 3.026061 127.862442
v -27.398468 3.382930 127.620384
v -26.982046 3.145600 127.942795
v -27.138178 3.002806 127.821915
v -27.005934 3.100118 127.924301
v -27.309904 3.005723 127.688957
v -26.969732 3.193235 127.952332
v -27.361246 3.030688 127.649208
v -27.253471 2.992257 127.732651
v -27.040993 3.059320 127.897163
v -27.244331 3.450990 127.739723
v -27.353622 3.416189 127.655106
v -27.404682 3.065313 127.615578
v -27.185987 3.449994 127.784897
v -27.001411 3.335212 127.927803
v -27.469728 3.249016 127.565216
v -27.129557 3.436528 127.828590
v -27.460117 3.153008 127.572655
v -27.438047 3.107039 127.589745
v -27.078215 3.411563 127.868340
v -27.457413 3.296651 127.574753
v -26.979342 3.289244 127.944893
v -27.002266 3.303001 128.023880
v -27.526699 3.310624 127.617348
v -27.201794 3.451852 127.817436
v -27.177691 2.970118 127.887192
v -27.409187 3.437464 127.703171
v -27.163198 3.454252 127.889122
v -27.541140 3.254526 127.606400
v -27.027599 3.355317 128.003647
v -27.214844 3.460841 127.838791
v -27.467363 3.041128 127.662689
v -27.529619 3.141192 127.614983
v -27.287897 3.461598 127.781578
v -27.071281 3.031643 127.970177
v -27.302610 2.959025 127.790253
v -27.771696 3.177379 127.555855
v -27.419754 3.001975 127.699532
v -26.990667 3.187685 128.033142
v -27.363794 2.973917 127.742874
v -27.032068 3.078232 128.000748
v -27.504351 3.088369 127.634216
v -27.004866 3.131403 128.022003
v -27.459539 3.405314 127.667366
v -27.120653 2.995099 127.931641
v -27.239447 2.957745 127.839218
v -27.064257 3.399616 127.973907
v -27.349705 3.456414 127.743668
v -26.989735 3.245698 128.033859
v -27.499178 3.361843 127.638031
v -27.006939 3.335314 127.935135
v -27.475473 3.249044 127.572388
v -27.135048 3.436613 127.835754
v -27.143764 3.002651 127.829185
v -27.476368 3.200791 127.571693
v -27.191389 3.450054 127.792229
v -27.306829 3.439525 127.702736
v -27.250065 3.451052 127.746788
v -26.984856 3.289313 127.952248
v -27.366907 3.030547 127.656418
v -27.465849 3.152942 127.579826
v -27.410364 3.065189 127.622772
v -27.011467 3.100006 127.931641
v -27.443754 3.106940 127.596924
v -27.046545 3.059185 127.904480
v -27.315546 3.005571 127.696182
v -27.091406 3.025912 127.869736
v -27.259094 2.992100 127.739891
v -26.987564 3.145523 127.950157
v -27.200733 2.991103 127.785080
v -26.975239 3.193205 127.959702
v -27.439226 3.342235 127.600426
v -26.974346 3.241461 127.960396
v -27.404129 3.383045 127.627571
v -27.083742 3.411673 127.875572
v -27.359230 3.416295 127.662262
v -27.040314 3.377054 127.909264
v -27.463142 3.296724 127.581924
v -27.275665 2.988285 127.760742
v -27.001554 3.143666 127.973877
v -27.159462 2.998870 127.850861
v -26.988983 3.192476 127.983749
v -27.457705 3.344748 127.619888
v -26.988070 3.241993 127.984444
v -27.421680 3.385879 127.646996
v -27.098051 3.414403 127.896355
v -27.375469 3.418932 127.681137
v -27.054754 3.379916 127.931404
v -27.482307 3.298502 127.601257
v -27.021166 3.337811 127.958199
v -27.495029 3.249750 127.591591
v -27.110352 3.433236 127.935257
v -27.216856 2.987265 127.806313
v -27.485025 3.151354 127.599091
v -27.148474 3.438765 127.855003
v -27.321777 3.441567 127.720322
v -27.271584 3.452949 127.763039
v -26.998781 3.290999 127.975960
v -27.384420 3.027104 127.676529
v -27.495926 3.200290 127.590866
v -27.428391 3.062158 127.642525
v -27.025860 3.097278 127.954887
v -27.462353 3.104509 127.616379
v -27.061392 3.055879 127.927200
v -27.332582 3.001876 127.716667
v -27.106688 3.022286 127.891914
v -27.749065 3.175462 127.505539
v -27.747252 3.287403 127.506935
v -27.722776 3.397215 127.525871
v -27.429317 3.580864 127.752724
v -27.611795 3.550032 127.611725
v -27.676861 3.484901 127.561401
v -27.252214 2.719408 127.890297
v -27.358852 2.723870 127.807732
v -27.462574 2.753805 127.727417
v -27.690313 2.985157 127.551041
v -27.636232 2.897480 127.592934
v -27.558743 2.815114 127.652946
v -27.329494 3.568500 127.829865
v -27.235994 3.571100 127.902267
v -27.137478 3.582492 127.978691
v -26.856487 3.397914 128.196640
v -26.967791 3.550874 128.110367
v -27.046421 3.581428 128.049377
v -26.828964 3.274514 128.217972
v -26.828407 3.157102 128.218414
v -26.850477 3.051907 128.201340
v -27.051712 2.779873 128.045547
v -26.965590 2.845582 128.112228
v -26.896431 2.942816 128.165771
v -27.728327 3.077929 127.521599
v -27.285263 3.631969 128.013184
v -27.985708 3.316460 127.479187
v -27.148085 2.739946 127.970924
v -27.489271 3.134784 127.550087
v -27.501196 3.256783 127.540855
v -27.485960 3.316647 127.552650
v -27.366484 3.456832 127.645149
v -27.416870 3.419244 127.606140
v -27.457373 3.371721 127.574783
v -27.130724 2.959649 127.827682
v -27.256489 2.948081 127.730316
v -27.318199 2.962861 127.682533
v -27.462708 3.078764 127.570648
v -27.423960 3.029884 127.600647
v -27.374971 2.990592 127.638580
v -27.246527 3.495259 127.738029
v -27.182972 3.494170 127.787231
v -27.121262 3.479389 127.835014
v -26.976753 3.363486 127.946899
v -27.015501 3.412367 127.916901
v -27.064487 3.451658 127.878967
v -26.937141 3.247119 127.977562
v -26.938265 3.185467 127.976700
v -26.953501 3.125604 127.964897
v -27.072977 2.985418 127.872398
v -27.022589 3.023007 127.911407
v -26.982086 3.070530 127.942764
v -27.357367 3.436510 127.646660
v -26.950190 3.307467 127.967461
v -27.308737 3.482601 127.689865
v -27.447691 3.092902 127.576729
v -27.305599 3.453562 127.756439
v -27.305283 3.452684 127.754349
v -27.302750 3.452259 127.753502
v -27.185038 3.450476 127.845551
v -27.185202 3.450882 127.848244
v -27.187067 3.451815 127.849091
v -27.520037 3.194916 127.559036
v -27.517971 3.195040 127.558571
v -27.516066 3.195110 127.557358
v -27.518881 3.257109 127.559914
v -27.516834 3.256922 127.559448
v -27.514940 3.256816 127.558228
v -27.503531 3.317508 127.571793
v -27.501549 3.317013 127.571274
v -27.499693 3.316734 127.570030
v -27.383581 3.458452 127.664940
v -27.381878 3.457529 127.664055
v -27.380169 3.456999 127.662598
v -27.434109 3.420733 127.625626
v -27.432322 3.419879 127.624916
v -27.430571 3.419395 127.623558
v -27.474785 3.372948 127.594063
v -27.472895 3.372243 127.593468
v -27.471090 3.371845 127.592178
v -27.208557 2.944842 127.800018
v -27.207695 2.946086 127.798721
v -27.206472 2.946777 127.797035
v -27.272522 2.945951 127.750504
v -27.271423 2.947183 127.749382
v -27.270067 2.947868 127.747803
v -27.334641 2.960861 127.702415
v -27.333305 2.962018 127.701477
v -27.331818 2.962661 127.699989
v -27.480213 3.077753 127.589867
v -27.478270 3.078334 127.589310
v -27.476433 3.078661 127.588043
v -27.441221 3.028508 127.620003
v -27.439417 3.029300 127.619370
v -27.437660 3.029744 127.618057
v -27.391851 2.988863 127.658165
v -27.390265 2.989861 127.657394
v -27.388634 2.990418 127.656006
v -27.263088 3.496738 127.759140
v -27.261703 3.495908 127.757507
v -27.260160 3.495415 127.755608
v -27.198952 3.495667 127.808716
v -27.197895 3.494826 127.806877
v -27.196547 3.494328 127.804855
v -27.136532 3.481005 127.856606
v -27.135876 3.480091 127.854698
v -27.134764 3.479557 127.852638
v -26.991064 3.364816 127.968529
v -26.990959 3.364050 127.966576
v -26.990160 3.363620 127.964531
v -27.030018 3.413906 127.938461
v -27.029793 3.413023 127.936554
v -27.028929 3.412523 127.934525
v -27.079294 3.453303 127.900513
v -27.078903 3.452364 127.898621
v -27.077946 3.451827 127.896591
v -26.951124 3.247389 127.999397
v -26.951212 3.247233 127.997330
v -26.950516 3.247146 127.995216
v -26.952232 3.185187 127.998535
v -26.952328 3.185349 127.996468
v -26.951637 3.185439 127.994347
v -26.967554 3.124887 127.986656
v -26.967600 3.125301 127.984627
v -26.966883 3.125531 127.982544
v -27.087849 2.983514 127.893456
v -27.087423 2.984617 127.891830
v -27.086441 2.985228 127.889969
v -27.037132 3.021380 127.932709
v -27.036898 3.022323 127.930946
v -27.036020 3.022844 127.929008
v -26.996338 3.069330 127.964333
v -26.996271 3.070024 127.962418
v -26.995489 3.070409 127.960388
v -27.506926 3.134159 127.569199
v -27.504896 3.134517 127.568703
v -27.503012 3.134719 127.567467
v -26.964308 3.308377 127.989197
v -26.964315 3.307852 127.987190
v -26.963577 3.307559 127.985107
v -27.325619 3.484189 127.710289
v -27.324047 3.483292 127.709045
v -27.322401 3.482767 127.707375
v -27.145952 2.957581 127.848488
v -27.145319 2.958778 127.847015
v -27.144222 2.959442 127.845230
v -27.964901 3.157132 127.455132
v -27.976011 3.156256 127.453522
v -27.977930 3.156276 127.455742
v -27.962450 3.315944 127.457024
v -27.973541 3.317324 127.455437
v -27.975471 3.317333 127.457649
v -27.929375 3.472315 127.482613
v -27.940071 3.475943 127.481339
v -27.942015 3.475940 127.483551
v -27.669212 3.700919 127.683731
v -27.676788 3.706580 127.684937
v -27.678774 3.706171 127.686974
v -27.779387 3.671953 127.598618
v -27.788280 3.677830 127.598778
v -27.790253 3.677650 127.600922
v -27.867323 3.590402 127.530617
v -27.877272 3.595490 127.529938
v -27.879229 3.595427 127.532127
v -27.293291 2.507322 127.975243
v -27.295898 2.497177 127.980148
v -27.297642 2.497128 127.982445
v -27.440088 2.514924 127.861580
v -27.444632 2.504927 127.864983
v -27.446424 2.504884 127.867249
v -27.582966 2.558981 127.750946
v -27.589397 2.549656 127.752899
v -27.591230 2.549623 127.755135
v -27.888298 2.897921 127.514465
v -27.898521 2.893748 127.513527
v -27.900412 2.893809 127.515739
v -27.819916 2.774089 127.567436
v -27.829430 2.768183 127.567032
v -27.831314 2.768222 127.569244
v -27.715853 2.651581 127.648041
v -27.724064 2.643753 127.648628
v -27.725929 2.643752 127.650841
v -27.392729 3.636741 127.897232
v -27.396555 3.639847 127.901390
v -27.398155 3.638783 127.903297
v -27.271257 3.642790 127.991295
v -27.273569 3.646082 127.996628
v -27.274929 3.645059 127.998756
v -27.138388 3.678605 128.094437
v -27.138933 3.683164 128.101120
v -27.140257 3.682442 128.103470
v -26.824537 3.610739 128.338043
v -26.821245 3.616483 128.347595
v -26.822863 3.616464 128.350052
v -26.909124 3.679983 128.272461
v -26.906858 3.686197 128.281235
v -26.908426 3.686046 128.283691
v -27.015369 3.702404 128.190002
v -27.014389 3.708217 128.197815
v -27.015848 3.707836 128.200272
v -26.713970 3.300046 128.423737
v -26.709061 3.301273 128.434494
v -26.710684 3.301278 128.436951
v -26.711851 3.130668 128.425400
v -26.706877 3.129402 128.436203
v -26.708500 3.129394 128.438644
v -26.740294 2.983230 128.403397
v -26.735630 2.979948 128.413940
v -26.737253 2.979943 128.416382
v -27.017721 2.588329 128.188614
v -27.016714 2.579176 128.196320
v -27.018368 2.579122 128.198700
v -26.898300 2.680244 128.281082
v -26.895700 2.672342 128.290024
v -26.897341 2.672276 128.292419
v -26.802433 2.823802 128.355301
v -26.798553 2.818111 128.365234
v -26.800184 2.818072 128.367645
v -27.936989 3.024945 127.476753
v -27.947742 3.022414 127.475410
v -27.949644 3.022471 127.477623
v -26.754978 3.482214 128.391953
v -26.750710 3.486274 128.402237
v -26.752337 3.486303 128.404694
v -27.527651 3.672457 127.793022
v -27.533278 3.676776 127.795769
v -27.535141 3.675998 127.797661
v -27.150095 2.535206 128.086121
v -27.150816 2.525418 128.092484
v -27.152508 2.525372 128.094818
v -27.501299 3.195161 127.539009
v -27.499687 3.195264 127.538109
v -27.497543 3.195536 127.538483
v -27.500177 3.256743 127.539879
v -27.498569 3.256603 127.538971
v -27.496437 3.256230 127.539337
v -27.484957 3.316543 127.551659
v -27.483404 3.316183 127.550713
v -27.481413 3.315224 127.550972
v -27.365562 3.456623 127.644096
v -27.364292 3.455894 127.642937
v -27.363056 3.453951 127.642609
v -27.415922 3.419056 127.605110
v -27.414553 3.418405 127.604027
v -27.413050 3.416667 127.603905
v -27.456396 3.371568 127.573776
v -27.454927 3.371036 127.572762
v -27.453163 3.369618 127.572845
v -27.192091 2.947219 127.778412
v -27.191092 2.948012 127.777039
v -27.190575 2.950128 127.776154
v -27.255619 2.948308 127.729225
v -27.254526 2.949099 127.727921
v -27.253759 2.951210 127.727234
v -27.317303 2.963082 127.681465
v -27.316114 2.963850 127.680237
v -27.315096 2.965899 127.679741
v -27.461725 3.078911 127.569649
v -27.460243 3.079419 127.568649
v -27.458439 3.080774 127.568764
v -27.423006 3.030066 127.599625
v -27.421621 3.030703 127.598549
v -27.420076 3.032398 127.598465
v -27.374046 2.990799 127.637535
v -27.372761 2.991518 127.636383
v -27.371483 2.993436 127.636086
v -27.245661 3.495031 127.736931
v -27.244581 3.494238 127.735619
v -27.243856 3.492122 127.734901
v -27.182133 3.493943 127.786118
v -27.181149 3.493151 127.784737
v -27.180672 3.491040 127.783821
v -27.120451 3.479169 127.833878
v -27.119560 3.478401 127.832420
v -27.119335 3.476352 127.831306
v -26.976027 3.363340 127.945694
v -26.975431 3.362831 127.944008
v -26.975992 3.361477 127.942291
v -27.014746 3.412184 127.915718
v -27.014053 3.411548 127.914108
v -27.014355 3.409852 127.912590
v -27.063705 3.451451 127.877808
v -27.062912 3.450732 127.876282
v -27.062948 3.448815 127.874969
v -26.936453 3.247090 127.976334
v -26.935987 3.246987 127.974548
v -26.936888 3.246714 127.972565
v -26.937574 3.185508 127.975464
v -26.937103 3.185648 127.973686
v -26.937994 3.186021 127.971710
v -26.952795 3.125707 127.963684
v -26.952271 3.126068 127.961945
v -26.953018 3.127027 127.960075
v -27.072189 2.985628 127.871239
v -27.071381 2.986356 127.869720
v -27.071375 2.988300 127.868446
v -27.021830 3.023194 127.910233
v -27.021122 3.023846 127.908638
v -27.021381 3.025584 127.907150
v -26.981356 3.070683 127.941566
v -26.980745 3.071215 127.939896
v -26.981268 3.072632 127.938210
v -27.488266 3.134878 127.549095
v -27.486700 3.135206 127.548164
v -27.484680 3.136081 127.548447
v -26.949488 3.307373 127.966240
v -26.948975 3.307044 127.964493
v -26.949751 3.306170 127.962608
v -27.307844 3.482379 127.688789
v -27.306671 3.481606 127.687553
v -27.305693 3.479543 127.687027
v -27.129908 2.959871 127.826553
v -27.129004 2.960644 127.825111
v -27.128738 2.962708 127.824028
v -27.511566 3.199742 127.604393
v -27.514282 3.199597 127.606079
v -27.517059 3.199375 127.606834
v -27.510666 3.250523 127.605148
v -27.513378 3.250734 127.606834
v -27.516148 3.251059 127.607597
v -27.497526 3.300450 127.614960
v -27.500156 3.300979 127.616714
v -27.502815 3.301796 127.617569
v -27.387661 3.421855 127.694511
v -27.389915 3.422731 127.696556
v -27.392126 3.424062 127.697960
v -27.435209 3.388996 127.660881
v -27.437580 3.389870 127.662834
v -27.439903 3.391207 127.664040
v -27.472200 3.347504 127.633759
v -27.474705 3.348258 127.635612
v -27.477194 3.349418 127.636635
v -27.228758 2.983048 127.822128
v -27.230511 2.981876 127.824532
v -27.231821 2.980023 127.826439
v -27.288063 2.984094 127.776146
v -27.289967 2.982926 127.778427
v -27.291519 2.981082 127.780151
v -27.345491 2.997816 127.731674
v -27.347544 2.996686 127.733849
v -27.349335 2.994904 127.735382
v -27.476973 3.101842 127.630241
v -27.479481 3.101109 127.632080
v -27.481968 3.099971 127.633095
v -27.442389 3.058830 127.656715
v -27.444746 3.057908 127.658669
v -27.447012 3.056467 127.659851
v -27.397858 3.023322 127.691124
v -27.400061 3.022271 127.693184
v -27.402092 3.020620 127.694550
v -27.156979 3.441092 127.869194
v -27.158432 3.441881 127.871803
v -27.159460 3.443080 127.874168
v -27.030968 3.340544 127.976013
v -27.032095 3.341278 127.978920
v -27.032393 3.342407 127.981606
v -27.064819 3.383058 127.948265
v -27.066082 3.383921 127.951065
v -27.066603 3.385237 127.953636
v -27.108034 3.417420 127.911835
v -27.109425 3.418299 127.914543
v -27.110167 3.419627 127.917046
v -26.997301 3.242575 128.003281
v -26.998228 3.242728 128.006348
v -26.998209 3.242962 128.009216
v -26.998238 3.191678 128.002579
v -26.999170 3.191466 128.005630
v -26.999157 3.191137 128.008499
v -27.011080 3.141636 127.992371
v -27.012094 3.141097 127.995354
v -27.012209 3.140260 127.998123
v -27.117645 3.018311 127.908760
v -27.119091 3.017226 127.911392
v -27.119892 3.015518 127.913666
v -27.071867 3.052260 127.944626
v -27.073160 3.051282 127.947380
v -27.073713 3.049746 127.949829
v -27.035831 3.094294 127.972870
v -27.036976 3.093494 127.975746
v -27.037294 3.092244 127.978371
v -27.500261 3.149615 127.612724
v -27.502901 3.149145 127.614471
v -27.505573 3.148422 127.615318
v -27.008238 3.292844 127.994438
v -27.009239 3.293335 127.997437
v -27.009338 3.294094 128.000244
v -27.333048 3.443798 127.731880
v -27.335182 3.444571 127.733971
v -27.337181 3.445748 127.735626
v -27.170887 2.994720 127.867157
v -27.172489 2.993574 127.869667
v -27.173546 2.991768 127.871765
v -27.997828 3.157863 127.498978
v -27.998123 3.158020 127.501572
v -27.987839 3.158962 127.504990
v -27.995495 3.315528 127.500832
v -27.995792 3.315318 127.503426
v -27.985531 3.313857 127.506821
v -27.962652 3.470703 127.526146
v -27.963005 3.470119 127.528687
v -27.953167 3.466266 127.531746
v -27.702919 3.688909 127.722710
v -27.703613 3.687398 127.724655
v -27.697018 3.681013 127.724937
v -27.813097 3.665241 127.640396
v -27.813669 3.664035 127.642647
v -27.805721 3.657632 127.644142
v -27.900833 3.586797 127.573593
v -27.901281 3.585895 127.576027
v -27.892231 3.580437 127.578445
v -27.326477 2.509220 128.018631
v -27.327942 2.510615 128.020355
v -27.326538 2.521266 128.016953
v -27.473654 2.516976 127.904633
v -27.474890 2.518366 127.906525
v -27.471483 2.528870 127.904671
v -27.616709 2.561099 127.793884
v -27.617712 2.562410 127.795959
v -27.612349 2.572221 127.795624
v -27.921291 2.900674 127.557999
v -27.921721 2.901378 127.560486
v -27.912371 2.905852 127.563179
v -27.853315 2.776893 127.610641
v -27.853878 2.777820 127.613037
v -27.845291 2.784106 127.615158
v -27.749535 2.654013 127.691040
v -27.750296 2.655158 127.693298
v -27.743078 2.663429 127.694374
v -27.420061 3.611949 127.930206
v -27.420891 3.610049 127.931290
v -27.417959 3.605855 127.928284
v -27.295479 3.618639 128.027328
v -27.296404 3.616744 128.028366
v -27.294992 3.612379 128.024200
v -27.163877 3.660116 128.134857
v -27.165176 3.658368 128.135971
v -27.165663 3.652895 128.130554
v -26.857307 3.608045 128.381897
v -26.859535 3.607123 128.382996
v -26.864275 3.601026 128.374771
v -26.940754 3.673953 128.316162
v -26.942793 3.672754 128.317307
v -26.946417 3.666032 128.309875
v -27.044567 3.691033 128.232910
v -27.046303 3.689546 128.234085
v -27.048500 3.683033 128.227600
v -26.747114 3.299745 128.467819
v -26.749554 3.299568 128.468811
v -26.755987 3.298277 128.459320
v -26.744955 3.130901 128.469513
v -26.747393 3.131077 128.470505
v -26.753891 3.132412 128.460999
v -26.773216 2.984063 128.447632
v -26.775599 2.984528 128.448669
v -26.781761 2.987994 128.439423
v -27.050152 2.589701 128.232895
v -27.052034 2.590934 128.234314
v -27.054367 2.600532 128.228043
v -26.930841 2.680998 128.325485
v -26.932932 2.682036 128.326767
v -26.936926 2.690313 128.319214
v -26.835190 2.824558 128.399628
v -26.837456 2.825321 128.400772
v -26.842794 2.831296 128.392166
v -27.969845 3.027053 127.520500
v -27.970188 3.027506 127.523056
v -27.960276 3.030235 127.526184
v -26.788086 3.481313 128.435944
v -26.790449 3.480727 128.436966
v -26.796219 3.476457 128.427994
v -27.559278 3.652979 127.827759
v -27.560085 3.651212 127.829201
v -27.555420 3.645948 127.827744
v -27.182808 2.537015 128.129974
v -27.184488 2.538358 128.131531
v -27.185030 2.548634 128.126633
v -27.470367 3.200407 127.559525
v -27.469465 3.200680 127.561508
v -27.469933 3.200783 127.563293
v -27.469458 3.249570 127.560226
v -27.468567 3.249197 127.562202
v -27.469038 3.249056 127.563988
v -27.456932 3.298075 127.569931
v -27.456182 3.297115 127.571793
v -27.456707 3.296755 127.573532
v -27.352020 3.419070 127.651154
v -27.352028 3.417127 127.652435
v -27.352837 3.416399 127.653954
v -27.397259 3.385507 127.616127
v -27.396999 3.383769 127.617615
v -27.397709 3.383117 127.619209
v -27.432707 3.344235 127.588684
v -27.432186 3.342818 127.590370
v -27.432795 3.342285 127.592049
v -27.192459 2.988125 127.774696
v -27.193186 2.990240 127.775414
v -27.194263 2.991033 127.776726
v -27.251171 2.989127 127.729233
v -27.251648 2.991238 127.730148
v -27.252634 2.992029 127.731537
v -27.307978 3.002686 127.685257
v -27.308203 3.004734 127.686363
v -27.309093 3.005502 127.687820
v -27.437286 3.105030 127.585136
v -27.436726 3.106384 127.586853
v -27.437321 3.106893 127.588539
v -27.403536 3.062799 127.611267
v -27.403234 3.064495 127.612785
v -27.403927 3.065131 127.614395
v -27.359705 3.027845 127.645203
v -27.359671 3.029763 127.646515
v -27.360462 3.030481 127.648048
v -27.241972 3.454125 127.736359
v -27.242489 3.452010 127.737244
v -27.243488 3.451217 127.738617
v -27.183260 3.453123 127.781815
v -27.184025 3.451012 127.782509
v -27.185118 3.450221 127.783806
v -27.126453 3.439565 127.825798
v -27.127472 3.437516 127.826294
v -27.128658 3.436749 127.827522
v -26.997145 3.337221 127.925911
v -26.998947 3.335866 127.925804
v -27.000431 3.335358 127.926804
v -27.030895 3.379452 127.899780
v -27.032440 3.377756 127.899872
v -27.033825 3.377120 127.900948
v -27.074726 3.414405 127.865845
v -27.076004 3.412488 127.866142
v -27.077290 3.411769 127.867294
v -26.964064 3.241844 127.951530
v -26.966208 3.241571 127.951149
v -26.967821 3.241469 127.952049
v -26.964973 3.192681 127.950821
v -26.967106 3.193054 127.950455
v -26.968714 3.193195 127.951355
v -26.977499 3.144176 127.941124
v -26.979490 3.145136 127.940865
v -26.981045 3.145496 127.941811
v -27.082411 3.023180 127.859901
v -27.083647 3.025123 127.860222
v -27.084917 3.025852 127.861389
v -27.037172 3.056744 127.894920
v -27.038673 3.058481 127.895042
v -27.040043 3.059133 127.896133
v -27.001724 3.098016 127.922371
v -27.003489 3.099433 127.922287
v -27.004957 3.099965 127.923294
v -27.459681 3.151710 127.567802
v -27.458902 3.152585 127.569687
v -27.459415 3.152913 127.571434
v -26.974751 3.290541 127.943253
v -26.976770 3.289666 127.942970
v -26.978336 3.289338 127.943909
v -27.299295 3.442502 127.691978
v -27.299561 3.440440 127.693054
v -27.300467 3.439667 127.694504
v -27.135136 2.999748 127.819077
v -27.136114 3.001811 127.819603
v -27.137287 3.002584 127.820839
v -27.532257 3.193893 127.556435
v -26.828579 2.698908 128.030807
v -26.788946 2.682508 128.116165
v -26.842966 2.697684 128.060349
v -26.835371 2.694835 128.076019
v -26.644808 2.644650 128.227768
v -26.551731 2.627791 128.245255
v -26.594076 2.632121 128.262863
v -26.576813 2.629093 128.266495
v -26.676373 2.682508 127.970772
v -26.768938 2.698908 127.953781
v -26.726871 2.694835 127.935883
v -26.743946 2.697684 127.932449
v -26.491997 2.627791 128.168106
v -26.532230 2.644650 128.082367
v -26.477707 2.629093 128.138504
v -26.485548 2.632121 128.122696
v -26.577126 2.351975 128.095276
v -26.606186 2.408110 128.014740
v -26.560131 2.356203 128.064301
v -26.565571 2.366038 128.050369
v -26.735617 2.536514 127.914536
v -26.818960 2.590415 127.908112
v -26.779436 2.577601 127.884804
v -26.793560 2.586563 127.883644
v -26.728802 2.408109 128.173111
v -26.643560 2.351975 128.181076
v -26.684139 2.366038 128.203506
v -26.669281 2.356203 128.205276
v -26.885317 2.590415 127.993820
v -26.858231 2.536513 128.072891
v -26.902641 2.586562 128.024536
v -26.897982 2.577600 128.037918
v -26.975990 2.410827 127.985268
v -26.987347 2.487281 127.917213
v -27.004595 2.469354 127.958931
v -27.006451 2.481891 127.947731
v -26.809570 2.147644 128.054916
v -26.879848 2.227024 128.059708
v -26.834593 2.153525 128.080841
v -26.846495 2.167207 128.081360
v -26.918678 2.487281 127.828522
v -26.849943 2.410828 127.822472
v -26.893915 2.481891 127.802383
v -26.882610 2.469355 127.801376
v -26.753798 2.227025 127.896904
v -26.740841 2.147644 127.966148
v -26.724491 2.167207 127.923775
v -26.722004 2.153525 127.935425
v -26.789682 3.170429 127.931213
v -26.784409 3.217276 127.973824
v -26.775881 3.200932 127.946083
v -26.774931 3.212362 127.956558
v -26.874626 3.043283 127.904091
v -26.830305 3.094153 127.899765
v -26.859989 3.048873 127.890800
v -26.848919 3.061876 127.889565
v -26.813044 3.217276 128.010803
v -26.855623 3.170431 128.016373
v -26.827391 3.212363 128.024307
v -26.837769 3.200933 128.026016
v -26.896240 3.094157 127.984924
v -26.903149 3.043283 127.940933
v -26.910772 3.061878 127.969460
v -26.912350 3.048874 127.958427
v -26.837845 2.955360 128.002060
v -26.811892 2.987718 128.066101
v -26.847765 2.958620 128.024292
v -26.841909 2.966202 128.038635
v -26.726578 3.043052 128.132156
v -26.659595 3.073927 128.140182
v -26.693134 3.063914 128.153854
v -26.678383 3.070917 128.155548
v -26.730602 2.987716 127.961098
v -26.799088 2.955360 127.952003
v -26.764700 2.966201 127.938911
v -26.780052 2.958620 127.936836
v -26.620724 3.073927 128.089981
v -26.645283 3.043051 128.027145
v -26.610567 3.070917 128.067947
v -26.615891 3.063914 128.054092
v -26.511332 2.857089 128.162842
v -26.549274 2.851000 128.083725
v -26.499414 2.856500 128.136246
v -26.507309 2.855129 128.120407
v -26.674402 2.839993 127.986847
v -26.760870 2.833697 127.969749
v -26.720573 2.835773 127.955315
v -26.738052 2.834321 127.951584
v -26.647762 2.851000 128.210938
v -26.561668 2.857089 128.227859
v -26.601748 2.855129 128.242371
v -26.584427 2.856500 128.246048
v -26.811100 2.833697 128.034622
v -26.772886 2.839993 128.114059
v -26.822968 2.834321 128.061264
v -26.814980 2.835773 128.077255
v -26.918261 2.044711 127.828499
v -26.915905 2.133747 127.770981
v -26.898197 2.051210 127.798592
v -26.897984 2.066329 127.789040
v -27.191469 2.411674 127.759476
v -27.212591 2.321035 127.802498
v -27.212940 2.405461 127.788292
v -27.216429 2.391010 127.795341
v -26.977468 2.342139 127.723320
v -27.031681 2.428133 127.740738
v -26.999043 2.408215 127.710808
v -27.007902 2.422145 127.713699
v -27.194061 2.099129 127.816849
v -27.157448 2.005163 127.785851
v -27.186056 2.027688 127.818863
v -27.180017 2.011935 127.813820
v -27.042355 2.133746 127.934303
v -26.987261 2.044711 127.917618
v -27.020388 2.066329 127.947136
v -27.011189 2.051210 127.944534
v -27.086143 2.321037 127.639175
v -27.122507 2.411674 127.670403
v -27.094036 2.391011 127.637260
v -27.099981 2.405462 127.642395
v -27.100634 2.428133 127.829788
v -27.103916 2.342138 127.886642
v -27.120852 2.422144 127.859581
v -27.121431 2.408215 127.868889
v -27.088448 2.005162 127.696732
v -27.067612 2.099130 127.653526
v -27.067024 2.011935 127.667877
v -27.063652 2.027688 127.660767
v -27.280060 3.134044 127.635406
v -27.311035 3.184244 127.642990
v -27.256617 3.147487 127.654114
v -27.294010 3.140175 127.642128
v -27.271967 3.150950 127.657990
v -27.303171 3.154919 127.644638
v -27.284039 3.189588 127.658310
v -27.279041 3.161859 127.659279
v -27.295628 3.290199 127.623550
v -27.316708 3.241713 127.638512
v -27.308773 3.283441 127.630890
v -27.269283 3.286989 127.644470
v -27.284113 3.281813 127.648727
v -27.288944 3.244491 127.654457
v -27.314995 3.269778 127.635498
v -27.289141 3.271220 127.651466
v -27.365976 3.169118 127.605537
v -27.339762 3.115636 127.592133
v -27.358694 3.137737 127.606827
v -27.351021 3.122269 127.602806
v -27.363825 3.281005 127.573776
v -27.375175 3.232114 127.598404
v -27.373379 3.274977 127.585739
v -27.376804 3.261388 127.592873
v -27.252588 3.136878 127.625183
v -27.228176 3.190987 127.613136
v -27.237885 3.144951 127.619080
v -27.226746 3.150542 127.646851
v -27.211319 3.156530 127.641914
v -27.202471 3.196824 127.638519
v -27.230333 3.160755 127.615593
v -27.204653 3.168492 127.639816
v -27.267553 3.292013 127.613419
v -27.233709 3.247624 127.608887
v -27.238981 3.289299 127.637299
v -27.251652 3.287137 127.608253
v -27.222776 3.286477 127.632942
v -27.241453 3.274655 127.606956
v -27.207272 3.250982 127.634819
v -27.214264 3.276935 127.632347
v -27.319168 3.116218 127.570541
v -27.307734 3.170487 127.545952
v -27.309399 3.123228 127.558792
v -27.305906 3.138908 127.551636
v -27.316895 3.233315 127.538857
v -27.342880 3.281362 127.551918
v -27.323795 3.262365 127.537712
v -27.331339 3.275705 127.541565
v -27.437490 3.139958 127.557777
v -27.406189 3.086252 127.545845
v -27.426962 3.107384 127.561661
v -27.418421 3.092605 127.558334
v -27.451445 3.259080 127.511124
v -27.456177 3.210181 127.543327
v -27.460648 3.253535 127.525917
v -27.462093 3.240635 127.534554
v -27.383091 3.086251 127.516014
v -27.379381 3.139950 127.482735
v -27.374069 3.092603 127.501053
v -27.372990 3.107378 127.491951
v -27.398058 3.210181 127.468262
v -27.428045 3.259080 127.480904
v -27.408033 3.240636 127.464729
v -27.416027 3.253535 127.468285
v -27.513807 3.087989 127.508179
v -27.467970 3.039043 127.504295
v -27.494368 3.056766 127.518944
v -27.482960 3.044371 127.517807
v -27.563095 3.208492 127.431007
v -27.556589 3.162593 127.475067
v -27.572639 3.203676 127.448700
v -27.571316 3.192472 127.459473
v -27.438793 3.039043 127.466606
v -27.446516 3.087984 127.421272
v -27.429464 3.044370 127.448715
v -27.431225 3.056762 127.437393
v -27.489286 3.162592 127.388138
v -27.533573 3.208492 127.392876
v -27.508072 3.192473 127.377785
v -27.518835 3.203676 127.379204
v -27.589499 3.005221 127.463959
v -27.520117 2.976872 127.472343
v -27.555649 2.983996 127.485313
v -27.539646 2.978443 127.487038
v -27.696184 3.098297 127.337624
v -27.673092 3.065160 127.399361
v -27.706524 3.095107 127.359535
v -27.701612 3.087688 127.373085
v -27.482788 2.976872 127.424126
v -27.508284 3.005219 127.359062
v -27.473454 2.978443 127.401543
v -27.479132 2.983995 127.386482
v -27.591757 3.065159 127.294312
v -27.657305 3.098297 127.287407
v -27.624336 3.087688 127.273277
v -27.638685 3.095107 127.271912
v -27.568979 2.839383 127.452477
v -27.545994 2.934868 127.459663
v -27.640892 2.890847 127.443550
v -27.564539 2.881077 127.452423
v -27.592737 2.848456 127.471458
v -27.586609 2.886198 127.471237
v -27.572056 2.927594 127.474533
v -27.557211 2.907889 127.454857
v -27.581291 2.903701 127.472107
v -27.608885 2.860252 127.467545
v -27.594376 2.918797 127.470016
v -27.595751 2.895343 127.470695
v -27.814205 2.907810 127.259125
v -27.775372 2.901233 127.339470
v -27.826239 2.907197 127.286148
v -27.818020 2.905768 127.302261
v -27.514261 2.839383 127.381805
v -27.540905 2.890847 127.314423
v -27.501543 2.934869 127.402252
v -27.501835 2.848457 127.354050
v -27.513203 2.881077 127.386116
v -27.500515 2.886198 127.360039
v -27.503637 2.918799 127.352821
v -27.509663 2.860253 127.339401
v -27.503323 2.895345 127.351326
v -27.509003 2.907889 127.392593
v -27.493670 2.927596 127.373299
v -27.498335 2.903702 127.364967
v -27.675352 2.901233 127.210289
v -27.762863 2.907810 127.192810
v -27.722057 2.905768 127.178314
v -27.739710 2.907197 127.174393
v -27.662867 2.743325 127.438828
v -27.567595 2.740860 127.458504
v -27.610622 2.744397 127.475174
v -27.592859 2.742567 127.479355
v -27.854183 2.730237 127.236336
v -27.811058 2.734387 127.324081
v -27.868044 2.730558 127.266029
v -27.859482 2.731303 127.282402
v -27.508080 2.740860 127.381638
v -27.550982 2.743325 127.294327
v -27.494215 2.742568 127.351952
v -27.502710 2.744397 127.335800
v -27.699190 2.734387 127.179596
v -27.794933 2.730237 127.159813
v -27.751667 2.731303 127.143150
v -27.769659 2.730557 127.138962
v -27.641344 2.623961 127.463196
v -27.546726 2.650980 127.479515
v -27.589260 2.644329 127.499329
v -27.572651 2.648980 127.502441
v -27.834379 2.533492 127.256828
v -27.793707 2.561192 127.345230
v -27.849884 2.535606 127.287819
v -27.842251 2.540524 127.303467
v -27.482512 2.650980 127.396576
v -27.522003 2.623962 127.309059
v -27.466808 2.648980 127.365738
v -27.473978 2.644329 127.350433
v -27.674366 2.561192 127.191093
v -27.770138 2.533492 127.173851
v -27.726961 2.540524 127.154556
v -27.744019 2.535606 127.151085
v -27.589180 2.518711 127.509689
v -27.503014 2.573600 127.517441
v -27.543236 2.560668 127.541077
v -27.528933 2.569712 127.542404
v -27.757412 2.330296 127.320496
v -27.726349 2.387185 127.403488
v -27.774757 2.334520 127.352097
v -27.769110 2.344346 127.366203
v -27.434851 2.573600 127.429398
v -27.463926 2.518712 127.347916
v -27.417171 2.569712 127.398056
v -27.422039 2.560668 127.384537
v -27.601095 2.387185 127.241714
v -27.689220 2.330296 127.232422
v -27.647903 2.344346 127.209656
v -27.662971 2.334520 127.207718
v -27.503527 2.419511 127.577240
v -27.428516 2.490496 127.575943
v -27.466017 2.473979 127.602097
v -27.453756 2.485530 127.601845
v -27.634336 2.174553 127.416618
v -27.615173 2.248008 127.490807
v -27.652819 2.179934 127.447754
v -27.649347 2.192451 127.460167
v -27.359549 2.490496 127.486870
v -27.377077 2.419512 127.413925
v -27.340794 2.485531 127.455948
v -27.343622 2.473980 127.444016
v -27.488724 2.248008 127.327484
v -27.565342 2.174553 127.327507
v -27.526945 2.192451 127.302071
v -27.539829 2.179934 127.301819
v -27.410208 2.358118 127.649498
v -27.351641 2.441040 127.635468
v -27.385212 2.422050 127.664658
v -27.375702 2.435331 127.662285
v -27.482830 2.155697 127.593269
v -27.484985 2.069801 127.532257
v -27.504240 2.090455 127.572517
v -27.504742 2.076010 127.562401
v -27.282671 2.441040 127.546387
v -27.283758 2.358119 127.486176
v -27.262735 2.435331 127.516380
v -27.262817 2.422050 127.506577
v -27.415985 2.069801 127.443138
v -27.356380 2.155697 127.429947
v -27.391750 2.076010 127.416466
v -27.381836 2.090455 127.414421
v -27.250574 2.013567 127.571205
v -27.210972 2.106834 127.542534
v -27.227797 2.020262 127.543404
v -27.221272 2.035837 127.538734
v -27.185240 2.327672 127.562454
v -27.203489 2.417572 127.607697
v -27.179161 2.397184 127.571350
v -27.182207 2.411442 127.578728
v -27.319574 2.013567 127.660332
v -27.337421 2.106833 127.705849
v -27.340790 2.020263 127.689346
v -27.343676 2.035838 127.696831
v -27.272457 2.417572 127.696777
v -27.311687 2.327671 127.725777
v -27.295172 2.411442 127.724632
v -27.301556 2.397183 127.729431
v -26.939945 3.225407 127.826233
v -26.944592 3.273985 127.857307
v -26.935307 3.255547 127.834000
v -26.936750 3.268502 127.842598
v -26.981211 3.101863 127.829063
v -26.954916 3.156710 127.814651
v -26.970875 3.108558 127.816269
v -26.963612 3.123930 127.812119
v -26.963942 3.273780 127.886314
v -26.989067 3.224797 127.901688
v -26.974089 3.268069 127.899315
v -26.980885 3.254989 127.903824
v -27.004032 3.156103 127.890099
v -27.000471 3.101660 127.857933
v -27.009163 3.123376 127.881897
v -27.008133 3.108127 127.872864
v -27.122759 3.300313 127.725037
v -27.126348 3.256377 127.690956
v -27.121595 3.295284 127.708328
v -27.122608 3.282376 127.697968
v -27.134693 3.204749 127.684494
v -27.146677 3.152392 127.706612
v -27.139839 3.175784 127.684654
v -27.143505 3.159788 127.691444
v -27.137642 3.252705 127.777603
v -27.126532 3.299085 127.753983
v -27.132908 3.279025 127.776993
v -27.129585 3.292684 127.769630
v -27.150429 3.151171 127.735397
v -27.145985 3.201079 127.771141
v -27.151476 3.157195 127.752602
v -27.150133 3.172437 127.763634
v -27.288696 3.135903 127.639389
v -27.264709 3.140712 127.647339
v -27.266235 3.148375 127.656563
v -27.279465 3.145903 127.652519
v -27.281481 3.171899 127.659218
v -27.295168 3.187655 127.652817
v -27.307238 3.165782 127.644341
v -27.288124 3.159228 127.654335
v -27.298714 3.146625 127.643883
v -27.276186 3.155162 127.658768
v -27.278790 3.284797 127.647034
v -27.278511 3.290061 127.636833
v -27.304106 3.287552 127.627701
v -27.292618 3.283698 127.642494
v -27.312267 3.277457 127.633492
v -27.298761 3.271025 127.646103
v -27.287567 3.277545 127.650032
v -27.316710 3.259615 127.636940
v -27.300259 3.243590 127.648796
v -27.289646 3.261726 127.652855
v -27.235353 3.143896 127.639534
v -27.243469 3.140152 127.621574
v -27.219584 3.151457 127.634628
v -27.216946 3.153156 127.644005
v -27.233610 3.151877 127.617104
v -27.211775 3.165971 127.632065
v -27.207561 3.161309 127.640427
v -27.228313 3.172225 127.614487
v -27.209257 3.195276 127.630264
v -27.202742 3.178966 127.639404
v -27.257954 3.290529 127.610138
v -27.248592 3.292250 127.629150
v -27.228853 3.288598 127.634659
v -27.231808 3.288146 127.625031
v -27.210619 3.267813 127.633316
v -27.214212 3.250330 127.626457
v -27.237379 3.264999 127.607491
v -27.221748 3.276734 127.624321
v -27.246250 3.281770 127.607224
v -27.218307 3.282813 127.632042
v -27.584743 2.843158 127.468590
v -27.567083 2.865958 127.452065
v -27.579548 2.883180 127.467827
v -27.589828 2.874505 127.470901
v -27.561203 2.894605 127.453384
v -27.572636 2.906201 127.469109
v -27.583572 2.895017 127.471687
v -27.552511 2.920679 127.456848
v -27.561489 2.931799 127.472443
v -27.578445 2.913373 127.472733
v -27.582846 2.923142 127.473198
v -27.598291 2.903036 127.469360
v -27.588583 2.900388 127.472046
v -27.608335 2.912753 127.463692
v -27.619251 2.867924 127.461525
v -27.602901 2.886385 127.468590
v -27.600409 2.854299 127.470444
v -27.591736 2.889961 127.471527
v -27.514187 2.865958 127.383743
v -27.502607 2.843158 127.362503
v -27.501642 2.874505 127.357002
v -27.502047 2.883180 127.367729
v -27.504734 2.854300 127.346878
v -27.507154 2.886386 127.344925
v -27.501514 2.889963 127.355003
v -27.518084 2.867924 127.330872
v -27.513254 2.912755 127.340897
v -27.505249 2.903039 127.349197
v -27.497665 2.923145 127.363190
v -27.497015 2.913375 127.367561
v -27.500217 2.900391 127.357925
v -27.493048 2.931800 127.384048
v -27.505901 2.920679 127.396645
v -27.499073 2.906202 127.374092
v -27.511431 2.894605 127.389099
v -27.499315 2.895018 127.362862
v -27.003246 2.485406 127.939781
v -27.045464 2.451193 127.872459
v -27.116959 2.426050 127.852158
v -27.065140 2.445434 127.902657
v -27.006262 2.476443 127.953392
v -27.121721 2.416091 127.864426
v -27.064478 2.432037 127.912926
v -26.998877 2.455916 127.966095
v -27.118290 2.393153 127.874054
v -27.041258 2.369044 127.935097
v -27.004881 2.046971 127.938988
v -26.898985 2.085708 127.985931
v -26.827536 2.149690 128.075897
v -26.923492 2.091969 128.012375
v -27.015802 2.057780 127.946457
v -26.840382 2.159471 128.081863
v -26.934059 2.106532 128.013916
v -27.026394 2.082139 127.945206
v -26.855244 2.181365 128.077301
v -26.961868 2.170840 127.996567
v -26.725027 2.149689 127.943497
v -26.830019 2.085708 127.896858
v -26.901985 2.046971 127.806091
v -26.810551 2.091969 127.866508
v -26.722469 2.159471 127.929565
v -26.897490 2.057781 127.793648
v -26.811707 2.106532 127.855888
v -26.730602 2.181365 127.916321
v -26.901352 2.082139 127.783707
v -26.835470 2.170841 127.833313
v -27.014118 2.426050 127.719330
v -26.976553 2.451193 127.783455
v -26.900810 2.485406 127.807472
v -26.952248 2.445434 127.756851
v -27.003435 2.416091 127.711647
v -26.888384 2.476443 127.801147
v -26.942141 2.432038 127.754921
v -26.993254 2.393154 127.712555
v -26.874243 2.455917 127.805115
v -26.914862 2.369045 127.771843
v -27.119793 2.110623 127.874344
v -27.188774 2.044310 127.819489
v -27.104591 2.040775 127.881935
v -27.183258 2.018780 127.816811
v -27.096937 2.025257 127.878143
v -27.174597 2.007518 127.807587
v -27.073673 2.018586 127.850716
v -27.063730 2.044310 127.657982
v -26.993343 2.110623 127.711029
v -26.982187 2.040775 127.723846
v -27.064943 2.018780 127.663994
v -26.983944 2.025257 127.732201
v -27.071697 2.007518 127.674690
v -27.004673 2.018586 127.761597
v -27.034109 2.327117 127.679466
v -27.091381 2.375207 127.636581
v -27.049057 2.395563 127.672081
v -27.096781 2.399181 127.639366
v -27.056496 2.409838 127.676071
v -27.105379 2.409513 127.648659
v -27.079662 2.415974 127.703583
v -26.842428 3.072260 127.891846
v -26.777113 3.047123 127.933533
v -26.754185 2.972593 127.944305
v -26.803316 3.018886 127.917458
v -26.854557 3.054524 127.889465
v -26.772758 2.961914 127.936935
v -26.816626 3.008279 127.916962
v -26.865570 3.045227 127.894348
v -26.787153 2.956494 127.939865
v -26.833422 3.003719 127.931053
v -26.623396 3.057886 128.045547
v -26.715158 3.117030 127.981491
v -26.779305 3.191538 127.940704
v -26.693781 3.144078 128.002228
v -26.612265 3.067873 128.061127
v -26.774727 3.207395 127.951210
v -26.690605 3.153632 128.014420
v -26.611864 3.072880 128.075439
v -26.777134 3.215567 127.962677
v -26.700323 3.157738 128.033981
v -26.910315 3.045228 127.952141
v -26.866730 3.003719 127.974075
v -26.846609 2.956494 128.016663
v -26.876165 3.008280 127.993858
v -26.912285 3.054525 127.964027
v -26.845840 2.961915 128.031326
v -26.872351 3.018888 128.006622
v -26.906944 3.072263 127.975174
v -26.834055 2.972594 128.047470
v -26.850229 3.047126 128.027969
v -27.216419 2.375206 127.798080
v -27.160559 2.327116 127.842781
v -27.171450 2.395563 127.830162
v -27.215073 2.399181 127.792152
v -27.169449 2.409838 127.821960
v -27.208231 2.409513 127.781502
v -27.148619 2.415974 127.792648
v -26.671459 3.072880 128.152405
v -26.733744 3.157738 128.077148
v -26.822012 3.215567 128.020645
v -26.750246 3.153632 128.091461
v -26.685410 3.067873 128.155609
v -26.832518 3.207396 128.025848
v -26.762850 3.144079 128.091446
v -26.703283 3.057887 128.148727
v -26.843834 3.191539 128.024048
v -26.788280 3.117031 128.075943
v -26.804575 2.837009 128.088058
v -26.785625 2.917248 128.095444
v -26.822439 2.904425 128.062729
v -26.820118 2.834952 128.069016
v -26.829689 2.900103 128.047302
v -26.822054 2.833914 128.052704
v -26.818913 2.898244 128.022736
v -26.746107 2.833914 127.954613
v -26.774336 2.898244 127.965157
v -26.753248 2.900102 127.948570
v -26.729836 2.834952 127.952400
v -26.736506 2.904425 127.951729
v -26.707508 2.837009 127.962685
v -26.695610 2.917247 127.979179
v -26.678679 2.951037 128.178253
v -26.614723 2.853944 128.235062
v -26.638193 2.963571 128.205414
v -26.592571 2.855904 128.245255
v -26.621836 2.967637 128.208344
v -26.576424 2.856884 128.243011
v -26.600904 2.969385 128.191635
v -26.517643 2.853944 128.109665
v -26.588657 2.951036 128.061981
v -26.552225 2.963570 128.094376
v -26.502230 2.855904 128.128571
v -26.545294 2.967637 128.109482
v -26.500347 2.856884 128.144760
v -26.556215 2.969385 128.133926
v -26.568533 2.628244 128.263077
v -26.544374 2.747023 128.246414
v -26.568516 2.747323 128.266129
v -26.584930 2.630409 128.265717
v -26.586145 2.748020 128.262207
v -26.607615 2.635166 128.255112
v -26.635792 2.751107 128.227951
v -26.824619 2.691903 128.087082
v -26.774158 2.760635 128.120819
v -26.819710 2.763678 128.081345
v -26.840286 2.696445 128.067963
v -26.827854 2.764336 128.065231
v -26.841648 2.698482 128.051498
v -26.814802 2.764618 128.036926
v -26.489031 2.747023 128.174927
v -26.478951 2.628244 128.147369
v -26.475996 2.747323 128.146622
v -26.480499 2.630409 128.130829
v -26.484201 2.748020 128.130539
v -26.496445 2.635166 128.111526
v -26.529799 2.751107 128.091049
v -26.752178 2.698482 127.935944
v -26.759560 2.764618 127.965584
v -26.735426 2.764336 127.945854
v -26.735905 2.696446 127.933144
v -26.717796 2.763678 127.949707
v -26.713463 2.691903 127.943520
v -26.668169 2.760635 127.983925
v -26.851347 2.642745 128.017136
v -26.900293 2.589075 128.016068
v -26.867254 2.640216 128.047470
v -26.901236 2.582668 128.031158
v -26.860964 2.634335 128.062119
v -26.889498 2.568088 128.047226
v -26.816772 2.607931 128.100540
v -26.661467 2.353446 128.201065
v -26.585524 2.489788 128.223038
v -26.611126 2.492539 128.245865
v -26.676353 2.360477 128.205307
v -26.627378 2.498937 128.242996
v -26.695744 2.376099 128.197250
v -26.676216 2.525923 128.209381
v -26.521963 2.489788 128.140945
v -26.562254 2.353446 128.072922
v -26.506287 2.492539 128.110443
v -26.561878 2.360477 128.057449
v -26.513121 2.498937 128.095428
v -26.574535 2.376099 128.040695
v -26.557907 2.525923 128.056564
v -26.801174 2.589075 127.888039
v -26.787874 2.642745 127.935158
v -26.762491 2.640216 127.912163
v -26.786804 2.582668 127.883354
v -26.746731 2.634335 127.914581
v -26.768301 2.568089 127.890686
v -26.698469 2.607932 127.947746
v -26.864090 2.536330 127.871506
v -26.838934 2.531533 127.846024
v -26.826313 2.520376 127.846024
v -26.787971 2.468678 127.871513
v -26.932062 2.536329 127.959297
v -26.950430 2.531533 127.990028
v -26.947266 2.520376 128.002243
v -26.912989 2.468677 128.032990
v -26.799419 2.306636 128.120926
v -26.760235 2.253729 128.147079
v -26.746880 2.241500 128.147690
v -26.721405 2.236243 128.122467
v -26.674397 2.306637 127.959442
v -26.639261 2.253729 127.990829
v -26.635323 2.241500 128.003601
v -26.653364 2.236243 128.034592
v -27.135979 2.321430 127.600594
v -27.179667 2.381532 127.568222
v -27.136948 2.391801 127.604034
v -27.180267 2.405246 127.574722
v -27.141455 2.406250 127.610283
v -27.186792 2.415440 127.585617
v -27.163363 2.412461 127.638763
v -27.343071 2.052318 127.700020
v -27.410620 2.126033 127.649178
v -27.500088 2.105663 127.578453
v -27.424480 2.057274 127.634270
v -27.342659 2.027031 127.693390
v -27.505140 2.082287 127.567589
v -27.423283 2.042145 127.625473
v -27.336252 2.015896 127.682426
v -27.501154 2.071960 127.554756
v -27.402794 2.035641 127.595894
v -27.218029 2.052318 127.538521
v -27.139362 2.097917 127.597969
v -27.142466 2.026046 127.599747
v -27.224344 2.027031 127.540581
v -27.147404 2.010267 127.605644
v -27.233353 2.015896 127.549530
v -27.169500 2.003484 127.633980
v -27.375044 2.105663 127.416954
v -27.284168 2.126033 127.485855
v -27.302076 2.057274 127.476173
v -27.386826 2.082287 127.414780
v -27.310289 2.042145 127.479530
v -27.398258 2.071960 127.421852
v -27.333794 2.035641 127.506775
v -27.346586 3.117889 127.598976
v -27.306673 3.125912 127.615837
v -27.319141 3.132452 127.624596
v -27.354998 3.129011 127.605347
v -27.327637 3.147815 127.627983
v -27.362070 3.149178 127.607040
v -27.335201 3.178180 127.626610
v -27.286806 3.217122 127.656494
v -27.314520 3.213079 127.640762
v -27.325512 3.287022 127.601486
v -27.370108 3.278850 127.581085
v -27.336796 3.280523 127.611145
v -27.375515 3.269054 127.589607
v -27.341810 3.266695 127.617050
v -27.376980 3.251123 127.595512
v -27.342184 3.238039 127.621155
v -27.283005 3.127647 127.600311
v -27.312817 3.118752 127.563370
v -27.270823 3.135330 127.591507
v -27.307180 3.130062 127.554939
v -27.265120 3.151337 127.586220
v -27.305824 3.150480 127.548920
v -27.264673 3.182290 127.582306
v -27.335873 3.279435 127.545197
v -27.301352 3.288096 127.585884
v -27.287733 3.282713 127.578209
v -27.327374 3.269910 127.539162
v -27.278801 3.269624 127.575577
v -27.320620 3.252211 127.537445
v -27.271563 3.241632 127.576996
v -27.204252 3.224085 127.636787
v -27.230301 3.219552 127.611038
v -27.266422 3.134622 127.630219
v -27.241724 3.148435 127.650551
v -27.281784 3.291775 127.618332
v -27.254244 3.288617 127.640900
v -27.352657 3.102763 127.542274
v -27.376699 3.088461 127.506607
v -27.343739 3.109380 127.528603
v -27.372971 3.099024 127.496284
v -27.341640 3.124695 127.520317
v -27.374519 3.118665 127.487984
v -27.345528 3.156899 127.513039
v -27.420576 3.257151 127.472267
v -27.384380 3.272368 127.517426
v -27.373207 3.266673 127.505531
v -27.411936 3.247930 127.465942
v -27.365923 3.253402 127.501427
v -27.404118 3.230531 127.465027
v -27.358192 3.223488 127.503220
v -27.400627 3.156735 127.582245
v -27.431190 3.118673 127.561172
v -27.392443 3.124554 127.584305
v -27.422762 3.099028 127.560593
v -27.384733 3.109262 127.580338
v -27.413696 3.088461 127.554390
v -27.373438 3.102691 127.568489
v -27.460825 3.230529 127.538269
v -27.413305 3.223338 127.572441
v -27.416824 3.253278 127.565514
v -27.461893 3.247929 127.530472
v -27.414478 3.266581 127.557571
v -27.457933 3.257151 127.520515
v -27.405455 3.272323 127.543999
v -27.411777 3.065389 127.490898
v -27.431494 3.040896 127.455147
v -27.402611 3.071329 127.474586
v -27.429598 3.049756 127.442978
v -27.402834 3.085148 127.464470
v -27.435257 3.066716 127.431473
v -27.413010 3.117493 127.452309
v -27.524351 3.206817 127.382828
v -27.477680 3.238768 127.439545
v -27.464428 3.233513 127.426430
v -27.513540 3.198807 127.377792
v -27.455204 3.221289 127.423820
v -27.501703 3.183267 127.379982
v -27.441532 3.190743 127.430214
v -27.475363 3.117499 127.532845
v -27.501106 3.066721 127.516518
v -27.461046 3.085153 127.539650
v -27.488548 3.049758 127.519119
v -27.451189 3.071331 127.537331
v -27.477240 3.040896 127.514229
v -27.437687 3.065389 127.524361
v -27.567595 3.183266 127.465088
v -27.503895 3.190743 127.510765
v -27.513508 3.221288 127.499130
v -27.572681 3.198807 127.454178
v -27.513292 3.233512 127.489548
v -27.570511 3.206817 127.442451
v -27.503910 3.238768 127.473427
v -27.463392 3.007539 127.443497
v -27.474476 2.977294 127.409592
v -27.453836 3.011809 127.423668
v -27.475349 2.980704 127.394096
v -27.457270 3.021980 127.410950
v -27.486694 2.989660 127.377510
v -27.478891 3.050401 127.389847
v -27.645500 3.097188 127.275139
v -27.594570 3.164288 127.341400
v -27.578066 3.160109 127.326973
v -27.631832 3.091883 127.271706
v -27.565582 3.150388 127.326889
v -27.614491 3.081249 127.278168
v -27.540379 3.122574 127.342216
v -27.552338 3.050405 127.484703
v -27.566236 2.989662 127.480240
v -27.526493 3.021982 127.500351
v -27.547333 2.980704 127.487068
v -27.513315 3.011810 127.500488
v -27.532110 2.977294 127.484032
v -27.496510 3.007539 127.486267
v -27.694414 3.081249 127.381393
v -27.613848 3.122574 127.437103
v -27.634995 3.150387 127.416542
v -27.705008 3.091883 127.366219
v -27.638039 3.160109 127.404434
v -27.705111 3.097188 127.352127
v -27.628206 3.164288 127.384842
v -27.522589 2.935948 127.431870
v -27.532152 2.908471 127.424469
v -27.538200 2.880345 127.419785
v -27.540947 2.838062 127.417664
v -27.761900 3.006961 127.293304
v -27.825361 2.907597 127.277527
v -27.773010 3.005146 127.317894
v -27.823284 2.906576 127.293945
v -27.766199 3.000923 127.332916
v -27.807442 2.904504 127.313179
v -27.729988 2.987676 127.365143
v -27.536049 2.952850 127.464073
v -27.559353 2.949545 127.478760
v -27.579453 2.947381 127.475136
v -27.622211 2.953273 127.448265
v -27.494785 2.952851 127.410774
v -27.486401 2.949547 127.384537
v -27.494940 2.947382 127.365990
v -27.531666 2.953272 127.331322
v -27.747839 2.907597 127.177399
v -27.716671 3.006961 127.234886
v -27.695648 3.005146 127.217972
v -27.731422 2.906576 127.175301
v -27.679401 3.000923 127.220810
v -27.708836 2.904504 127.185822
v -27.639133 2.987676 127.247795
v -27.512911 2.793977 127.380478
v -27.495220 2.741595 127.360909
v -27.499956 2.799879 127.351685
v -27.497307 2.743533 127.344147
v -27.508627 2.807358 127.335793
v -27.514097 2.744821 127.324310
v -27.553816 2.815313 127.297173
v -27.778130 2.730349 127.142212
v -27.787792 2.817770 127.168770
v -27.763288 2.817712 127.149033
v -27.761223 2.730881 127.139984
v -27.745163 2.817579 127.153320
v -27.737556 2.732052 127.151344
v -27.694590 2.817223 127.188293
v -27.660824 2.815313 127.435371
v -27.624601 2.744821 127.467033
v -27.612116 2.807357 127.469452
v -27.601194 2.743532 127.478317
v -27.594555 2.799879 127.473869
v -27.584436 2.741595 127.476143
v -27.569927 2.793977 127.454117
v -27.848015 2.732052 127.294006
v -27.801487 2.817223 127.326355
v -27.848003 2.817579 127.286148
v -27.864941 2.730881 127.273941
v -27.856697 2.817712 127.269676
v -27.867018 2.730349 127.257019
v -27.843723 2.817770 127.241013
v -27.692585 2.649132 127.180626
v -27.713289 2.545509 127.162415
v -27.745825 2.638868 127.143593
v -27.735989 2.537744 127.151794
v -27.763472 2.636388 127.139664
v -27.752382 2.534228 127.154732
v -27.789257 2.635322 127.161484
v -27.831221 2.545509 127.314735
v -27.808401 2.649132 127.330215
v -27.857588 2.638868 127.287949
v -27.847183 2.537744 127.295410
v -27.865810 2.636388 127.271843
v -27.848444 2.534228 127.278809
v -27.851145 2.635322 127.241417
v -27.564411 2.650284 127.498688
v -27.559761 2.692840 127.467033
v -27.585447 2.692070 127.488930
v -27.580486 2.646959 127.501884
v -27.602844 2.690011 127.485184
v -27.602648 2.639512 127.491699
v -27.655796 2.680110 127.448372
v -27.497862 2.692840 127.387085
v -27.468382 2.650284 127.374657
v -27.483097 2.692070 127.356735
v -27.469307 2.646959 127.358292
v -27.491074 2.690011 127.340828
v -27.484718 2.639512 127.339386
v -27.539978 2.680110 127.298782
v -27.462225 2.612825 127.409950
v -27.419514 2.572247 127.406631
v -27.445477 2.609812 127.378761
v -27.418671 2.565782 127.391380
v -27.451525 2.602802 127.364326
v -27.430887 2.551008 127.374954
v -27.496971 2.571029 127.324951
v -27.670898 2.331765 127.211960
v -27.736267 2.428928 127.197746
v -27.709980 2.432171 127.173943
v -27.655807 2.338790 127.207764
v -27.693844 2.439714 127.176704
v -27.635929 2.354499 127.216202
v -27.643599 2.472089 127.211426
v -27.619692 2.571028 127.483452
v -27.554729 2.551007 127.534904
v -27.570187 2.602801 127.517586
v -27.535767 2.565781 127.542625
v -27.554701 2.609812 127.519829
v -27.521215 2.572247 127.537987
v -27.528696 2.612825 127.495804
v -27.759773 2.354499 127.376160
v -27.766319 2.472089 127.369926
v -27.812513 2.439714 127.329979
v -27.772919 2.338790 127.359024
v -27.819229 2.432171 127.315048
v -27.772636 2.331765 127.343361
v -27.802767 2.428928 127.283638
v -27.548988 2.466316 127.541893
v -27.475458 2.461530 127.597519
v -27.506916 2.515445 127.570274
v -27.459702 2.480510 127.602753
v -27.493626 2.525934 127.570824
v -27.446589 2.488769 127.596962
v -27.467966 2.530444 127.545296
v -27.350420 2.461531 127.436020
v -27.422689 2.466316 127.378761
v -27.384670 2.515446 127.412392
v -27.341406 2.480511 127.449966
v -27.380814 2.525935 127.425117
v -27.343731 2.488769 127.464111
v -27.399101 2.530444 127.456352
v -27.548458 2.311896 127.281387
v -27.517107 2.205508 127.306961
v -27.591364 2.261747 127.252350
v -27.533615 2.185374 127.301132
v -27.605389 2.250354 127.251221
v -27.547171 2.176425 127.306564
v -27.631365 2.245456 127.276497
v -27.642149 2.205508 127.468468
v -27.674759 2.311896 127.444519
v -27.713617 2.261747 127.410248
v -27.651926 2.185374 127.453941
v -27.718224 2.250354 127.396957
v -27.650063 2.176425 127.439453
v -27.700256 2.245456 127.365479
v -27.320913 2.461177 127.516785
v -27.266443 2.439054 127.523949
v -27.301611 2.455810 127.486282
v -27.262154 2.429559 127.511322
v -27.303167 2.443325 127.475334
v -27.266708 2.407573 127.500832
v -27.330877 2.383860 127.449692
v -27.493408 2.116101 127.383202
v -27.468491 2.121922 127.357048
v -27.456987 2.135464 127.356232
v -27.424639 2.196119 127.377098
v -27.457327 2.383859 127.613014
v -27.391747 2.407573 127.662331
v -27.425564 2.443324 127.633423
v -27.380451 2.429559 127.664116
v -27.414576 2.455810 127.632187
v -27.369305 2.439054 127.656799
v -27.389881 2.461177 127.605858
v -27.551088 2.196119 127.540421
v -27.579391 2.135464 127.514328
v -27.581480 2.121922 127.502991
v -27.562405 2.116101 127.472313
v -27.232328 2.412461 127.727844
v -27.289652 2.415440 127.718468
v -27.254416 2.406249 127.756187
v -27.298563 2.405245 127.727516
v -27.259342 2.391800 127.762115
v -27.304705 2.381531 127.729721
v -27.262426 2.321429 127.763916
v -27.238501 2.003484 127.723099
v -27.260397 2.010267 127.751587
v -27.264872 2.026046 127.757843
v -27.265812 2.097917 127.761292
v -27.243423 2.426911 127.576775
v -27.222811 2.420947 127.547295
v -27.221319 2.407074 127.538704
v -27.234854 2.339732 127.524040
v -27.312393 2.426911 127.665855
v -27.335775 2.420947 127.693199
v -27.343714 2.407073 127.696793
v -27.361303 2.339731 127.687363
v -26.862385 3.204153 127.881081
v -26.936258 3.245436 127.830544
v -26.854324 3.235383 127.891510
v -26.935585 3.262880 127.838005
v -26.855116 3.247888 127.900627
v -26.939137 3.272108 127.848091
v -26.864244 3.253253 127.916115
v -26.984146 3.244844 127.904037
v -26.921633 3.204079 127.959106
v -26.909584 3.235314 127.964249
v -26.977581 3.262376 127.902138
v -26.901096 3.247834 127.961075
v -26.970200 3.271764 127.894943
v -26.888659 3.253227 127.948143
v -27.005854 3.103879 127.867218
v -26.945974 3.074898 127.903664
v -26.954868 3.081129 127.919350
v -27.009123 3.114745 127.877655
v -26.955133 3.095649 127.928947
v -27.007940 3.134930 127.885605
v -26.946457 3.129149 127.939888
v -26.921665 3.074924 127.871765
v -26.974897 3.104221 127.820526
v -26.908983 3.081182 127.859024
v -26.967176 3.115247 127.813606
v -26.899906 3.095715 127.856247
v -26.960062 3.135518 127.812126
v -26.887213 3.129221 127.861862
v -27.058668 3.127350 127.772034
v -27.145031 3.155141 127.697174
v -27.051622 3.134408 127.758316
v -27.141764 3.166788 127.687347
v -27.046154 3.150195 127.752838
v -27.137705 3.187118 127.683601
v -27.039707 3.181281 127.753647
v -27.121809 3.298741 127.715042
v -27.031513 3.288406 127.792961
v -27.026537 3.283078 127.777649
v -27.121887 3.289723 127.702690
v -27.025894 3.270053 127.768494
v -27.123867 3.272727 127.694305
v -27.029440 3.241815 127.761597
v -27.071966 3.179372 127.832848
v -27.148649 3.183561 127.767586
v -27.075937 3.148454 127.825516
v -27.151047 3.163768 127.758583
v -27.075649 3.133058 127.815842
v -27.151340 3.153088 127.745583
v -27.070816 3.126714 127.800194
v -27.134813 3.269165 127.778305
v -27.061701 3.239903 127.840797
v -27.055696 3.268308 127.841217
v -27.131184 3.286698 127.774010
v -27.050617 3.281723 127.835304
v -27.128143 3.296679 127.763641
v -27.043720 3.287766 127.821266
v -26.799349 2.699045 127.991837
v -26.786594 2.833628 128.001709
v -26.793810 2.472389 128.123245
v -26.717123 2.663595 128.172256
v -26.710541 2.845504 128.162796
v -26.852589 2.590844 127.950615
v -26.521263 2.627646 128.207138
v -26.535896 2.857154 128.195816
v -26.609858 2.351504 128.138550
v -26.604095 2.663595 128.026260
v -26.611601 2.845504 128.035004
v -26.670742 2.472390 127.964294
v -26.774860 2.146989 128.010803
v -26.801699 2.319029 127.859352
v -26.953327 2.487881 127.872620
v -26.928200 2.319028 128.022736
v -27.073393 2.238049 127.910736
v -27.066355 2.428800 127.785110
v -26.952545 2.043987 127.873222
v -26.946491 2.238050 127.746834
v -26.639679 3.074262 128.115463
v -26.798454 3.217823 127.992531
v -26.954138 3.274506 127.871910
v -26.687664 3.015435 127.993866
v -26.809710 3.132432 127.915237
v -26.947193 3.191266 127.820160
v -26.818974 2.954997 127.976639
v -26.889191 3.042660 127.922279
v -26.990990 3.101028 127.843376
v -26.769411 3.015437 128.099457
v -26.876099 3.132435 128.000992
v -26.996708 3.190652 127.896240
v -27.076662 2.210199 127.646049
v -27.122883 2.004408 127.741341
v -27.157047 2.412366 127.714890
v -27.324766 2.217370 127.716118
v -27.203562 2.210199 127.809959
v -27.237894 2.418254 127.652298
v -27.285162 2.012821 127.615700
v -27.197866 2.217371 127.552208
v -27.329393 3.115157 127.581390
v -27.370924 3.200783 127.602188
v -27.353472 3.281839 127.562744
v -27.447102 3.175237 127.550819
v -27.394461 3.085544 127.531067
v -27.439901 3.259698 127.495888
v -27.312019 3.202100 127.542160
v -27.388533 3.175233 127.475166
v -27.535475 3.125397 127.491882
v -27.453066 3.038449 127.485695
v -27.548622 3.209028 127.411713
v -27.467720 3.125394 127.404373
v -27.631613 3.035099 127.431923
v -27.500853 2.976759 127.448700
v -27.677206 3.098652 127.312164
v -27.549841 3.035097 127.326309
v -27.711552 2.895276 127.389359
v -27.789154 2.907879 127.225487
v -27.611067 2.895276 127.259583
v -27.737169 2.739003 127.381752
v -27.537197 2.740599 127.420563
v -27.825195 2.730202 127.197586
v -27.624847 2.739003 127.236687
v -27.717710 2.592601 127.404541
v -27.514050 2.651202 127.438484
v -27.802851 2.533257 127.214882
v -27.597918 2.592601 127.249817
v -27.657921 2.453018 127.456940
v -27.468472 2.574032 127.473770
v -27.723812 2.329825 127.276077
v -27.532215 2.453018 127.294579
v -27.559519 2.333846 127.534355
v -27.393671 2.491049 127.531685
v -27.600231 2.173954 127.371758
v -27.432619 2.333847 127.370453
v -27.446709 2.257011 127.621704
v -27.316927 2.441676 127.591110
v -27.450735 2.069109 127.487503
v -27.319807 2.257012 127.457802
v -27.130432 3.230791 127.687332
v -27.124538 3.300336 127.739555
v -27.148670 3.151035 127.720879
v -27.141836 3.227084 127.774826
v -27.197834 2.413152 127.683311
v -27.114271 2.416658 127.748009
v -26.516083 2.746990 128.211151
v -27.264343 2.209792 127.762894
v -26.598761 2.755875 128.037186
v -26.686970 2.235657 128.078842
v -26.856497 2.387753 128.077194
v -26.705204 2.755875 128.174683
v -26.934031 3.074215 127.887550
v -26.898453 2.536864 127.915108
v -26.874525 3.166867 127.871216
v -27.001833 2.270046 127.966095
v -26.876266 3.253839 127.932274
v -26.641876 2.934165 128.020309
v -26.578001 2.969580 128.163208
v -26.732346 2.934165 128.137161
v -26.731026 2.387753 127.915131
v -27.013521 2.218981 127.694939
v -26.553190 2.489482 128.182419
v -26.864222 2.085011 127.941612
v -26.934217 3.166794 127.949829
v -26.820139 2.643026 127.975739
v -26.746767 2.566973 128.155212
v -26.628008 2.566974 128.001831
v -26.874981 2.270047 127.802254
v -26.716656 3.158196 128.055862
v -27.039032 2.017843 127.806267
v -27.011267 2.451834 127.827759
v -27.489904 3.154264 127.522064
v -27.351654 3.190375 127.507820
v -27.313587 3.288234 127.593552
v -27.339216 3.208245 127.623993
v -27.407238 3.190215 127.577606
v -27.583366 3.086539 127.461166
v -27.395037 3.272983 127.530617
v -27.267635 3.212191 127.579544
v -27.362917 3.101991 127.555481
v -27.676746 2.969840 127.406807
v -27.491011 3.239353 127.456322
v -27.427090 3.154261 127.440933
v -27.424490 3.064727 127.507820
v -27.514486 2.953400 127.438141
v -27.611761 3.164753 127.362831
v -27.509447 3.086537 127.365700
v -27.479542 3.007071 127.465195
v -27.732302 2.664649 127.389603
v -27.731487 2.816738 127.381027
v -27.739838 3.007163 127.263672
v -27.585463 2.969839 127.288910
v -27.616034 2.664649 127.239433
v -27.816401 2.817776 127.204391
v -27.624130 2.816738 127.242371
v -27.540752 2.793113 127.417809
v -27.612034 2.389187 127.493546
v -27.528202 2.692917 127.427528
v -27.693172 2.521606 127.427025
v -27.820822 2.635203 127.200966
v -27.666258 2.244910 127.320641
v -27.770063 2.428566 127.240265
v -27.570000 2.521607 127.267944
v -27.494946 2.613161 127.453278
v -27.386162 2.232994 127.668579
v -27.485283 2.389187 127.329834
v -27.433123 2.530946 127.501144
v -27.504387 2.290083 127.577042
v -27.259260 2.232995 127.504677
v -27.528233 2.115453 127.427505
v -27.377485 2.290084 127.413139
v -27.355097 2.461775 127.561554
v -27.034401 3.211769 127.757294
v -27.277754 2.427575 127.621437
v -27.368462 2.034916 127.551208
v -27.204012 2.002728 127.678528
v -27.294857 3.125957 127.608047
v -27.137444 2.209793 127.598991
v -27.140423 2.218981 127.858841
v -26.745850 3.082171 127.957268
v -26.797199 2.898037 127.993500
v -26.850485 3.003211 127.952248
v -26.819420 3.082173 128.052292
v -27.037508 3.288720 127.807182
v -27.066936 3.209841 127.837212
v -27.064865 3.126286 127.786003
v -27.273935 3.142195 127.650406
v -27.291771 3.169672 127.654022
v -27.284046 3.151591 127.653816
v -27.287619 3.287491 127.640022
v -27.296188 3.278239 127.644501
v -27.300293 3.261123 127.647362
v -27.225552 3.147055 127.636665
v -27.215153 3.157716 127.633102
v -27.209616 3.177017 127.631317
v -27.238373 3.291089 127.626564
v -27.217751 3.267335 127.625046
v -27.226439 3.283367 127.624290
v -27.582371 2.869490 127.467781
v -27.576254 2.894794 127.468300
v -27.568325 2.917669 127.470329
v -27.588167 2.908452 127.471855
v -27.608763 2.894483 127.465477
v -27.596292 2.880196 127.470528
v -27.588078 2.895162 127.472107
v -27.502796 2.869490 127.365005
v -27.503624 2.880197 127.350838
v -27.511637 2.894484 127.340034
v -27.500301 2.908455 127.358376
v -27.496811 2.917670 127.377960
v -27.500761 2.894795 127.370796
v -27.500036 2.895163 127.358398
v -27.061596 2.449190 127.894958
v -27.065470 2.439612 127.907921
v -27.060017 2.417621 127.919121
v -26.916801 2.087886 128.007126
v -26.928699 2.098298 128.013840
v -26.941463 2.121682 128.010910
v -26.813955 2.087886 127.874298
v -26.810436 2.098298 127.861099
v -26.816471 2.121682 127.849472
v -26.958813 2.449190 127.762207
v -26.947237 2.439612 127.755211
v -26.935032 2.417622 127.757690
v -27.108999 2.057084 127.881248
v -27.100880 2.032001 127.880585
v -27.091064 2.020907 127.872261
v -26.983955 2.057084 127.719749
v -26.982565 2.032001 127.727776
v -26.988165 2.020906 127.739365
v -27.044792 2.380037 127.672653
v -27.052645 2.403634 127.673538
v -27.062311 2.413840 127.682007
v -26.794785 3.027595 127.921310
v -26.810221 3.012889 127.916374
v -26.822983 3.005305 127.920212
v -26.699236 3.136032 127.995277
v -26.691368 3.149480 128.008331
v -26.692333 3.156310 128.021225
v -26.874607 3.005306 127.986893
v -26.875128 3.012890 128.000214
v -26.866480 3.027598 128.013916
v -27.169830 2.380036 127.834152
v -27.170937 2.403634 127.826324
v -27.165157 2.413840 127.814842
v -26.744093 3.156310 128.088074
v -26.756340 3.149480 128.092239
v -26.770948 3.136033 128.087906
v -26.813057 2.908139 128.072739
v -26.827160 2.901981 128.054810
v -26.828741 2.898890 128.039139
v -26.760920 2.898890 127.951538
v -26.745352 2.901981 127.949142
v -26.724461 2.908138 127.958305
v -26.650007 2.960018 128.198990
v -26.629560 2.965870 128.207855
v -26.614279 2.968777 128.205322
v -26.561396 2.960018 128.084549
v -26.547689 2.965870 128.102112
v -26.546322 2.968777 128.117554
v -26.560268 2.747128 128.262955
v -26.576794 2.747626 128.265213
v -26.599726 2.748746 128.254425
v -26.808796 2.762977 128.092545
v -26.824936 2.764050 128.073044
v -26.826828 2.764520 128.056442
v -26.476997 2.747128 128.155396
v -26.478945 2.747626 128.138840
v -26.495140 2.748746 128.119339
v -26.743679 2.764520 127.949051
v -26.727144 2.764050 127.946732
v -26.704226 2.762977 127.957474
v -26.865452 2.641865 128.038757
v -26.865141 2.637660 128.054642
v -26.851131 2.628162 128.072479
v -26.603008 2.490745 128.242065
v -26.618805 2.495319 128.245407
v -26.640188 2.505435 128.235809
v -26.507931 2.490745 128.119263
v -26.508640 2.495319 128.103119
v -26.523289 2.505435 128.084824
v -26.770475 2.641865 127.916092
v -26.755022 2.637661 127.912415
v -26.734241 2.628163 127.921509
v -26.846176 2.534661 127.850807
v -26.832830 2.526685 127.845222
v -26.816593 2.508466 127.850815
v -26.947615 2.534661 127.981819
v -26.949675 2.526685 127.996140
v -26.940199 2.508465 128.010452
v -26.770424 2.266314 128.141922
v -26.753300 2.246814 128.148224
v -26.739437 2.238071 128.143082
v -26.646809 2.266314 127.982254
v -26.636417 2.246814 127.997253
v -26.637917 2.238071 128.011963
v -27.135860 2.375949 127.602142
v -27.138880 2.399971 127.606773
v -27.146448 2.410300 127.616859
v -27.422100 2.073257 127.638832
v -27.424417 2.048720 127.630089
v -27.419218 2.037903 127.618195
v -27.140900 2.042735 127.598236
v -27.144642 2.017124 127.602287
v -27.152515 2.005843 127.612114
v -27.297058 2.073257 127.477333
v -27.306105 2.048720 127.477280
v -27.316320 2.037903 127.485291
v -27.314295 3.128022 127.621231
v -27.323507 3.139181 127.626816
v -27.331400 3.159029 127.627968
v -27.298286 3.215704 127.650826
v -27.332815 3.284585 127.607178
v -27.339687 3.274466 127.614418
v -27.342896 3.256434 127.619041
v -27.275343 3.130605 127.595016
v -27.267498 3.142341 127.588600
v -27.263954 3.162942 127.584358
v -27.293137 3.286346 127.580971
v -27.283024 3.277037 127.576462
v -27.275171 3.259689 127.575676
v -27.211075 3.223026 127.628441
v -27.250143 3.141542 127.643394
v -27.263746 3.291761 127.632889
v -27.346605 3.105077 127.533798
v -27.342190 3.116038 127.524200
v -27.342379 3.136194 127.516960
v -27.377508 3.270392 127.509529
v -27.369415 3.260906 127.502960
v -27.362652 3.243181 127.501228
v -27.395969 3.136039 127.584358
v -27.388714 3.115910 127.582870
v -27.380312 3.104970 127.576332
v -27.416288 3.243044 127.568665
v -27.416119 3.260798 127.561813
v -27.411573 3.270319 127.552483
v -27.404966 3.067455 127.480545
v -27.402077 3.077335 127.469376
v -27.405474 3.095940 127.459633
v -27.469410 3.236940 127.430260
v -27.459801 3.228200 127.424500
v -27.450226 3.211501 127.424942
v -27.466389 3.095946 127.538307
v -27.456102 3.077338 127.539154
v -27.446007 3.067456 127.533554
v -27.511177 3.211500 127.503670
v -27.514004 3.228200 127.494507
v -27.510836 3.236940 127.483765
v -27.455502 3.009008 127.430679
v -27.454704 3.016210 127.417313
v -27.462898 3.030536 127.403755
v -27.584192 3.162834 127.330391
v -27.572023 3.155884 127.326141
v -27.557571 3.142164 127.330360
v -27.534870 3.030540 127.496704
v -27.519686 3.016212 127.501236
v -27.506939 3.009009 127.497116
v -27.629629 3.142164 127.423431
v -27.637333 3.155884 127.410492
v -27.636263 3.162834 127.397644
v -27.528057 2.921727 127.427635
v -27.535542 2.894536 127.421844
v -27.539980 2.864726 127.418411
v -27.771931 3.006329 127.309822
v -27.770668 3.003311 127.325218
v -27.757113 2.997205 127.342682
v -27.550016 2.951338 127.476334
v -27.569012 2.948166 127.477890
v -27.592726 2.947748 127.468666
v -27.486408 2.951339 127.394180
v -27.489660 2.948168 127.375404
v -27.504530 2.947747 127.354759
v -27.703194 3.006329 127.221039
v -27.687971 3.003311 127.218407
v -27.667669 2.997206 127.227158
v -27.500723 2.796442 127.360474
v -27.503162 2.803622 127.343994
v -27.519526 2.811197 127.324860
v -27.771692 2.817750 127.152115
v -27.754793 2.817654 127.150101
v -27.731224 2.817469 127.161385
v -27.625427 2.811197 127.461639
v -27.602804 2.803622 127.472687
v -27.586239 2.796442 127.470924
v -27.836710 2.817469 127.297630
v -27.853537 2.817654 127.277634
v -27.855812 2.817750 127.260765
v -27.731785 2.641362 127.151733
v -27.755186 2.637466 127.140579
v -27.771929 2.635693 127.143097
v -27.846191 2.641363 127.299500
v -27.862854 2.637466 127.279640
v -27.864607 2.635693 127.262794
v -27.577059 2.692590 127.485443
v -27.593626 2.691196 127.488098
v -27.616724 2.687726 127.477165
v -27.484365 2.692590 127.365723
v -27.485947 2.691196 127.349022
v -27.502312 2.687726 127.329399
v -27.447435 2.611777 127.387520
v -27.447489 2.606766 127.371689
v -27.461393 2.595407 127.353951
v -27.718155 2.430056 127.177887
v -27.702351 2.435449 127.174347
v -27.680916 2.447444 127.183990
v -27.582703 2.595407 127.510635
v -27.562048 2.606765 127.519653
v -27.546707 2.611777 127.515739
v -27.802227 2.447444 127.340668
v -27.816927 2.435449 127.322334
v -27.817461 2.430056 127.306145
v -27.517431 2.504182 127.564865
v -27.500017 2.521376 127.571381
v -27.486172 2.528875 127.566162
v -27.392542 2.504183 127.403564
v -27.381874 2.521377 127.418793
v -27.383461 2.528875 127.433502
v -27.580385 2.273579 127.258125
v -27.598679 2.255305 127.250916
v -27.613045 2.247159 127.255714
v -27.705278 2.273579 127.419434
v -27.716839 2.255305 127.403526
v -27.715790 2.247159 127.388412
v -27.304905 2.459311 127.494171
v -27.301670 2.450384 127.480728
v -27.308626 2.429794 127.468376
v -27.475443 2.118126 127.362099
v -27.462875 2.127807 127.355904
v -27.448559 2.149658 127.360031
v -27.433666 2.429793 127.629875
v -27.419968 2.450384 127.633522
v -27.407764 2.459310 127.627022
v -27.573601 2.149658 127.521538
v -27.581188 2.127807 127.508713
v -27.578339 2.118126 127.494995
v -27.249304 2.410300 127.749702
v -27.257174 2.399970 127.759560
v -27.260900 2.375948 127.763641
v -27.255415 2.005843 127.745018
v -27.262957 2.017124 127.755104
v -27.265942 2.042735 127.759743
v -27.226959 2.424836 127.554520
v -27.221546 2.414918 127.542763
v -27.223515 2.391882 127.534279
v -27.329821 2.424836 127.687370
v -27.339842 2.414917 127.695557
v -27.348555 2.391881 127.695770
v -26.856159 3.225371 127.887360
v -26.854166 3.242454 127.895859
v -26.857651 3.251390 127.906242
v -26.914021 3.225298 127.963547
v -26.905392 3.242392 127.963264
v -26.896404 3.251348 127.957130
v -26.952475 3.077062 127.913589
v -26.955595 3.087438 127.924332
v -26.952955 3.106928 127.933388
v -26.913847 3.077104 127.862862
v -26.904427 3.087499 127.857010
v -26.895109 3.106998 127.857216
v -27.054493 3.129897 127.763229
v -27.048870 3.141294 127.754951
v -27.043428 3.161739 127.752220
v -27.028049 3.286645 127.783585
v -27.025885 3.277443 127.772697
v -27.026770 3.260113 127.765106
v -27.074825 3.159889 127.829155
v -27.076153 3.139722 127.821045
v -27.074224 3.128828 127.809685
v -27.058176 3.258259 127.842056
v -27.053202 3.275867 127.838867
v -27.047853 3.285571 127.830215
v -26.787798 2.764650 128.000778
vt 0.275961 0.675592
vt 0.270544 0.676378
vt 0.271138 0.680970
vt 0.276511 0.680064
vt 0.271838 0.685381
vt 0.277165 0.684353
vt 0.266184 0.681718
vt 0.266923 0.686270
vt 0.265561 0.676992
vt 0.274913 0.574771
vt 0.269429 0.574219
vt 0.269135 0.579387
vt 0.274646 0.579836
vt 0.268921 0.584766
vt 0.274453 0.585123
vt 0.264113 0.579112
vt 0.263899 0.584573
vt 0.264414 0.573846
vt 0.274385 0.644226
vt 0.268830 0.644449
vt 0.268947 0.650251
vt 0.274495 0.649959
vt 0.269115 0.655887
vt 0.274650 0.655515
vt 0.263927 0.650399
vt 0.264092 0.656096
vt 0.263815 0.644551
vt 0.268777 0.590343
vt 0.274322 0.590617
vt 0.268688 0.596093
vt 0.274241 0.596296
vt 0.263757 0.590215
vt 0.263674 0.596015
vt 0.269347 0.661331
vt 0.274863 0.660869
vt 0.269656 0.666565
vt 0.275146 0.666003
vt 0.264325 0.661617
vt 0.264640 0.666945
vt 0.278581 0.548492
vt 0.273336 0.547228
vt 0.272402 0.551386
vt 0.277685 0.552531
vt 0.271588 0.555625
vt 0.276913 0.556649
vt 0.267534 0.550351
vt 0.266674 0.554733
vt 0.268519 0.546060
vt 0.270052 0.671581
vt 0.275509 0.670910
vt 0.265049 0.672071
vt 0.280842 0.540450
vt 0.275640 0.538934
vt 0.274414 0.543097
vt 0.279636 0.544485
vt 0.269614 0.541787
vt 0.270866 0.537477
vt 0.308247 0.482985
vt 0.303426 0.480212
vt 0.300403 0.485564
vt 0.305240 0.488242
vt 0.297453 0.490891
vt 0.302323 0.493481
vt 0.296031 0.483132
vt 0.293062 0.488506
vt 0.299056 0.477746
vt 0.283763 0.532127
vt 0.278602 0.530351
vt 0.277031 0.534697
vt 0.282214 0.536343
vt 0.272292 0.533096
vt 0.273902 0.528615
vt 0.302405 0.746896
vt 0.297552 0.749501
vt 0.300521 0.754789
vt 0.305341 0.752094
vt 0.303571 0.760110
vt 0.308374 0.757319
vt 0.296169 0.757243
vt 0.299221 0.762598
vt 0.293180 0.751909
vt 0.296803 0.503826
vt 0.291848 0.501409
vt 0.289229 0.506551
vt 0.294226 0.508879
vt 0.286756 0.511584
vt 0.291792 0.513817
vt 0.284743 0.504332
vt 0.282230 0.509436
vt 0.287399 0.499129
vt 0.296867 0.736660
vt 0.291930 0.739091
vt 0.294682 0.744262
vt 0.299576 0.741743
vt 0.290283 0.746617
vt 0.287497 0.741390
vt 0.284445 0.516490
vt 0.289518 0.518620
vt 0.282310 0.521255
vt 0.287416 0.523275
vt 0.279876 0.514424
vt 0.277697 0.519285
vt 0.283923 0.708779
vt 0.278776 0.710557
vt 0.280511 0.714970
vt 0.285632 0.713066
vt 0.282438 0.719520
vt 0.287529 0.717496
vt 0.275862 0.716831
vt 0.277834 0.721495
vt 0.274082 0.712291
vt 0.280361 0.525875
vt 0.285497 0.527776
vt 0.275704 0.524015
vt 0.284553 0.724214
vt 0.289610 0.722077
vt 0.286849 0.729049
vt 0.291869 0.726807
vt 0.279996 0.726289
vt 0.282336 0.731210
vt 0.281047 0.700553
vt 0.275855 0.702070
vt 0.277227 0.706266
vt 0.282397 0.704618
vt 0.272493 0.707862
vt 0.271086 0.703521
vt 0.289313 0.734013
vt 0.294293 0.731674
vt 0.284842 0.736248
vt 0.270888 0.559995
vt 0.276258 0.560896
vt 0.270299 0.564533
vt 0.275711 0.565314
vt 0.265937 0.559245
vt 0.265318 0.563920
vt 0.274209 0.620210
vt 0.268650 0.620222
vt 0.268670 0.626361
vt 0.274228 0.626302
vt 0.268702 0.632469
vt 0.274261 0.632362
vt 0.263671 0.626388
vt 0.263699 0.632512
vt 0.263651 0.620237
vt 0.268753 0.638510
vt 0.274311 0.638349
vt 0.263744 0.638578
vt 0.274184 0.608086
vt 0.268627 0.608001
vt 0.268632 0.614090
vt 0.274189 0.614125
vt 0.263633 0.614092
vt 0.263624 0.607985
vt 0.278819 0.692546
vt 0.273577 0.693814
vt 0.274644 0.697935
vt 0.279860 0.696545
vt 0.269848 0.699238
vt 0.268762 0.694976
vt 0.294595 0.496181
vt 0.299507 0.498685
vt 0.290178 0.493846
vt 0.268642 0.601990
vt 0.274199 0.602130
vt 0.263634 0.601949
vt 0.272650 0.689647
vt 0.277932 0.688498
vt 0.267781 0.690676
vt 0.269814 0.569270
vt 0.275266 0.569932
vt 0.264812 0.568783
vt 0.287142 0.698860
vt 0.285975 0.694958
vt 0.284962 0.691059
vt 0.292583 0.693271
vt 0.291596 0.689457
vt 0.293730 0.697084
vt 0.302652 0.506502
vt 0.305286 0.501494
vt 0.308028 0.496432
vt 0.311452 0.504383
vt 0.314083 0.499496
vt 0.308918 0.509232
vt 0.280714 0.608281
vt 0.280723 0.602429
vt 0.280755 0.596701
vt 0.287706 0.602844
vt 0.287730 0.597248
vt 0.287700 0.608559
vt 0.284107 0.687110
vt 0.283382 0.683066
vt 0.290770 0.685592
vt 0.290082 0.681633
vt 0.281317 0.575614
vt 0.281624 0.570886
vt 0.282021 0.566376
vt 0.288455 0.572018
vt 0.288808 0.567606
vt 0.288189 0.576641
vt 0.282776 0.678879
vt 0.282277 0.674514
vt 0.289519 0.677535
vt 0.289065 0.673263
vt 0.280927 0.585744
vt 0.281089 0.580568
vt 0.287998 0.581484
vt 0.287865 0.586543
vt 0.281129 0.654880
vt 0.280997 0.649433
vt 0.280902 0.643808
vt 0.287958 0.648746
vt 0.287877 0.643251
vt 0.288070 0.654067
vt 0.280820 0.591129
vt 0.287780 0.591805
vt 0.281556 0.665146
vt 0.281312 0.660123
vt 0.288224 0.659191
vt 0.288432 0.664101
vt 0.283130 0.557921
vt 0.283864 0.553903
vt 0.284733 0.549964
vt 0.290534 0.555396
vt 0.291377 0.551542
vt 0.289833 0.559330
vt 0.281874 0.669941
vt 0.288708 0.668790
vt 0.285763 0.546057
vt 0.286952 0.542131
vt 0.292385 0.547721
vt 0.293557 0.543886
vt 0.310871 0.491347
vt 0.313813 0.486268
vt 0.316808 0.494607
vt 0.319627 0.489752
vt 0.288311 0.538138
vt 0.289847 0.534042
vt 0.294902 0.539991
vt 0.296421 0.536000
vt 0.313926 0.754028
vt 0.310958 0.748981
vt 0.308096 0.743937
vt 0.316884 0.745722
vt 0.314141 0.740873
vt 0.319729 0.750545
vt 0.297758 0.516236
vt 0.300138 0.511425
vt 0.306490 0.514008
vt 0.304182 0.518681
vt 0.305341 0.738926
vt 0.302701 0.733977
vt 0.311496 0.736034
vt 0.308955 0.731241
vt 0.293458 0.525440
vt 0.295527 0.520913
vt 0.302008 0.523226
vt 0.299981 0.527629
vt 0.293550 0.715322
vt 0.291678 0.711018
vt 0.289987 0.706854
vt 0.298211 0.708934
vt 0.296542 0.704880
vt 0.300054 0.713121
vt 0.291563 0.529815
vt 0.298116 0.531885
vt 0.297816 0.724379
vt 0.295600 0.719777
vt 0.302063 0.717453
vt 0.304225 0.721926
vt 0.288477 0.702812
vt 0.295048 0.700940
vt 0.300188 0.729119
vt 0.306527 0.726529
vt 0.282520 0.562065
vt 0.289262 0.563386
vt 0.280791 0.632152
vt 0.280759 0.626194
vt 0.280739 0.620203
vt 0.287746 0.626051
vt 0.287724 0.620201
vt 0.287776 0.631868
vt 0.280836 0.638036
vt 0.287819 0.637614
vt 0.280720 0.614219
vt 0.287707 0.614358
vt 0.303003 0.537860
vt 0.304667 0.533835
vt 0.306489 0.529678
vt 0.311684 0.535754
vt 0.313436 0.531675
vt 0.310073 0.539714
vt 0.310590 0.719642
vt 0.308500 0.715284
vt 0.306547 0.711057
vt 0.315353 0.713176
vt 0.313487 0.709037
vt 0.317335 0.717430
vt 0.303106 0.702999
vt 0.301636 0.699139
vt 0.300338 0.695355
vt 0.308732 0.697305
vt 0.307464 0.693566
vt 0.310163 0.701113
vt 0.315121 0.728688
vt 0.312802 0.724118
vt 0.319417 0.721784
vt 0.321583 0.726211
vt 0.295576 0.568902
vt 0.296001 0.564757
vt 0.296543 0.560769
vt 0.303225 0.566302
vt 0.303755 0.562361
vt 0.302809 0.570389
vt 0.294640 0.631537
vt 0.294607 0.625885
vt 0.294584 0.620203
vt 0.301733 0.625682
vt 0.301706 0.620211
vt 0.301776 0.631126
vt 0.294745 0.642608
vt 0.294685 0.637123
vt 0.301836 0.636514
vt 0.301913 0.641814
vt 0.294570 0.614527
vt 0.294566 0.608892
vt 0.301700 0.614746
vt 0.301709 0.609316
vt 0.299211 0.691610
vt 0.298247 0.687860
vt 0.306361 0.689861
vt 0.305418 0.686148
vt 0.315089 0.511784
vt 0.317494 0.507097
vt 0.319980 0.502392
vt 0.323778 0.509747
vt 0.326068 0.505238
vt 0.321548 0.514262
vt 0.294576 0.603335
vt 0.294602 0.597888
vt 0.301736 0.603953
vt 0.301781 0.598686
vt 0.297445 0.684059
vt 0.296785 0.680165
vt 0.304631 0.682386
vt 0.303985 0.678535
vt 0.295014 0.577763
vt 0.295253 0.573232
vt 0.302491 0.574649
vt 0.302251 0.579094
vt 0.296253 0.676137
vt 0.295831 0.671941
vt 0.303465 0.674557
vt 0.303052 0.670423
vt 0.294726 0.587447
vt 0.294844 0.582503
vt 0.302073 0.583731
vt 0.301943 0.588552
vt 0.294927 0.653152
vt 0.294823 0.647961
vt 0.302009 0.646997
vt 0.302131 0.652038
vt 0.294649 0.592583
vt 0.301848 0.593544
vt 0.295255 0.662960
vt 0.295067 0.658156
vt 0.302283 0.656913
vt 0.302478 0.661606
vt 0.297217 0.556901
vt 0.298039 0.553110
vt 0.304417 0.558535
vt 0.305225 0.554783
vt 0.295504 0.667554
vt 0.302729 0.666109
vt 0.299027 0.549355
vt 0.300181 0.545589
vt 0.306192 0.551066
vt 0.307322 0.547341
vt 0.322545 0.497710
vt 0.325194 0.493092
vt 0.328417 0.500778
vt 0.330829 0.496415
vt 0.301506 0.541769
vt 0.308617 0.543568
vt 0.325288 0.747215
vt 0.322617 0.742626
vt 0.320033 0.737981
vt 0.328489 0.739574
vt 0.326124 0.735148
vt 0.330921 0.743912
vt 0.310558 0.520956
vt 0.312773 0.516415
vt 0.319386 0.518744
vt 0.317304 0.523156
vt 0.317534 0.733322
vt 0.323821 0.730679
vt 0.308458 0.525383
vt 0.315315 0.527473
vt 0.304745 0.706965
vt 0.311752 0.705018
vt 0.324937 0.525391
vt 0.326823 0.521108
vt 0.328765 0.516783
vt 0.334680 0.523403
vt 0.336359 0.519215
vt 0.333039 0.527575
vt 0.332844 0.732256
vt 0.330810 0.727989
vt 0.328815 0.723696
vt 0.338142 0.725418
vt 0.336433 0.721275
vt 0.339867 0.729514
vt 0.321392 0.533731
vt 0.323122 0.529605
vt 0.331448 0.531705
vt 0.329922 0.535774
vt 0.321448 0.706950
vt 0.319832 0.702978
vt 0.318338 0.699102
vt 0.328561 0.700919
vt 0.327212 0.697043
vt 0.330002 0.704871
vt 0.318251 0.541680
vt 0.319763 0.537756
vt 0.328473 0.539769
vt 0.327113 0.543685
vt 0.324983 0.715183
vt 0.323171 0.711021
vt 0.331524 0.708898
vt 0.333111 0.712987
vt 0.316979 0.695310
vt 0.315763 0.691579
vt 0.325968 0.693237
vt 0.324836 0.689483
vt 0.326869 0.719417
vt 0.334752 0.717121
vt 0.311128 0.572218
vt 0.311574 0.568173
vt 0.312125 0.564259
vt 0.320640 0.570241
vt 0.321250 0.566344
vt 0.320112 0.574246
vt 0.309674 0.630603
vt 0.309611 0.625425
vt 0.309576 0.620226
vt 0.317824 0.625148
vt 0.317780 0.620244
vt 0.317914 0.630037
vt 0.309885 0.640798
vt 0.309765 0.635736
vt 0.318050 0.634892
vt 0.318233 0.639693
vt 0.309583 0.615031
vt 0.309619 0.609865
vt 0.317805 0.615342
vt 0.317875 0.610461
vt 0.314696 0.687878
vt 0.313777 0.684170
vt 0.323823 0.685757
vt 0.322929 0.682029
vt 0.330752 0.512451
vt 0.332776 0.508152
vt 0.338064 0.515042
vt 0.339784 0.510921
vt 0.309683 0.604751
vt 0.309776 0.599714
vt 0.317992 0.605621
vt 0.318156 0.600839
vt 0.312990 0.680419
vt 0.312332 0.676586
vt 0.322124 0.678270
vt 0.321422 0.674443
vt 0.310478 0.580772
vt 0.310768 0.576414
vt 0.319656 0.578374
vt 0.319259 0.582632
vt 0.311789 0.672639
vt 0.311343 0.668553
vt 0.320813 0.670520
vt 0.320281 0.666482
vt 0.310053 0.589964
vt 0.310243 0.585291
vt 0.318915 0.587016
vt 0.318617 0.591521
vt 0.310211 0.650621
vt 0.310033 0.645767
vt 0.318460 0.644423
vt 0.318732 0.649064
vt 0.309899 0.594778
vt 0.318364 0.596133
vt 0.310674 0.659905
vt 0.310423 0.655338
vt 0.319047 0.653602
vt 0.319407 0.658023
vt 0.312796 0.560449
vt 0.313602 0.556707
vt 0.321958 0.562535
vt 0.322774 0.558783
vt 0.310977 0.664310
vt 0.319816 0.662317
vt 0.314543 0.552994
vt 0.315633 0.549274
vt 0.323682 0.555050
vt 0.324710 0.551307
vt 0.334834 0.503930
vt 0.336926 0.499834
vt 0.341511 0.506894
vt 0.343241 0.503010
vt 0.316871 0.545513
vt 0.325856 0.547526
vt 0.337020 0.740527
vt 0.334914 0.736451
vt 0.341601 0.733521
vt 0.343336 0.737390
vt 0.338170 0.537776
vt 0.339482 0.533744
vt 0.340845 0.529667
vt 0.346757 0.535977
vt 0.347941 0.531904
vt 0.345626 0.539994
vt 0.338285 0.702842
vt 0.337041 0.698900
vt 0.335865 0.695020
vt 0.344709 0.696687
vt 0.343699 0.692842
vt 0.345775 0.700605
vt 0.335740 0.545662
vt 0.336921 0.541750
vt 0.344554 0.543943
vt 0.343540 0.547819
vt 0.340950 0.710886
vt 0.339591 0.706841
vt 0.346898 0.704592
vt 0.348072 0.708636
vt 0.334764 0.691200
vt 0.333739 0.687429
vt 0.342739 0.689071
vt 0.341823 0.685366
vt 0.343782 0.719045
vt 0.342351 0.714961
vt 0.349290 0.712722
vt 0.350536 0.716830
vt 0.328863 0.576137
vt 0.329501 0.572196
vt 0.330197 0.568340
vt 0.337621 0.573676
vt 0.338381 0.569946
vt 0.336885 0.577485
vt 0.325803 0.629557
vt 0.325689 0.624913
vt 0.325640 0.620255
vt 0.332894 0.624782
vt 0.332867 0.620250
vt 0.333020 0.629299
vt 0.326231 0.638745
vt 0.325984 0.634173
vt 0.333240 0.633784
vt 0.333549 0.638223
vt 0.325678 0.615599
vt 0.325781 0.610961
vt 0.332890 0.615719
vt 0.333012 0.611209
vt 0.332793 0.683689
vt 0.331928 0.679952
vt 0.340939 0.681714
vt 0.340076 0.678098
vt 0.343684 0.521454
vt 0.345132 0.517367
vt 0.346577 0.513334
vt 0.351691 0.519537
vt 0.352944 0.515447
vt 0.350425 0.523662
vt 0.325950 0.606356
vt 0.326186 0.601799
vt 0.333227 0.606735
vt 0.333531 0.602312
vt 0.331093 0.676202
vt 0.330329 0.672400
vt 0.339275 0.674463
vt 0.338482 0.670782
vt 0.327748 0.584313
vt 0.328279 0.580174
vt 0.336184 0.581385
vt 0.335527 0.585383
vt 0.329626 0.668524
vt 0.328979 0.664558
vt 0.337707 0.667033
vt 0.336956 0.663201
vt 0.326849 0.592885
vt 0.327271 0.588552
vt 0.334924 0.589481
vt 0.334386 0.593674
vt 0.326918 0.647701
vt 0.326544 0.643259
vt 0.333942 0.642600
vt 0.334415 0.646904
vt 0.326487 0.597305
vt 0.333919 0.597954
vt 0.327841 0.656326
vt 0.327352 0.652060
vt 0.334962 0.651123
vt 0.335574 0.655248
vt 0.330956 0.564551
vt 0.331789 0.560804
vt 0.339157 0.566276
vt 0.339943 0.562644
vt 0.328384 0.660493
vt 0.336242 0.659274
vt 0.332655 0.557061
vt 0.333604 0.553305
vt 0.340793 0.559018
vt 0.341669 0.555348
vt 0.348004 0.509394
vt 0.349396 0.505592
vt 0.354158 0.511428
vt 0.355306 0.507512
vt 0.334633 0.549511
vt 0.342581 0.551619
vt 0.349488 0.734840
vt 0.348096 0.731049
vt 0.346671 0.727123
vt 0.354244 0.729017
vt 0.353038 0.725010
vt 0.355387 0.732925
vt 0.342250 0.525563
vt 0.349168 0.527792
vt 0.345227 0.723109
vt 0.351793 0.720936
vt 0.361348 0.731416
vt 0.360373 0.727211
vt 0.359297 0.722936
vt 0.367026 0.725441
vt 0.365985 0.720754
vt 0.367939 0.730142
vt 0.354671 0.534589
vt 0.355766 0.530383
vt 0.356905 0.526112
vt 0.362576 0.533286
vt 0.363658 0.528829
vt 0.361565 0.537606
vt 0.358169 0.718635
vt 0.357028 0.714348
vt 0.364889 0.716125
vt 0.363794 0.711585
vt 0.352672 0.542725
vt 0.353637 0.538709
vt 0.360638 0.541768
vt 0.359799 0.545757
vt 0.352863 0.697866
vt 0.351974 0.694007
vt 0.351140 0.690270
vt 0.359277 0.691081
vt 0.358577 0.687503
vt 0.360028 0.694837
vt 0.350938 0.550402
vt 0.351775 0.546625
vt 0.359038 0.549566
vt 0.358337 0.553196
vt 0.354832 0.705928
vt 0.353814 0.701844
vt 0.360850 0.698774
vt 0.361754 0.702888
vt 0.350342 0.686651
vt 0.349562 0.683135
vt 0.357903 0.684087
vt 0.357230 0.680808
vt 0.355908 0.710103
vt 0.362739 0.707165
vt 0.344652 0.578307
vt 0.345477 0.574741
vt 0.346290 0.571267
vt 0.353286 0.575714
vt 0.354124 0.572530
vt 0.352408 0.579004
vt 0.339859 0.629284
vt 0.339700 0.624763
vt 0.339662 0.620223
vt 0.346567 0.624796
vt 0.346516 0.620185
vt 0.346767 0.629379
vt 0.340528 0.638179
vt 0.340137 0.633763
vt 0.347111 0.633901
vt 0.347591 0.638331
vt 0.339703 0.615685
vt 0.339866 0.611174
vt 0.346578 0.615579
vt 0.346789 0.611010
vt 0.348781 0.679699
vt 0.347982 0.676311
vt 0.356534 0.677632
vt 0.355797 0.674517
vt 0.358064 0.521802
vt 0.359209 0.517486
vt 0.364782 0.524261
vt 0.365904 0.519610
vt 0.340147 0.606711
vt 0.340539 0.602317
vt 0.347143 0.606513
vt 0.347631 0.602116
vt 0.347193 0.672921
vt 0.346375 0.669494
vt 0.355029 0.671413
vt 0.354205 0.668276
vt 0.343045 0.585798
vt 0.343835 0.581988
vt 0.351511 0.582432
vt 0.350618 0.586022
vt 0.345535 0.665997
vt 0.344687 0.662400
vt 0.353332 0.665064
vt 0.352424 0.661736
vt 0.341629 0.593817
vt 0.342303 0.589742
vt 0.349758 0.589789
vt 0.348957 0.593734
vt 0.341619 0.646740
vt 0.341025 0.642510
vt 0.348197 0.642639
vt 0.348913 0.646802
vt 0.341036 0.598014
vt 0.348241 0.597849
vt 0.343049 0.654834
vt 0.342299 0.650851
vt 0.349718 0.650799
vt 0.350590 0.654619
vt 0.347080 0.567854
vt 0.347841 0.564465
vt 0.354911 0.569408
vt 0.355643 0.566305
vt 0.343852 0.658683
vt 0.351501 0.658262
vt 0.348616 0.561065
vt 0.349378 0.557606
vt 0.356348 0.563176
vt 0.357018 0.559974
vt 0.360301 0.513198
vt 0.361289 0.508985
vt 0.366969 0.514910
vt 0.367904 0.510201
vt 0.350145 0.554058
vt 0.357673 0.556657
vt 0.354683 0.601960
vt 0.355355 0.597746
vt 0.356132 0.593729
vt 0.362363 0.597784
vt 0.363108 0.593871
vt 0.361712 0.601927
vt 0.357851 0.654316
vt 0.356936 0.650661
vt 0.356075 0.646791
vt 0.363890 0.650378
vt 0.363069 0.646632
vt 0.364753 0.653881
vt 0.361392 0.573778
vt 0.362155 0.570911
vt 0.362860 0.568060
vt 0.368749 0.572356
vt 0.369428 0.569724
vt 0.368027 0.575006
vt 0.359723 0.661011
vt 0.358789 0.657760
vt 0.365632 0.657152
vt 0.366501 0.660214
vt 0.363526 0.565179
vt 0.364156 0.562217
vt 0.370079 0.567064
vt 0.370712 0.564322
vt 0.373112 0.521868
vt 0.374298 0.516703
vt 0.375354 0.511397
vt 0.382475 0.518860
vt 0.383902 0.512946
vt 0.380951 0.524460
vt 0.364770 0.559128
vt 0.365394 0.555872
vt 0.371346 0.561451
vt 0.372008 0.558405
vt 0.375364 0.728880
vt 0.374337 0.723584
vt 0.373182 0.718438
vt 0.382489 0.721366
vt 0.380998 0.715794
vt 0.383886 0.727268
vt 0.368516 0.540674
vt 0.369546 0.536288
vt 0.370678 0.531681
vt 0.376661 0.539404
vt 0.377987 0.534728
vt 0.375477 0.543777
vt 0.371985 0.713468
vt 0.370816 0.708694
vt 0.379514 0.710546
vt 0.378107 0.705618
vt 0.366780 0.548739
vt 0.367595 0.544826
vt 0.374435 0.547850
vt 0.373525 0.551633
vt 0.367028 0.691867
vt 0.366312 0.688252
vt 0.365651 0.684855
vt 0.372975 0.685549
vt 0.372261 0.682349
vt 0.373764 0.688990
vt 0.366055 0.552417
vt 0.372725 0.555143
vt 0.368719 0.699806
vt 0.367824 0.695716
vt 0.374653 0.692700
vt 0.375667 0.696701
vt 0.365017 0.681650
vt 0.364383 0.678600
vt 0.371592 0.679355
vt 0.370942 0.676523
vt 0.369718 0.704136
vt 0.376818 0.701004
vt 0.359702 0.579755
vt 0.360572 0.576710
vt 0.367261 0.577726
vt 0.366453 0.580566
vt 0.353707 0.629459
vt 0.353478 0.624823
vt 0.353415 0.620147
vt 0.360523 0.624820
vt 0.360453 0.620114
vt 0.360755 0.629478
vt 0.354631 0.638442
vt 0.354095 0.634013
vt 0.361142 0.634032
vt 0.361670 0.638436
vt 0.353494 0.615480
vt 0.353737 0.610864
vt 0.360536 0.615418
vt 0.360781 0.610787
vt 0.363726 0.675666
vt 0.363027 0.672798
vt 0.370288 0.673809
vt 0.369609 0.671160
vt 0.371882 0.526868
vt 0.379432 0.529747
vt 0.354138 0.606344
vt 0.361178 0.606274
vt 0.362286 0.669945
vt 0.361485 0.667062
vt 0.368898 0.668525
vt 0.368143 0.665856
vt 0.357883 0.586335
vt 0.358798 0.582952
vt 0.365613 0.583570
vt 0.364760 0.586772
vt 0.360627 0.664099
vt 0.367342 0.663102
vt 0.356984 0.589924
vt 0.363916 0.590201
vt 0.355298 0.642711
vt 0.362320 0.642645
vt 0.372698 0.659404
vt 0.371956 0.656500
vt 0.371214 0.653376
vt 0.377085 0.655931
vt 0.376517 0.652915
vt 0.377669 0.658716
vt 0.375307 0.571286
vt 0.375954 0.568829
vt 0.376616 0.566299
vt 0.380564 0.570285
vt 0.381265 0.567938
vt 0.379919 0.572569
vt 0.389279 0.527643
vt 0.391403 0.521751
vt 0.393533 0.515341
vt 0.399619 0.525256
vt 0.402696 0.518668
vt 0.396759 0.531155
vt 0.377313 0.563644
vt 0.378071 0.560817
vt 0.382041 0.565476
vt 0.382917 0.562852
vt 0.393484 0.724816
vt 0.391377 0.718423
vt 0.389282 0.712569
vt 0.399545 0.714883
vt 0.396704 0.709033
vt 0.402614 0.721445
vt 0.382268 0.546959
vt 0.383738 0.542702
vt 0.385404 0.538081
vt 0.389781 0.545803
vt 0.391836 0.541361
vt 0.387983 0.549858
vt 0.387297 0.707194
vt 0.385478 0.702250
vt 0.394135 0.703758
vt 0.391846 0.698970
vt 0.379880 0.554468
vt 0.380989 0.550873
vt 0.386424 0.553557
vt 0.385079 0.556932
vt 0.380084 0.686176
vt 0.379138 0.682945
vt 0.378302 0.679963
vt 0.384100 0.680723
vt 0.383116 0.677952
vt 0.385234 0.683736
vt 0.378917 0.557771
vt 0.383920 0.560018
vt 0.382416 0.693526
vt 0.381168 0.689692
vt 0.386548 0.687031
vt 0.388070 0.690644
vt 0.377545 0.677187
vt 0.376842 0.674571
vt 0.382252 0.675378
vt 0.381481 0.672953
vt 0.383849 0.697703
vt 0.389829 0.694613
vt 0.372604 0.581383
vt 0.373306 0.578716
vt 0.373989 0.576178
vt 0.378100 0.579537
vt 0.378687 0.577141
vt 0.377523 0.582071
vt 0.367847 0.629439
vt 0.367643 0.624789
vt 0.367573 0.620085
vt 0.373923 0.624747
vt 0.373860 0.620061
vt 0.374072 0.629374
vt 0.368624 0.638331
vt 0.368177 0.633971
vt 0.374308 0.633875
vt 0.374625 0.638189
vt 0.367647 0.615391
vt 0.367853 0.610773
vt 0.373911 0.615387
vt 0.374049 0.610794
vt 0.376168 0.672065
vt 0.375503 0.669617
vt 0.380778 0.670628
vt 0.380127 0.668349
vt 0.387260 0.533071
vt 0.394161 0.536496
vt 0.368185 0.606290
vt 0.368630 0.601996
vt 0.374273 0.606348
vt 0.374578 0.602105
vt 0.374827 0.667179
vt 0.374137 0.664697
vt 0.379487 0.666073
vt 0.378869 0.663742
vt 0.371170 0.587273
vt 0.371888 0.584222
vt 0.376958 0.584788
vt 0.376409 0.587725
vt 0.373427 0.662122
vt 0.378265 0.661305
vt 0.369791 0.594115
vt 0.370464 0.590565
vt 0.375884 0.590913
vt 0.375396 0.594370
vt 0.369801 0.646369
vt 0.369172 0.642473
vt 0.375016 0.642272
vt 0.375470 0.646095
vt 0.369172 0.597929
vt 0.374956 0.598104
vt 0.370489 0.650003
vt 0.375975 0.649642
vt 0.374654 0.573719
vt 0.379290 0.574835
vt 0.379655 0.594732
vt 0.379962 0.591343
vt 0.380311 0.588222
vt 0.383454 0.591947
vt 0.383653 0.588879
vt 0.383305 0.595274
vt 0.379792 0.645717
vt 0.379514 0.641960
vt 0.379284 0.637941
vt 0.383371 0.641481
vt 0.383282 0.637545
vt 0.383494 0.645164
vt 0.379184 0.602332
vt 0.379395 0.598398
vt 0.383201 0.598868
vt 0.383138 0.602720
vt 0.380478 0.652406
vt 0.380114 0.649198
vt 0.383658 0.648580
vt 0.383868 0.651734
vt 0.382090 0.577914
vt 0.382637 0.575691
vt 0.383238 0.573523
vt 0.385529 0.576510
vt 0.386120 0.574363
vt 0.385021 0.578707
vt 0.381318 0.658076
vt 0.380881 0.655356
vt 0.384129 0.654640
vt 0.384444 0.657323
vt 0.383903 0.571348
vt 0.384658 0.569118
vt 0.386822 0.572230
vt 0.387637 0.570059
vt 0.402598 0.534413
vt 0.406068 0.528814
vt 0.410055 0.522491
vt 0.411352 0.532385
vt 0.415830 0.526804
vt 0.407491 0.537478
vt 0.385521 0.566786
vt 0.386517 0.564306
vt 0.388587 0.567806
vt 0.389694 0.565429
vt 0.409952 0.717607
vt 0.405956 0.711319
vt 0.402494 0.705779
vt 0.411222 0.707763
vt 0.407360 0.702736
vt 0.415724 0.713297
vt 0.392378 0.552078
vt 0.394455 0.548258
vt 0.396832 0.544068
vt 0.398522 0.550306
vt 0.401139 0.546401
vt 0.396226 0.553878
vt 0.399455 0.700796
vt 0.396784 0.696281
vt 0.403996 0.698155
vt 0.401049 0.693974
vt 0.389014 0.558733
vt 0.390573 0.555558
vt 0.394223 0.557144
vt 0.392485 0.560135
vt 0.389121 0.681956
vt 0.387811 0.679123
vt 0.386683 0.676511
vt 0.391088 0.677883
vt 0.389830 0.675392
vt 0.392551 0.680567
vt 0.387672 0.561636
vt 0.390985 0.562885
vt 0.392408 0.688447
vt 0.390643 0.685051
vt 0.394249 0.683485
vt 0.396211 0.686670
vt 0.385708 0.674079
vt 0.384859 0.671780
vt 0.388750 0.673056
vt 0.387823 0.670832
vt 0.394445 0.692178
vt 0.398467 0.690156
vt 0.381126 0.582701
vt 0.381589 0.580236
vt 0.384585 0.581002
vt 0.384215 0.583437
vt 0.378969 0.629249
vt 0.378884 0.624679
vt 0.378845 0.620049
vt 0.383147 0.624570
vt 0.383130 0.620044
vt 0.383177 0.629039
vt 0.379102 0.633689
vt 0.383220 0.633384
vt 0.378856 0.615429
vt 0.378915 0.610895
vt 0.383106 0.615530
vt 0.383097 0.611097
vt 0.384114 0.669568
vt 0.383452 0.667396
vt 0.387026 0.668675
vt 0.386336 0.666540
vt 0.399536 0.539469
vt 0.404113 0.542135
vt 0.379025 0.606511
vt 0.383105 0.606809
vt 0.382851 0.665215
vt 0.382300 0.662963
vt 0.385754 0.664379
vt 0.385251 0.662153
vt 0.380700 0.585351
vt 0.383906 0.586052
vt 0.381791 0.660598
vt 0.384816 0.659814
vt 0.405324 0.548744
vt 0.408470 0.544862
vt 0.412029 0.540679
vt 0.413107 0.548003
vt 0.416696 0.544374
vt 0.409899 0.551438
vt 0.387174 0.611369
vt 0.387101 0.607205
vt 0.387030 0.603227
vt 0.391553 0.607741
vt 0.391404 0.603908
vt 0.391681 0.611741
vt 0.389391 0.665603
vt 0.388809 0.663454
vt 0.388333 0.661236
vt 0.392549 0.662275
vt 0.392087 0.660063
vt 0.393140 0.664414
vt 0.387042 0.589683
vt 0.387184 0.586892
vt 0.387401 0.584303
vt 0.391083 0.587982
vt 0.391229 0.585418
vt 0.391027 0.590731
vt 0.387952 0.658908
vt 0.387658 0.656434
vt 0.391744 0.657745
vt 0.391508 0.655289
vt 0.386947 0.595961
vt 0.386966 0.592700
vt 0.391048 0.593688
vt 0.391130 0.596868
vt 0.387179 0.644467
vt 0.387183 0.640870
vt 0.387211 0.637035
vt 0.391498 0.640060
vt 0.391613 0.636354
vt 0.391395 0.643549
vt 0.386973 0.599472
vt 0.391256 0.600277
vt 0.387296 0.650913
vt 0.387212 0.647814
vt 0.391327 0.646810
vt 0.391312 0.649844
vt 0.388089 0.579599
vt 0.388577 0.577410
vt 0.389175 0.575277
vt 0.392313 0.578555
vt 0.392927 0.576433
vt 0.391834 0.580737
vt 0.387442 0.653779
vt 0.391368 0.652663
vt 0.389905 0.573164
vt 0.390773 0.571031
vt 0.393684 0.574338
vt 0.394600 0.572237
vt 0.416076 0.536197
vt 0.420732 0.531432
vt 0.420724 0.540590
vt 0.425272 0.536712
vt 0.391799 0.568837
vt 0.393004 0.566542
vt 0.395695 0.570097
vt 0.396984 0.567882
vt 0.420636 0.708681
vt 0.415945 0.703974
vt 0.411886 0.699562
vt 0.420608 0.699607
vt 0.416561 0.695895
vt 0.425197 0.703418
vt 0.400084 0.555642
vt 0.402540 0.552333
vt 0.407032 0.554663
vt 0.404477 0.557676
vt 0.408335 0.695456
vt 0.405209 0.691657
vt 0.412970 0.692343
vt 0.409774 0.688986
vt 0.396044 0.561503
vt 0.397927 0.558690
vt 0.402215 0.560484
vt 0.400224 0.563105
vt 0.396077 0.679207
vt 0.394484 0.676659
vt 0.393114 0.674274
vt 0.398536 0.675197
vt 0.397071 0.672918
vt 0.400232 0.677603
vt 0.394411 0.564109
vt 0.398487 0.565562
vt 0.400035 0.684924
vt 0.397919 0.681952
vt 0.402183 0.680163
vt 0.404408 0.682902
vt 0.391942 0.672014
vt 0.390944 0.669843
vt 0.395819 0.670733
vt 0.394758 0.668610
vt 0.402455 0.688152
vt 0.406930 0.685840
vt 0.387700 0.581883
vt 0.391476 0.583014
vt 0.387274 0.628768
vt 0.387286 0.624433
vt 0.387277 0.620045
vt 0.391835 0.624252
vt 0.391826 0.620051
vt 0.391797 0.628405
vt 0.387246 0.632987
vt 0.391719 0.632456
vt 0.387234 0.615669
vt 0.391776 0.615863
vt 0.390100 0.667720
vt 0.393871 0.666515
vt 0.409829 0.560320
vt 0.412385 0.557647
vt 0.415213 0.554837
vt 0.418172 0.561139
vt 0.420806 0.558723
vt 0.415749 0.563484
vt 0.421638 0.691389
vt 0.418206 0.688452
vt 0.415094 0.685599
vt 0.423549 0.684086
vt 0.420704 0.681703
vt 0.426618 0.686468
vt 0.405497 0.565256
vt 0.407536 0.562854
vt 0.413538 0.565752
vt 0.411545 0.567932
vt 0.405488 0.675438
vt 0.403732 0.673197
vt 0.402206 0.671043
vt 0.409784 0.670664
vt 0.408260 0.668653
vt 0.411526 0.672732
vt 0.402137 0.569729
vt 0.403702 0.567541
vt 0.409767 0.570041
vt 0.408204 0.572083
vt 0.409750 0.680257
vt 0.407490 0.677785
vt 0.413487 0.674862
vt 0.415672 0.677073
vt 0.400897 0.668950
vt 0.399788 0.666894
vt 0.406941 0.666670
vt 0.405823 0.664704
vt 0.412281 0.682862
vt 0.418077 0.679354
vt 0.396249 0.586907
vt 0.396462 0.584534
vt 0.396801 0.582281
vt 0.402491 0.586387
vt 0.402822 0.584188
vt 0.402292 0.588705
vt 0.397231 0.627920
vt 0.397274 0.624009
vt 0.397258 0.620062
vt 0.403292 0.623711
vt 0.403262 0.620077
vt 0.403276 0.627324
vt 0.396995 0.635450
vt 0.397134 0.631748
vt 0.403210 0.630890
vt 0.403095 0.634361
vt 0.397211 0.616125
vt 0.397108 0.612242
vt 0.403232 0.616448
vt 0.403157 0.612855
vt 0.398866 0.664845
vt 0.398117 0.662777
vt 0.404891 0.662724
vt 0.404137 0.660720
vt 0.418329 0.551909
vt 0.421751 0.548899
vt 0.423647 0.556273
vt 0.426701 0.553825
vt 0.396956 0.608457
vt 0.396770 0.604813
vt 0.403035 0.609324
vt 0.402871 0.605901
vt 0.397515 0.660665
vt 0.397060 0.658476
vt 0.403534 0.658664
vt 0.403082 0.656524
vt 0.396153 0.592115
vt 0.396152 0.589427
vt 0.402214 0.591154
vt 0.402235 0.593762
vt 0.396741 0.656184
vt 0.396543 0.653762
vt 0.402774 0.654288
vt 0.402592 0.651924
vt 0.396385 0.598065
vt 0.396238 0.594991
vt 0.402339 0.596534
vt 0.402497 0.599488
vt 0.396672 0.642338
vt 0.396833 0.638988
vt 0.402948 0.637709
vt 0.402789 0.640896
vt 0.396571 0.601342
vt 0.402685 0.602611
vt 0.396459 0.648432
vt 0.396539 0.645486
vt 0.402648 0.643917
vt 0.402550 0.646753
vt 0.397280 0.580121
vt 0.397908 0.578028
vt 0.403301 0.582077
vt 0.403934 0.580040
vt 0.396455 0.651185
vt 0.402525 0.649422
vt 0.398688 0.575968
vt 0.399644 0.573916
vt 0.404722 0.578044
vt 0.405690 0.576063
vt 0.425511 0.545863
vt 0.429646 0.542880
vt 0.429974 0.551441
vt 0.433478 0.549186
vt 0.400789 0.571846
vt 0.406847 0.574087
vt 0.429597 0.697268
vt 0.425422 0.694354
vt 0.429916 0.688787
vt 0.433453 0.690977
vt 0.409236 0.649860
vt 0.409342 0.647351
vt 0.409141 0.644845
vt 0.135816 0.844963
vt 0.139714 0.837882
vt 0.137489 0.838564
vt 0.134211 0.843346
vt 0.137374 0.846673
vt 0.139839 0.841044
vt 0.410619 0.582348
vt 0.411576 0.580474
vt 0.412303 0.578509
vt 0.150988 0.799822
vt 0.149596 0.808421
vt 0.151436 0.806463
vt 0.152966 0.800268
vt 0.149027 0.799264
vt 0.148507 0.805714
vt 0.431132 0.558429
vt 0.433908 0.556660
vt 0.436603 0.554788
vt 0.164930 0.823411
vt 0.158651 0.823816
vt 0.160339 0.825822
vt 0.164969 0.826251
vt 0.164969 0.820564
vt 0.160341 0.821588
vt 0.413622 0.576679
vt 0.414722 0.574712
vt 0.154770 0.801431
vt 0.152059 0.809472
vt 0.154142 0.808118
vt 0.156608 0.802489
vt 0.436603 0.685393
vt 0.433883 0.683573
vt 0.431083 0.681857
vt 0.164476 0.829042
vt 0.158356 0.827487
vt 0.159665 0.829993
vt 0.164060 0.831853
vt 0.421726 0.566729
vt 0.424046 0.564719
vt 0.426168 0.562526
vt 0.163145 0.812612
vt 0.157500 0.816773
vt 0.159672 0.817506
vt 0.164061 0.815083
vt 0.162298 0.810085
vt 0.158367 0.813781
vt 0.428663 0.679790
vt 0.426093 0.677873
vt 0.163140 0.834447
vt 0.157490 0.831011
vt 0.158354 0.833891
vt 0.162290 0.837085
vt 0.417880 0.570810
vt 0.419909 0.568866
vt 0.161004 0.807989
vt 0.156112 0.813755
vt 0.159771 0.805816
vt 0.156492 0.810599
vt 0.417854 0.669807
vt 0.416414 0.667808
vt 0.414763 0.665978
vt 0.154745 0.846721
vt 0.152037 0.839028
vt 0.151409 0.842120
vt 0.152938 0.848118
vt 0.156585 0.845424
vt 0.154119 0.840109
vt 0.416408 0.572848
vt 0.158165 0.804200
vt 0.154268 0.811280
vt 0.421659 0.673786
vt 0.419859 0.671701
vt 0.158146 0.843511
vt 0.154249 0.836930
vt 0.159755 0.841685
vt 0.156474 0.837320
vt 0.413700 0.664032
vt 0.412422 0.662217
vt 0.150959 0.848822
vt 0.149572 0.840401
vt 0.148479 0.843251
vt 0.148996 0.849636
vt 0.423971 0.675738
vt 0.160993 0.839351
vt 0.156098 0.834212
vt 0.408937 0.590725
vt 0.409342 0.588554
vt 0.409485 0.586346
vt 0.143022 0.800340
vt 0.144409 0.808761
vt 0.145503 0.805911
vt 0.144985 0.799527
vt 0.141043 0.801044
vt 0.142572 0.807043
vt 0.409357 0.626591
vt 0.409454 0.623311
vt 0.409211 0.620097
vt 0.129052 0.825752
vt 0.135331 0.825347
vt 0.133643 0.823340
vt 0.129013 0.822911
vt 0.129013 0.828598
vt 0.133641 0.827574
vt 0.409380 0.633062
vt 0.409558 0.629805
vt 0.129504 0.831323
vt 0.135621 0.828979
vt 0.129920 0.834079
vt 0.134309 0.831656
vt 0.409405 0.616884
vt 0.409256 0.613612
vt 0.129505 0.820120
vt 0.135626 0.821676
vt 0.134317 0.819169
vt 0.129922 0.817309
vt 0.411733 0.660254
vt 0.410817 0.658375
vt 0.146976 0.849710
vt 0.146978 0.840982
vt 0.145474 0.843448
vt 0.144955 0.849899
vt 0.428727 0.560552
vt 0.164477 0.817839
vt 0.158360 0.820184
vt 0.409407 0.610422
vt 0.409179 0.607199
vt 0.130841 0.814716
vt 0.136491 0.818151
vt 0.135627 0.815271
vt 0.131691 0.812077
vt 0.410400 0.656312
vt 0.409744 0.654324
vt 0.142994 0.849341
vt 0.144385 0.840741
vt 0.142545 0.842700
vt 0.141015 0.848895
vt 0.408834 0.595631
vt 0.409035 0.593180
vt 0.139236 0.802442
vt 0.141944 0.810135
vt 0.137397 0.803739
vt 0.139862 0.809053
vt 0.409625 0.652075
vt 0.139211 0.847731
vt 0.141922 0.839691
vt 0.408986 0.601138
vt 0.409080 0.598379
vt 0.135835 0.805652
vt 0.139732 0.812233
vt 0.134226 0.807478
vt 0.137507 0.811842
vt 0.409261 0.639220
vt 0.409510 0.636137
vt 0.130837 0.836551
vt 0.136482 0.832389
vt 0.131683 0.839078
vt 0.135615 0.835382
vt 0.409270 0.604169
vt 0.132989 0.809811
vt 0.137884 0.814950
vt 0.409375 0.642037
vt 0.132977 0.841174
vt 0.137869 0.835407
vt 0.410169 0.584387
vt 0.147006 0.799452
vt 0.147003 0.808180
vt 0.146991 0.824581
vt 0.293999 0.817369
vt 0.294530 0.802904
vt 0.313143 0.797989
vt 0.313143 0.823935
vt 0.263851 0.797313
vt 0.264964 0.793582
vt 0.273724 0.796428
vt 0.272539 0.799576
vt 0.266415 0.789953
vt 0.274795 0.793493
vt 0.268247 0.786510
vt 0.275931 0.790887
vt 0.280313 0.798422
vt 0.279497 0.801147
vt 0.280577 0.795901
vt 0.281009 0.793827
vt 0.284944 0.799629
vt 0.284917 0.802152
vt 0.284444 0.797309
vt 0.283863 0.795541
vt 0.275222 0.777256
vt 0.281750 0.783409
vt 0.279693 0.786141
vt 0.272642 0.780117
vt 0.286857 0.788817
vt 0.284766 0.790936
vt 0.290474 0.793469
vt 0.288067 0.794640
vt 0.277648 0.788601
vt 0.270280 0.783196
vt 0.282634 0.792438
vt 0.285713 0.795247
vt 0.292065 0.802939
vt 0.291481 0.800526
vt 0.294018 0.800330
vt 0.289002 0.802715
vt 0.288517 0.800264
vt 0.290166 0.797766
vt 0.292765 0.797284
vt 0.287410 0.797757
vt 0.273423 0.841817
vt 0.271059 0.838798
vt 0.278351 0.833299
vt 0.280301 0.836113
vt 0.268940 0.835586
vt 0.276508 0.830754
vt 0.267174 0.832181
vt 0.274991 0.828378
vt 0.283714 0.828797
vt 0.285684 0.831040
vt 0.281680 0.827209
vt 0.280153 0.825746
vt 0.287204 0.825297
vt 0.289532 0.826602
vt 0.284886 0.824584
vt 0.283065 0.824198
vt 0.263624 0.821414
vt 0.272120 0.819658
vt 0.273181 0.822758
vt 0.264464 0.825079
vt 0.279026 0.818441
vt 0.279688 0.821157
vt 0.284428 0.817701
vt 0.284322 0.820205
vt 0.274061 0.825729
vt 0.265626 0.828695
vt 0.279839 0.823670
vt 0.283728 0.822477
vt 0.293379 0.819920
vt 0.290877 0.819634
vt 0.291542 0.817231
vt 0.291998 0.822906
vt 0.289451 0.822298
vt 0.287898 0.819754
vt 0.288500 0.817326
vt 0.286695 0.822180
vt 0.514313 0.833859
vt 0.515337 0.830454
vt 0.518744 0.831272
vt 0.517564 0.834316
vt 0.517957 0.826641
vt 0.521162 0.828136
vt 0.522436 0.822776
vt 0.524784 0.825127
vt 0.522577 0.831652
vt 0.521473 0.834562
vt 0.524542 0.828963
vt 0.527265 0.826636
vt 0.526923 0.831759
vt 0.526424 0.834623
vt 0.528050 0.829300
vt 0.529194 0.827552
vt 0.543839 0.814231
vt 0.544709 0.817391
vt 0.536683 0.819775
vt 0.535907 0.816473
vt 0.545513 0.820581
vt 0.537636 0.822709
vt 0.546193 0.823793
vt 0.538424 0.825328
vt 0.529856 0.822398
vt 0.528561 0.819289
vt 0.531493 0.824703
vt 0.532680 0.826633
vt 0.547494 0.833509
vt 0.539595 0.834116
vt 0.539002 0.831003
vt 0.547202 0.830264
vt 0.532499 0.834485
vt 0.532211 0.831515
vt 0.538720 0.828021
vt 0.546774 0.827016
vt 0.532530 0.828853
vt 0.514170 0.853926
vt 0.517361 0.853533
vt 0.518508 0.856541
vt 0.515100 0.857314
vt 0.521268 0.853331
vt 0.522311 0.856240
vt 0.526228 0.853336
vt 0.526667 0.856218
vt 0.520875 0.859749
vt 0.517613 0.861172
vt 0.524252 0.858981
vt 0.527776 0.858706
vt 0.524437 0.862852
vt 0.522012 0.865152
vt 0.526944 0.861372
vt 0.528899 0.860485
vt 0.547494 0.854734
vt 0.547147 0.858026
vt 0.538905 0.857192
vt 0.539482 0.854022
vt 0.546657 0.861314
vt 0.538559 0.860169
vt 0.546010 0.864571
vt 0.538173 0.862874
vt 0.531989 0.856561
vt 0.532331 0.853559
vt 0.532286 0.859234
vt 0.532395 0.861470
vt 0.543451 0.874206
vt 0.535466 0.871789
vt 0.536240 0.868469
vt 0.544390 0.871024
vt 0.528104 0.868796
vt 0.529471 0.865708
vt 0.537287 0.865498
vt 0.545263 0.867811
vt 0.531157 0.863395
vt 0.295203 0.762598
vt 0.300688 0.770400
vt 0.305288 0.777974
vt 0.308636 0.784800
vt 0.310831 0.790425
vt 0.312217 0.794719
vt 0.291661 0.856884
vt 0.297464 0.849859
vt 0.302701 0.843075
vt 0.306866 0.836823
vt 0.309831 0.831481
vt 0.311792 0.827273
vt 0.163696 0.775426
vt 0.166186 0.777199
vt 0.173890 0.797302
vt 0.162164 0.793439
vt 0.172713 0.736252
vt 0.169935 0.737520
vt 0.139378 0.731142
vt 0.147631 0.725513
vt 0.165807 0.741953
vt 0.164740 0.744814
vt 0.129013 0.755062
vt 0.129829 0.746297
vt 0.361773 0.779458
vt 0.358720 0.779614
vt 0.335043 0.766056
vt 0.345487 0.763310
vt 0.353252 0.782213
vt 0.351203 0.784482
vt 0.314965 0.784650
vt 0.319389 0.777000
vt 0.161753 0.773071
vt 0.151515 0.787868
vt 0.159978 0.767279
vt 0.160485 0.770293
vt 0.142475 0.780869
vt 0.135498 0.772793
vt 0.160269 0.764240
vt 0.130934 0.764044
vt 0.347517 0.819536
vt 0.350236 0.820926
vt 0.364758 0.843750
vt 0.352852 0.840393
vt 0.167580 0.739463
vt 0.133343 0.738188
vt 0.349814 0.787200
vt 0.343133 0.805981
vt 0.314017 0.802406
vt 0.313143 0.793262
vt 0.169047 0.778266
vt 0.188473 0.782737
vt 0.198192 0.799226
vt 0.186103 0.799264
vt 0.355815 0.780554
vt 0.326196 0.770697
vt 0.342494 0.808967
vt 0.342650 0.812019
vt 0.323541 0.820449
vt 0.317542 0.811622
vt 0.364758 0.780098
vt 0.357004 0.762598
vt 0.345249 0.817488
vt 0.341650 0.835204
vt 0.175727 0.735745
vt 0.157689 0.721582
vt 0.343589 0.814925
vt 0.331714 0.828443
vt 0.178766 0.736036
vt 0.169047 0.719546
vt 0.198192 0.740507
vt 0.181136 0.719509
vt 0.436603 0.762598
vt 0.436603 0.774137
vt 0.414785 0.774137
vt 0.414785 0.762598
vt 0.934430 0.758702
vt 0.934430 0.746683
vt 0.956248 0.746683
vt 0.956248 0.758702
vt 0.436603 0.784936
vt 0.414785 0.784936
vt 0.934430 0.790674
vt 0.934430 0.780807
vt 0.956248 0.780807
vt 0.956248 0.790674
vt 0.436603 0.794926
vt 0.414785 0.794926
vt 0.934430 0.770134
vt 0.956248 0.770134
vt 0.934430 0.799859
vt 0.956248 0.799859
vt 0.436603 0.821844
vt 0.436603 0.831029
vt 0.414785 0.831029
vt 0.414785 0.821844
vt 0.436603 0.887365
vt 0.436603 0.899735
vt 0.414785 0.899735
vt 0.414785 0.887365
vt 0.934430 0.871194
vt 0.934430 0.859105
vt 0.956248 0.859105
vt 0.956248 0.871194
vt 0.436603 0.875020
vt 0.414785 0.875020
vt 0.934430 0.808662
vt 0.956248 0.808662
vt 0.934430 0.721967
vt 0.934430 0.709878
vt 0.956248 0.709878
vt 0.956248 0.721967
vt 0.436603 0.863001
vt 0.414785 0.863001
vt 0.934430 0.817500
vt 0.956248 0.817500
vt 0.436603 0.840896
vt 0.414785 0.840896
vt 0.934430 0.826777
vt 0.956248 0.826777
vt 0.436603 0.851568
vt 0.414785 0.851568
vt 0.934430 0.847566
vt 0.956248 0.847566
vt 0.934430 0.836767
vt 0.956248 0.836767
vt 0.436603 0.813040
vt 0.414785 0.813040
vt 0.436603 0.804203
vt 0.414785 0.804203
vt 0.934430 0.734337
vt 0.956248 0.734337
vt 0.372523 0.789714
vt 0.379898 0.780979
vt 0.383698 0.783128
vt 0.377072 0.790975
vt 0.233238 0.803909
vt 0.222581 0.802170
vt 0.225439 0.798035
vt 0.235013 0.799597
vt 0.367391 0.826166
vt 0.364758 0.817766
vt 0.370097 0.816174
vt 0.372462 0.823720
vt 0.213332 0.798391
vt 0.217131 0.794641
vt 0.372523 0.833360
vt 0.377072 0.830182
vt 0.233238 0.726475
vt 0.244771 0.722001
vt 0.245373 0.726021
vt 0.235013 0.730039
vt 0.379898 0.838988
vt 0.383698 0.835237
vt 0.222581 0.732706
vt 0.225439 0.735637
vt 0.411337 0.844119
vt 0.399805 0.844506
vt 0.401579 0.840194
vt 0.411939 0.839847
vt 0.213332 0.740382
vt 0.217131 0.742532
vt 0.389147 0.842766
vt 0.392005 0.838631
vt 0.198192 0.767984
vt 0.200824 0.758475
vt 0.205896 0.758784
vt 0.203531 0.767326
vt 0.205957 0.749118
vt 0.210506 0.750379
vt 0.198192 0.777170
vt 0.203531 0.775578
vt 0.364758 0.808581
vt 0.370097 0.807923
vt 0.399805 0.767072
vt 0.411337 0.762598
vt 0.411939 0.766617
vt 0.401579 0.770636
vt 0.256600 0.801031
vt 0.244771 0.803523
vt 0.245373 0.799251
vt 0.255999 0.797011
vt 0.389147 0.773303
vt 0.392005 0.776233
vt 0.200824 0.785570
vt 0.205896 0.783123
vt 0.256600 0.719509
vt 0.255999 0.723781
vt 0.205957 0.792764
vt 0.210506 0.789586
vt 0.367391 0.799071
vt 0.372462 0.799380
vt 0.769096 0.639152
vt 0.769096 0.630818
vt 0.777915 0.630818
vt 0.777915 0.639152
vt 0.777327 0.786376
vt 0.777327 0.795963
vt 0.768507 0.795963
vt 0.768507 0.786376
vt 0.769096 0.668192
vt 0.769096 0.657827
vt 0.777915 0.657827
vt 0.777915 0.668192
vt 0.777327 0.806232
vt 0.768507 0.806232
vt 0.769096 0.648126
vt 0.777915 0.648126
vt 0.777327 0.761353
vt 0.777327 0.769261
vt 0.768507 0.769261
vt 0.768507 0.761353
vt 0.777327 0.753415
vt 0.768507 0.753415
vt 0.769096 0.556115
vt 0.769096 0.545003
vt 0.777915 0.545003
vt 0.777915 0.556115
vt 0.777327 0.745082
vt 0.768507 0.745082
vt 0.769096 0.567205
vt 0.777915 0.567205
vt 0.777327 0.716041
vt 0.777327 0.726407
vt 0.768507 0.726407
vt 0.768507 0.716041
vt 0.769096 0.578001
vt 0.777915 0.578001
vt 0.777327 0.736107
vt 0.768507 0.736107
vt 0.769096 0.606721
vt 0.769096 0.597857
vt 0.777915 0.597857
vt 0.777915 0.606721
vt 0.769096 0.588271
vt 0.777915 0.588271
vt 0.769096 0.614972
vt 0.777915 0.614972
vt 0.777327 0.777512
vt 0.768507 0.777512
vt 0.777327 0.828119
vt 0.777327 0.839231
vt 0.768507 0.839231
vt 0.768507 0.828119
vt 0.769096 0.679051
vt 0.777915 0.679051
vt 0.777327 0.817029
vt 0.768507 0.817029
vt 0.769096 0.622880
vt 0.777915 0.622880
vt 0.769096 0.534143
vt 0.777915 0.534143
vt 0.439152 0.660896
vt 0.438511 0.650009
vt 0.440385 0.649913
vt 0.441026 0.660749
vt 0.438192 0.638624
vt 0.440005 0.638583
vt 0.441820 0.638525
vt 0.442263 0.649811
vt 0.442906 0.660609
vt 0.488179 0.552595
vt 0.491113 0.540075
vt 0.492702 0.540483
vt 0.489846 0.552986
vt 0.494349 0.527429
vt 0.495914 0.527867
vt 0.497482 0.528306
vt 0.494296 0.540887
vt 0.491520 0.553361
vt 0.213037 0.611220
vt 0.212240 0.606789
vt 0.214172 0.606563
vt 0.214931 0.610780
vt 0.211969 0.602344
vt 0.213918 0.602339
vt 0.215903 0.602334
vt 0.216142 0.606334
vt 0.216858 0.610334
vt 0.501780 0.502705
vt 0.505923 0.490468
vt 0.507478 0.491015
vt 0.503346 0.503221
vt 0.510305 0.478246
vt 0.511861 0.478833
vt 0.513415 0.479423
vt 0.509034 0.491563
vt 0.504915 0.503736
vt 0.449769 0.734956
vt 0.447247 0.722497
vt 0.448914 0.722177
vt 0.451453 0.734596
vt 0.445045 0.709842
vt 0.446711 0.709560
vt 0.448381 0.709279
vt 0.450585 0.721855
vt 0.453139 0.734233
vt 0.509711 0.796288
vt 0.506497 0.785111
vt 0.508276 0.784600
vt 0.511512 0.795821
vt 0.502288 0.773634
vt 0.503941 0.773152
vt 0.505587 0.772651
vt 0.510053 0.784086
vt 0.513312 0.795357
vt 0.492050 0.749089
vt 0.487712 0.737459
vt 0.489442 0.737028
vt 0.493662 0.748635
vt 0.484435 0.726615
vt 0.486234 0.726238
vt 0.488043 0.725873
vt 0.491180 0.736619
vt 0.495285 0.748206
vt 0.483557 0.575827
vt 0.485641 0.564556
vt 0.487402 0.564925
vt 0.485381 0.576164
vt 0.489168 0.565282
vt 0.487210 0.576492
vt 0.073051 0.656426
vt 0.076293 0.661713
vt 0.054930 0.672097
vt 0.050596 0.665762
vt 0.080101 0.666558
vt 0.059873 0.677441
vt 0.041004 0.687941
vt 0.035011 0.682089
vt 0.029648 0.674738
vt 0.439359 0.588725
vt 0.440348 0.577974
vt 0.442238 0.578168
vt 0.441188 0.588860
vt 0.441716 0.567962
vt 0.443629 0.568218
vt 0.445551 0.568468
vt 0.444134 0.578368
vt 0.443022 0.589006
vt 0.227171 0.550882
vt 0.220941 0.554697
vt 0.205551 0.545207
vt 0.214228 0.541769
vt 0.215385 0.558844
vt 0.198114 0.549202
vt 0.181909 0.539803
vt 0.191053 0.535923
vt 0.201969 0.532805
vt 0.452989 0.525625
vt 0.457512 0.514016
vt 0.459228 0.514491
vt 0.454753 0.526073
vt 0.462257 0.502131
vt 0.463951 0.502617
vt 0.465646 0.503095
vt 0.460947 0.514951
vt 0.456524 0.526504
vt 0.477921 0.618103
vt 0.479003 0.607823
vt 0.480914 0.608039
vt 0.479832 0.618269
vt 0.480331 0.597328
vt 0.482230 0.597589
vt 0.484132 0.597846
vt 0.482830 0.608251
vt 0.481748 0.618435
vt 0.481826 0.586681
vt 0.483695 0.586984
vt 0.485568 0.587281
vt 0.446023 0.547578
vt 0.449133 0.536843
vt 0.450948 0.537256
vt 0.447881 0.547940
vt 0.452770 0.537653
vt 0.449748 0.548288
vt 0.477571 0.684616
vt 0.476893 0.674004
vt 0.478743 0.673915
vt 0.479442 0.684466
vt 0.476591 0.662907
vt 0.478402 0.662872
vt 0.480219 0.662830
vt 0.480599 0.673821
vt 0.481318 0.684318
vt 0.438197 0.613357
vt 0.438628 0.600759
vt 0.440376 0.600841
vt 0.439897 0.613394
vt 0.442129 0.600933
vt 0.441601 0.613434
vt 0.480058 0.705672
vt 0.478622 0.695174
vt 0.480487 0.694969
vt 0.481909 0.705412
vt 0.482360 0.694768
vt 0.483769 0.705158
vt 0.438082 0.626142
vt 0.439808 0.626137
vt 0.441538 0.626123
vt 0.497204 0.761405
vt 0.498763 0.760944
vt 0.500324 0.760487
vt 0.443585 0.557911
vt 0.445480 0.558222
vt 0.447384 0.558520
vt 0.470742 0.809316
vt 0.466658 0.796809
vt 0.468251 0.796306
vt 0.472335 0.808774
vt 0.462814 0.784318
vt 0.464429 0.783838
vt 0.466046 0.783361
vt 0.469846 0.795804
vt 0.473928 0.808230
vt 0.455813 0.759443
vt 0.452631 0.747191
vt 0.454326 0.746789
vt 0.457492 0.759007
vt 0.456025 0.746389
vt 0.459175 0.758576
vt 0.481955 0.716109
vt 0.483788 0.715792
vt 0.485630 0.715483
vt 0.441528 0.684498
vt 0.440170 0.672318
vt 0.441999 0.672133
vt 0.443287 0.684278
vt 0.443832 0.671958
vt 0.445051 0.684070
vt 0.459212 0.771843
vt 0.460857 0.771385
vt 0.462504 0.770930
vt 0.443155 0.697107
vt 0.444851 0.696857
vt 0.446552 0.696614
vt 0.497901 0.515001
vt 0.499470 0.515478
vt 0.501043 0.515955
vt 0.216146 0.584464
vt 0.218504 0.580022
vt 0.220191 0.580996
vt 0.217919 0.585275
vt 0.221367 0.575638
vt 0.222960 0.576753
vt 0.224573 0.577877
vt 0.221902 0.581978
vt 0.219719 0.586095
vt 0.086968 0.640489
vt 0.086176 0.636043
vt 0.088114 0.635820
vt 0.088868 0.640049
vt 0.085915 0.631586
vt 0.087868 0.631586
vt 0.089857 0.631586
vt 0.090088 0.635594
vt 0.090801 0.639603
vt 0.237311 0.559321
vt 0.242205 0.555703
vt 0.243301 0.557259
vt 0.238503 0.560820
vt 0.247351 0.552315
vt 0.248356 0.553915
vt 0.249374 0.555530
vt 0.244411 0.558827
vt 0.239708 0.562330
vt 0.102674 0.666139
vt 0.098827 0.662112
vt 0.100291 0.660845
vt 0.104030 0.664768
vt 0.095439 0.657945
vt 0.097009 0.656801
vt 0.098599 0.655649
vt 0.101773 0.659568
vt 0.105402 0.663386
vt 0.121745 0.582106
vt 0.127147 0.579098
vt 0.128017 0.580760
vt 0.122709 0.583722
vt 0.132722 0.576328
vt 0.133502 0.578062
vt 0.134276 0.579804
vt 0.128894 0.582435
vt 0.123683 0.585352
vt 0.102732 0.596555
vt 0.106991 0.592615
vt 0.108254 0.594056
vt 0.104101 0.597910
vt 0.111615 0.588877
vt 0.112775 0.590389
vt 0.113947 0.591911
vt 0.109531 0.595506
vt 0.105485 0.599274
vt 0.224715 0.571343
vt 0.226208 0.572580
vt 0.228515 0.567170
vt 0.229907 0.568510
vt 0.231314 0.569860
vt 0.227719 0.573826
vt 0.086986 0.622639
vt 0.088323 0.618161
vt 0.090168 0.618801
vt 0.088888 0.623078
vt 0.090195 0.613696
vt 0.091962 0.614521
vt 0.093756 0.615354
vt 0.092041 0.619448
vt 0.090824 0.623522
vt 0.116552 0.585368
vt 0.117611 0.586937
vt 0.118683 0.588518
vt 0.092590 0.609272
vt 0.094269 0.610260
vt 0.095495 0.604918
vt 0.097075 0.606048
vt 0.098673 0.607187
vt 0.095969 0.611257
vt 0.247484 0.650870
vt 0.242320 0.647691
vt 0.243360 0.646122
vt 0.248428 0.649255
vt 0.237418 0.644269
vt 0.238559 0.642757
vt 0.239713 0.641235
vt 0.244413 0.644542
vt 0.249382 0.647627
vt 0.086184 0.627116
vt 0.088123 0.627340
vt 0.090098 0.627566
vt 0.232833 0.640623
vt 0.234078 0.639181
vt 0.228614 0.636778
vt 0.229966 0.635422
vt 0.231334 0.634056
vt 0.235337 0.637730
vt 0.076159 0.824797
vt 0.073302 0.824760
vt 0.073642 0.820697
vt 0.076476 0.821054
vt 0.061936 0.824564
vt 0.062357 0.819418
vt 0.063526 0.814494
vt 0.074596 0.816701
vt 0.077363 0.817347
vt 0.258422 0.656496
vt 0.252864 0.653799
vt 0.253713 0.652140
vt 0.259181 0.654766
vt 0.254570 0.650468
vt 0.259935 0.653028
vt 0.098887 0.600668
vt 0.100362 0.601920
vt 0.101854 0.603180
vt 0.252696 0.549156
vt 0.253615 0.550800
vt 0.258211 0.546203
vt 0.259050 0.547926
vt 0.259881 0.549657
vt 0.254542 0.552460
vt 0.211125 0.611667
vt 0.210292 0.607018
vt 0.210596 0.606982
vt 0.211423 0.611597
vt 0.210006 0.602349
vt 0.210312 0.602348
vt 0.210394 0.602348
vt 0.210677 0.606972
vt 0.211504 0.611577
vt 0.224809 0.632764
vt 0.226268 0.631510
vt 0.221454 0.628612
vt 0.223019 0.627479
vt 0.224604 0.626338
vt 0.227746 0.630247
vt 0.132732 0.685996
vt 0.127148 0.683244
vt 0.128009 0.681577
vt 0.133509 0.684254
vt 0.121736 0.680283
vt 0.122687 0.678657
vt 0.123650 0.677017
vt 0.128878 0.679894
vt 0.134280 0.682503
vt 0.092540 0.653671
vt 0.094211 0.652672
vt 0.090153 0.649319
vt 0.091916 0.648487
vt 0.093706 0.647647
vt 0.095905 0.651665
vt 0.212222 0.597885
vt 0.214158 0.598100
vt 0.213001 0.593414
vt 0.214903 0.593842
vt 0.216838 0.594276
vt 0.216131 0.598319
vt 0.116529 0.677087
vt 0.117574 0.675503
vt 0.111577 0.673653
vt 0.112722 0.672125
vt 0.113880 0.670585
vt 0.118632 0.673907
vt 0.216211 0.620017
vt 0.214361 0.615633
vt 0.216195 0.614992
vt 0.217968 0.619191
vt 0.218060 0.614342
vt 0.219751 0.618356
vt 0.120747 0.580424
vt 0.126236 0.577371
vt 0.126373 0.577631
vt 0.120897 0.580677
vt 0.131890 0.574546
vt 0.132022 0.574809
vt 0.132071 0.574907
vt 0.126425 0.577728
vt 0.120953 0.580771
vt 0.106941 0.669996
vt 0.108190 0.668538
vt 0.109453 0.667069
vt 0.214310 0.588937
vt 0.216156 0.589564
vt 0.218032 0.590200
vt 0.088294 0.644918
vt 0.090135 0.644274
vt 0.092005 0.643623
vt 0.081916 0.641654
vt 0.083408 0.646622
vt 0.081518 0.647180
vt 0.079948 0.642039
vt 0.085480 0.651505
vt 0.083683 0.652193
vt 0.070338 0.650618
vt 0.068308 0.644422
vt 0.211437 0.582385
vt 0.209407 0.587316
vt 0.207597 0.586919
vt 0.209682 0.581896
vt 0.207950 0.592305
vt 0.206103 0.592027
vt 0.195120 0.590270
vt 0.196836 0.584421
vt 0.199249 0.578828
vt 0.099044 0.669647
vt 0.103584 0.673714
vt 0.102390 0.674453
vt 0.097691 0.670424
vt 0.108492 0.677545
vt 0.107475 0.678229
vt 0.101243 0.682518
vt 0.095150 0.679056
vt 0.089559 0.675245
vt 0.119689 0.578627
vt 0.125271 0.575537
vt 0.125379 0.575743
vt 0.119808 0.578829
vt 0.130961 0.572695
vt 0.131065 0.572902
vt 0.131265 0.573301
vt 0.125588 0.576140
vt 0.120037 0.579219
vt 0.207995 0.612343
vt 0.209478 0.617263
vt 0.207686 0.617576
vt 0.206161 0.612570
vt 0.211532 0.622111
vt 0.209786 0.622514
vt 0.199373 0.625089
vt 0.197000 0.619587
vt 0.195230 0.614030
vt 0.113711 0.681123
vt 0.112883 0.681744
vt 0.119181 0.684443
vt 0.118541 0.685019
vt 0.114552 0.688696
vt 0.107756 0.685678
vt 0.225543 0.564280
vt 0.229974 0.560078
vt 0.230138 0.560257
vt 0.225719 0.564449
vt 0.234768 0.556094
vt 0.234919 0.556283
vt 0.235203 0.556646
vt 0.230447 0.560605
vt 0.226054 0.564777
vt 0.088107 0.656272
vt 0.086401 0.657031
vt 0.091263 0.660900
vt 0.089655 0.661689
vt 0.092085 0.660420
vt 0.088968 0.655835
vt 0.089182 0.655706
vt 0.092285 0.660273
vt 0.086380 0.651127
vt 0.086606 0.651018
vt 0.087040 0.650808
vt 0.089591 0.655456
vt 0.092666 0.659989
vt 0.217272 0.631480
vt 0.220902 0.635948
vt 0.219300 0.636667
vt 0.215612 0.632085
vt 0.224993 0.640237
vt 0.223472 0.641089
vt 0.214420 0.646349
vt 0.209749 0.641139
vt 0.205712 0.635873
vt 0.208970 0.612181
vt 0.208087 0.607282
vt 0.208340 0.607252
vt 0.209216 0.612123
vt 0.207786 0.602355
vt 0.208040 0.602354
vt 0.208525 0.602353
vt 0.208822 0.607194
vt 0.209688 0.612010
vt 0.255956 0.541846
vt 0.250283 0.544909
vt 0.249915 0.544325
vt 0.255692 0.541224
vt 0.244714 0.548188
vt 0.244203 0.547606
vt 0.241009 0.543886
vt 0.247603 0.540591
vt 0.254017 0.537297
vt 0.099101 0.593048
vt 0.094970 0.597435
vt 0.093281 0.596447
vt 0.097542 0.591938
vt 0.091297 0.602011
vt 0.089498 0.601178
vt 0.078881 0.596059
vt 0.083323 0.590419
vt 0.088352 0.585183
vt 0.244997 0.655060
vt 0.250616 0.658096
vt 0.249774 0.659522
vt 0.244011 0.656415
vt 0.256345 0.660884
vt 0.255651 0.662360
vt 0.251838 0.671063
vt 0.245002 0.668069
vt 0.238280 0.664608
vt 0.476779 0.639164
vt 0.477182 0.628325
vt 0.479071 0.628433
vt 0.478615 0.639217
vt 0.480963 0.628548
vt 0.480454 0.639281
vt 0.229505 0.644320
vt 0.228094 0.645327
vt 0.234382 0.648167
vt 0.233103 0.649321
vt 0.225546 0.656351
vt 0.219725 0.651492
vt 0.081915 0.621531
vt 0.081017 0.626553
vt 0.078982 0.626446
vt 0.079891 0.621318
vt 0.080719 0.631590
vt 0.078691 0.631608
vt 0.066685 0.631721
vt 0.066941 0.625749
vt 0.067916 0.619932
vt 0.239566 0.651751
vt 0.238431 0.653019
vt 0.231763 0.660717
vt 0.088125 0.606743
vt 0.086241 0.606084
vt 0.085484 0.611597
vt 0.083537 0.611110
vt 0.072028 0.608041
vt 0.075115 0.601992
vt 0.119218 0.577901
vt 0.113761 0.581291
vt 0.112642 0.579952
vt 0.118251 0.576493
vt 0.108549 0.584956
vt 0.107280 0.583688
vt 0.099810 0.576000
vt 0.106086 0.571848
vt 0.112644 0.568006
vt 0.083408 0.616537
vt 0.081414 0.616201
vt 0.069619 0.614038
vt 0.224793 0.563765
vt 0.220732 0.568197
vt 0.219259 0.567527
vt 0.223455 0.563082
vt 0.217129 0.572797
vt 0.215541 0.572166
vt 0.206064 0.568240
vt 0.210424 0.563366
vt 0.103645 0.588881
vt 0.102227 0.587683
vt 0.093873 0.580412
vt 0.130605 0.571923
vt 0.124859 0.574786
vt 0.124042 0.573321
vt 0.129943 0.570423
vt 0.119425 0.564561
vt 0.126322 0.561587
vt 0.094922 0.665366
vt 0.093431 0.666161
vt 0.084530 0.671070
vt 0.239300 0.551721
vt 0.238569 0.551121
vt 0.234125 0.555507
vt 0.233151 0.554871
vt 0.234039 0.547310
vt 0.081018 0.636632
vt 0.079009 0.636825
vt 0.067113 0.638024
vt 0.214020 0.577536
vt 0.212340 0.576968
vt 0.202332 0.573418
vt 0.090245 0.655056
vt 0.093281 0.659532
vt 0.087736 0.650472
vt 0.088368 0.650166
vt 0.090843 0.654691
vt 0.093840 0.659117
vt 0.208798 0.597499
vt 0.209570 0.597587
vt 0.209302 0.602351
vt 0.209639 0.592646
vt 0.210396 0.592821
vt 0.211081 0.592979
vt 0.210270 0.597667
vt 0.120054 0.683184
vt 0.114684 0.679912
vt 0.115084 0.679295
vt 0.120419 0.682553
vt 0.109555 0.676381
vt 0.109995 0.675783
vt 0.110399 0.675236
vt 0.115451 0.678730
vt 0.120753 0.681974
vt 0.109564 0.586176
vt 0.114677 0.582564
vt 0.115084 0.583177
vt 0.110010 0.586768
vt 0.120408 0.579848
vt 0.115457 0.583737
vt 0.110419 0.587309
vt 0.209594 0.607102
vt 0.210442 0.611830
vt 0.131279 0.689032
vt 0.125606 0.686208
vt 0.125940 0.685566
vt 0.131604 0.688382
vt 0.126246 0.684976
vt 0.131903 0.687783
vt 0.240266 0.552927
vt 0.240687 0.553533
vt 0.235662 0.557232
vt 0.245571 0.549460
vt 0.245956 0.550082
vt 0.246310 0.550651
vt 0.241073 0.554088
vt 0.236082 0.557767
vt 0.251050 0.546235
vt 0.251406 0.546868
vt 0.256651 0.543206
vt 0.257000 0.543847
vt 0.257320 0.544438
vt 0.251734 0.547449
vt 0.085041 0.646073
vt 0.085771 0.645811
vt 0.083607 0.641278
vt 0.084364 0.641098
vt 0.085050 0.640936
vt 0.086434 0.645573
vt 0.235402 0.646969
vt 0.230633 0.643198
vt 0.231114 0.642631
vt 0.235841 0.646377
vt 0.226228 0.639201
vt 0.226751 0.638666
vt 0.227229 0.638177
vt 0.231553 0.642114
vt 0.236243 0.645836
vt 0.213112 0.621498
vt 0.211121 0.616785
vt 0.211848 0.616524
vt 0.213804 0.621164
vt 0.212508 0.616287
vt 0.214434 0.620860
vt 0.222234 0.635004
vt 0.222801 0.634507
vt 0.218694 0.630636
vt 0.219305 0.630184
vt 0.219862 0.629773
vt 0.223319 0.634053
vt 0.087070 0.612217
vt 0.089628 0.607503
vt 0.090286 0.607900
vt 0.087767 0.612551
vt 0.092707 0.602896
vt 0.093323 0.603347
vt 0.093886 0.603758
vt 0.090884 0.608260
vt 0.088403 0.612854
vt 0.215644 0.626125
vt 0.216297 0.625727
vt 0.216892 0.625366
vt 0.096282 0.598429
vt 0.096855 0.598926
vt 0.100313 0.594134
vt 0.100843 0.594668
vt 0.101328 0.595156
vt 0.097379 0.599379
vt 0.245814 0.653754
vt 0.240481 0.650493
vt 0.240881 0.649881
vt 0.246176 0.653125
vt 0.241247 0.649320
vt 0.246508 0.652550
vt 0.104758 0.590040
vt 0.105245 0.590606
vt 0.105692 0.591123
vt 0.257003 0.659516
vt 0.251342 0.656752
vt 0.251672 0.656111
vt 0.257320 0.658869
vt 0.251975 0.655523
vt 0.257612 0.658273
vt 0.083620 0.621850
vt 0.085063 0.617010
vt 0.085794 0.617271
vt 0.084377 0.622030
vt 0.086457 0.617508
vt 0.085064 0.622193
vt 0.125926 0.576782
vt 0.131591 0.573949
vt 0.082460 0.631584
vt 0.082752 0.626715
vt 0.083526 0.626807
vt 0.083240 0.631585
vt 0.084227 0.626890
vt 0.083946 0.631585
vt 0.213016 0.583013
vt 0.215526 0.578282
vt 0.216187 0.578672
vt 0.213714 0.583340
vt 0.218556 0.573647
vt 0.219177 0.574090
vt 0.219744 0.574495
vt 0.216790 0.579027
vt 0.214350 0.583637
vt 0.082746 0.636443
vt 0.083520 0.636352
vt 0.084221 0.636269
vt 0.222077 0.569135
vt 0.222657 0.569624
vt 0.226594 0.565305
vt 0.227087 0.565787
vt 0.223187 0.570071
vt 0.104735 0.672600
vt 0.105216 0.672027
vt 0.100279 0.668589
vt 0.100805 0.668048
vt 0.101285 0.667554
vt 0.105657 0.671504
vt 0.230945 0.561164
vt 0.231401 0.561675
vt 0.096243 0.664376
vt 0.096812 0.663873
vt 0.097332 0.663415
vt 0.211048 0.587810
vt 0.211779 0.588066
vt 0.212443 0.588297
vt 0.256707 0.660121
vt 0.251032 0.657355
vt 0.251138 0.657149
vt 0.256808 0.659914
vt 0.245472 0.654345
vt 0.245590 0.654143
vt 0.082898 0.621680
vt 0.084368 0.616763
vt 0.084606 0.616847
vt 0.083146 0.621738
vt 0.086408 0.611902
vt 0.086636 0.612009
vt 0.109142 0.585619
vt 0.114293 0.581988
vt 0.114425 0.582185
vt 0.109287 0.585809
vt 0.081719 0.631584
vt 0.082014 0.626628
vt 0.082267 0.626658
vt 0.081974 0.631584
vt 0.212352 0.582704
vt 0.214898 0.577914
vt 0.215114 0.578039
vt 0.212580 0.582809
vt 0.217966 0.573228
vt 0.218169 0.573371
vt 0.082886 0.641449
vt 0.082009 0.636529
vt 0.082262 0.636500
vt 0.083134 0.641391
vt 0.221527 0.568674
vt 0.221716 0.568831
vt 0.109137 0.676944
vt 0.104277 0.673139
vt 0.104435 0.672955
vt 0.109282 0.676752
vt 0.099781 0.669099
vt 0.099953 0.668925
vt 0.239867 0.552356
vt 0.240006 0.552552
vt 0.245206 0.548874
vt 0.245332 0.549075
vt 0.095703 0.664850
vt 0.095889 0.664689
vt 0.208920 0.592480
vt 0.210353 0.587568
vt 0.210592 0.587651
vt 0.209167 0.592536
vt 0.084347 0.646322
vt 0.084585 0.646237
vt 0.208063 0.597416
vt 0.208315 0.597444
vt 0.119708 0.683780
vt 0.114303 0.680494
vt 0.114435 0.680295
vt 0.119829 0.683576
vt 0.214139 0.626859
vt 0.212435 0.627359
vt 0.202268 0.630522
vt 0.212453 0.621814
vt 0.210429 0.617033
vt 0.210667 0.616949
vt 0.212679 0.621707
vt 0.130973 0.689642
vt 0.125289 0.686814
vt 0.125399 0.686606
vt 0.131079 0.689432
vt 0.207077 0.597333
vt 0.205212 0.597208
vt 0.206794 0.602365
vt 0.204924 0.602391
vt 0.193791 0.602540
vt 0.194112 0.596406
vt 0.250712 0.545637
vt 0.250829 0.545843
vt 0.256325 0.542603
vt 0.256437 0.542811
vt 0.124833 0.687521
vt 0.124366 0.688086
vt 0.130586 0.690386
vt 0.130257 0.690973
vt 0.128177 0.694666
vt 0.121447 0.691698
vt 0.234987 0.647526
vt 0.230178 0.643731
vt 0.230335 0.643549
vt 0.235130 0.647336
vt 0.225732 0.639705
vt 0.225903 0.639533
vt 0.229272 0.559528
vt 0.228095 0.558860
vt 0.221697 0.635473
vt 0.221882 0.635313
vt 0.218115 0.631062
vt 0.218314 0.630917
vt 0.089003 0.607129
vt 0.089218 0.607256
vt 0.092123 0.602471
vt 0.092324 0.602616
vt 0.215024 0.626500
vt 0.215237 0.626373
vt 0.095740 0.597961
vt 0.095926 0.598121
vt 0.099812 0.593630
vt 0.099984 0.593802
vt 0.240105 0.651068
vt 0.240234 0.650872
vt 0.104297 0.589507
vt 0.104455 0.589689
vt 0.870326 0.803243
vt 0.894872 0.797534
vt 0.896594 0.804648
vt 0.871682 0.808290
vt 0.918941 0.791898
vt 0.921043 0.801127
vt 0.921817 0.811076
vt 0.897312 0.812239
vt 0.872295 0.813541
vt 0.084170 0.787845
vt 0.067268 0.772863
vt 0.074989 0.767129
vt 0.089862 0.784095
vt 0.050887 0.758191
vt 0.060573 0.750600
vt 0.071377 0.743797
vt 0.083552 0.762028
vt 0.096090 0.780781
vt 0.672945 0.678365
vt 0.673238 0.678378
vt 0.673127 0.681932
vt 0.672833 0.681927
vt 0.673315 0.678381
vt 0.673204 0.681934
vt 0.673176 0.685429
vt 0.673099 0.685429
vt 0.672805 0.685430
vt 0.109598 0.776000
vt 0.102057 0.755033
vt 0.111756 0.752822
vt 0.116704 0.774445
vt 0.094759 0.734620
vt 0.106998 0.731756
vt 0.119457 0.729902
vt 0.121632 0.751387
vt 0.123939 0.773430
vt 0.846758 0.775836
vt 0.862356 0.756938
vt 0.870135 0.762116
vt 0.852336 0.779457
vt 0.877571 0.738494
vt 0.887505 0.745206
vt 0.896452 0.753449
vt 0.877144 0.768359
vt 0.857344 0.783641
vt 0.124712 0.869170
vt 0.123806 0.879105
vt 0.115033 0.877725
vt 0.117602 0.867916
vt 0.123014 0.888774
vt 0.112399 0.887154
vt 0.101107 0.886547
vt 0.105907 0.876908
vt 0.110740 0.866892
vt 0.096597 0.864529
vt 0.085721 0.875927
vt 0.076973 0.874691
vt 0.090263 0.862705
vt 0.075391 0.886917
vt 0.064310 0.886318
vt 0.054636 0.884450
vt 0.069327 0.872504
vt 0.084596 0.860294
vt 0.074814 0.796025
vt 0.055198 0.784706
vt 0.060701 0.778731
vt 0.079155 0.791834
vt 0.036050 0.773559
vt 0.042755 0.765848
vt 0.825765 0.857255
vt 0.832853 0.867214
vt 0.823311 0.867914
vt 0.818811 0.858284
vt 0.839755 0.876829
vt 0.827809 0.877160
vt 0.816368 0.878266
vt 0.814069 0.869030
vt 0.811592 0.859494
vt 0.866829 0.835368
vt 0.888864 0.845204
vt 0.884375 0.851176
vt 0.863671 0.839874
vt 0.910594 0.854798
vt 0.904763 0.862316
vt 0.898135 0.868002
vt 0.879232 0.855989
vt 0.859924 0.843855
vt 0.063338 0.835361
vt 0.040429 0.840174
vt 0.038979 0.832177
vt 0.062262 0.829974
vt 0.017956 0.844827
vt 0.016187 0.834342
vt 0.015632 0.823834
vt 0.038546 0.824153
vt 0.839018 0.854722
vt 0.850938 0.866226
vt 0.842151 0.866800
vt 0.832534 0.856145
vt 0.862364 0.877397
vt 0.851391 0.877125
vt 0.040713 0.810110
vt 0.043290 0.803571
vt 0.065431 0.809685
vt 0.018317 0.805827
vt 0.021567 0.797560
vt 0.025714 0.789446
vt 0.046638 0.797154
vt 0.067983 0.804986
vt 0.050572 0.790854
vt 0.071104 0.800420
vt 0.030474 0.781434
vt 0.850575 0.850372
vt 0.866535 0.862926
vt 0.859078 0.865001
vt 0.845052 0.852818
vt 0.881939 0.875250
vt 0.872549 0.876883
vt 0.067731 0.845163
vt 0.046414 0.853842
vt 0.042916 0.847376
vt 0.065168 0.840425
vt 0.025452 0.862386
vt 0.021043 0.854157
vt 0.871247 0.824821
vt 0.895654 0.829563
vt 0.892775 0.837885
vt 0.869411 0.830302
vt 0.919538 0.834160
vt 0.915729 0.845220
vt 0.074930 0.853683
vt 0.056234 0.864958
vt 0.050875 0.859754
vt 0.070999 0.849612
vt 0.037940 0.876113
vt 0.031110 0.869784
vt 0.897092 0.820751
vt 0.872184 0.819132
vt 0.921445 0.822393
vt 0.095757 0.876471
vt 0.103605 0.865850
vt 0.088201 0.886690
vt 0.873274 0.859909
vt 0.855547 0.847368
vt 0.890500 0.872298
vt 0.805907 0.764905
vt 0.806515 0.742669
vt 0.816521 0.743319
vt 0.813226 0.765469
vt 0.807034 0.721009
vt 0.819652 0.721738
vt 0.832104 0.723481
vt 0.826396 0.744758
vt 0.820458 0.766585
vt 0.834284 0.770321
vt 0.845240 0.749680
vt 0.854037 0.752905
vt 0.840721 0.772825
vt 0.855865 0.729526
vt 0.866995 0.733450
vt 0.062416 0.869246
vt 0.079480 0.857270
vt 0.045834 0.881053
vt 0.865305 0.793204
vt 0.888129 0.782898
vt 0.892046 0.790308
vt 0.868196 0.798215
vt 0.910406 0.772744
vt 0.915380 0.782478
vt 0.836000 0.746934
vt 0.827505 0.768226
vt 0.844210 0.726162
vt 0.883157 0.775437
vt 0.861680 0.788285
vt 0.904095 0.762857
vt 0.092622 0.758033
vt 0.102699 0.778092
vt 0.082840 0.738523
vt 0.673540 0.700191
vt 0.673830 0.700164
vt 0.674245 0.704298
vt 0.673955 0.704329
vt 0.673907 0.700157
vt 0.674321 0.704289
vt 0.674827 0.708662
vt 0.674750 0.708672
vt 0.674462 0.708707
vt 0.708724 0.670798
vt 0.709017 0.670813
vt 0.708879 0.674367
vt 0.708586 0.674360
vt 0.709094 0.670817
vt 0.708957 0.674369
vt 0.708904 0.677865
vt 0.708827 0.677865
vt 0.708534 0.677864
vt 0.677350 0.728169
vt 0.677627 0.728122
vt 0.678550 0.733350
vt 0.678274 0.733399
vt 0.677717 0.728106
vt 0.678641 0.733333
vt 0.679621 0.738647
vt 0.679529 0.738664
vt 0.679255 0.738715
vt 0.711537 0.645652
vt 0.711820 0.645696
vt 0.711121 0.650424
vt 0.710835 0.650383
vt 0.711904 0.645709
vt 0.711201 0.650436
vt 0.710588 0.654950
vt 0.710510 0.654940
vt 0.710223 0.654903
vt 0.715006 0.731100
vt 0.715279 0.731044
vt 0.716404 0.736378
vt 0.716133 0.736436
vt 0.715371 0.731025
vt 0.716496 0.736358
vt 0.717656 0.741684
vt 0.717563 0.741704
vt 0.717295 0.741762
vt 0.711352 0.710535
vt 0.711634 0.710494
vt 0.712402 0.715447
vt 0.712123 0.715492
vt 0.711718 0.710481
vt 0.712489 0.715432
vt 0.713358 0.720527
vt 0.713268 0.720543
vt 0.712991 0.720592
vt 0.675339 0.713262
vt 0.675054 0.713300
vt 0.675420 0.713251
vt 0.676100 0.718041
vt 0.676015 0.718054
vt 0.675733 0.718095
vt 0.708682 0.684976
vt 0.708975 0.684963
vt 0.709182 0.688692
vt 0.708890 0.688712
vt 0.709052 0.684960
vt 0.709259 0.688687
vt 0.709561 0.692600
vt 0.709484 0.692607
vt 0.709194 0.692632
vt 0.714229 0.725753
vt 0.713955 0.725806
vt 0.714320 0.725735
vt 0.709885 0.696741
vt 0.709595 0.696772
vt 0.709961 0.696733
vt 0.710456 0.701107
vt 0.710378 0.701116
vt 0.710091 0.701151
vt 0.679043 0.632782
vt 0.679316 0.632837
vt 0.678297 0.638106
vt 0.678022 0.638055
vt 0.679408 0.632855
vt 0.678388 0.638123
vt 0.677456 0.643300
vt 0.677368 0.643285
vt 0.677090 0.643237
vt 0.708858 0.681375
vt 0.708565 0.681381
vt 0.708935 0.681373
vt 0.676533 0.648339
vt 0.676253 0.648295
vt 0.676619 0.648353
vt 0.675878 0.653254
vt 0.675794 0.653242
vt 0.675512 0.653201
vt 0.681279 0.622128
vt 0.681548 0.622186
vt 0.680413 0.627512
vt 0.680142 0.627455
vt 0.681641 0.622205
vt 0.680506 0.627532
vt 0.710960 0.705705
vt 0.710675 0.705743
vt 0.711041 0.705694
vt 0.680540 0.744024
vt 0.680268 0.744075
vt 0.680634 0.744006
vt 0.681640 0.749367
vt 0.681546 0.749385
vt 0.681276 0.749435
vt 0.676778 0.723014
vt 0.676498 0.723059
vt 0.676865 0.723000
vt 0.675144 0.657974
vt 0.674859 0.657936
vt 0.675225 0.657985
vt 0.674659 0.662503
vt 0.674582 0.662494
vt 0.674294 0.662460
vt 0.717291 0.614543
vt 0.717562 0.614596
vt 0.716510 0.619942
vt 0.716238 0.619888
vt 0.717655 0.614614
vt 0.716603 0.619961
vt 0.715548 0.625296
vt 0.715456 0.625278
vt 0.715182 0.625224
vt 0.709991 0.659232
vt 0.709702 0.659200
vt 0.710067 0.659241
vt 0.709645 0.663297
vt 0.709569 0.663290
vt 0.709278 0.663262
vt 0.673151 0.688938
vt 0.672858 0.688945
vt 0.673228 0.688936
vt 0.673364 0.692521
vt 0.673287 0.692525
vt 0.672994 0.692539
vt 0.714438 0.630556
vt 0.714163 0.630504
vt 0.714529 0.630574
vt 0.713572 0.635755
vt 0.713483 0.635739
vt 0.713205 0.635690
vt 0.673433 0.670827
vt 0.673724 0.670852
vt 0.673435 0.674700
vt 0.673143 0.674681
vt 0.673800 0.670858
vt 0.673512 0.674705
vt 0.674107 0.666791
vt 0.673817 0.666761
vt 0.674183 0.666799
vt 0.712606 0.640795
vt 0.712327 0.640748
vt 0.712693 0.640809
vt 0.673512 0.696252
vt 0.673220 0.696273
vt 0.673589 0.696246
vt 0.709245 0.667137
vt 0.708953 0.667116
vt 0.709322 0.667143
vt 0.856493 0.821907
vt 0.859425 0.822506
vt 0.858093 0.826604
vt 0.855284 0.825652
vt 0.856152 0.830571
vt 0.853500 0.829330
vt 0.080604 0.839664
vt 0.078051 0.840864
vt 0.075952 0.836984
vt 0.078637 0.836029
vt 0.074456 0.832977
vt 0.077238 0.832315
vt 0.712671 0.613612
vt 0.714041 0.613892
vt 0.712563 0.620240
vt 0.711423 0.619234
vt 0.715494 0.614186
vt 0.714358 0.619768
vt 0.713365 0.624994
vt 0.711895 0.625095
vt 0.710607 0.625706
vt 0.710923 0.623288
vt 0.710443 0.623034
vt 0.816874 0.780013
vt 0.817562 0.777263
vt 0.823396 0.778643
vt 0.822431 0.781332
vt 0.829004 0.780419
vt 0.827766 0.783031
vt 0.103265 0.857213
vt 0.101915 0.858813
vt 0.096747 0.856712
vt 0.098354 0.855044
vt 0.092024 0.854213
vt 0.093846 0.852523
vt 0.831747 0.847381
vt 0.833206 0.848980
vt 0.827870 0.850797
vt 0.826779 0.849266
vt 0.822580 0.852145
vt 0.822508 0.850547
vt 0.073571 0.828876
vt 0.076412 0.828560
vt 0.853636 0.834348
vt 0.851151 0.832898
vt 0.850561 0.837898
vt 0.848253 0.836310
vt 0.819557 0.850633
vt 0.819938 0.851038
vt 0.817084 0.852880
vt 0.815622 0.851511
vt 0.810278 0.854512
vt 0.809837 0.852706
vt 0.086482 0.803356
vt 0.084245 0.801702
vt 0.088008 0.798374
vt 0.090072 0.800241
vt 0.092267 0.795287
vt 0.094131 0.797360
vt 0.076159 0.812773
vt 0.078820 0.813693
vt 0.078304 0.808940
vt 0.080835 0.810121
vt 0.125529 0.862144
vt 0.125262 0.863999
vt 0.118363 0.862426
vt 0.119676 0.861027
vt 0.112865 0.861757
vt 0.112723 0.860173
vt 0.115329 0.860619
vt 0.115685 0.860205
vt 0.837496 0.787486
vt 0.839259 0.785084
vt 0.843782 0.787960
vt 0.841769 0.790192
vt 0.847828 0.791160
vt 0.845580 0.793169
vt 0.114091 0.788947
vt 0.113245 0.786278
vt 0.119132 0.785027
vt 0.119708 0.787762
vt 0.125125 0.784194
vt 0.125430 0.786964
vt 0.039120 0.816856
vt 0.016316 0.814412
vt 0.096987 0.792479
vt 0.098617 0.794753
vt 0.102103 0.790012
vt 0.103479 0.792460
vt 0.855565 0.806926
vt 0.858466 0.806102
vt 0.859629 0.810108
vt 0.856658 0.810621
vt 0.860177 0.814189
vt 0.857177 0.814362
vt 0.107546 0.787940
vt 0.108659 0.790518
vt 0.851347 0.794639
vt 0.848889 0.796377
vt 0.854309 0.798330
vt 0.851670 0.799769
vt 0.081005 0.805237
vt 0.083395 0.806663
vt 0.856689 0.802165
vt 0.853899 0.803298
vt 0.087759 0.851322
vt 0.089782 0.849670
vt 0.083985 0.848093
vt 0.086200 0.846537
vt 0.834313 0.782568
vt 0.832809 0.785090
vt 0.805386 0.778557
vt 0.805522 0.775765
vt 0.811577 0.776301
vt 0.811166 0.779088
vt 0.846943 0.841185
vt 0.844826 0.839515
vt 0.842817 0.844155
vt 0.840905 0.842459
vt 0.107434 0.860507
vt 0.108358 0.858983
vt 0.860115 0.818342
vt 0.857124 0.818133
vt 0.080738 0.844586
vt 0.083132 0.843184
vt 0.708213 0.654651
vt 0.709489 0.654810
vt 0.708963 0.659116
vt 0.707669 0.658973
vt 0.708535 0.663193
vt 0.707227 0.663072
vt 0.670730 0.685438
vt 0.672054 0.685433
vt 0.672106 0.688966
vt 0.670783 0.689000
vt 0.672246 0.692576
vt 0.670929 0.692640
vt 0.714497 0.625106
vt 0.713476 0.630378
vt 0.712362 0.630190
vt 0.712510 0.635566
vt 0.711360 0.635370
vt 0.711056 0.720935
vt 0.712286 0.720717
vt 0.713256 0.725940
vt 0.712037 0.726173
vt 0.714312 0.731242
vt 0.713103 0.731490
vt 0.670878 0.678279
vt 0.672195 0.678333
vt 0.672082 0.681912
vt 0.670759 0.681886
vt 0.716614 0.614409
vt 0.715547 0.619783
vt 0.675520 0.728473
vt 0.676656 0.728287
vt 0.677589 0.733520
vt 0.676489 0.733698
vt 0.678571 0.738828
vt 0.677452 0.738931
vt 0.679578 0.744175
vt 0.678398 0.744182
vt 0.680597 0.749563
vt 0.679476 0.749780
vt 0.708206 0.667061
vt 0.706887 0.666966
vt 0.707973 0.670760
vt 0.706645 0.670694
vt 0.675156 0.642903
vt 0.676384 0.643115
vt 0.675540 0.648182
vt 0.674300 0.647986
vt 0.674791 0.653098
vt 0.673538 0.652919
vt 0.671392 0.670657
vt 0.672691 0.670764
vt 0.672397 0.674634
vt 0.671089 0.674552
vt 0.674131 0.657841
vt 0.672865 0.657676
vt 0.673560 0.662374
vt 0.672282 0.662227
vt 0.707138 0.692809
vt 0.708450 0.692697
vt 0.708855 0.696850
vt 0.707553 0.696985
vt 0.709356 0.701238
vt 0.708064 0.701391
vt 0.673078 0.666685
vt 0.671790 0.666555
vt 0.709947 0.705841
vt 0.708670 0.706011
vt 0.710632 0.710642
vt 0.709370 0.710828
vt 0.677138 0.632400
vt 0.678348 0.632643
vt 0.677322 0.637924
vt 0.676104 0.637697
vt 0.711411 0.715608
vt 0.710166 0.715811
vt 0.679416 0.621720
vt 0.680596 0.621981
vt 0.679451 0.627310
vt 0.678250 0.627054
vt 0.706603 0.685067
vt 0.707932 0.685009
vt 0.708143 0.688761
vt 0.706823 0.688847
vt 0.715443 0.736585
vt 0.714244 0.736846
vt 0.716613 0.741912
vt 0.715435 0.742178
vt 0.706446 0.677858
vt 0.707781 0.677862
vt 0.707812 0.681396
vt 0.706478 0.681424
vt 0.671501 0.700373
vt 0.672799 0.700258
vt 0.673218 0.704409
vt 0.671934 0.704544
vt 0.673730 0.708795
vt 0.672464 0.708945
vt 0.707833 0.674339
vt 0.706499 0.674303
vt 0.674330 0.713397
vt 0.673087 0.713560
vt 0.675019 0.718199
vt 0.673804 0.718372
vt 0.711621 0.640631
vt 0.710431 0.640440
vt 0.710820 0.645543
vt 0.709595 0.645361
vt 0.675795 0.723170
vt 0.674617 0.723351
vt 0.710109 0.650281
vt 0.708855 0.650108
vt 0.672475 0.696325
vt 0.671167 0.696416
vt 0.676382 0.621010
vt 0.677807 0.621349
vt 0.676606 0.626701
vt 0.675154 0.626385
vt 0.675482 0.632067
vt 0.674018 0.631771
vt 0.703126 0.685214
vt 0.704758 0.685145
vt 0.704990 0.688964
vt 0.703370 0.689067
vt 0.705321 0.692962
vt 0.703714 0.693098
vt 0.707867 0.721503
vt 0.709363 0.721236
vt 0.710363 0.726494
vt 0.708884 0.726779
vt 0.711444 0.731832
vt 0.709979 0.732135
vt 0.702941 0.677848
vt 0.704586 0.677852
vt 0.704623 0.681461
vt 0.702983 0.681495
vt 0.668143 0.700663
vt 0.669718 0.700528
vt 0.670175 0.704726
vt 0.668625 0.704885
vt 0.670737 0.709145
vt 0.669217 0.709322
vt 0.703171 0.670521
vt 0.704801 0.670602
vt 0.704644 0.674254
vt 0.703004 0.674210
vt 0.671403 0.713776
vt 0.669924 0.713966
vt 0.672178 0.718597
vt 0.670753 0.718793
vt 0.708565 0.634912
vt 0.709864 0.635123
vt 0.708850 0.640194
vt 0.707469 0.639981
vt 0.707944 0.645121
vt 0.706496 0.644911
vt 0.673066 0.723580
vt 0.671712 0.723778
vt 0.674056 0.728703
vt 0.672788 0.728898
vt 0.707149 0.649877
vt 0.705647 0.649675
vt 0.706464 0.654436
vt 0.704922 0.654247
vt 0.667503 0.692805
vt 0.669109 0.692727
vt 0.669363 0.696539
vt 0.667771 0.696647
vt 0.705888 0.658780
vt 0.704315 0.658609
vt 0.705420 0.662907
vt 0.703823 0.662762
vt 0.667276 0.685449
vt 0.668896 0.685444
vt 0.668953 0.689048
vt 0.667338 0.689091
vt 0.838224 0.846759
vt 0.836529 0.845091
vt 0.712600 0.737207
vt 0.711148 0.737530
vt 0.713828 0.742555
vt 0.712406 0.742900
vt 0.668034 0.670388
vt 0.669608 0.670514
vt 0.669287 0.674443
vt 0.667697 0.674347
vt 0.669061 0.678206
vt 0.667457 0.678141
vt 0.710940 0.629990
vt 0.709712 0.629887
vt 0.675098 0.733884
vt 0.673902 0.733974
vt 0.676013 0.738817
vt 0.674763 0.738193
vt 0.674582 0.740888
vt 0.675057 0.740630
vt 0.676633 0.743699
vt 0.675501 0.744718
vt 0.678023 0.750071
vt 0.676657 0.750364
vt 0.705059 0.666836
vt 0.703443 0.666720
vt 0.671990 0.642352
vt 0.673475 0.642611
vt 0.672604 0.647717
vt 0.671106 0.647477
vt 0.671823 0.652673
vt 0.670310 0.652453
vt 0.668930 0.681852
vt 0.667316 0.681821
vt 0.671133 0.657452
vt 0.669605 0.657252
vt 0.670532 0.662026
vt 0.668989 0.661849
vt 0.705751 0.697171
vt 0.704157 0.697336
vt 0.706280 0.701603
vt 0.704702 0.701792
vt 0.670024 0.666381
vt 0.668465 0.666227
vt 0.706907 0.706247
vt 0.705348 0.706458
vt 0.707632 0.711085
vt 0.706094 0.711315
vt 0.674436 0.637384
vt 0.672963 0.637107
vt 0.708451 0.716090
vt 0.706935 0.716339
vt 0.194155 0.608391
vt 0.170663 0.610352
vt 0.170197 0.602828
vt 0.172041 0.617356
vt 0.150269 0.620597
vt 0.148600 0.612248
vt 0.148031 0.603087
vt 0.170592 0.594580
vt 0.171856 0.586330
vt 0.148514 0.592793
vt 0.150049 0.582499
vt 0.174038 0.578806
vt 0.177130 0.571900
vt 0.152693 0.573350
vt 0.156439 0.565162
vt 0.224191 0.538601
vt 0.234078 0.535415
vt 0.214810 0.529992
vt 0.227474 0.527010
vt 0.191591 0.553916
vt 0.185916 0.559334
vt 0.167076 0.550670
vt 0.173963 0.544718
vt 0.181095 0.565378
vt 0.161239 0.557558
vt 0.110181 0.545052
vt 0.119485 0.541623
vt 0.101115 0.549162
vt 0.090360 0.530667
vt 0.101665 0.525790
vt 0.113352 0.521787
vt 0.235402 0.687149
vt 0.226456 0.682843
vt 0.244570 0.690770
vt 0.238018 0.710362
vt 0.226541 0.706000
vt 0.215416 0.700756
vt 0.217812 0.677876
vt 0.209602 0.672082
vt 0.204721 0.694659
vt 0.194613 0.687428
vt 0.180615 0.637822
vt 0.177212 0.631031
vt 0.184616 0.644594
vt 0.164804 0.653117
vt 0.160283 0.644959
vt 0.156407 0.636839
vt 0.189404 0.651381
vt 0.195160 0.658307
vt 0.177051 0.669976
vt 0.170287 0.661387
vt 0.201970 0.665384
vt 0.185272 0.678928
vt 0.242643 0.532133
vt 0.250535 0.528528
vt 0.237960 0.523720
vt 0.247371 0.519764
vt 0.115173 0.699943
vt 0.105896 0.697162
vt 0.123850 0.702997
vt 0.119915 0.711372
vt 0.109240 0.708227
vt 0.097650 0.705642
vt 0.096637 0.694732
vt 0.087796 0.692331
vt 0.086075 0.703735
vt 0.075094 0.701997
vt 0.046728 0.658194
vt 0.043718 0.649689
vt 0.024681 0.665493
vt 0.020726 0.654792
vt 0.065630 0.682118
vt 0.072221 0.686154
vt 0.055987 0.696758
vt 0.047977 0.692812
vt 0.079626 0.689532
vt 0.065036 0.699770
vt 0.041965 0.640707
vt 0.041285 0.632001
vt 0.018417 0.643342
vt 0.017478 0.632328
vt 0.041485 0.624175
vt 0.042571 0.616742
vt 0.017574 0.622695
vt 0.018773 0.613671
vt 0.044627 0.609061
vt 0.047624 0.601021
vt 0.021167 0.604244
vt 0.024722 0.594226
vt 0.076249 0.564213
vt 0.084110 0.558891
vt 0.068927 0.570119
vt 0.050695 0.555550
vt 0.059695 0.548507
vt 0.069360 0.542247
vt 0.062246 0.576935
vt 0.056392 0.584551
vt 0.035300 0.573434
vt 0.042476 0.563909
vt 0.051531 0.592719
vt 0.029406 0.583753
vt 0.174294 0.624214
vt 0.152979 0.628734
vt 0.466658 0.490046
vt 0.468382 0.490518
vt 0.470348 0.478157
vt 0.472100 0.478595
vt 0.473852 0.479028
vt 0.470104 0.490992
vt 0.476584 0.651003
vt 0.478382 0.651013
vt 0.480185 0.651024
vt 0.092412 0.553839
vt 0.079588 0.536250
vt 0.212796 0.616183
vt 0.214709 0.620728
vt 0.212876 0.616154
vt 0.214788 0.620690
vt 0.210575 0.597702
vt 0.211381 0.593048
vt 0.211462 0.593067
vt 0.210657 0.597711
vt 0.212733 0.588399
vt 0.214627 0.583767
vt 0.214708 0.583805
vt 0.212815 0.588427
vt 0.231601 0.561900
vt 0.227303 0.565999
vt 0.236267 0.558003
vt 0.236333 0.558087
vt 0.231671 0.561978
vt 0.227377 0.566070
vt 0.223420 0.570266
vt 0.219992 0.574672
vt 0.223496 0.570330
vt 0.220070 0.574727
vt 0.217054 0.579182
vt 0.217133 0.579229
vt 0.115621 0.583983
vt 0.110599 0.587546
vt 0.115682 0.584073
vt 0.110664 0.587631
vt 0.252108 0.655264
vt 0.257741 0.658011
vt 0.246654 0.652297
vt 0.246709 0.652203
vt 0.252159 0.655168
vt 0.257788 0.657912
vt 0.241408 0.649074
vt 0.236420 0.645599
vt 0.236483 0.645514
vt 0.241467 0.648985
vt 0.217152 0.625208
vt 0.220106 0.629593
vt 0.217230 0.625160
vt 0.220182 0.629537
vt 0.223546 0.633855
vt 0.227440 0.637963
vt 0.223619 0.633791
vt 0.227510 0.637891
vt 0.231747 0.641887
vt 0.231814 0.641808
vt 0.251878 0.547705
vt 0.246465 0.550901
vt 0.257460 0.544698
vt 0.257513 0.544796
vt 0.251933 0.547800
vt 0.246524 0.550994
vt 0.126382 0.684716
vt 0.132035 0.687519
vt 0.120900 0.681719
vt 0.120955 0.681625
vt 0.126433 0.684619
vt 0.132083 0.687420
vt 0.115613 0.678482
vt 0.110576 0.674996
vt 0.110639 0.674911
vt 0.115672 0.678392
vt 0.091104 0.654532
vt 0.094085 0.658935
vt 0.088645 0.650033
vt 0.088724 0.649995
vt 0.091183 0.654485
vt 0.094161 0.658879
vt 0.097560 0.663214
vt 0.101495 0.667337
vt 0.097633 0.663150
vt 0.101566 0.667265
vt 0.105851 0.671274
vt 0.105919 0.671195
vt 0.084526 0.636233
vt 0.085349 0.640865
vt 0.084254 0.631585
vt 0.084335 0.631585
vt 0.084608 0.636224
vt 0.085430 0.640846
vt 0.084533 0.626926
vt 0.085364 0.622264
vt 0.085445 0.622283
vt 0.084615 0.626936
vt 0.086747 0.617611
vt 0.088680 0.612986
vt 0.088761 0.613025
vt 0.086829 0.617640
vt 0.105888 0.591350
vt 0.101541 0.595370
vt 0.105956 0.591429
vt 0.101613 0.595443
vt 0.097608 0.599577
vt 0.094132 0.603937
vt 0.097684 0.599642
vt 0.094209 0.603994
vt 0.091147 0.608418
vt 0.091226 0.608465
vt 0.232729 0.563152
vt 0.234020 0.564579
vt 0.235325 0.566017
vt 0.086723 0.645469
vt 0.086804 0.645441
vt 0.241242 0.554332
vt 0.241305 0.554421
vt 0.218581 0.624353
vt 0.220247 0.623363
vt 0.221936 0.622364
vt 0.112489 0.859679
vt 0.114236 0.860105
vt 0.112508 0.859513
vt 0.114323 0.859982
vt 0.673731 0.737849
vt 0.673854 0.737836
vt 0.674203 0.739389
vt 0.674166 0.739616
vt 0.673980 0.737827
vt 0.674346 0.739598
vt 0.674169 0.737858
vt 0.674494 0.739545
vt 0.709996 0.626036
vt 0.710337 0.624365
vt 0.709804 0.626066
vt 0.710188 0.624313
vt 0.709678 0.626059
vt 0.710041 0.624521
vt 0.709555 0.626047
vt 0.710008 0.624297
vt 0.822680 0.849880
vt 0.822708 0.850045
vt 0.820996 0.850506
vt 0.820902 0.850387
vt 0.207099 0.607372
vt 0.207304 0.607356
vt 0.208198 0.612317
vt 0.207000 0.602362
vt 0.207160 0.602360
vt 0.207464 0.607343
vt 0.208356 0.612296
vt 0.207617 0.607330
vt 0.208507 0.612272
vt 0.207313 0.602358
vt 0.207464 0.602357
vt 0.207767 0.607316
vt 0.208655 0.612247
vt 0.207915 0.607301
vt 0.208800 0.612218
vt 0.207612 0.602356
vt 0.207282 0.597347
vt 0.208153 0.592336
vt 0.208309 0.592361
vt 0.207441 0.597358
vt 0.207593 0.597370
vt 0.208459 0.592387
vt 0.208605 0.592414
vt 0.207742 0.597383
vt 0.207890 0.597397
vt 0.208750 0.592443
vt 0.209607 0.587360
vt 0.211630 0.582440
vt 0.211779 0.582485
vt 0.209759 0.587396
vt 0.209905 0.587433
vt 0.211920 0.582531
vt 0.212059 0.582581
vt 0.210048 0.587472
vt 0.210189 0.587515
vt 0.212195 0.582635
vt 0.229408 0.559610
vt 0.224945 0.563846
vt 0.234241 0.555588
vt 0.234350 0.555673
vt 0.229526 0.559688
vt 0.225070 0.563919
vt 0.229642 0.559773
vt 0.225191 0.563996
vt 0.234458 0.555766
vt 0.234562 0.555864
vt 0.229752 0.559862
vt 0.225307 0.564079
vt 0.229858 0.559959
vt 0.225418 0.564168
vt 0.234660 0.555968
vt 0.220897 0.568275
vt 0.217305 0.572869
vt 0.221028 0.568342
vt 0.217442 0.572930
vt 0.221154 0.568413
vt 0.217574 0.572993
vt 0.221276 0.568489
vt 0.217701 0.573061
vt 0.221394 0.568571
vt 0.217825 0.573135
vt 0.214206 0.577600
vt 0.214349 0.577653
vt 0.214486 0.577709
vt 0.214619 0.577768
vt 0.214749 0.577833
vt 0.124948 0.574944
vt 0.119323 0.578053
vt 0.130677 0.572088
vt 0.130730 0.572206
vt 0.125012 0.575058
vt 0.119397 0.578162
vt 0.125073 0.575169
vt 0.119467 0.578269
vt 0.130782 0.572321
vt 0.130836 0.572436
vt 0.125134 0.575282
vt 0.119537 0.578379
vt 0.125197 0.575398
vt 0.119607 0.578492
vt 0.130892 0.572554
vt 0.250708 0.657942
vt 0.256420 0.660722
vt 0.245104 0.654913
vt 0.245179 0.654806
vt 0.250773 0.657830
vt 0.256475 0.660606
vt 0.250835 0.657721
vt 0.256528 0.660493
vt 0.245251 0.654700
vt 0.245322 0.654592
vt 0.250897 0.657609
vt 0.256583 0.660378
vt 0.250959 0.657493
vt 0.256639 0.660261
vt 0.245392 0.654480
vt 0.239688 0.651613
vt 0.234520 0.648041
vt 0.234618 0.647947
vt 0.239775 0.651512
vt 0.239856 0.651412
vt 0.234710 0.647853
vt 0.234800 0.647755
vt 0.239936 0.651308
vt 0.240015 0.651200
vt 0.234887 0.647653
vt 0.214327 0.626802
vt 0.217455 0.631412
vt 0.211725 0.622065
vt 0.211876 0.622026
vt 0.214472 0.626754
vt 0.217593 0.631355
vt 0.214610 0.626702
vt 0.217725 0.631295
vt 0.212019 0.621983
vt 0.212159 0.621936
vt 0.214745 0.626645
vt 0.217852 0.631229
vt 0.214875 0.626582
vt 0.217975 0.631156
vt 0.212296 0.621883
vt 0.221077 0.635867
vt 0.225159 0.640141
vt 0.221208 0.635801
vt 0.225280 0.640067
vt 0.221332 0.635732
vt 0.225395 0.639989
vt 0.221452 0.635658
vt 0.225505 0.639907
vt 0.221567 0.635576
vt 0.225612 0.639817
vt 0.229658 0.644209
vt 0.229768 0.644124
vt 0.229871 0.644038
vt 0.229972 0.643948
vt 0.230069 0.643851
vt 0.250342 0.545005
vt 0.244786 0.548275
vt 0.256002 0.541949
vt 0.256057 0.542068
vt 0.250410 0.545117
vt 0.244867 0.548380
vt 0.250483 0.545241
vt 0.244951 0.548495
vt 0.256118 0.542197
vt 0.256182 0.542328
vt 0.250557 0.545367
vt 0.245035 0.548614
vt 0.250630 0.545492
vt 0.245116 0.548734
vt 0.256248 0.542457
vt 0.124902 0.687431
vt 0.130639 0.690288
vt 0.119264 0.684361
vt 0.119356 0.684262
vt 0.124978 0.687323
vt 0.130700 0.690172
vt 0.125058 0.687205
vt 0.130767 0.690046
vt 0.119449 0.684152
vt 0.119538 0.684038
vt 0.125136 0.687083
vt 0.130833 0.689918
vt 0.125209 0.686958
vt 0.130899 0.689789
vt 0.119620 0.683920
vt 0.113813 0.681040
vt 0.108612 0.677460
vt 0.108723 0.677372
vt 0.113916 0.680948
vt 0.114018 0.680847
vt 0.108832 0.677278
vt 0.108935 0.677178
vt 0.114116 0.680740
vt 0.114206 0.680628
vt 0.109032 0.677073
vt 0.088294 0.656188
vt 0.091439 0.660812
vt 0.085676 0.651430
vt 0.085820 0.651373
vt 0.088433 0.656123
vt 0.091574 0.660741
vt 0.088565 0.656058
vt 0.091701 0.660670
vt 0.085957 0.651316
vt 0.086091 0.651259
vt 0.088694 0.655991
vt 0.091825 0.660595
vt 0.088821 0.655921
vt 0.091946 0.660517
vt 0.086224 0.651199
vt 0.095087 0.665276
vt 0.099195 0.669556
vt 0.095216 0.665201
vt 0.099319 0.669477
vt 0.095339 0.665124
vt 0.099438 0.669394
vt 0.095458 0.665043
vt 0.099551 0.669307
vt 0.095573 0.664957
vt 0.099660 0.669214
vt 0.103721 0.673625
vt 0.103839 0.673542
vt 0.103953 0.673454
vt 0.104061 0.673360
vt 0.104164 0.673261
vt 0.081236 0.636611
vt 0.082129 0.641612
vt 0.080939 0.631588
vt 0.081098 0.631586
vt 0.081393 0.636596
vt 0.082283 0.641581
vt 0.081543 0.636581
vt 0.082430 0.641551
vt 0.081249 0.631585
vt 0.081398 0.631585
vt 0.081690 0.636565
vt 0.082574 0.641520
vt 0.081837 0.636549
vt 0.082718 0.641488
vt 0.081546 0.631584
vt 0.081237 0.626564
vt 0.082134 0.621554
vt 0.082291 0.621573
vt 0.081396 0.626574
vt 0.081546 0.626584
vt 0.082439 0.621594
vt 0.082585 0.621617
vt 0.081694 0.626596
vt 0.081842 0.626610
vt 0.082729 0.621644
vt 0.083624 0.616574
vt 0.085694 0.611650
vt 0.085842 0.611691
vt 0.083777 0.616603
vt 0.083922 0.616635
vt 0.085981 0.611734
vt 0.086117 0.611781
vt 0.084064 0.616670
vt 0.084204 0.616710
vt 0.086252 0.611834
vt 0.103796 0.589010
vt 0.099268 0.593168
vt 0.108685 0.585093
vt 0.108780 0.585191
vt 0.103900 0.589102
vt 0.099381 0.593253
vt 0.103998 0.589193
vt 0.099487 0.593337
vt 0.108869 0.585288
vt 0.108956 0.585388
vt 0.104094 0.589287
vt 0.099591 0.593424
vt 0.104188 0.589386
vt 0.099693 0.593516
vt 0.109043 0.585492
vt 0.095150 0.597541
vt 0.091489 0.602101
vt 0.095273 0.597617
vt 0.091622 0.602166
vt 0.095388 0.597693
vt 0.091745 0.602232
vt 0.095500 0.597772
vt 0.091866 0.602301
vt 0.095611 0.597856
vt 0.091985 0.602377
vt 0.088327 0.606815
vt 0.088467 0.606868
vt 0.088599 0.606923
vt 0.088728 0.606981
vt 0.088856 0.607046
vt 0.209676 0.617228
vt 0.209831 0.617197
vt 0.209979 0.617164
vt 0.210123 0.617127
vt 0.210265 0.617086
vt 0.083614 0.646561
vt 0.083764 0.646516
vt 0.083905 0.646471
vt 0.084045 0.646426
vt 0.084184 0.646379
vt 0.239392 0.551803
vt 0.239487 0.551898
vt 0.239584 0.552002
vt 0.239678 0.552110
vt 0.239769 0.552222
vt 0.113881 0.581436
vt 0.113966 0.581540
vt 0.114045 0.581642
vt 0.114124 0.581747
vt 0.114202 0.581856
vt 0.139202 0.613075
vt 0.138579 0.603200
vt 0.141004 0.622005
vt 0.139604 0.622219
vt 0.137782 0.613202
vt 0.137151 0.603217
vt 0.475299 0.639127
vt 0.475696 0.628228
vt 0.475881 0.628245
vt 0.475497 0.639132
vt 0.476432 0.617937
vt 0.476611 0.617969
vt 0.476790 0.617997
vt 0.476066 0.628260
vt 0.475697 0.639136
vt 0.476291 0.628275
vt 0.475915 0.639142
vt 0.477017 0.618022
vt 0.139112 0.592008
vt 0.140774 0.580825
vt 0.137691 0.591888
vt 0.139373 0.580571
vt 0.475118 0.662946
vt 0.475108 0.651003
vt 0.475316 0.651001
vt 0.475320 0.662936
vt 0.475525 0.651000
vt 0.475522 0.662928
vt 0.475739 0.651000
vt 0.475737 0.662922
vt 0.143625 0.570976
vt 0.147657 0.562239
vt 0.142255 0.570616
vt 0.146329 0.561794
vt 0.476098 0.684795
vt 0.475419 0.674108
vt 0.475609 0.674083
vt 0.476281 0.684753
vt 0.475800 0.674062
vt 0.476466 0.684716
vt 0.476020 0.674047
vt 0.476689 0.684690
vt 0.184888 0.531920
vt 0.196740 0.528932
vt 0.175036 0.535747
vt 0.173990 0.535122
vt 0.183947 0.531299
vt 0.195938 0.528326
vt 0.490741 0.749744
vt 0.486365 0.738064
vt 0.486526 0.737896
vt 0.490907 0.749559
vt 0.483046 0.727125
vt 0.483209 0.726989
vt 0.483380 0.726878
vt 0.486699 0.737761
vt 0.491089 0.749408
vt 0.486901 0.737679
vt 0.491296 0.749318
vt 0.483588 0.726807
vt 0.166493 0.540742
vt 0.159092 0.546920
vt 0.157883 0.546348
vt 0.165359 0.540133
vt 0.480535 0.716524
vt 0.480704 0.716417
vt 0.478614 0.706001
vt 0.478789 0.705919
vt 0.478967 0.705850
vt 0.480878 0.716329
vt 0.481092 0.716269
vt 0.479185 0.705803
vt 0.152818 0.554170
vt 0.151544 0.553654
vt 0.477158 0.695426
vt 0.477338 0.695365
vt 0.477521 0.695313
vt 0.477741 0.695277
vt 0.098004 0.517373
vt 0.110737 0.513069
vt 0.085735 0.522631
vt 0.085038 0.521417
vt 0.097451 0.516099
vt 0.110342 0.511744
vt 0.469335 0.809781
vt 0.465256 0.797271
vt 0.465471 0.797194
vt 0.469554 0.809713
vt 0.461408 0.784771
vt 0.461621 0.784691
vt 0.461836 0.784614
vt 0.465688 0.797118
vt 0.469773 0.809643
vt 0.465906 0.797047
vt 0.469993 0.809570
vt 0.462054 0.784546
vt 0.222729 0.714238
vt 0.210668 0.708541
vt 0.235219 0.718975
vt 0.234796 0.720284
vt 0.222152 0.715485
vt 0.209951 0.709717
vt 0.500405 0.502225
vt 0.504553 0.489972
vt 0.504764 0.490053
vt 0.500615 0.502308
vt 0.508928 0.477747
vt 0.509144 0.477818
vt 0.509358 0.477892
vt 0.504976 0.490133
vt 0.500827 0.502388
vt 0.505189 0.490209
vt 0.501041 0.502462
vt 0.509572 0.477971
vt 0.199104 0.701917
vt 0.188200 0.694039
vt 0.198257 0.703011
vt 0.187234 0.695035
vt 0.492962 0.527007
vt 0.496520 0.514547
vt 0.496732 0.514628
vt 0.493176 0.527083
vt 0.496945 0.514705
vt 0.493392 0.527156
vt 0.497161 0.514775
vt 0.493611 0.527222
vt 0.151646 0.648030
vt 0.147565 0.639345
vt 0.156386 0.656777
vt 0.155118 0.657329
vt 0.150344 0.648494
vt 0.146232 0.639724
vt 0.478848 0.597073
vt 0.480356 0.586397
vt 0.480540 0.586446
vt 0.479030 0.597120
vt 0.482102 0.575510
vt 0.482291 0.575565
vt 0.482482 0.575616
vt 0.480726 0.586492
vt 0.479213 0.597163
vt 0.480946 0.586534
vt 0.479436 0.597201
vt 0.482697 0.575663
vt 0.162158 0.665677
vt 0.169339 0.674980
vt 0.168178 0.675733
vt 0.160934 0.666323
vt 0.484204 0.564202
vt 0.484402 0.564266
vt 0.486763 0.552210
vt 0.486972 0.552281
vt 0.487182 0.552348
vt 0.484601 0.564326
vt 0.484811 0.564377
vt 0.487394 0.552405
vt 0.178146 0.684746
vt 0.177073 0.685622
vt 0.489714 0.539673
vt 0.489929 0.539746
vt 0.490146 0.539817
vt 0.490365 0.539878
vt 0.235945 0.520012
vt 0.246024 0.515857
vt 0.224643 0.523331
vt 0.224204 0.522747
vt 0.235629 0.519421
vt 0.245811 0.515232
vt 0.508256 0.796653
vt 0.505066 0.785568
vt 0.505257 0.785487
vt 0.508452 0.796607
vt 0.500922 0.774167
vt 0.501108 0.774042
vt 0.501302 0.773936
vt 0.505451 0.785414
vt 0.508648 0.796561
vt 0.505658 0.785351
vt 0.508859 0.796509
vt 0.501509 0.773862
vt 0.106691 0.711891
vt 0.094117 0.709361
vt 0.118246 0.715131
vt 0.117983 0.715735
vt 0.106293 0.712475
vt 0.093570 0.709951
vt 0.460890 0.501523
vt 0.465249 0.489533
vt 0.465441 0.489650
vt 0.461067 0.501681
vt 0.468907 0.477747
vt 0.469109 0.477823
vt 0.469312 0.477892
vt 0.465638 0.489749
vt 0.461255 0.501810
vt 0.465846 0.489820
vt 0.461462 0.501893
vt 0.469521 0.477949
vt 0.081567 0.707653
vt 0.069689 0.706179
vt 0.080873 0.708271
vt 0.068862 0.706833
vt 0.451631 0.524986
vt 0.456164 0.513367
vt 0.456327 0.513547
vt 0.451789 0.525168
vt 0.456505 0.513693
vt 0.451961 0.525313
vt 0.456708 0.513779
vt 0.452162 0.525398
vt 0.026580 0.686405
vt 0.020778 0.678619
vt 0.033019 0.692473
vt 0.031813 0.693162
vt 0.025308 0.687059
vt 0.019441 0.679207
vt 0.437881 0.588566
vt 0.438874 0.577739
vt 0.439051 0.577797
vt 0.438078 0.588606
vt 0.440250 0.567634
vt 0.440418 0.567716
vt 0.440588 0.567784
vt 0.439231 0.577845
vt 0.438277 0.588640
vt 0.439455 0.577880
vt 0.438494 0.588663
vt 0.440814 0.567833
vt 0.040504 0.697426
vt 0.049110 0.701332
vt 0.048066 0.702035
vt 0.039374 0.698130
vt 0.442141 0.557492
vt 0.442304 0.557602
vt 0.444608 0.547070
vt 0.444768 0.547209
vt 0.444936 0.547321
vt 0.442472 0.557692
vt 0.442693 0.557753
vt 0.445150 0.547392
vt 0.058843 0.704190
vt 0.057900 0.704874
vt 0.447748 0.536256
vt 0.447906 0.536421
vt 0.448075 0.536553
vt 0.448281 0.536633
vt 0.008407 0.644495
vt 0.007339 0.632483
vt 0.010968 0.657008
vt 0.009499 0.657344
vt 0.006900 0.644670
vt 0.005813 0.632508
vt 0.436702 0.638642
vt 0.436603 0.626126
vt 0.436824 0.626132
vt 0.436910 0.638643
vt 0.436726 0.613302
vt 0.436948 0.613318
vt 0.437171 0.613331
vt 0.437046 0.626138
vt 0.437119 0.638644
vt 0.437269 0.626140
vt 0.437340 0.638641
vt 0.437394 0.613339
vt 0.007384 0.622065
vt 0.008639 0.612352
vt 0.005851 0.621971
vt 0.007115 0.612153
vt 0.437653 0.661036
vt 0.437010 0.650083
vt 0.437205 0.650074
vt 0.437848 0.661011
vt 0.437402 0.650064
vt 0.438043 0.660988
vt 0.437625 0.650053
vt 0.438266 0.660968
vt 0.011186 0.602176
vt 0.014987 0.591312
vt 0.009687 0.601864
vt 0.013526 0.590874
vt 0.440051 0.684721
vt 0.438681 0.672507
vt 0.438885 0.672470
vt 0.440266 0.684679
vt 0.439091 0.672437
vt 0.440482 0.684639
vt 0.439308 0.672410
vt 0.440699 0.684607
vt 0.052629 0.541761
vt 0.063048 0.535078
vt 0.042930 0.549303
vt 0.041766 0.548365
vt 0.051569 0.540747
vt 0.062098 0.533999
vt 0.454392 0.759883
vt 0.451205 0.747606
vt 0.451411 0.747521
vt 0.454599 0.759796
vt 0.448336 0.735327
vt 0.448546 0.735251
vt 0.448758 0.735183
vt 0.451620 0.747444
vt 0.454808 0.759717
vt 0.451833 0.747384
vt 0.455023 0.759653
vt 0.448973 0.735129
vt 0.034068 0.558330
vt 0.026337 0.568673
vt 0.024993 0.567959
vt 0.032807 0.557493
vt 0.445808 0.722821
vt 0.446023 0.722757
vt 0.443597 0.710124
vt 0.443816 0.710070
vt 0.444037 0.710019
vt 0.446241 0.722698
vt 0.446461 0.722650
vt 0.444259 0.709977
vt 0.020006 0.579912
vt 0.018596 0.579335
vt 0.441694 0.697356
vt 0.441913 0.697309
vt 0.442134 0.697265
vt 0.442356 0.697228
vt 0.143915 0.630690
vt 0.142547 0.630987
vt 0.477518 0.607605
vt 0.477697 0.607648
vt 0.477877 0.607686
vt 0.478103 0.607718
vt 0.015335 0.668652
vt 0.013929 0.669130
vt 0.437157 0.600655
vt 0.437372 0.600683
vt 0.437588 0.600707
vt 0.437805 0.600721
vt 0.210800 0.526246
vt 0.210183 0.525655
vt 0.495889 0.762026
vt 0.496067 0.761858
vt 0.496258 0.761719
vt 0.496473 0.761631
vt 0.074084 0.528644
vt 0.073255 0.527498
vt 0.457798 0.772291
vt 0.458009 0.772208
vt 0.458222 0.772130
vt 0.458438 0.772063
vt 0.210765 0.606961
vt 0.211590 0.611557
vt 0.210482 0.602348
vt 0.210597 0.602348
vt 0.210879 0.606948
vt 0.211702 0.611530
vt 0.210997 0.606934
vt 0.211818 0.611503
vt 0.210716 0.602347
vt 0.210835 0.602347
vt 0.211115 0.606920
vt 0.211934 0.611476
vt 0.211340 0.606894
vt 0.212154 0.611425
vt 0.211063 0.602346
vt 0.210744 0.597721
vt 0.211549 0.593087
vt 0.211661 0.593113
vt 0.210859 0.597734
vt 0.210977 0.597747
vt 0.211778 0.593139
vt 0.211894 0.593165
vt 0.211096 0.597761
vt 0.211321 0.597786
vt 0.212115 0.593215
vt 0.212898 0.588456
vt 0.214790 0.583843
vt 0.214894 0.583891
vt 0.213007 0.588494
vt 0.213120 0.588532
vt 0.215003 0.583941
vt 0.215111 0.583991
vt 0.213233 0.588571
vt 0.213448 0.588644
vt 0.215318 0.584086
vt 0.231741 0.562056
vt 0.227450 0.566141
vt 0.236400 0.558171
vt 0.236469 0.558259
vt 0.231817 0.562141
vt 0.227532 0.566221
vt 0.231896 0.562228
vt 0.227616 0.566303
vt 0.236542 0.558351
vt 0.236614 0.558442
vt 0.231974 0.562315
vt 0.227701 0.566385
vt 0.232125 0.562482
vt 0.227864 0.566542
vt 0.236753 0.558618
vt 0.223572 0.570394
vt 0.220148 0.574783
vt 0.223660 0.570467
vt 0.220242 0.574849
vt 0.223750 0.570543
vt 0.220339 0.574918
vt 0.223841 0.570619
vt 0.220436 0.574986
vt 0.224016 0.570764
vt 0.220622 0.575116
vt 0.217213 0.579276
vt 0.217312 0.579334
vt 0.217415 0.579394
vt 0.217518 0.579453
vt 0.217715 0.579567
vt 0.126476 0.577824
vt 0.121008 0.580864
vt 0.132120 0.575007
vt 0.132168 0.575107
vt 0.126528 0.577922
vt 0.121065 0.580960
vt 0.126581 0.578024
vt 0.121123 0.581059
vt 0.132217 0.575211
vt 0.132265 0.575316
vt 0.126635 0.578125
vt 0.121182 0.581158
vt 0.126737 0.578319
vt 0.121294 0.581347
vt 0.132356 0.575517
vt 0.252209 0.655071
vt 0.257836 0.657814
vt 0.246763 0.652110
vt 0.246818 0.652015
vt 0.252259 0.654973
vt 0.257883 0.657713
vt 0.252311 0.654872
vt 0.257930 0.657609
vt 0.246876 0.651916
vt 0.246933 0.651817
vt 0.252363 0.654771
vt 0.257977 0.657505
vt 0.252463 0.654577
vt 0.258066 0.657304
vt 0.247043 0.651628
vt 0.241526 0.648896
vt 0.236546 0.645430
vt 0.236613 0.645341
vt 0.241586 0.648803
vt 0.241649 0.648707
vt 0.236682 0.645248
vt 0.236751 0.645156
vt 0.241713 0.648611
vt 0.241834 0.648427
vt 0.236884 0.644979
vt 0.217308 0.625113
vt 0.220257 0.629481
vt 0.214868 0.620651
vt 0.214972 0.620602
vt 0.217406 0.625054
vt 0.220349 0.629414
vt 0.217507 0.624993
vt 0.220444 0.629344
vt 0.215079 0.620551
vt 0.215186 0.620500
vt 0.217609 0.624932
vt 0.220540 0.629275
vt 0.217803 0.624817
vt 0.220722 0.629142
vt 0.215391 0.620404
vt 0.223693 0.633727
vt 0.227580 0.637820
vt 0.223778 0.633652
vt 0.227660 0.637739
vt 0.223867 0.633575
vt 0.227742 0.637656
vt 0.223956 0.633498
vt 0.227824 0.637573
vt 0.224126 0.633352
vt 0.227982 0.637414
vt 0.231881 0.641730
vt 0.231953 0.641645
vt 0.232029 0.641557
vt 0.232105 0.641468
vt 0.232250 0.641299
vt 0.251987 0.547896
vt 0.246582 0.551087
vt 0.257565 0.544894
vt 0.257616 0.544993
vt 0.252041 0.547993
vt 0.246641 0.551181
vt 0.252098 0.548093
vt 0.246702 0.551279
vt 0.257669 0.545096
vt 0.257720 0.545199
vt 0.252154 0.548193
vt 0.246763 0.551377
vt 0.252263 0.548385
vt 0.246880 0.551564
vt 0.257818 0.545399
vt 0.126484 0.684522
vt 0.132132 0.687321
vt 0.121009 0.681531
vt 0.121065 0.681435
vt 0.126535 0.684424
vt 0.132179 0.687220
vt 0.126588 0.684322
vt 0.132228 0.687116
vt 0.121123 0.681336
vt 0.121181 0.681237
vt 0.126641 0.684221
vt 0.132276 0.687011
vt 0.126742 0.684026
vt 0.132367 0.686810
vt 0.121292 0.681046
vt 0.115731 0.678302
vt 0.110703 0.674826
vt 0.110770 0.674736
vt 0.115792 0.678208
vt 0.115855 0.678111
vt 0.110839 0.674642
vt 0.110909 0.674549
vt 0.115919 0.678015
vt 0.116040 0.677829
vt 0.111042 0.674370
vt 0.091260 0.654437
vt 0.094237 0.658823
vt 0.088804 0.649956
vt 0.088909 0.649906
vt 0.091359 0.654378
vt 0.094330 0.658754
vt 0.091461 0.654316
vt 0.094425 0.658684
vt 0.089017 0.649855
vt 0.089124 0.649804
vt 0.091563 0.654255
vt 0.094521 0.658614
vt 0.091758 0.654138
vt 0.094705 0.658480
vt 0.089330 0.649707
vt 0.097707 0.663085
vt 0.101637 0.667193
vt 0.097793 0.663010
vt 0.101717 0.667111
vt 0.097882 0.662932
vt 0.101799 0.667027
vt 0.097971 0.662854
vt 0.101881 0.666943
vt 0.098142 0.662706
vt 0.102040 0.666783
vt 0.105986 0.671116
vt 0.106059 0.671029
vt 0.106135 0.670940
vt 0.106211 0.670851
vt 0.106356 0.670680
vt 0.084696 0.636214
vt 0.085517 0.640825
vt 0.084424 0.631585
vt 0.084539 0.631585
vt 0.084811 0.636200
vt 0.085629 0.640799
vt 0.084929 0.636186
vt 0.085745 0.640772
vt 0.084659 0.631585
vt 0.084778 0.631585
vt 0.085048 0.636173
vt 0.085861 0.640745
vt 0.085274 0.636147
vt 0.086083 0.640693
vt 0.085006 0.631585
vt 0.084703 0.626946
vt 0.085532 0.622303
vt 0.085644 0.622330
vt 0.084818 0.626959
vt 0.084936 0.626973
vt 0.085761 0.622357
vt 0.085877 0.622384
vt 0.085055 0.626987
vt 0.085281 0.627013
vt 0.086099 0.622435
vt 0.086912 0.617670
vt 0.088842 0.613063
vt 0.088946 0.613113
vt 0.087021 0.617709
vt 0.087134 0.617748
vt 0.089054 0.613164
vt 0.089162 0.613214
vt 0.087247 0.617787
vt 0.087462 0.617862
vt 0.089369 0.613311
vt 0.106025 0.591508
vt 0.101685 0.595515
vt 0.110728 0.587716
vt 0.110796 0.587806
vt 0.106099 0.591594
vt 0.101765 0.595595
vt 0.106176 0.591682
vt 0.101849 0.595678
vt 0.110867 0.587898
vt 0.110937 0.587990
vt 0.106253 0.591770
vt 0.101932 0.595761
vt 0.106400 0.591939
vt 0.102092 0.595920
vt 0.111073 0.588167
vt 0.097758 0.599706
vt 0.094287 0.604050
vt 0.097845 0.599781
vt 0.094380 0.604118
vt 0.097935 0.599858
vt 0.094476 0.604187
vt 0.098025 0.599934
vt 0.094572 0.604256
vt 0.098197 0.600081
vt 0.094757 0.604389
vt 0.091305 0.608513
vt 0.091404 0.608572
vt 0.091507 0.608633
vt 0.091609 0.608693
vt 0.091805 0.608809
vt 0.212959 0.616125
vt 0.213068 0.616086
vt 0.213180 0.616047
vt 0.213292 0.616007
vt 0.213506 0.615933
vt 0.086887 0.645411
vt 0.086996 0.645372
vt 0.087109 0.645333
vt 0.087221 0.645293
vt 0.087436 0.645218
vt 0.241367 0.554510
vt 0.241431 0.554602
vt 0.241498 0.554697
vt 0.241564 0.554792
vt 0.241692 0.554974
vt 0.115742 0.584163
vt 0.115804 0.584255
vt 0.115868 0.584351
vt 0.115932 0.584447
vt 0.116056 0.584631
vt 0.666552 0.681807
vt 0.666697 0.678111
vt 0.666511 0.685452
vt 0.666280 0.685453
vt 0.666322 0.681803
vt 0.666468 0.678103
vt 0.666173 0.681801
vt 0.666320 0.678099
vt 0.666131 0.685454
vt 0.665982 0.685454
vt 0.666025 0.681799
vt 0.666171 0.678095
vt 0.078264 0.817600
vt 0.077403 0.821187
vt 0.077182 0.821155
vt 0.078050 0.817540
vt 0.077096 0.824803
vt 0.076873 0.824802
vt 0.666574 0.689111
vt 0.666742 0.692841
vt 0.666513 0.692851
vt 0.666344 0.689117
vt 0.666196 0.689120
vt 0.666365 0.692857
vt 0.666216 0.692863
vt 0.666047 0.689123
vt 0.077343 0.828437
vt 0.077121 0.828466
vt 0.078145 0.832070
vt 0.077929 0.832128
vt 0.667016 0.696698
vt 0.667396 0.700727
vt 0.667169 0.700745
vt 0.666787 0.696713
vt 0.666639 0.696721
vt 0.667021 0.700755
vt 0.666873 0.700764
vt 0.666491 0.696728
vt 0.079505 0.835673
vt 0.079299 0.835758
vt 0.081423 0.839216
vt 0.081228 0.839323
vt 0.671061 0.723870
vt 0.670070 0.718885
vt 0.672173 0.728990
vt 0.671967 0.729014
vt 0.670849 0.723894
vt 0.669854 0.718910
vt 0.670703 0.723904
vt 0.669708 0.718921
vt 0.671822 0.729023
vt 0.671678 0.729029
vt 0.670558 0.723910
vt 0.669562 0.718929
vt 0.094431 0.851881
vt 0.098884 0.854401
vt 0.098754 0.854565
vt 0.094289 0.852041
vt 0.103731 0.856580
vt 0.103614 0.856747
vt 0.669217 0.714055
vt 0.668493 0.709405
vt 0.668997 0.714079
vt 0.668270 0.709428
vt 0.668850 0.714091
vt 0.668123 0.709440
vt 0.668703 0.714101
vt 0.667975 0.709450
vt 0.086901 0.845953
vt 0.090424 0.849047
vt 0.090270 0.849200
vt 0.086734 0.846095
vt 0.667888 0.704960
vt 0.667662 0.704980
vt 0.667515 0.704991
vt 0.667367 0.705002
vt 0.083894 0.842659
vt 0.083713 0.842785
vt 0.710457 0.737684
vt 0.709281 0.732279
vt 0.711725 0.743068
vt 0.711517 0.743120
vt 0.710246 0.737731
vt 0.709069 0.732322
vt 0.710109 0.737761
vt 0.708930 0.732350
vt 0.711381 0.743155
vt 0.711246 0.743190
vt 0.709972 0.737791
vt 0.708792 0.732377
vt 0.816670 0.780934
vt 0.811038 0.780020
vt 0.811068 0.779802
vt 0.816718 0.780718
vt 0.805329 0.779494
vt 0.805343 0.779274
vt 0.674462 0.626234
vt 0.675700 0.620845
vt 0.673322 0.631630
vt 0.673109 0.631588
vt 0.674251 0.626188
vt 0.675491 0.620794
vt 0.674114 0.626158
vt 0.675356 0.620760
vt 0.672971 0.631561
vt 0.672832 0.631534
vt 0.673977 0.626128
vt 0.675220 0.620725
vt 0.125529 0.787894
vt 0.119877 0.788682
vt 0.119837 0.788466
vt 0.125506 0.787676
vt 0.114332 0.789851
vt 0.114276 0.789639
vt 0.672261 0.636974
vt 0.671283 0.642229
vt 0.671068 0.642192
vt 0.672047 0.636934
vt 0.671908 0.636910
vt 0.670927 0.642169
vt 0.670786 0.642146
vt 0.671768 0.636885
vt 0.108973 0.791401
vt 0.108899 0.791193
vt 0.103866 0.793314
vt 0.103776 0.793113
vt 0.667725 0.666155
vt 0.668256 0.661764
vt 0.667287 0.670328
vt 0.667060 0.670312
vt 0.667500 0.666134
vt 0.668032 0.661740
vt 0.667353 0.666122
vt 0.667886 0.661725
vt 0.666913 0.670302
vt 0.666766 0.670293
vt 0.667206 0.666110
vt 0.667740 0.661711
vt 0.087155 0.803999
vt 0.084135 0.807226
vt 0.083959 0.807092
vt 0.086995 0.803846
vt 0.081637 0.810593
vt 0.081446 0.810480
vt 0.668878 0.657157
vt 0.669591 0.652348
vt 0.668656 0.657129
vt 0.669371 0.652317
vt 0.668511 0.657112
vt 0.669227 0.652298
vt 0.668366 0.657096
vt 0.669084 0.652279
vt 0.094662 0.798127
vt 0.090675 0.800951
vt 0.090533 0.800783
vt 0.094537 0.797945
vt 0.670393 0.647363
vt 0.670175 0.647329
vt 0.670033 0.647307
vt 0.669891 0.647287
vt 0.099077 0.795568
vt 0.098969 0.795375
vt 0.709116 0.629843
vt 0.707937 0.634814
vt 0.707729 0.634788
vt 0.708915 0.629825
vt 0.708774 0.629814
vt 0.707585 0.634778
vt 0.707440 0.634772
vt 0.708633 0.629806
vt 0.826424 0.848642
vt 0.826523 0.848808
vt 0.831254 0.846754
vt 0.831377 0.846918
vt 0.703568 0.658529
vt 0.704188 0.654158
vt 0.703066 0.662693
vt 0.702838 0.662674
vt 0.703341 0.658507
vt 0.703964 0.654134
vt 0.703194 0.658495
vt 0.703817 0.654121
vt 0.702691 0.662664
vt 0.702543 0.662654
vt 0.703047 0.658485
vt 0.703670 0.654110
vt 0.847517 0.835743
vt 0.850356 0.832393
vt 0.850544 0.832513
vt 0.847691 0.835880
vt 0.852650 0.828906
vt 0.852850 0.829007
vt 0.704931 0.649579
vt 0.705802 0.644812
vt 0.704710 0.649554
vt 0.705585 0.644786
vt 0.704563 0.649542
vt 0.705439 0.644775
vt 0.704417 0.649531
vt 0.705293 0.644766
vt 0.840289 0.841830
vt 0.844150 0.838907
vt 0.844311 0.839055
vt 0.840437 0.841986
vt 0.706806 0.639881
vt 0.706593 0.639856
vt 0.706447 0.639845
vt 0.706302 0.639838
vt 0.835972 0.844458
vt 0.836108 0.844618
vt 0.702229 0.674189
vt 0.702400 0.670482
vt 0.702165 0.677845
vt 0.701934 0.677845
vt 0.701998 0.674183
vt 0.702170 0.670472
vt 0.701850 0.674180
vt 0.702022 0.670466
vt 0.701786 0.677844
vt 0.701637 0.677844
vt 0.701702 0.674177
vt 0.701874 0.670460
vt 0.855557 0.821704
vt 0.856168 0.818060
vt 0.856393 0.818077
vt 0.855777 0.821752
vt 0.856221 0.814423
vt 0.856446 0.814409
vt 0.702207 0.681510
vt 0.702354 0.685247
vt 0.702124 0.685256
vt 0.701976 0.681515
vt 0.701828 0.681517
vt 0.701976 0.685261
vt 0.701829 0.685265
vt 0.701680 0.681519
vt 0.855717 0.810812
vt 0.855938 0.810767
vt 0.854656 0.807240
vt 0.854869 0.807166
vt 0.702603 0.689116
vt 0.702952 0.693161
vt 0.702724 0.693179
vt 0.702374 0.689130
vt 0.702227 0.689137
vt 0.702578 0.693190
vt 0.702431 0.693199
vt 0.702079 0.689144
vt 0.853038 0.803727
vt 0.853239 0.803626
vt 0.850868 0.800303
vt 0.851055 0.800177
vt 0.706214 0.716458
vt 0.705363 0.711425
vt 0.707155 0.721630
vt 0.706939 0.721667
vt 0.705996 0.716492
vt 0.705142 0.711457
vt 0.705854 0.716513
vt 0.705000 0.711476
vt 0.706799 0.721690
vt 0.706659 0.721713
vt 0.705713 0.716533
vt 0.704857 0.711495
vt 0.836981 0.788300
vt 0.832370 0.785941
vt 0.832472 0.785742
vt 0.837100 0.788110
vt 0.827406 0.783911
vt 0.827490 0.783705
vt 0.704608 0.706559
vt 0.703954 0.701882
vt 0.704385 0.706588
vt 0.703729 0.701908
vt 0.704241 0.706605
vt 0.703584 0.701923
vt 0.704097 0.706622
vt 0.703439 0.701938
vt 0.844916 0.793872
vt 0.841178 0.790957
vt 0.841315 0.790778
vt 0.845070 0.793708
vt 0.703402 0.697414
vt 0.703175 0.697436
vt 0.703029 0.697449
vt 0.702883 0.697461
vt 0.848154 0.797003
vt 0.848325 0.796856
vt 0.666943 0.674302
vt 0.666715 0.674289
vt 0.666568 0.674282
vt 0.666420 0.674276
vt 0.079677 0.814060
vt 0.079473 0.813972
vt 0.702678 0.666666
vt 0.702449 0.666651
vt 0.702301 0.666642
vt 0.702154 0.666634
vt 0.854384 0.825330
vt 0.854596 0.825406
vt 0.673321 0.734011
vt 0.673122 0.734029
vt 0.672980 0.734040
vt 0.672839 0.734048
vt 0.108678 0.858358
vt 0.108587 0.858526
vt 0.708180 0.726914
vt 0.707966 0.726954
vt 0.707826 0.726980
vt 0.707687 0.727004
vt 0.822150 0.782235
vt 0.822215 0.782024
vt 0.481860 0.628606
vt 0.481324 0.639316
vt 0.482656 0.618511
vt 0.482885 0.618526
vt 0.482085 0.628618
vt 0.481543 0.639325
vt 0.482267 0.628625
vt 0.481739 0.639333
vt 0.483063 0.618528
vt 0.004521 0.813234
vt 0.006721 0.803589
vt 0.006891 0.803624
vt 0.004699 0.813252
vt 0.003875 0.823810
vt 0.004069 0.823810
vt 0.006247 0.813404
vt 0.005592 0.823811
vt 0.008412 0.803916
vt 0.481038 0.651031
vt 0.481079 0.662808
vt 0.481253 0.651033
vt 0.481295 0.662803
vt 0.481459 0.651037
vt 0.481494 0.662804
vt 0.004566 0.835459
vt 0.004770 0.835439
vt 0.006425 0.847110
vt 0.006620 0.847070
vt 0.006264 0.835294
vt 0.008115 0.846775
vt 0.481477 0.673777
vt 0.482208 0.684252
vt 0.481699 0.673770
vt 0.482433 0.684243
vt 0.481887 0.673772
vt 0.482618 0.684251
vt 0.009719 0.857595
vt 0.009898 0.857538
vt 0.014575 0.866834
vt 0.014743 0.866760
vt 0.011382 0.857092
vt 0.016170 0.866180
vt 0.492007 0.736443
vt 0.496054 0.748021
vt 0.488903 0.725714
vt 0.489123 0.725698
vt 0.492226 0.736424
vt 0.496281 0.747993
vt 0.492452 0.736469
vt 0.496531 0.748034
vt 0.489328 0.725735
vt 0.057858 0.892443
vt 0.047091 0.890832
vt 0.047238 0.890679
vt 0.058013 0.892259
vt 0.070136 0.892610
vt 0.070305 0.892383
vt 0.058859 0.891460
vt 0.070990 0.891649
vt 0.048228 0.889841
vt 0.486506 0.715347
vt 0.484652 0.705046
vt 0.484877 0.705033
vt 0.486729 0.715333
vt 0.486922 0.715360
vt 0.485065 0.705051
vt 0.037270 0.887368
vt 0.028457 0.882037
vt 0.028611 0.881928
vt 0.037418 0.887239
vt 0.038540 0.886409
vt 0.029853 0.881151
vt 0.483248 0.694679
vt 0.483473 0.694669
vt 0.483659 0.694680
vt 0.020854 0.875059
vt 0.021014 0.874968
vt 0.022357 0.874278
vt 0.470601 0.795568
vt 0.474678 0.807972
vt 0.466811 0.783139
vt 0.467029 0.783078
vt 0.470818 0.795501
vt 0.474893 0.807897
vt 0.471037 0.795440
vt 0.475108 0.807820
vt 0.467249 0.783026
vt 0.821232 0.710641
vt 0.835003 0.712537
vt 0.834945 0.712771
vt 0.821199 0.710881
vt 0.807279 0.709878
vt 0.807273 0.710122
vt 0.820997 0.712309
vt 0.807245 0.711554
vt 0.834572 0.714178
vt 0.509770 0.491822
vt 0.505657 0.503978
vt 0.514146 0.479702
vt 0.514356 0.479785
vt 0.509982 0.491895
vt 0.505872 0.504045
vt 0.510195 0.491965
vt 0.506087 0.504106
vt 0.514564 0.479869
vt 0.104564 0.720903
vt 0.118353 0.718836
vt 0.118378 0.719078
vt 0.104617 0.721141
vt 0.091016 0.724109
vt 0.091095 0.724339
vt 0.104930 0.722537
vt 0.091577 0.725692
vt 0.118518 0.720503
vt 0.501786 0.516180
vt 0.498224 0.528512
vt 0.502002 0.516242
vt 0.498442 0.528569
vt 0.502219 0.516295
vt 0.498662 0.528618
vt 0.077819 0.728497
vt 0.077925 0.728716
vt 0.065145 0.734464
vt 0.065279 0.734671
vt 0.078572 0.730007
vt 0.066078 0.735870
vt 0.486453 0.587417
vt 0.485031 0.597963
vt 0.488077 0.576643
vt 0.488294 0.576675
vt 0.486676 0.587445
vt 0.485257 0.597986
vt 0.486863 0.587459
vt 0.485442 0.597994
vt 0.488488 0.576693
vt 0.020123 0.776514
vt 0.026218 0.767726
vt 0.026380 0.767829
vt 0.020287 0.776597
vt 0.014927 0.785424
vt 0.015092 0.785491
vt 0.021634 0.777241
vt 0.016496 0.786017
vt 0.027658 0.768592
vt 0.490005 0.565444
vt 0.492311 0.553532
vt 0.492525 0.553573
vt 0.490217 0.565480
vt 0.490421 0.565502
vt 0.492741 0.553603
vt 0.033600 0.759118
vt 0.042587 0.750592
vt 0.042750 0.750749
vt 0.033763 0.759246
vt 0.034948 0.760121
vt 0.043816 0.751729
vt 0.495050 0.541074
vt 0.495269 0.541124
vt 0.495490 0.541165
vt 0.053253 0.742125
vt 0.053407 0.742312
vt 0.054343 0.743399
vt 0.510888 0.783844
vt 0.514160 0.795137
vt 0.506361 0.772414
vt 0.506579 0.772362
vt 0.511095 0.783789
vt 0.514367 0.795081
vt 0.511302 0.783747
vt 0.514564 0.795024
vt 0.506808 0.772343
vt 0.110967 0.892175
vt 0.098556 0.891649
vt 0.098650 0.891422
vt 0.111020 0.891969
vt 0.122553 0.893963
vt 0.122581 0.893760
vt 0.111211 0.891309
vt 0.122647 0.893078
vt 0.098981 0.890762
vt 0.470914 0.491211
vt 0.466446 0.503309
vt 0.474677 0.479230
vt 0.474891 0.479278
vt 0.471132 0.491257
vt 0.466670 0.503347
vt 0.471360 0.491273
vt 0.466912 0.503333
vt 0.475108 0.479315
vt 0.830199 0.882079
vt 0.817596 0.883224
vt 0.817541 0.883009
vt 0.830111 0.881859
vt 0.843349 0.881904
vt 0.843220 0.881678
vt 0.829798 0.881219
vt 0.842749 0.881022
vt 0.817376 0.882359
vt 0.461761 0.515154
vt 0.457365 0.526692
vt 0.461984 0.515181
vt 0.457585 0.526711
vt 0.462232 0.515141
vt 0.457824 0.526658
vt 0.856161 0.882537
vt 0.856004 0.882315
vt 0.868214 0.883224
vt 0.868049 0.883022
vt 0.855380 0.881617
vt 0.867284 0.882271
vt 0.445035 0.578461
vt 0.443891 0.589077
vt 0.446465 0.568578
vt 0.446697 0.568589
vt 0.445264 0.578473
vt 0.444110 0.589089
vt 0.445447 0.578463
vt 0.444308 0.589085
vt 0.446879 0.568567
vt 0.915478 0.868139
vt 0.907970 0.874434
vt 0.907825 0.874326
vt 0.915320 0.868046
vt 0.921931 0.859625
vt 0.921749 0.859544
vt 0.913905 0.867282
vt 0.920275 0.858924
vt 0.906526 0.873480
vt 0.448289 0.558649
vt 0.450635 0.548438
vt 0.450861 0.548449
vt 0.448520 0.558658
vt 0.448709 0.558625
vt 0.451065 0.548405
vt 0.899360 0.878926
vt 0.889805 0.881780
vt 0.889658 0.881631
vt 0.899217 0.878800
vt 0.898053 0.877934
vt 0.888625 0.880784
vt 0.453636 0.537825
vt 0.453857 0.537839
vt 0.454079 0.537787
vt 0.879422 0.883112
vt 0.879266 0.882937
vt 0.878364 0.882132
vt 0.442358 0.626113
vt 0.442678 0.638491
vt 0.442406 0.613452
vt 0.442626 0.613454
vt 0.442578 0.626109
vt 0.442898 0.638481
vt 0.442797 0.626102
vt 0.443104 0.638469
vt 0.442847 0.613451
vt 0.933851 0.823299
vt 0.931689 0.836460
vt 0.931462 0.836416
vt 0.933625 0.823281
vt 0.934430 0.810649
vt 0.934223 0.810656
vt 0.932035 0.823162
vt 0.932596 0.810707
vt 0.929903 0.836122
vt 0.443154 0.649760
vt 0.443795 0.660546
vt 0.443378 0.649747
vt 0.444020 0.660533
vt 0.443571 0.649737
vt 0.444213 0.660527
vt 0.933737 0.799380
vt 0.933547 0.799407
vt 0.931412 0.788882
vt 0.931225 0.788930
vt 0.931880 0.799633
vt 0.929593 0.789325
vt 0.444701 0.671880
vt 0.445885 0.683976
vt 0.444919 0.671865
vt 0.446103 0.683956
vt 0.445124 0.671858
vt 0.446319 0.683943
vt 0.927366 0.778312
vt 0.927174 0.778383
vt 0.921770 0.767439
vt 0.921572 0.767536
vt 0.925624 0.778925
vt 0.920112 0.768222
vt 0.456829 0.746204
vt 0.459970 0.758377
vt 0.453938 0.734063
vt 0.454155 0.734023
vt 0.457044 0.746162
vt 0.460187 0.758330
vt 0.457263 0.746137
vt 0.460407 0.758298
vt 0.454374 0.734000
vt 0.873637 0.723415
vt 0.885396 0.729011
vt 0.885253 0.729194
vt 0.873516 0.723611
vt 0.861285 0.719135
vt 0.861184 0.719345
vt 0.872658 0.724907
vt 0.860485 0.720684
vt 0.884243 0.730417
vt 0.451375 0.721704
vt 0.449172 0.709148
vt 0.449394 0.709116
vt 0.451595 0.721668
vt 0.451816 0.721643
vt 0.449616 0.709092
vt 0.896407 0.736542
vt 0.906308 0.745815
vt 0.906123 0.745963
vt 0.896241 0.736710
vt 0.895095 0.737824
vt 0.904856 0.746945
vt 0.447356 0.696502
vt 0.447577 0.696474
vt 0.447798 0.696455
vt 0.914759 0.756381
vt 0.914562 0.756505
vt 0.913194 0.757339
vt 0.483736 0.608347
vt 0.483964 0.608364
vt 0.484145 0.608367
vt 0.010353 0.794405
vt 0.010520 0.794456
vt 0.011983 0.794868
vt 0.442958 0.600978
vt 0.443175 0.600986
vt 0.443389 0.600983
vt 0.927511 0.848857
vt 0.927301 0.848791
vt 0.925784 0.848329
vt 0.501062 0.760280
vt 0.501294 0.760239
vt 0.501548 0.760253
vt 0.084301 0.892017
vt 0.084450 0.891767
vt 0.084955 0.891087
vt 0.463283 0.770718
vt 0.463501 0.770664
vt 0.463722 0.770622
vt 0.848388 0.715468
vt 0.848307 0.715691
vt 0.847770 0.717067
vt 0.217084 0.606226
vt 0.217781 0.610123
vt 0.216853 0.602332
vt 0.217093 0.602331
vt 0.217321 0.606199
vt 0.218013 0.610070
vt 0.217445 0.606185
vt 0.218134 0.610042
vt 0.217218 0.602331
vt 0.217344 0.602331
vt 0.217570 0.606170
vt 0.218256 0.610014
vt 0.673509 0.678390
vt 0.673399 0.681938
vt 0.673288 0.681936
vt 0.673399 0.678385
vt 0.673371 0.685428
vt 0.673260 0.685429
vt 0.217074 0.598422
vt 0.217763 0.594482
vt 0.217996 0.594534
vt 0.217312 0.598448
vt 0.217436 0.598462
vt 0.218117 0.594561
vt 0.218240 0.594589
vt 0.217561 0.598476
vt 0.673423 0.688930
vt 0.673312 0.688933
vt 0.673558 0.692511
vt 0.673448 0.692517
vt 0.218928 0.590501
vt 0.220578 0.586484
vt 0.220793 0.586581
vt 0.219154 0.590577
vt 0.219271 0.590617
vt 0.220906 0.586632
vt 0.221019 0.586684
vt 0.219389 0.590657
vt 0.673782 0.696232
vt 0.673672 0.696240
vt 0.674100 0.700139
vt 0.673990 0.700150
vt 0.235946 0.566698
vt 0.231983 0.570500
vt 0.240282 0.563045
vt 0.240425 0.563224
vt 0.236101 0.566869
vt 0.232151 0.570660
vt 0.236182 0.566957
vt 0.232238 0.570743
vt 0.240500 0.563318
vt 0.240574 0.563411
vt 0.236263 0.567046
vt 0.232325 0.570827
vt 0.676291 0.718012
vt 0.677059 0.722968
vt 0.676953 0.722986
vt 0.676185 0.718028
vt 0.677911 0.728072
vt 0.677807 0.728091
vt 0.228438 0.574417
vt 0.225340 0.578411
vt 0.228618 0.574564
vt 0.225533 0.578544
vt 0.228711 0.574642
vt 0.225633 0.578614
vt 0.228805 0.574719
vt 0.225734 0.578684
vt 0.675019 0.708638
vt 0.675611 0.713224
vt 0.675503 0.713239
vt 0.674910 0.708651
vt 0.222717 0.582444
vt 0.222922 0.582560
vt 0.223028 0.582622
vt 0.223135 0.582683
vt 0.674513 0.704268
vt 0.674404 0.704280
vt 0.129311 0.583229
vt 0.124146 0.586125
vt 0.134639 0.580625
vt 0.134729 0.580830
vt 0.129415 0.583428
vt 0.124262 0.586318
vt 0.129470 0.583531
vt 0.124322 0.586419
vt 0.134777 0.580936
vt 0.134826 0.581042
vt 0.129524 0.583635
vt 0.124383 0.586519
vt 0.715566 0.730985
vt 0.716691 0.736316
vt 0.716589 0.736338
vt 0.715464 0.731006
vt 0.717851 0.741644
vt 0.717749 0.741664
vt 0.254977 0.649675
vt 0.260288 0.652209
vt 0.249835 0.646855
vt 0.249949 0.646662
vt 0.255079 0.649477
vt 0.260376 0.652005
vt 0.255131 0.649373
vt 0.260423 0.651899
vt 0.250008 0.646561
vt 0.250067 0.646461
vt 0.255185 0.649270
vt 0.260470 0.651793
vt 0.681836 0.622244
vt 0.680701 0.627573
vt 0.680599 0.627552
vt 0.681734 0.622224
vt 0.679603 0.632895
vt 0.679500 0.632874
vt 0.244913 0.643793
vt 0.240261 0.640514
vt 0.240399 0.640333
vt 0.245038 0.643605
vt 0.245104 0.643508
vt 0.240470 0.640239
vt 0.240542 0.640145
vt 0.245169 0.643410
vt 0.678583 0.638160
vt 0.678479 0.638140
vt 0.677650 0.643334
vt 0.677546 0.643316
vt 0.222741 0.621890
vt 0.225360 0.625797
vt 0.220604 0.617961
vt 0.220817 0.617861
vt 0.222944 0.621772
vt 0.225549 0.625661
vt 0.223049 0.621709
vt 0.225648 0.625591
vt 0.220929 0.617809
vt 0.221041 0.617757
vt 0.223155 0.621647
vt 0.225747 0.625519
vt 0.674851 0.662527
vt 0.674375 0.666819
vt 0.674266 0.666807
vt 0.674742 0.662513
vt 0.673993 0.670875
vt 0.673883 0.670866
vt 0.228449 0.629649
vt 0.231985 0.633409
vt 0.228625 0.629499
vt 0.232148 0.633248
vt 0.228717 0.629421
vt 0.232232 0.633163
vt 0.228809 0.629342
vt 0.232317 0.633079
vt 0.676068 0.653282
vt 0.675415 0.658010
vt 0.675307 0.657996
vt 0.675962 0.653267
vt 0.235936 0.637042
vt 0.236086 0.636870
vt 0.236164 0.636781
vt 0.236242 0.636691
vt 0.676812 0.648384
vt 0.676706 0.648367
vt 0.254983 0.553248
vt 0.249858 0.556297
vt 0.260270 0.550474
vt 0.260367 0.550677
vt 0.255094 0.553445
vt 0.249980 0.556489
vt 0.255152 0.553548
vt 0.250043 0.556589
vt 0.260418 0.550782
vt 0.260470 0.550888
vt 0.255209 0.553650
vt 0.250106 0.556689
vt 0.679818 0.738609
vt 0.680830 0.743969
vt 0.680727 0.743989
vt 0.679714 0.738629
vt 0.681836 0.749333
vt 0.681733 0.749351
vt 0.129292 0.679095
vt 0.134640 0.681678
vt 0.124108 0.676237
vt 0.124223 0.676043
vt 0.129395 0.678895
vt 0.134730 0.681472
vt 0.129449 0.678791
vt 0.134778 0.681365
vt 0.124283 0.675941
vt 0.124343 0.675840
vt 0.129503 0.678687
vt 0.134826 0.681259
vt 0.717851 0.614650
vt 0.716799 0.620000
vt 0.716696 0.619979
vt 0.717748 0.614631
vt 0.715744 0.625335
vt 0.715640 0.625314
vt 0.119136 0.673150
vt 0.114431 0.669855
vt 0.114569 0.669673
vt 0.119262 0.672961
vt 0.119328 0.672862
vt 0.114641 0.669578
vt 0.114713 0.669482
vt 0.119393 0.672763
vt 0.714724 0.630611
vt 0.714620 0.630591
vt 0.713765 0.635791
vt 0.713661 0.635772
vt 0.096713 0.651187
vt 0.099356 0.655102
vt 0.094559 0.647248
vt 0.094774 0.647149
vt 0.096916 0.651067
vt 0.099546 0.654966
vt 0.097022 0.651005
vt 0.099645 0.654894
vt 0.094886 0.647096
vt 0.094998 0.647043
vt 0.097127 0.650941
vt 0.099744 0.654822
vt 0.710779 0.654975
vt 0.710259 0.659264
vt 0.710151 0.659251
vt 0.710671 0.654961
vt 0.709838 0.663316
vt 0.709729 0.663306
vt 0.102478 0.658962
vt 0.106054 0.662732
vt 0.102655 0.658811
vt 0.106218 0.662568
vt 0.102747 0.658732
vt 0.106303 0.662482
vt 0.102839 0.658653
vt 0.106388 0.662397
vt 0.712094 0.645739
vt 0.711391 0.650463
vt 0.711283 0.650448
vt 0.711987 0.645722
vt 0.110054 0.666373
vt 0.110204 0.666199
vt 0.110283 0.666109
vt 0.110361 0.666018
vt 0.712885 0.640842
vt 0.712779 0.640824
vt 0.091032 0.635488
vt 0.091726 0.639392
vt 0.090809 0.631587
vt 0.091049 0.631587
vt 0.091269 0.635461
vt 0.091958 0.639339
vt 0.091394 0.635447
vt 0.092080 0.639312
vt 0.091174 0.631587
vt 0.091300 0.631587
vt 0.091519 0.635433
vt 0.092202 0.639283
vt 0.709288 0.670827
vt 0.709151 0.674375
vt 0.709041 0.674372
vt 0.709178 0.670821
vt 0.709100 0.677866
vt 0.708989 0.677866
vt 0.091043 0.627673
vt 0.091749 0.623733
vt 0.091982 0.623785
vt 0.091280 0.627700
vt 0.091405 0.627714
vt 0.092103 0.623813
vt 0.092225 0.623841
vt 0.091530 0.627729
vt 0.709130 0.681369
vt 0.709020 0.681371
vt 0.709246 0.684951
vt 0.709136 0.684956
vt 0.092936 0.619755
vt 0.094612 0.615749
vt 0.094827 0.615847
vt 0.093161 0.619832
vt 0.093279 0.619873
vt 0.094939 0.615899
vt 0.095051 0.615952
vt 0.093397 0.619914
vt 0.709453 0.688673
vt 0.709343 0.688681
vt 0.709754 0.692582
vt 0.709644 0.692592
vt 0.110137 0.596193
vt 0.106143 0.599919
vt 0.114504 0.592632
vt 0.114643 0.592812
vt 0.110290 0.596364
vt 0.106307 0.600081
vt 0.110369 0.596454
vt 0.106393 0.600165
vt 0.114716 0.592906
vt 0.114789 0.593000
vt 0.110448 0.596544
vt 0.106479 0.600250
vt 0.711909 0.710452
vt 0.712682 0.715400
vt 0.712576 0.715418
vt 0.711803 0.710468
vt 0.713552 0.720492
vt 0.713447 0.720511
vt 0.102564 0.603777
vt 0.099434 0.607726
vt 0.102742 0.603926
vt 0.099625 0.607861
vt 0.102834 0.604004
vt 0.099724 0.607932
vt 0.102927 0.604082
vt 0.099824 0.608003
vt 0.710647 0.701083
vt 0.711232 0.705668
vt 0.711124 0.705683
vt 0.710539 0.701096
vt 0.096780 0.611728
vt 0.096983 0.611847
vt 0.097089 0.611909
vt 0.097195 0.611971
vt 0.710153 0.696712
vt 0.710044 0.696724
vt 0.218951 0.614035
vt 0.219176 0.613957
vt 0.219293 0.613917
vt 0.219410 0.613876
vt 0.673706 0.674719
vt 0.673596 0.674711
vt 0.092899 0.643313
vt 0.093124 0.643236
vt 0.093241 0.643195
vt 0.093359 0.643154
vt 0.709515 0.667158
vt 0.709406 0.667149
vt 0.244939 0.559571
vt 0.245071 0.559757
vt 0.245140 0.559854
vt 0.245209 0.559951
vt 0.678837 0.733297
vt 0.678733 0.733316
vt 0.119192 0.589268
vt 0.119320 0.589455
vt 0.119386 0.589552
vt 0.119453 0.589650
vt 0.714515 0.725698
vt 0.714412 0.725718
vt 0.205239 0.607511
vt 0.433398 0.388644
vt 0.463482 0.378812
vt 0.467407 0.392071
vt 0.438620 0.401738
vt 0.493421 0.370925
vt 0.496734 0.384334
vt 0.226085 0.096117
vt 0.253414 0.108038
vt 0.248178 0.120717
vt 0.220205 0.108801
vt 0.198988 0.082662
vt 0.192058 0.095095
vt 0.214025 0.122526
vt 0.184733 0.108878
vt 0.242695 0.134293
vt 0.236601 0.150033
vt 0.207124 0.138656
vt 0.176627 0.125458
vt 0.790986 0.353272
vt 0.820091 0.351724
vt 0.822197 0.387099
vt 0.795335 0.388904
vt 0.848864 0.350236
vt 0.848733 0.385315
vt 0.848938 0.418536
vt 0.824701 0.420492
vt 0.800220 0.422501
vt 0.717177 0.534979
vt 0.705669 0.503107
vt 0.727894 0.496197
vt 0.735346 0.529242
vt 0.694194 0.471409
vt 0.720356 0.463128
vt 0.746812 0.374416
vt 0.739586 0.407480
vt 0.713110 0.400696
vt 0.724221 0.368913
vt 0.754047 0.341385
vt 0.735404 0.336963
vt 0.032336 0.277856
vt 0.059573 0.273645
vt 0.064994 0.301907
vt 0.039701 0.307505
vt 0.089251 0.269274
vt 0.092815 0.295940
vt 0.099729 0.322190
vt 0.074677 0.328428
vt 0.051713 0.334327
vt 0.782522 0.174667
vt 0.816412 0.174851
vt 0.816366 0.217486
vt 0.782944 0.217689
vt 0.850011 0.175128
vt 0.849462 0.217375
vt 0.849124 0.262070
vt 0.816927 0.262685
vt 0.784382 0.263347
vt 0.651773 0.290610
vt 0.628427 0.314415
vt 0.605657 0.289138
vt 0.631280 0.268882
vt 0.605220 0.337900
vt 0.580228 0.309066
vt 0.559855 0.275010
vt 0.587004 0.260164
vt 0.614446 0.245037
vt 0.596437 0.197110
vt 0.568375 0.199411
vt 0.568232 0.171410
vt 0.594738 0.172663
vt 0.540853 0.201570
vt 0.542321 0.170115
vt 0.550836 0.141155
vt 0.574150 0.144716
vt 0.597931 0.148285
vt 0.185076 0.395882
vt 0.198425 0.388781
vt 0.208650 0.406118
vt 0.198039 0.413154
vt 0.210937 0.382308
vt 0.218785 0.399593
vt 0.230270 0.418574
vt 0.222361 0.425115
vt 0.214220 0.431979
vt 0.158596 0.170578
vt 0.191589 0.181320
vt 0.184680 0.205924
vt 0.150809 0.197092
vt 0.222727 0.190677
vt 0.216235 0.213541
vt 0.210968 0.235146
vt 0.179520 0.229556
vt 0.145292 0.222890
vt 0.134653 0.433956
vt 0.145207 0.424762
vt 0.165029 0.442712
vt 0.156649 0.451642
vt 0.156557 0.415159
vt 0.173970 0.433426
vt 0.194181 0.452156
vt 0.186966 0.460436
vt 0.180089 0.468495
vt 0.695911 0.321209
vt 0.677569 0.349607
vt 0.652902 0.334432
vt 0.673933 0.308077
vt 0.659387 0.377715
vt 0.632038 0.360468
vt 0.827423 0.571328
vt 0.841316 0.569372
vt 0.845854 0.600416
vt 0.833865 0.602182
vt 0.855141 0.567447
vt 0.857794 0.598655
vt 0.861012 0.629087
vt 0.850571 0.630368
vt 0.840104 0.631664
vt 0.088418 0.354888
vt 0.068424 0.361628
vt 0.110156 0.347809
vt 0.123636 0.372225
vt 0.105463 0.380513
vt 0.088721 0.388418
vt 0.828006 0.457329
vt 0.806249 0.459473
vt 0.849591 0.455285
vt 0.850792 0.493935
vt 0.832045 0.495998
vt 0.813165 0.498146
vt 0.585925 0.118488
vt 0.606201 0.124743
vt 0.566052 0.112281
vt 0.586987 0.085587
vt 0.602892 0.094346
vt 0.619160 0.103219
vt 0.046022 0.132678
vt 0.075921 0.143169
vt 0.066164 0.175122
vt 0.035767 0.167171
vt 0.107571 0.153764
vt 0.098488 0.183439
vt 0.092007 0.213685
vt 0.059758 0.208933
vt 0.029612 0.204514
vt 0.103840 0.034551
vt 0.127182 0.053024
vt 0.113847 0.070420
vt 0.088189 0.054257
vt 0.151850 0.070873
vt 0.141052 0.086182
vt 0.129977 0.104637
vt 0.100701 0.090856
vt 0.073154 0.076842
vt 0.818222 0.308967
vt 0.787115 0.310116
vt 0.849003 0.307871
vt 0.783280 0.099278
vt 0.817590 0.100025
vt 0.816866 0.136030
vt 0.782723 0.135534
vt 0.851678 0.100890
vt 0.850749 0.136618
vt 0.655309 0.069778
vt 0.647055 0.058351
vt 0.670181 0.046811
vt 0.675635 0.058017
vt 0.639009 0.047118
vt 0.664877 0.035804
vt 0.691166 0.027780
vt 0.694722 0.037894
vt 0.698407 0.048168
vt 0.176379 0.249831
vt 0.142712 0.245395
vt 0.206947 0.253478
vt 0.203671 0.270777
vt 0.174616 0.269072
vt 0.142424 0.266948
vt 0.574548 0.229531
vt 0.602876 0.221128
vt 0.546625 0.237724
vt 0.057731 0.242322
vt 0.028808 0.242593
vt 0.088921 0.242149
vt 0.087726 0.115003
vt 0.058816 0.102724
vt 0.118475 0.127239
vt 0.836595 0.534040
vt 0.820370 0.536117
vt 0.852729 0.532027
vt 0.784839 0.032074
vt 0.819570 0.033070
vt 0.818511 0.065821
vt 0.784037 0.064895
vt 0.854169 0.034456
vt 0.852796 0.066939
vt 0.199281 0.158484
vt 0.167581 0.146241
vt 0.229754 0.169069
vt 0.682058 0.807244
vt 0.677771 0.817770
vt 0.662351 0.810526
vt 0.668410 0.799541
vt 0.673632 0.828127
vt 0.656467 0.821364
vt 0.637486 0.812185
vt 0.645914 0.801076
vt 0.654559 0.789807
vt 0.451984 0.030407
vt 0.457397 0.037711
vt 0.445004 0.047431
vt 0.439032 0.039535
vt 0.463080 0.045181
vt 0.451381 0.055564
vt 0.440524 0.066008
vt 0.433179 0.057301
vt 0.426336 0.048895
vt 0.984285 0.043230
vt 0.975129 0.042290
vt 0.977617 0.026974
vt 0.986035 0.026803
vt 0.965952 0.041321
vt 0.969185 0.027060
vt 0.971536 0.015890
vt 0.979523 0.014766
vt 0.987510 0.013537
vt 0.727450 0.824531
vt 0.725433 0.833018
vt 0.716593 0.830774
vt 0.718852 0.821893
vt 0.723773 0.841459
vt 0.714652 0.839580
vt 0.702748 0.836842
vt 0.705174 0.827545
vt 0.707795 0.818127
vt 0.692104 0.823312
vt 0.695324 0.813324
vt 0.689024 0.833133
vt 0.628641 0.788832
vt 0.640675 0.777779
vt 0.616890 0.799735
vt 0.595593 0.782539
vt 0.611236 0.773097
vt 0.627267 0.763590
vt 0.972593 0.058335
vt 0.962355 0.056822
vt 0.982801 0.059851
vt 0.981396 0.077563
vt 0.969929 0.075848
vt 0.958422 0.074134
vt 0.470758 0.027526
vt 0.475753 0.034377
vt 0.465830 0.020831
vt 0.477206 0.013077
vt 0.481755 0.019329
vt 0.486173 0.025795
vt 0.480684 0.064215
vt 0.487433 0.069768
vt 0.480034 0.080459
vt 0.471642 0.074762
vt 0.494112 0.074998
vt 0.488220 0.085745
vt 0.482927 0.096932
vt 0.473216 0.091437
vt 0.463134 0.085434
vt 0.594893 0.753545
vt 0.615433 0.747521
vt 0.574988 0.759872
vt 0.558226 0.734901
vt 0.582051 0.731474
vt 0.608691 0.728363
vt 0.966953 0.096172
vt 0.954078 0.094325
vt 0.979779 0.098006
vt 0.978050 0.121720
vt 0.963657 0.119780
vt 0.949199 0.117812
vt 0.420526 0.068527
vt 0.412270 0.059654
vt 0.429386 0.077689
vt 0.417754 0.091161
vt 0.406612 0.081531
vt 0.396313 0.072319
vt 0.466878 0.103038
vt 0.454932 0.096858
vt 0.478257 0.108633
vt 0.474311 0.121139
vt 0.460981 0.115577
vt 0.446856 0.109391
vt 0.432125 0.135555
vt 0.451604 0.141245
vt 0.449077 0.150218
vt 0.427060 0.144909
vt 0.469706 0.146511
vt 0.469317 0.155551
vt 0.469429 0.161969
vt 0.447507 0.156555
vt 0.423489 0.151550
vt 0.960085 0.147001
vt 0.943669 0.144921
vt 0.976406 0.149036
vt 0.975145 0.180646
vt 0.956290 0.178529
vt 0.937315 0.176320
vt 0.391358 0.096704
vt 0.378386 0.087340
vt 0.405470 0.106490
vt 0.392744 0.123454
vt 0.375139 0.114432
vt 0.359041 0.105729
vt 0.455664 0.128990
vt 0.438950 0.122972
vt 0.471329 0.134396
vt 0.599017 0.683772
vt 0.570723 0.685194
vt 0.570980 0.662723
vt 0.600508 0.664154
vt 0.542945 0.686636
vt 0.541900 0.661415
vt 0.544873 0.634821
vt 0.574559 0.640498
vt 0.604677 0.646303
vt 0.574047 0.708321
vt 0.600716 0.705717
vt 0.547902 0.710718
vt 0.952392 0.214570
vt 0.930276 0.212266
vt 0.974355 0.216750
vt 0.973832 0.251600
vt 0.949046 0.249429
vt 0.924020 0.247179
vt 0.358731 0.134754
vt 0.339061 0.127842
vt 0.380488 0.141543
vt 0.372273 0.162242
vt 0.344319 0.156454
vt 0.321194 0.150663
vt 0.299253 0.193820
vt 0.325553 0.201104
vt 0.320460 0.223194
vt 0.292512 0.216861
vt 0.354422 0.209016
vt 0.350735 0.230078
vt 0.349181 0.249873
vt 0.317328 0.245609
vt 0.287981 0.241850
vt 0.946659 0.278017
vt 0.919449 0.275899
vt 0.973558 0.280056
vt 0.973372 0.306062
vt 0.944780 0.304205
vt 0.915873 0.302247
vt 0.333253 0.178727
vt 0.308263 0.172207
vt 0.360565 0.185836
vt 0.411936 0.184836
vt 0.441772 0.188956
vt 0.440281 0.203384
vt 0.409175 0.200567
vt 0.469324 0.192135
vt 0.469013 0.205597
vt 0.469261 0.221318
vt 0.439288 0.220308
vt 0.406714 0.219149
vt 0.621228 0.611452
vt 0.592441 0.595681
vt 0.606911 0.574030
vt 0.634300 0.593310
vt 0.563925 0.580116
vt 0.579758 0.555015
vt 0.598730 0.532552
vt 0.623939 0.554336
vt 0.649375 0.576415
vt 0.439071 0.236007
vt 0.405233 0.236424
vt 0.470133 0.235831
vt 0.471481 0.249156
vt 0.439457 0.250462
vt 0.404628 0.252326
vt 0.581624 0.618032
vt 0.611432 0.629019
vt 0.552218 0.607220
vt 0.943049 0.332517
vt 0.912749 0.330781
vt 0.973050 0.334180
vt 0.972680 0.365099
vt 0.941461 0.363669
vt 0.909943 0.362207
vt 0.905580 0.430744
vt 0.939039 0.431586
vt 0.938355 0.465023
vt 0.904523 0.464486
vt 0.972169 0.432434
vt 0.971876 0.465544
vt 0.971649 0.498062
vt 0.937985 0.497836
vt 0.904045 0.497584
vt 0.940088 0.397300
vt 0.907445 0.396141
vt 0.972417 0.398461
vt 0.316276 0.269192
vt 0.285838 0.268786
vt 0.349376 0.269843
vt 0.351396 0.291188
vt 0.317790 0.293830
vt 0.286403 0.296614
vt 0.440364 0.264685
vt 0.404799 0.267938
vt 0.473233 0.262272
vt 0.475308 0.277114
vt 0.441978 0.280733
vt 0.406223 0.285411
vt 0.681642 0.551560
vt 0.662222 0.523896
vt 0.683570 0.512371
vt 0.699139 0.542410
vt 0.642983 0.496528
vt 0.668119 0.482592
vt 0.321497 0.319246
vt 0.290057 0.324169
vt 0.355174 0.314451
vt 0.360265 0.337421
vt 0.327162 0.344014
vt 0.296267 0.350774
vt 0.444636 0.299754
vt 0.409380 0.305915
vt 0.477834 0.294839
vt 0.480789 0.312893
vt 0.448055 0.318900
vt 0.413658 0.326448
vt 0.642373 0.537714
vt 0.665131 0.562626
vt 0.619832 0.513106
vt 0.314693 0.399764
vt 0.343281 0.387920
vt 0.353700 0.407927
vt 0.326954 0.422602
vt 0.373782 0.376316
vt 0.382080 0.393614
vt 0.390981 0.409623
vt 0.365180 0.426426
vt 0.340697 0.443802
vt 0.937884 0.530306
vt 0.903892 0.530309
vt 0.971626 0.530267
vt 0.971857 0.562618
vt 0.938018 0.562913
vt 0.903957 0.563127
vt 0.334407 0.366787
vt 0.304465 0.375895
vt 0.366457 0.357870
vt 0.451789 0.335600
vt 0.418218 0.344173
vt 0.483811 0.328790
vt 0.486877 0.343218
vt 0.455542 0.350570
vt 0.422995 0.359873
vt 0.212663 0.480708
vt 0.206801 0.487574
vt 0.218676 0.473705
vt 0.245226 0.496808
vt 0.240203 0.502591
vt 0.235227 0.508254
vt 0.459463 0.364924
vt 0.428103 0.374661
vt 0.490098 0.357215
vt 0.938369 0.595985
vt 0.904182 0.596350
vt 0.972374 0.595431
vt 0.973186 0.627882
vt 0.938894 0.628717
vt 0.904477 0.629125
vt 0.939541 0.660289
vt 0.904717 0.660776
vt 0.974329 0.659332
vt 0.820719 0.001227
vt 0.855918 0.002888
vt 0.785516 0.000305
vt 0.495072 0.059527
vt 0.500289 0.065018
vt 0.489993 0.053779
vt 0.497580 0.045453
vt 0.501485 0.051479
vt 0.505574 0.057302
vt 0.377499 0.443015
vt 0.355628 0.462795
vt 0.400336 0.424099
vt 0.140944 0.037973
vt 0.162661 0.057630
vt 0.120325 0.017376
vt 0.701303 0.360849
vt 0.716276 0.330531
vt 0.686458 0.390913
vt 0.125020 0.403955
vt 0.111555 0.412746
vt 0.139576 0.394764
vt 0.148082 0.314754
vt 0.175487 0.312007
vt 0.178599 0.332678
vt 0.154528 0.337381
vt 0.200129 0.309455
vt 0.200287 0.328443
vt 0.201923 0.346788
vt 0.183442 0.352212
vt 0.163097 0.358293
vt 0.190054 0.370899
vt 0.173412 0.377744
vt 0.205388 0.364748
vt 0.624024 0.074156
vt 0.636079 0.084806
vt 0.612254 0.063665
vt 0.855842 0.662240
vt 0.846676 0.662570
vt 0.864993 0.661930
vt 0.869443 0.696528
vt 0.861484 0.695553
vt 0.853502 0.694602
vt 0.722035 0.029851
vt 0.724836 0.038877
vt 0.719390 0.020945
vt 0.748812 0.014524
vt 0.750973 0.022094
vt 0.753346 0.029755
vt 0.240880 0.447132
vt 0.235086 0.453817
vt 0.246680 0.440569
vt 0.266239 0.464038
vt 0.262376 0.470499
vt 0.258592 0.476989
vt 0.509065 0.052935
vt 0.511760 0.056690
vt 0.508655 0.060945
vt 0.511477 0.050506
vt 0.513938 0.054393
vt 0.515673 0.056619
vt 0.513867 0.058886
vt 0.511029 0.063150
vt 0.729213 0.819134
vt 0.734608 0.820756
vt 0.733022 0.826043
vt 0.730798 0.815838
vt 0.736048 0.817621
vt 0.739238 0.818545
vt 0.738224 0.821620
vt 0.736946 0.826938
vt 0.732440 0.812953
vt 0.737576 0.815046
vt 0.734174 0.810108
vt 0.739305 0.812597
vt 0.741942 0.814422
vt 0.740334 0.816309
vt 0.966147 0.016346
vt 0.967342 0.010151
vt 0.972554 0.009340
vt 0.962558 0.016355
vt 0.963951 0.010334
vt 0.964482 0.007034
vt 0.967624 0.006583
vt 0.972775 0.005527
vt 0.723706 0.856181
vt 0.723365 0.853078
vt 0.729173 0.853713
vt 0.729726 0.856497
vt 0.723125 0.850074
vt 0.728858 0.850985
vt 0.732215 0.851591
vt 0.732290 0.853901
vt 0.732961 0.856185
vt 0.729558 0.842610
vt 0.728854 0.847836
vt 0.723108 0.846788
vt 0.733538 0.843382
vt 0.732555 0.848591
vt 0.494990 0.041301
vt 0.499570 0.036487
vt 0.501956 0.040726
vt 0.493305 0.038439
vt 0.498052 0.033641
vt 0.500291 0.031140
vt 0.501923 0.033828
vt 0.504445 0.038091
vt 0.491862 0.035786
vt 0.496830 0.031124
vt 0.490473 0.033111
vt 0.495672 0.028604
vt 0.498149 0.026746
vt 0.499113 0.028999
vt 0.491795 0.021442
vt 0.494290 0.025752
vt 0.488895 0.030169
vt 0.494397 0.019627
vt 0.496862 0.023954
vt 0.988275 0.006060
vt 0.993603 0.004997
vt 0.992892 0.012729
vt 0.988623 0.002075
vt 0.994055 0.001102
vt 0.997438 0.000551
vt 0.997067 0.004269
vt 0.996469 0.012178
vt 0.474135 0.009273
vt 0.480189 0.005378
vt 0.483206 0.009028
vt 0.472033 0.007083
vt 0.478162 0.003299
vt 0.480782 0.001572
vt 0.482798 0.003583
vt 0.485861 0.007263
vt 0.470048 0.005120
vt 0.476309 0.001467
vt 0.999644 0.011621
vt 1.000000 0.003537
vt 0.999967 0.000000
vt 0.479141 0.000000
vt 0.469555 0.184150
vt 0.482304 0.185150
vt 0.482397 0.192751
vt 0.469524 0.179499
vt 0.481968 0.181067
vt 0.486144 0.181052
vt 0.486628 0.184503
vt 0.486757 0.191849
vt 0.469472 0.175248
vt 0.481597 0.177521
vt 0.469471 0.171003
vt 0.481299 0.173995
vt 0.485546 0.175831
vt 0.485687 0.178389
vt 0.480420 0.165671
vt 0.480990 0.170365
vt 0.469493 0.166812
vt 0.484775 0.168442
vt 0.485393 0.172949
vt 0.634778 0.739080
vt 0.630282 0.737774
vt 0.628273 0.733206
vt 0.632358 0.734733
vt 0.625866 0.736371
vt 0.624387 0.731488
vt 0.625285 0.729139
vt 0.628076 0.730728
vt 0.631285 0.731778
vt 0.616712 0.720812
vt 0.620583 0.728851
vt 0.620790 0.734505
vt 0.620385 0.718369
vt 0.622660 0.726368
vt 0.623522 0.716564
vt 0.625174 0.724518
vt 0.626696 0.714846
vt 0.627970 0.722828
vt 0.629253 0.726407
vt 0.626877 0.727534
vt 0.630433 0.729116
vt 0.628304 0.729141
vt 0.396245 0.181887
vt 0.398735 0.172556
vt 0.414096 0.175714
vt 0.391054 0.179503
vt 0.393609 0.170271
vt 0.395469 0.166133
vt 0.400606 0.167714
vt 0.415755 0.170547
vt 0.387623 0.177059
vt 0.390494 0.167995
vt 0.384263 0.174568
vt 0.387753 0.165615
vt 0.391015 0.162615
vt 0.392753 0.164610
vt 0.386177 0.156222
vt 0.385589 0.162600
vt 0.380406 0.171348
vt 0.392048 0.154244
vt 0.390128 0.159838
vt 0.397250 0.152658
vt 0.394753 0.158026
vt 0.402627 0.151040
vt 0.399705 0.156339
vt 0.398268 0.159871
vt 0.394388 0.160936
vt 0.421059 0.156685
vt 0.406279 0.155247
vt 0.409295 0.149990
vt 0.419201 0.161229
vt 0.404262 0.159445
vt 0.417438 0.165874
vt 0.402429 0.163566
vt 0.397068 0.162998
vt 0.394550 0.162823
vt 0.244094 0.173941
vt 0.237248 0.195000
vt 0.250684 0.155269
vt 0.254902 0.156921
vt 0.248381 0.175467
vt 0.241617 0.196346
vt 0.671506 0.270145
vt 0.691609 0.285596
vt 0.689608 0.288289
vt 0.669232 0.272613
vt 0.711257 0.297133
vt 0.709552 0.300005
vt 0.707805 0.302822
vt 0.687578 0.290935
vt 0.666944 0.275040
vt 0.684373 0.294979
vt 0.663369 0.278734
vt 0.705022 0.307139
vt 0.765773 0.135286
vt 0.766276 0.098902
vt 0.765663 0.174597
vt 0.760407 0.174587
vt 0.760506 0.135167
vt 0.761002 0.098715
vt 0.644030 0.401567
vt 0.614291 0.382592
vt 0.616365 0.379957
vt 0.645791 0.398725
vt 0.585292 0.357854
vt 0.587670 0.355506
vt 0.590086 0.353112
vt 0.618484 0.377301
vt 0.647605 0.395872
vt 0.621753 0.373248
vt 0.650431 0.391516
vt 0.593764 0.349435
vt 0.867374 0.136924
vt 0.866506 0.175300
vt 0.868402 0.101333
vt 0.873587 0.101405
vt 0.872541 0.136979
vt 0.871648 0.175365
vt 0.875937 0.136967
vt 0.875062 0.175419
vt 0.876982 0.101374
vt 0.037961 0.093546
vt 0.053274 0.066323
vt 0.055913 0.067763
vt 0.040750 0.094799
vt 0.024403 0.124916
vt 0.027315 0.125953
vt 0.045061 0.096703
vt 0.031805 0.127567
vt 0.060012 0.069939
vt 0.151306 0.139486
vt 0.161157 0.118079
vt 0.141544 0.164660
vt 0.136212 0.162810
vt 0.146185 0.137394
vt 0.156315 0.115797
vt 0.142879 0.136140
vt 0.153184 0.114433
vt 0.132769 0.161679
vt 0.129352 0.160593
vt 0.139591 0.134939
vt 0.150071 0.113129
vt 0.134531 0.133146
vt 0.145267 0.111175
vt 0.124116 0.158979
vt 0.679142 0.405664
vt 0.707595 0.416277
vt 0.705864 0.421141
vt 0.676846 0.410295
vt 0.675378 0.413317
vt 0.704756 0.424300
vt 0.703672 0.427449
vt 0.673950 0.416328
vt 0.761720 0.064263
vt 0.766995 0.064455
vt 0.762455 0.031518
vt 0.767733 0.031668
vt 0.075900 0.046273
vt 0.092590 0.025386
vt 0.072079 0.043766
vt 0.089095 0.022520
vt 0.069621 0.042120
vt 0.086843 0.020649
vt 0.878179 0.067690
vt 0.874788 0.067668
vt 0.879668 0.035643
vt 0.876281 0.035524
vt 0.869590 0.067536
vt 0.871067 0.035282
vt 0.155294 0.093567
vt 0.164789 0.079123
vt 0.168857 0.081522
vt 0.159761 0.095740
vt 0.162654 0.097170
vt 0.171494 0.083074
vt 0.174169 0.084662
vt 0.165575 0.098654
vt 0.170115 0.101105
vt 0.178366 0.087221
vt 0.148127 0.389557
vt 0.163388 0.409548
vt 0.134106 0.367660
vt 0.138766 0.365803
vt 0.152209 0.387225
vt 0.166907 0.406810
vt 0.155675 0.385449
vt 0.170008 0.404628
vt 0.142563 0.364484
vt 0.146432 0.363270
vt 0.159240 0.383782
vt 0.173222 0.402564
vt 0.163712 0.381843
vt 0.177154 0.400262
vt 0.151423 0.361800
vt 0.104663 0.417451
vt 0.080306 0.392572
vt 0.129122 0.438981
vt 0.126702 0.441445
vt 0.101813 0.419670
vt 0.076986 0.394472
vt 0.099637 0.421653
vt 0.074523 0.396184
vt 0.124793 0.443642
vt 0.868795 0.530718
vt 0.870009 0.565832
vt 0.866873 0.566011
vt 0.865624 0.530728
vt 0.868212 0.492951
vt 0.864999 0.492793
vt 0.861610 0.531008
vt 0.860813 0.492955
vt 0.863012 0.566405
vt 0.213249 0.361629
vt 0.217667 0.378882
vt 0.211030 0.344131
vt 0.214651 0.343074
vt 0.216666 0.360305
vt 0.220897 0.377314
vt 0.666875 0.084690
vt 0.651374 0.097490
vt 0.648647 0.095491
vt 0.664635 0.082164
vt 0.638164 0.112796
vt 0.635029 0.111443
vt 0.631926 0.110008
vt 0.645988 0.093414
vt 0.662492 0.079556
vt 0.642835 0.090744
vt 0.660073 0.076347
vt 0.628067 0.108033
vt 0.723733 0.315555
vt 0.741014 0.321252
vt 0.726006 0.310992
vt 0.742731 0.316497
vt 0.727422 0.308027
vt 0.743800 0.313422
vt 0.728798 0.305006
vt 0.744844 0.310291
vt 0.265995 0.127907
vt 0.260730 0.141435
vt 0.256562 0.139724
vt 0.261855 0.126203
vt 0.811376 0.537362
vt 0.802988 0.499435
vt 0.819465 0.572504
vt 0.815585 0.573197
vt 0.807351 0.538107
vt 0.798785 0.500222
vt 0.570485 0.074630
vt 0.599602 0.050348
vt 0.601483 0.052887
vt 0.572875 0.076757
vt 0.630003 0.032326
vt 0.631379 0.035163
vt 0.632812 0.037837
vt 0.603439 0.055250
vt 0.575352 0.078692
vt 0.606022 0.057931
vt 0.578675 0.080856
vt 0.634680 0.040872
vt 0.617068 0.128047
vt 0.610456 0.150104
vt 0.621464 0.129264
vt 0.615223 0.150659
vt 0.624841 0.130044
vt 0.618730 0.150893
vt 0.628216 0.130729
vt 0.622202 0.151009
vt 0.215687 0.307944
vt 0.214485 0.325699
vt 0.210659 0.326436
vt 0.211677 0.308302
vt 0.140972 0.339930
vt 0.132940 0.316118
vt 0.135594 0.340885
vt 0.127309 0.316619
vt 0.131557 0.341675
vt 0.123206 0.317107
vt 0.127559 0.342581
vt 0.119110 0.317736
vt 0.122441 0.343993
vt 0.113649 0.318862
vt 0.555778 0.108940
vt 0.538922 0.139242
vt 0.534495 0.138326
vt 0.551815 0.107408
vt 0.548910 0.105978
vt 0.531307 0.137397
vt 0.528203 0.136275
vt 0.546099 0.104346
vt 0.790366 0.461541
vt 0.794777 0.460749
vt 0.782897 0.424383
vt 0.787519 0.423666
vt 0.058523 0.365116
vt 0.040496 0.337313
vt 0.054779 0.366677
vt 0.036425 0.338600
vt 0.052076 0.368098
vt 0.033552 0.339769
vt 0.868493 0.454556
vt 0.865229 0.454276
vt 0.869198 0.417868
vt 0.865885 0.417578
vt 0.860851 0.454351
vt 0.861339 0.417634
vt 0.781567 0.389894
vt 0.776202 0.354076
vt 0.776766 0.390407
vt 0.771253 0.354386
vt 0.515673 0.202760
vt 0.518003 0.167858
vt 0.521248 0.168474
vt 0.518979 0.202798
vt 0.524564 0.168963
vt 0.522312 0.202773
vt 0.529246 0.169384
vt 0.527085 0.202561
vt 0.608512 0.173257
vt 0.610853 0.195935
vt 0.613498 0.173326
vt 0.615826 0.195419
vt 0.617027 0.173170
vt 0.619249 0.194843
vt 0.620498 0.172858
vt 0.622611 0.194088
vt 0.221266 0.272132
vt 0.217948 0.289708
vt 0.213802 0.289632
vt 0.217039 0.271672
vt 0.201261 0.289762
vt 0.862096 0.384476
vt 0.863231 0.349540
vt 0.868042 0.349355
vt 0.866766 0.384344
vt 0.870137 0.384458
vt 0.871372 0.349298
vt 0.020250 0.312372
vt 0.011855 0.281420
vt 0.014883 0.280742
vt 0.023207 0.311409
vt 0.027480 0.310282
vt 0.019299 0.279920
vt 0.144088 0.290577
vt 0.127714 0.290668
vt 0.125012 0.265667
vt 0.121921 0.290813
vt 0.119090 0.265412
vt 0.117818 0.291146
vt 0.115030 0.265546
vt 0.113711 0.291665
vt 0.110976 0.265888
vt 0.108031 0.292715
vt 0.105275 0.266720
vt 0.220967 0.255256
vt 0.225395 0.237782
vt 0.229736 0.238688
vt 0.225256 0.255970
vt 0.628189 0.213045
vt 0.625092 0.214351
vt 0.638133 0.231560
vt 0.635333 0.233373
vt 0.632510 0.235082
vt 0.621940 0.215501
vt 0.617224 0.216935
vt 0.628173 0.237506
vt 0.771454 0.310707
vt 0.768101 0.263714
vt 0.766383 0.310947
vt 0.762939 0.263917
vt 0.535936 0.287477
vt 0.521585 0.244358
vt 0.524807 0.243682
vt 0.538959 0.286075
vt 0.528041 0.242944
vt 0.541971 0.284607
vt 0.532729 0.241717
vt 0.546407 0.282296
vt 0.864245 0.307359
vt 0.864960 0.261806
vt 0.869974 0.261804
vt 0.869176 0.307242
vt 0.872496 0.307236
vt 0.873281 0.261905
vt 0.007382 0.243076
vt 0.007560 0.201413
vt 0.010645 0.201748
vt 0.010469 0.242879
vt 0.015017 0.242731
vt 0.015274 0.202373
vt 0.124775 0.242670
vt 0.127453 0.218913
vt 0.118890 0.241893
vt 0.121764 0.217678
vt 0.114968 0.241633
vt 0.118061 0.217020
vt 0.111101 0.241553
vt 0.114395 0.216471
vt 0.105496 0.241717
vt 0.108908 0.215813
vt 0.133301 0.192118
vt 0.127789 0.190560
vt 0.124233 0.189621
vt 0.120709 0.188736
vt 0.115340 0.187470
vt 0.230813 0.217085
vt 0.235177 0.218204
vt 0.653045 0.251287
vt 0.650513 0.253467
vt 0.647971 0.255592
vt 0.644021 0.258774
vt 0.567658 0.318853
vt 0.563577 0.321975
vt 0.560853 0.323995
vt 0.558147 0.325956
vt 0.761054 0.217940
vt 0.766277 0.217833
vt 0.021315 0.163308
vt 0.016710 0.162104
vt 0.013685 0.161358
vt 0.874176 0.217542
vt 0.870807 0.217434
vt 0.865716 0.217376
vt 0.174047 0.066502
vt 0.404443 0.401954
vt 0.412187 0.415573
vt 0.408653 0.399749
vt 0.415967 0.413082
vt 0.177677 0.069124
vt 0.180051 0.070801
vt 0.411399 0.398358
vt 0.418459 0.411529
vt 0.414210 0.396969
vt 0.421029 0.410010
vt 0.182475 0.072481
vt 0.186317 0.075061
vt 0.418697 0.394829
vt 0.425139 0.407802
vt 0.660511 0.468013
vt 0.688501 0.455900
vt 0.633528 0.483122
vt 0.630565 0.478921
vt 0.658131 0.463462
vt 0.686714 0.451074
vt 0.656595 0.460504
vt 0.685550 0.447949
vt 0.628657 0.476177
vt 0.626785 0.473434
vt 0.655079 0.457554
vt 0.684384 0.444835
vt 0.882276 0.629248
vt 0.882048 0.596570
vt 0.887278 0.596504
vt 0.887508 0.629232
vt 0.881856 0.563333
vt 0.887085 0.563247
vt 0.344947 0.472688
vt 0.328890 0.452385
vt 0.110308 0.007026
vt 0.107176 0.003786
vt 0.341597 0.475781
vt 0.325224 0.455055
vt 0.339409 0.477747
vt 0.322847 0.456781
vt 0.105133 0.001699
vt 0.881797 0.004719
vt 0.878406 0.004411
vt 0.998486 0.626969
vt 1.000000 0.657885
vt 0.996614 0.658216
vt 0.995136 0.627112
vt 0.991387 0.658571
vt 0.989965 0.627315
vt 0.873135 0.004004
vt 0.314159 0.429797
vt 0.301094 0.405548
vt 0.310197 0.432035
vt 0.296881 0.407352
vt 0.307641 0.433491
vt 0.294166 0.408540
vt 0.997534 0.594980
vt 0.994188 0.595012
vt 0.996929 0.562517
vt 0.993583 0.562463
vt 0.989036 0.595100
vt 0.988446 0.562464
vt 0.503956 0.068439
vt 0.498461 0.078184
vt 0.506563 0.070519
vt 0.501278 0.080050
vt 0.713799 0.802292
vt 0.725213 0.806606
vt 0.723630 0.809659
vt 0.712329 0.805397
vt 0.722122 0.812750
vt 0.710971 0.808565
vt 0.720646 0.816227
vt 0.709638 0.812161
vt 0.735194 0.835179
vt 0.731166 0.834344
vt 0.963580 0.026942
vt 0.960040 0.040644
vt 0.956370 0.040149
vt 0.959923 0.026692
vt 0.713398 0.854716
vt 0.713410 0.851518
vt 0.700064 0.852086
vt 0.700416 0.848919
vt 0.700827 0.845862
vt 0.713481 0.848427
vt 0.713729 0.845083
vt 0.701418 0.842528
vt 0.486678 0.049802
vt 0.476351 0.060403
vt 0.473689 0.057844
vt 0.484557 0.047065
vt 0.482700 0.044474
vt 0.471376 0.055402
vt 0.469166 0.052862
vt 0.480912 0.041828
vt 0.478958 0.038895
vt 0.466813 0.049957
vt 0.991611 0.026681
vt 0.990169 0.043817
vt 0.995241 0.026571
vt 0.993822 0.044135
vt 0.998487 0.026413
vt 0.997059 0.044350
vt 0.458793 0.012239
vt 0.460656 0.014389
vt 0.445245 0.021124
vt 0.446879 0.023458
vt 0.462674 0.016751
vt 0.448738 0.026002
vt 0.490243 0.013322
vt 0.487607 0.015104
vt 0.505464 0.046923
vt 0.507980 0.044374
vt 0.980388 0.007720
vt 0.980640 0.003763
vt 0.466362 0.070928
vt 0.456938 0.081488
vt 0.453543 0.079070
vt 0.463288 0.068458
vt 0.460669 0.066090
vt 0.450720 0.076763
vt 0.448054 0.074315
vt 0.458181 0.063596
vt 0.455562 0.060660
vt 0.445232 0.071369
vt 0.989125 0.060782
vt 0.988261 0.078579
vt 0.992814 0.061283
vt 0.992016 0.079084
vt 0.996023 0.061650
vt 0.995209 0.079436
vt 0.432290 0.029855
vt 0.433810 0.032251
vt 0.419118 0.039080
vt 0.420669 0.041447
vt 0.435610 0.034876
vt 0.422545 0.044060
vt 0.697423 0.807106
vt 0.684735 0.800848
vt 0.686369 0.797307
vt 0.698807 0.803490
vt 0.700205 0.800350
vt 0.687980 0.794289
vt 0.689745 0.791363
vt 0.701747 0.797291
vt 0.496231 0.090511
vt 0.493236 0.088833
vt 0.491759 0.101509
vt 0.488608 0.099990
vt 0.687276 0.839006
vt 0.671313 0.834176
vt 0.686432 0.842311
vt 0.670216 0.837432
vt 0.685790 0.845313
vt 0.669364 0.840364
vt 0.685203 0.848431
vt 0.668565 0.843424
vt 0.947721 0.072469
vt 0.952277 0.055271
vt 0.955988 0.055869
vt 0.951500 0.073090
vt 0.447725 0.092882
vt 0.438486 0.105511
vt 0.434374 0.103410
vt 0.443987 0.090575
vt 0.440936 0.088400
vt 0.431072 0.101467
vt 0.427943 0.099376
vt 0.438059 0.086087
vt 0.434945 0.083226
vt 0.424460 0.096713
vt 0.987232 0.099042
vt 0.986183 0.122760
vt 0.991065 0.099489
vt 0.990109 0.123123
vt 0.994251 0.099749
vt 0.993283 0.123248
vt 0.404111 0.049843
vt 0.405773 0.052136
vt 0.386793 0.062632
vt 0.388610 0.064830
vt 0.407836 0.054692
vt 0.390944 0.067291
vt 0.672053 0.793056
vt 0.659544 0.783393
vt 0.662091 0.780319
vt 0.674093 0.789690
vt 0.676024 0.786893
vt 0.664393 0.777855
vt 0.666836 0.775497
vt 0.678107 0.784196
vt 0.487954 0.112985
vt 0.484652 0.111618
vt 0.484986 0.125222
vt 0.481525 0.123999
vt 0.653234 0.827545
vt 0.632946 0.818372
vt 0.651763 0.830715
vt 0.630983 0.821387
vt 0.650624 0.833543
vt 0.629491 0.824054
vt 0.649548 0.836512
vt 0.628075 0.826889
vt 0.937043 0.115926
vt 0.942705 0.092558
vt 0.946557 0.093215
vt 0.940982 0.116634
vt 0.429228 0.119317
vt 0.420817 0.132381
vt 0.415642 0.131290
vt 0.424699 0.117544
vt 0.421122 0.115977
vt 0.411556 0.130513
vt 0.407626 0.129634
vt 0.417708 0.114276
vt 0.413756 0.111951
vt 0.402968 0.128125
vt 0.985373 0.150067
vt 0.985222 0.181646
vt 0.989412 0.150339
vt 0.989426 0.181804
vt 0.992603 0.150326
vt 0.992640 0.181624
vt 0.367119 0.077969
vt 0.369128 0.080032
vt 0.345650 0.097264
vt 0.347914 0.099104
vt 0.371805 0.082353
vt 0.351019 0.101163
vt 0.647395 0.771709
vt 0.636094 0.758666
vt 0.640032 0.756966
vt 0.650536 0.769097
vt 0.653244 0.767121
vt 0.643331 0.755861
vt 0.646724 0.754808
vt 0.656071 0.765238
vt 0.483134 0.138275
vt 0.479506 0.137129
vt 0.482751 0.150762
vt 0.478930 0.149347
vt 0.610689 0.805671
vt 0.587455 0.787619
vt 0.608151 0.808426
vt 0.584254 0.789918
vt 0.606258 0.810852
vt 0.581904 0.791970
vt 0.604455 0.813461
vt 0.579654 0.794232
vt 0.922887 0.174186
vt 0.930535 0.142926
vt 0.934588 0.143679
vt 0.927098 0.174997
vt 0.446389 0.161547
vt 0.445458 0.166061
vt 0.444575 0.170703
vt 0.443761 0.175359
vt 0.442955 0.180406
vt 0.918656 0.210871
vt 0.911095 0.245822
vt 0.906458 0.244894
vt 0.914238 0.209956
vt 0.555250 0.768187
vt 0.557967 0.766410
vt 0.535356 0.740009
vt 0.538439 0.738734
vt 0.541656 0.737721
vt 0.560811 0.764885
vt 0.564740 0.763296
vt 0.546163 0.736784
vt 0.479533 0.158860
vt 0.483623 0.161035
vt 0.639564 0.745840
vt 0.635426 0.745604
vt 0.631362 0.745349
vt 0.626483 0.745419
vt 0.414117 0.142595
vt 0.408056 0.142684
vt 0.403170 0.143245
vt 0.398427 0.143744
vt 0.392820 0.143821
vt 0.985799 0.217716
vt 0.986473 0.252551
vt 0.990216 0.217721
vt 0.991069 0.252480
vt 0.993478 0.217298
vt 0.994395 0.251941
vt 0.323184 0.121061
vt 0.325765 0.122583
vt 0.303144 0.145102
vt 0.305976 0.146352
vt 0.329391 0.124218
vt 0.310039 0.147673
vt 0.392813 0.198436
vt 0.389361 0.218183
vt 0.383548 0.217326
vt 0.387375 0.196685
vt 0.383670 0.194840
vt 0.379592 0.216313
vt 0.375633 0.215128
vt 0.379948 0.192893
vt 0.374804 0.190478
vt 0.370020 0.213384
vt 0.987074 0.280959
vt 0.987662 0.306904
vt 0.991788 0.280983
vt 0.992490 0.307070
vt 0.995179 0.280649
vt 0.995928 0.307034
vt 0.289051 0.166489
vt 0.291968 0.167625
vt 0.279408 0.187825
vt 0.282334 0.188875
vt 0.296215 0.168941
vt 0.286645 0.190222
vt 0.614020 0.703502
vt 0.613572 0.682962
vt 0.618672 0.682542
vt 0.618804 0.702118
vt 0.622250 0.700970
vt 0.622205 0.682289
vt 0.625663 0.682176
vt 0.625641 0.699922
vt 0.486886 0.205355
vt 0.482499 0.206005
vt 0.487692 0.221203
vt 0.483272 0.221516
vt 0.534678 0.712017
vt 0.528972 0.687462
vt 0.529894 0.712655
vt 0.524077 0.687872
vt 0.526528 0.713346
vt 0.520681 0.688299
vt 0.523268 0.714220
vt 0.517371 0.688816
vt 0.896242 0.300718
vt 0.900731 0.273955
vt 0.905550 0.274683
vt 0.901194 0.301191
vt 0.279281 0.213764
vt 0.274046 0.239981
vt 0.269513 0.239303
vt 0.274852 0.212638
vt 0.271872 0.211794
vt 0.266476 0.238777
vt 0.996276 0.335301
vt 0.996482 0.366102
vt 0.993105 0.366006
vt 0.992884 0.335201
vt 0.987970 0.334973
vt 0.988125 0.365800
vt 0.527384 0.660856
vt 0.530104 0.632075
vt 0.522423 0.660764
vt 0.525179 0.631245
vt 0.519023 0.660795
vt 0.521830 0.630762
vt 0.515673 0.660874
vt 0.518519 0.630324
vt 0.889006 0.361227
vt 0.892412 0.329574
vt 0.897455 0.329896
vt 0.894119 0.361482
vt 0.484603 0.235644
vt 0.486355 0.248496
vt 0.489121 0.235364
vt 0.490918 0.248092
vt 0.631540 0.652273
vt 0.627649 0.666260
vt 0.624247 0.665670
vt 0.628295 0.651190
vt 0.620761 0.665247
vt 0.624969 0.650274
vt 0.615622 0.664909
vt 0.619948 0.649222
vt 0.387120 0.236628
vt 0.386131 0.253578
vt 0.380084 0.253808
vt 0.381091 0.236412
vt 0.377018 0.235932
vt 0.376063 0.253656
vt 0.372064 0.253301
vt 0.372959 0.235241
vt 0.367167 0.233938
vt 0.366253 0.252450
vt 0.386201 0.270123
vt 0.387807 0.288343
vt 0.382030 0.289208
vt 0.380265 0.270726
vt 0.376387 0.270878
vt 0.378302 0.289606
vt 0.374603 0.289905
vt 0.372541 0.270872
vt 0.366817 0.270600
vt 0.368980 0.290195
vt 0.988337 0.399038
vt 0.988416 0.432854
vt 0.993380 0.399186
vt 0.993500 0.432954
vt 0.996750 0.399226
vt 0.996869 0.432974
vt 0.263624 0.268282
vt 0.266700 0.268438
vt 0.263786 0.298538
vt 0.266848 0.298330
vt 0.271344 0.268568
vt 0.271549 0.297945
vt 0.626376 0.634460
vt 0.635540 0.619264
vt 0.639985 0.621744
vt 0.631132 0.636257
vt 0.634215 0.637612
vt 0.642829 0.623460
vt 0.645635 0.625271
vt 0.637237 0.639107
vt 0.493064 0.260620
vt 0.488467 0.261134
vt 0.495389 0.274829
vt 0.490764 0.275446
vt 0.537646 0.601917
vt 0.549852 0.572490
vt 0.532868 0.600254
vt 0.545304 0.570079
vt 0.529655 0.599217
vt 0.542292 0.568538
vt 0.526467 0.598236
vt 0.539300 0.567044
vt 0.883695 0.430171
vt 0.885953 0.395353
vt 0.891131 0.395572
vt 0.888918 0.430334
vt 0.647865 0.602910
vt 0.661983 0.587423
vt 0.665849 0.590831
vt 0.652035 0.605908
vt 0.654694 0.607901
vt 0.668310 0.593071
vt 0.670745 0.595361
vt 0.657328 0.609952
vt 0.497952 0.291859
vt 0.493306 0.292606
vt 0.500761 0.309318
vt 0.496166 0.310192
vt 0.372738 0.312266
vt 0.377596 0.334328
vt 0.378296 0.311588
vt 0.383068 0.333389
vt 0.381917 0.311085
vt 0.386633 0.332732
vt 0.385568 0.310518
vt 0.390232 0.332016
vt 0.391237 0.309466
vt 0.395840 0.330734
vt 0.275188 0.326564
vt 0.281637 0.354084
vt 0.277071 0.355127
vt 0.270525 0.327309
vt 0.267498 0.327791
vt 0.274119 0.355825
vt 0.996785 0.465966
vt 0.996649 0.498395
vt 0.993287 0.498275
vt 0.993417 0.465891
vt 0.988306 0.465799
vt 0.988161 0.498184
vt 0.566370 0.545704
vt 0.586308 0.521870
vt 0.562097 0.542754
vt 0.582372 0.518489
vt 0.559299 0.540830
vt 0.579820 0.516266
vt 0.556540 0.538926
vt 0.577317 0.514048
vt 0.881946 0.497520
vt 0.882460 0.464174
vt 0.887702 0.464237
vt 0.887188 0.497493
vt 0.400902 0.349240
vt 0.406433 0.365539
vt 0.401278 0.367346
vt 0.395470 0.350798
vt 0.391987 0.351687
vt 0.397986 0.368416
vt 0.394740 0.369436
vt 0.388544 0.352514
vt 0.383257 0.353728
vt 0.389743 0.370975
vt 0.988171 0.530263
vt 0.993300 0.530324
vt 0.996653 0.530432
vt 0.283005 0.382673
vt 0.285851 0.381743
vt 0.290265 0.380347
vt 0.676426 0.574997
vt 0.691283 0.565232
vt 0.694216 0.569391
vt 0.679879 0.578793
vt 0.682064 0.581279
vt 0.696064 0.572098
vt 0.697886 0.574867
vt 0.684218 0.583824
vt 0.503556 0.324785
vt 0.499012 0.325765
vt 0.506379 0.338913
vt 0.501881 0.339957
vt 0.608745 0.501042
vt 0.605253 0.497241
vt 0.603001 0.494747
vt 0.600793 0.492252
vt 0.881797 0.530420
vt 0.887031 0.530345
vt 0.266867 0.113482
vt 0.508071 0.367447
vt 0.511199 0.380932
vt 0.512526 0.366412
vt 0.515673 0.379986
vt 0.271007 0.115105
vt 0.760407 0.314076
vt 0.759639 0.317264
vt 0.741942 0.556489
vt 0.726956 0.561438
vt 0.725806 0.558358
vt 0.741068 0.553342
vt 0.724675 0.555328
vt 0.740262 0.550232
vt 0.758890 0.320393
vt 0.757740 0.325257
vt 0.722921 0.550617
vt 0.739092 0.545371
vt 0.887599 0.660806
vt 0.768230 0.000033
vt 0.762936 0.000000
vt 0.882326 0.660708
vt 0.713598 0.435340
vt 0.714470 0.438553
vt 0.733214 0.435340
vt 0.734005 0.432095
vt 0.734778 0.428825
vt 0.715303 0.441809
vt 0.716522 0.446866
vt 0.735936 0.423764
vt 0.412427 0.380708
vt 0.407599 0.382705
vt 0.404538 0.383946
vt 0.401534 0.385161
vt 0.396907 0.387046
vt 0.504914 0.353798
vt 0.509383 0.352735
vt 0.712186 0.567512
vt 0.710708 0.564566
vt 0.709223 0.561675
vt 0.706875 0.557202
vt 0.152103 0.456652
vt 0.176157 0.473192
vt 0.174100 0.475762
vt 0.149963 0.459235
vt 0.148216 0.461558
vt 0.172328 0.478094
vt 0.871766 0.596940
vt 0.874317 0.627814
vt 0.871135 0.628017
vt 0.868600 0.597205
vt 0.864847 0.597650
vt 0.867436 0.628349
vt 0.661962 0.029534
vt 0.689173 0.021816
vt 0.660650 0.026322
vt 0.688254 0.018544
vt 0.659643 0.023463
vt 0.687589 0.015577
vt 0.658703 0.020466
vt 0.687017 0.012479
vt 0.829944 0.632986
vt 0.822982 0.603918
vt 0.826750 0.603262
vt 0.833647 0.632469
vt 0.224534 0.395947
vt 0.235046 0.414670
vt 0.227573 0.394110
vt 0.237823 0.412474
vt 0.705181 0.064288
vt 0.684197 0.074023
vt 0.682407 0.071141
vt 0.703638 0.061240
vt 0.680722 0.068179
vt 0.702209 0.058117
vt 0.678903 0.064662
vt 0.700747 0.054498
vt 0.191620 0.417615
vt 0.209203 0.436412
vt 0.206347 0.439105
vt 0.188204 0.420159
vt 0.185337 0.422488
vt 0.203873 0.441575
vt 0.201445 0.444113
vt 0.182569 0.424926
vt 0.179502 0.427850
vt 0.198751 0.447054
vt 0.231394 0.458238
vt 0.256018 0.481449
vt 0.254237 0.484489
vt 0.229115 0.461084
vt 0.227045 0.463685
vt 0.252522 0.487255
vt 0.250703 0.489957
vt 0.224944 0.466289
vt 0.222563 0.469158
vt 0.248572 0.492788
vt 0.870892 0.661805
vt 0.874857 0.697225
vt 0.874562 0.661821
vt 0.878511 0.697724
vt 0.877793 0.661881
vt 0.881797 0.698160
vt 0.199082 0.496387
vt 0.201063 0.494179
vt 0.227423 0.516156
vt 0.229657 0.514120
vt 0.203208 0.491754
vt 0.231921 0.511877
vt 0.726772 0.044675
vt 0.755166 0.034934
vt 0.756712 0.038377
vt 0.728184 0.048238
vt 0.729666 0.051374
vt 0.758445 0.041454
vt 0.760407 0.044428
vt 0.731303 0.054425
vt 0.252825 0.433711
vt 0.250419 0.436351
vt 0.271007 0.456565
vt 0.268986 0.459598
vt 0.717903 0.015459
vt 0.747622 0.009590
vt 0.717256 0.012192
vt 0.747191 0.006355
vt 0.716894 0.009151
vt 0.747123 0.003253
vt 0.716690 0.005973
vt 0.747304 0.000000
vt 0.844313 0.693711
vt 0.837056 0.662958
vt 0.840746 0.662777
vt 0.848028 0.693998
vt 0.174170 0.290216
vn -0.7315 0.5436 -0.4116
vn -0.6886 0.5472 -0.4758
vn -0.7403 0.4330 -0.5143
vn -0.7837 0.4300 -0.4482
vn -0.7811 0.3053 -0.5446
vn -0.8250 0.3031 -0.4769
vn -0.7204 0.4334 -0.5415
vn -0.7608 0.3057 -0.5725
vn -0.6690 0.5478 -0.5023
vn 0.4839 0.7023 0.5221
vn 0.5321 0.7065 0.4667
vn 0.4664 0.7816 0.4142
vn 0.4202 0.7771 0.4685
vn 0.3988 0.8433 0.3604
vn 0.3542 0.8388 0.4135
vn 0.4853 0.7824 0.3903
vn 0.4172 0.8440 0.3371
vn 0.5517 0.7073 0.4421
vn -0.3261 0.9377 -0.1204
vn -0.2871 0.9421 -0.1733
vn -0.3568 0.9063 -0.2263
vn -0.3963 0.9018 -0.1720
vn -0.4268 0.8602 -0.2792
vn -0.4669 0.8557 -0.2233
vn -0.3394 0.9071 -0.2491
vn -0.4090 0.8609 -0.3026
vn -0.2699 0.9428 -0.1956
vn 0.3302 0.8929 0.3060
vn 0.2871 0.8885 0.3581
vn 0.2613 0.9319 0.2516
vn 0.2195 0.9274 0.3028
vn 0.3481 0.8936 0.2832
vn 0.2787 0.9326 0.2293
vn -0.4962 0.8024 -0.3316
vn -0.5370 0.7979 -0.2738
vn -0.5642 0.7316 -0.3826
vn -0.6056 0.7274 -0.3228
vn -0.4780 0.8031 -0.3557
vn -0.5455 0.7324 -0.4075
vn 0.7038 -0.0228 0.7100
vn 0.7599 -0.0230 0.6497
vn 0.7542 0.1222 0.6451
vn 0.6984 0.1213 0.7053
vn 0.7327 0.2628 0.6278
vn 0.6778 0.2609 0.6874
vn 0.7766 0.1224 0.6180
vn 0.7548 0.2631 0.6009
vn 0.7824 -0.0230 0.6224
vn -0.6290 0.6468 -0.4312
vn -0.6712 0.6428 -0.3692
vn -0.6099 0.6475 -0.4569
vn 0.6683 -0.3030 0.6794
vn 0.7229 -0.3053 0.6198
vn 0.7491 -0.1672 0.6411
vn 0.6935 -0.1659 0.7011
vn 0.7714 -0.1675 0.6139
vn 0.7449 -0.3057 0.5930
vn -0.0723 -0.9948 0.0713
vn -0.0336 -0.9992 0.0212
vn 0.0346 -0.9967 0.0740
vn -0.0045 -0.9923 0.1240
vn 0.1027 -0.9866 0.1271
vn 0.0630 -0.9822 0.1772
vn 0.0512 -0.9973 0.0526
vn 0.1195 -0.9872 0.1055
vn -0.0170 -0.9999 -0.0002
vn 0.5816 -0.5437 0.6051
vn 0.6329 -0.5473 0.5476
vn 0.6833 -0.4329 0.5880
vn 0.6301 -0.4299 0.6466
vn 0.7048 -0.4334 0.5616
vn 0.6537 -0.5480 0.5219
vn -0.2090 -0.9774 -0.0330
vn -0.1704 -0.9818 -0.0842
vn -0.1018 -0.9943 -0.0315
vn -0.1404 -0.9899 0.0190
vn -0.0852 -0.9950 -0.0530
vn -0.1537 -0.9824 -0.1059
vn 0.1982 -0.9377 0.2855
vn 0.2397 -0.9421 0.2345
vn 0.3085 -0.9063 0.2888
vn 0.2659 -0.9018 0.3406
vn 0.3772 -0.8602 0.3433
vn 0.3332 -0.8557 0.3960
vn 0.3262 -0.9070 0.2662
vn 0.3953 -0.8609 0.3202
vn 0.2571 -0.9428 0.2124
vn -0.3481 -0.9274 -0.1367
vn -0.3090 -0.9319 -0.1900
vn -0.2395 -0.9612 -0.1370
vn -0.2782 -0.9568 -0.0849
vn -0.2226 -0.9618 -0.1591
vn -0.2919 -0.9326 -0.2125
vn 0.4453 -0.8024 0.3974
vn 0.3995 -0.7980 0.4513
vn 0.5118 -0.7316 0.4504
vn 0.4641 -0.7273 0.5056
vn 0.4641 -0.8031 0.3738
vn 0.5312 -0.7323 0.4261
vn -0.7489 -0.5094 -0.4238
vn -0.7059 -0.5128 -0.4886
vn -0.6485 -0.6171 -0.4457
vn -0.6909 -0.6132 -0.3831
vn -0.5850 -0.7065 -0.3982
vn -0.6267 -0.7022 -0.3377
vn -0.6292 -0.6178 -0.4717
vn -0.5661 -0.7072 -0.4234
vn -0.6861 -0.5135 -0.5154
vn 0.5750 -0.6468 0.5010
vn 0.5255 -0.6428 0.5574
vn 0.5951 -0.6476 0.4760
vn -0.5178 -0.7816 -0.3478
vn -0.5589 -0.7771 -0.2894
vn -0.4487 -0.8433 -0.2958
vn -0.4890 -0.8388 -0.2393
vn -0.4993 -0.7824 -0.3722
vn -0.4307 -0.8441 -0.3194
vn -0.8353 -0.2608 -0.4840
vn -0.7913 -0.2628 -0.5521
vn -0.7545 -0.3941 -0.5248
vn -0.7981 -0.3913 -0.4581
vn -0.7343 -0.3946 -0.5524
vn -0.7707 -0.2632 -0.5802
vn -0.3789 -0.8930 -0.2430
vn -0.4185 -0.8885 -0.1882
vn -0.3614 -0.8937 -0.2660
vn 0.6970 0.3940 0.5991
vn 0.6434 0.3913 0.6579
vn 0.6499 0.5127 0.5611
vn 0.5978 0.5094 0.6190
vn 0.7187 0.3945 0.5726
vn 0.6709 0.5134 0.5351
vn -0.0509 0.9948 0.0879
vn -0.0121 0.9992 0.0378
vn -0.0803 0.9967 -0.0149
vn -0.1189 0.9923 0.0355
vn -0.1488 0.9866 -0.0676
vn -0.1873 0.9822 -0.0167
vn -0.0637 0.9973 -0.0364
vn -0.1321 0.9872 -0.0892
vn 0.0045 0.9999 0.0164
vn -0.2177 0.9686 -0.1204
vn -0.2564 0.9641 -0.0686
vn -0.2008 0.9692 -0.1423
vn 0.0843 0.9774 0.1941
vn 0.1242 0.9818 0.1439
vn 0.0560 0.9943 0.0907
vn 0.0167 0.9899 0.1407
vn 0.0726 0.9950 0.0692
vn 0.1410 0.9824 0.1222
vn -0.8636 0.0227 -0.5037
vn -0.8193 0.0229 -0.5729
vn -0.8135 -0.1222 -0.5687
vn -0.8577 -0.1213 -0.4996
vn -0.7928 -0.1224 -0.5971
vn -0.7986 0.0230 -0.6015
vn 0.1710 -0.9686 0.1806
vn 0.1306 -0.9641 0.2310
vn 0.1881 -0.9692 0.1588
vn 0.1926 0.9612 0.1975
vn 0.1519 0.9568 0.2481
vn 0.2097 0.9619 0.1756
vn -0.8082 0.1672 -0.5647
vn -0.8524 0.1659 -0.4959
vn -0.7875 0.1675 -0.5931
vn 0.5941 0.6170 0.5162
vn 0.5439 0.6131 0.5730
vn 0.6144 0.6177 0.4909
vn -0.8730 -0.2574 -0.4143
vn -0.8954 -0.1197 -0.4288
vn -0.9013 0.0224 -0.4326
vn -0.9204 -0.1179 -0.3727
vn -0.9262 0.0221 -0.3763
vn -0.8982 -0.2537 -0.3590
vn 0.1566 -0.9293 0.3344
vn 0.0902 -0.9559 0.2797
vn 0.0237 -0.9739 0.2257
vn 0.0588 -0.9468 0.3165
vn -0.0068 -0.9648 0.2627
vn 0.1240 -0.9202 0.3713
vn 0.0447 0.9691 0.2426
vn 0.1112 0.9484 0.2968
vn 0.1774 0.9191 0.3518
vn 0.0793 0.9393 0.3337
vn 0.1442 0.9100 0.3887
vn 0.0139 0.9600 0.2796
vn -0.8901 0.1637 -0.4254
vn -0.8628 0.2992 -0.4076
vn -0.9151 0.1613 -0.3695
vn -0.8881 0.2948 -0.3528
vn 0.4340 0.6946 0.5737
vn 0.4917 0.6061 0.6253
vn 0.5435 0.5031 0.6719
vn 0.4498 0.5983 0.6631
vn 0.4995 0.4964 0.7100
vn 0.3942 0.6861 0.6114
vn -0.8215 0.4245 -0.3807
vn -0.7692 0.5371 -0.3463
vn -0.8471 0.4186 -0.3274
vn -0.7951 0.5299 -0.2949
vn 0.3086 0.8306 0.4636
vn 0.3726 0.7691 0.5193
vn 0.3345 0.7603 0.5568
vn 0.2724 0.8215 0.5009
vn -0.5039 0.8474 -0.1673
vn -0.4332 0.8935 -0.1179
vn -0.3629 0.9293 -0.0678
vn -0.4606 0.8844 -0.0756
vn -0.3905 0.9202 -0.0269
vn -0.5310 0.8384 -0.1235
vn 0.2433 0.8802 0.4075
vn 0.2087 0.8711 0.4446
vn -0.6430 0.7196 -0.2623
vn -0.5742 0.7898 -0.2157
vn -0.6010 0.7809 -0.1701
vn -0.6696 0.7110 -0.2148
vn 0.6197 0.2574 0.7414
vn 0.6394 0.1196 0.7596
vn 0.6445 -0.0225 0.7643
vn 0.5913 0.1178 0.7978
vn 0.5962 -0.0221 0.8025
vn 0.5725 0.2537 0.7797
vn -0.7088 0.6355 -0.3063
vn -0.7351 0.6275 -0.2569
vn 0.6347 -0.1637 0.7552
vn 0.6107 -0.2991 0.7333
vn 0.5868 -0.1613 0.7935
vn 0.5640 -0.2948 0.7714
vn -0.0430 -0.9840 0.1727
vn -0.1101 -0.9866 0.1204
vn -0.0727 -0.9750 0.2099
vn -0.1391 -0.9776 0.1580
vn 0.5743 -0.4245 0.7000
vn 0.5279 -0.5372 0.6579
vn 0.5292 -0.4186 0.7381
vn 0.4847 -0.5300 0.6959
vn -0.1778 -0.9817 0.0687
vn -0.2461 -0.9691 0.0175
vn -0.2062 -0.9726 0.1070
vn -0.2742 -0.9600 0.0566
vn 0.2882 -0.8474 0.4459
vn 0.2226 -0.8935 0.3899
vn 0.1886 -0.8844 0.4270
vn 0.2525 -0.8383 0.4832
vn -0.3152 -0.9484 -0.0333
vn -0.3850 -0.9191 -0.0836
vn -0.3430 -0.9393 0.0068
vn -0.4125 -0.9100 -0.0423
vn 0.4150 -0.7195 0.5569
vn 0.3525 -0.7898 0.5019
vn 0.3152 -0.7809 0.5393
vn 0.3757 -0.7110 0.5945
vn -0.6641 -0.6946 -0.2765
vn -0.7284 -0.6061 -0.3194
vn -0.7866 -0.5032 -0.3579
vn -0.7546 -0.5984 -0.2693
vn -0.8125 -0.4964 -0.3058
vn -0.6906 -0.6862 -0.2284
vn 0.4741 -0.6355 0.6094
vn 0.4327 -0.6276 0.6472
vn -0.5261 -0.8306 -0.1827
vn -0.5961 -0.7691 -0.2306
vn -0.6229 -0.7603 -0.1844
vn -0.5531 -0.8216 -0.1383
vn -0.8358 -0.3864 -0.3901
vn -0.8613 -0.3809 -0.3362
vn -0.4555 -0.8802 -0.1335
vn -0.4827 -0.8711 -0.0908
vn 0.5869 0.3864 0.7115
vn 0.5411 0.3810 0.7497
vn -0.2245 0.9739 0.0336
vn -0.1564 0.9840 0.0849
vn -0.0890 0.9866 0.1368
vn -0.1850 0.9750 0.1230
vn -0.1182 0.9776 0.1743
vn -0.2526 0.9648 0.0724
vn -0.2933 0.9558 -0.0173
vn -0.3212 0.9467 0.0224
vn -0.0220 0.9817 0.1893
vn -0.0519 0.9726 0.2265
vn 0.4415 -0.5214 0.7302
vn 0.3917 -0.6179 0.6817
vn 0.3368 -0.7007 0.6289
vn 0.3546 -0.6080 0.7103
vn 0.3017 -0.6901 0.6579
vn 0.4023 -0.5126 0.7585
vn -0.5778 -0.8106 -0.0952
vn -0.6469 -0.7497 -0.1395
vn -0.7141 -0.6761 -0.1815
vn -0.6666 -0.7387 -0.0994
vn -0.7331 -0.6657 -0.1397
vn -0.5982 -0.7994 -0.0568
vn -0.8346 -0.4883 -0.2549
vn -0.8828 -0.3744 -0.2836
vn -0.9192 -0.2492 -0.3050
vn -0.8994 -0.3677 -0.2365
vn -0.9350 -0.2446 -0.2567
vn -0.8520 -0.4799 -0.2094
vn -0.4381 -0.8989 -0.0023
vn -0.5078 -0.8600 -0.0493
vn -0.5290 -0.8485 -0.0125
vn -0.4598 -0.8874 0.0332
vn 0.4558 0.4883 0.7442
vn 0.4957 0.3744 0.7837
vn 0.5255 0.2492 0.8135
vn 0.4541 0.3677 0.8115
vn 0.4827 0.2446 0.8410
vn 0.4160 0.4799 0.7724
vn -0.2794 0.9539 0.1098
vn -0.2124 0.9641 0.1596
vn -0.1463 0.9666 0.2103
vn -0.2362 0.9526 0.1918
vn -0.1709 0.9552 0.2418
vn -0.3025 0.9424 0.1428
vn -0.4163 0.9092 0.0127
vn -0.3474 0.9358 0.0608
vn -0.3699 0.9242 0.0948
vn -0.4382 0.8976 0.0478
vn -0.0809 0.9617 0.2620
vn -0.0160 0.9490 0.3147
vn -0.1064 0.9502 0.2930
vn -0.0425 0.9375 0.3453
vn -0.9411 -0.1158 -0.3178
vn -0.9468 0.0217 -0.3211
vn -0.9565 -0.1136 -0.2687
vn -0.9621 0.0213 -0.2718
vn 0.0920 -0.9092 0.4062
vn 0.0281 -0.9357 0.3516
vn -0.0363 -0.9539 0.2980
vn 0.0008 -0.9242 0.3819
vn -0.0625 -0.9424 0.3287
vn 0.0635 -0.8976 0.4362
vn 0.0483 0.9283 0.3686
vn 0.1119 0.8990 0.4235
vn 0.0207 0.9168 0.3988
vn 0.0831 0.8874 0.4534
vn -0.9358 0.1584 -0.3148
vn -0.9092 0.2897 -0.2991
vn -0.9514 0.1555 -0.2659
vn -0.9252 0.2844 -0.2512
vn 0.3547 0.6760 0.6459
vn 0.4081 0.5890 0.6975
vn 0.3703 0.5794 0.7261
vn 0.3188 0.6656 0.6748
vn -0.8688 0.4116 -0.2753
vn -0.8175 0.5214 -0.2446
vn -0.8856 0.4043 -0.2287
vn -0.8351 0.5126 -0.1997
vn 0.2367 0.8107 0.5355
vn 0.2970 0.7497 0.5914
vn 0.2631 0.7387 0.6205
vn 0.2048 0.7993 0.5650
vn -0.5558 0.8274 -0.0809
vn -0.4858 0.8734 -0.0346
vn -0.5071 0.8619 0.0018
vn -0.5764 0.8160 -0.0430
vn 0.1749 0.8601 0.4793
vn 0.1446 0.8485 0.5090
vn -0.6933 0.7007 -0.1686
vn -0.6253 0.7702 -0.1257
vn -0.6452 0.7591 -0.0862
vn -0.7125 0.6900 -0.1273
vn 0.5434 0.1157 0.8315
vn 0.5481 -0.0217 0.8362
vn 0.4997 0.1136 0.8587
vn 0.5042 -0.0213 0.8633
vn -0.7581 0.6179 -0.2086
vn -0.7766 0.6079 -0.1655
vn 0.5391 -0.1583 0.8272
vn 0.5173 -0.2897 0.8053
vn 0.4958 -0.1554 0.8544
vn 0.4748 -0.2844 0.8329
vn -0.1013 -0.9641 0.2456
vn -0.1670 -0.9666 0.1942
vn -0.1265 -0.9526 0.2767
vn -0.1913 -0.9552 0.2260
vn 0.4841 -0.4115 0.7722
vn 0.4431 -0.4044 0.8001
vn -0.2334 -0.9617 0.1438
vn -0.3008 -0.9490 0.0943
vn -0.2570 -0.9502 0.1763
vn -0.3237 -0.9375 0.1276
vn 0.2174 -0.8274 0.5178
vn 0.1552 -0.8733 0.4617
vn 0.1253 -0.8618 0.4915
vn 0.1859 -0.8160 0.5473
vn -0.3690 -0.9283 0.0456
vn -0.3913 -0.9168 0.0799
vn 0.2782 -0.7702 0.5739
vn 0.2451 -0.7591 0.6031
vn -0.7775 -0.5890 -0.2204
vn -0.7956 -0.5794 -0.1767
vn 0.1823 -0.8148 0.5504
vn 0.1220 -0.8605 0.4945
vn 0.0604 -0.8963 0.4393
vn 0.1662 -0.8775 0.4499
vn 0.1025 -0.9132 0.3943
vn 0.2290 -0.8316 0.5060
vn -0.3261 -0.9362 0.1313
vn -0.3936 -0.9155 0.0837
vn -0.4620 -0.8861 0.0371
vn -0.3600 -0.9324 0.0328
vn -0.4293 -0.9030 -0.0155
vn -0.2918 -0.9530 0.0818
vn 0.2975 -0.6889 0.6610
vn 0.2411 -0.7579 0.6062
vn 0.2903 -0.7744 0.5622
vn 0.3495 -0.7048 0.6174
vn -0.7350 -0.6646 -0.1349
vn -0.7974 -0.5785 -0.1717
vn -0.8537 -0.4790 -0.2042
vn -0.7698 -0.5928 -0.2365
vn -0.8274 -0.4916 -0.2716
vn -0.7061 -0.6802 -0.1969
vn 0.3980 -0.5117 0.7614
vn 0.3503 -0.6070 0.7133
vn 0.4051 -0.6219 0.6701
vn 0.4557 -0.5250 0.7189
vn -0.6002 -0.7981 -0.0524
vn -0.6687 -0.7375 -0.0948
vn -0.6387 -0.7538 -0.1543
vn -0.5693 -0.8148 -0.1094
vn -0.9011 -0.3670 -0.2311
vn -0.9367 -0.2442 -0.2511
vn -0.8759 -0.3771 -0.3009
vn -0.9125 -0.2511 -0.3229
vn -0.5311 -0.8473 -0.0083
vn -0.4991 -0.8642 -0.0630
vn 0.4115 0.4790 0.7754
vn 0.4494 0.3671 0.8144
vn 0.4776 0.2441 0.8440
vn 0.5108 0.3771 0.7726
vn 0.5411 0.2511 0.8026
vn 0.4703 0.4916 0.7329
vn -0.3050 0.9410 0.1464
vn -0.2388 0.9512 0.1953
vn -0.1736 0.9538 0.2453
vn -0.2032 0.9680 0.1474
vn -0.1368 0.9705 0.1983
vn -0.2703 0.9578 0.0974
vn -0.4404 0.8963 0.0517
vn -0.3722 0.9229 0.0986
vn -0.3384 0.9398 0.0481
vn -0.4074 0.9132 -0.0004
vn -0.1092 0.9488 0.2963
vn -0.0454 0.9362 0.3486
vn -0.0712 0.9656 0.2500
vn -0.0061 0.9530 0.3028
vn -0.9581 -0.1135 -0.2630
vn -0.9637 0.0213 -0.2661
vn -0.9346 -0.1168 -0.3360
vn -0.9404 0.0219 -0.3394
vn -0.0021 -0.9229 0.3851
vn -0.0654 -0.9410 0.3320
vn 0.0382 -0.9398 0.3397
vn -0.0266 -0.9578 0.2861
vn 0.0175 0.9155 0.4020
vn 0.0798 0.8861 0.4566
vn 0.0584 0.9324 0.3568
vn 0.1225 0.9030 0.4117
vn -0.9530 0.1552 -0.2601
vn -0.9269 0.2837 -0.2456
vn -0.9294 0.1597 -0.3329
vn -0.9025 0.2918 -0.3168
vn 0.3145 0.6646 0.6778
vn 0.3659 0.5784 0.7291
vn 0.4217 0.5928 0.6861
vn 0.3674 0.6803 0.6342
vn -0.8873 0.4036 -0.2233
vn -0.8368 0.5118 -0.1945
vn -0.8618 0.4145 -0.2925
vn -0.8100 0.5251 -0.2612
vn 0.2012 0.7980 0.5680
vn 0.2592 0.7376 0.6235
vn 0.3093 0.7539 0.5796
vn 0.2485 0.8148 0.5238
vn -0.5785 0.8148 -0.0387
vn -0.5093 0.8606 0.0059
vn -0.4772 0.8775 -0.0481
vn -0.5473 0.8316 -0.0949
vn 0.1412 0.8472 0.5121
vn 0.1861 0.8641 0.4676
vn -0.7144 0.6889 -0.1226
vn -0.6472 0.7579 -0.0817
vn -0.6170 0.7744 -0.1403
vn -0.6852 0.7048 -0.1838
vn 0.4946 0.1133 0.8617
vn 0.4989 -0.0212 0.8664
vn 0.5593 0.1167 0.8207
vn 0.5640 -0.0219 0.8255
vn -0.7784 0.6070 -0.1605
vn -0.7503 0.6218 -0.2245
vn 0.4905 -0.1552 0.8575
vn 0.4699 -0.2839 0.8358
vn 0.5549 -0.1598 0.8164
vn 0.5328 -0.2919 0.7943
vn -0.1293 -0.9512 0.2801
vn -0.1940 -0.9538 0.2294
vn -0.0918 -0.9680 0.2336
vn -0.1576 -0.9706 0.1821
vn 0.4385 -0.4035 0.8031
vn 0.4990 -0.4144 0.7611
vn -0.2596 -0.9488 0.1798
vn -0.2243 -0.9656 0.1316
vn 0.4650 -0.7284 0.5032
vn 0.4003 -0.7988 0.4490
vn 0.3338 -0.8564 0.3938
vn 0.5517 -0.7960 0.2491
vn 0.4815 -0.8534 0.1995
vn 0.6204 -0.7258 0.2973
vn -0.6246 -0.7035 -0.3391
vn -0.6889 -0.6144 -0.3845
vn -0.7471 -0.5107 -0.4255
vn -0.5218 -0.6121 -0.5942
vn -0.5752 -0.5087 -0.6406
vn -0.4627 -0.7008 -0.5430
vn 0.5828 -0.5449 0.6029
vn 0.5264 -0.6441 0.5550
vn 0.6862 -0.6416 0.3429
vn 0.7468 -0.5427 0.3845
vn -0.4870 -0.8396 -0.2405
vn -0.5567 -0.7782 -0.2907
vn -0.3998 -0.7752 -0.4891
vn -0.3344 -0.8367 -0.4338
vn -0.7965 -0.3925 -0.4600
vn -0.8338 -0.2616 -0.4861
vn -0.6203 -0.3908 -0.6801
vn -0.6543 -0.2604 -0.7099
vn -0.3464 -0.9279 -0.1378
vn -0.4166 -0.8891 -0.1894
vn -0.2681 -0.8861 -0.3782
vn -0.2014 -0.9248 -0.3228
vn 0.5990 0.5105 0.6169
vn 0.6448 0.3924 0.6559
vn 0.6794 0.2617 0.6855
vn 0.8137 0.3908 0.4304
vn 0.8512 0.2605 0.4555
vn 0.7643 0.5085 0.3966
vn -0.1858 0.9824 -0.0180
vn -0.1177 0.9925 0.0341
vn -0.0498 0.9950 0.0863
vn 0.0209 0.9893 -0.1443
vn 0.0882 0.9919 -0.0919
vn -0.0462 0.9793 -0.1973
vn -0.3243 0.9381 -0.1215
vn -0.2547 0.9645 -0.0698
vn -0.1132 0.9613 -0.2510
vn -0.1802 0.9350 -0.3055
vn 0.0177 0.9901 0.1390
vn 0.0851 0.9776 0.1923
vn 0.1559 0.9870 -0.0400
vn 0.2242 0.9745 0.0116
vn -0.8564 -0.1218 -0.5017
vn -0.8623 0.0228 -0.5059
vn -0.6747 -0.1212 -0.7280
vn -0.6802 0.0228 -0.7327
vn 0.1989 -0.9381 0.2835
vn 0.1313 -0.9645 0.2292
vn 0.0639 -0.9824 0.1755
vn 0.2714 -0.9613 0.0468
vn 0.2026 -0.9793 -0.0046
vn 0.3409 -0.9350 0.0979
vn 0.1526 0.9571 0.2462
vn 0.2201 0.9279 0.3008
vn 0.2931 0.9540 0.0629
vn 0.3628 0.9249 0.1141
vn -0.8510 0.1667 -0.4981
vn -0.8235 0.3040 -0.4789
vn -0.6699 0.1659 -0.7237
vn -0.6450 0.3027 -0.7017
vn 0.4847 0.7035 0.5197
vn 0.5448 0.6145 0.5706
vn 0.7059 0.6121 0.3565
vn 0.6416 0.7008 0.3120
vn -0.7821 0.4311 -0.4500
vn -0.7296 0.5449 -0.4131
vn -0.6073 0.4292 -0.6685
vn -0.5593 0.5427 -0.6266
vn 0.3548 0.8396 0.4113
vn 0.4208 0.7782 0.4662
vn 0.5735 0.7753 0.2645
vn 0.5037 0.8366 0.2152
vn -0.4649 0.8564 -0.2245
vn -0.3944 0.9025 -0.1732
vn -0.2472 0.8993 -0.3607
vn -0.3137 0.8534 -0.4162
vn 0.2877 0.8891 0.3559
vn 0.4332 0.8861 0.1649
vn -0.6036 0.7285 -0.3241
vn -0.5349 0.7989 -0.2750
vn -0.3793 0.7960 -0.4717
vn -0.4432 0.7257 -0.5262
vn 0.7002 0.1218 0.7034
vn 0.7056 -0.0228 0.7082
vn 0.8738 0.1211 0.4710
vn 0.8797 -0.0227 0.4749
vn -0.6692 0.6440 -0.3706
vn -0.5038 0.6415 -0.5785
vn 0.6953 -0.1665 0.6992
vn 0.6699 -0.3041 0.6773
vn 0.8684 -0.1658 0.4673
vn 0.8408 -0.3027 0.4487
vn -0.0035 -0.9925 0.1224
vn -0.0711 -0.9950 0.0698
vn 0.1345 -0.9893 -0.0563
vn 0.0670 -0.9918 -0.1084
vn 0.6315 -0.4311 0.6444
vn 0.7994 -0.4293 0.4204
vn -0.1391 -0.9901 0.0177
vn -0.2075 -0.9776 -0.0343
vn -0.0003 -0.9870 -0.1609
vn -0.0674 -0.9745 -0.2141
vn 0.2665 -0.9024 0.3385
vn 0.4110 -0.8994 0.1489
vn -0.2765 -0.9571 -0.0861
vn -0.1343 -0.9540 -0.2681
vn 0.1977 -0.9406 -0.2761
vn 0.1343 -0.9356 -0.3264
vn 0.0717 -0.9230 -0.3781
vn 0.2012 -0.8916 -0.4057
vn 0.1420 -0.8789 -0.4554
vn 0.2614 -0.8966 -0.3575
vn 0.5973 -0.8020 0.0013
vn 0.5289 -0.8477 -0.0419
vn 0.4609 -0.8832 -0.0864
vn 0.5785 -0.8038 -0.1386
vn 0.5134 -0.8392 -0.1793
vn 0.6437 -0.7588 -0.0996
vn 0.0100 -0.9023 -0.4310
vn -0.0509 -0.8730 -0.4850
vn 0.0839 -0.8582 -0.5065
vn 0.0272 -0.8290 -0.5586
vn 0.7312 -0.6773 0.0820
vn 0.6650 -0.7456 0.0428
vn 0.7080 -0.7034 -0.0627
vn 0.7703 -0.6370 -0.0284
vn -0.2790 -0.6531 -0.7040
vn -0.3283 -0.5681 -0.7547
vn -0.3720 -0.4702 -0.8003
vn -0.2236 -0.5322 -0.8166
vn -0.2617 -0.4392 -0.8595
vn -0.1800 -0.6138 -0.7687
vn 0.8514 -0.5024 0.1506
vn 0.7940 -0.5963 0.1182
vn 0.8291 -0.5591 0.0028
vn 0.8823 -0.4697 0.0303
vn -0.1690 -0.7855 -0.5954
vn -0.2256 -0.7253 -0.6504
vn -0.1323 -0.6838 -0.7176
vn -0.0813 -0.7425 -0.6649
vn -0.4083 -0.3600 -0.8389
vn -0.4352 -0.2393 -0.8680
vn -0.2929 -0.3354 -0.8954
vn -0.3158 -0.2225 -0.9224
vn -0.1106 -0.8344 -0.5400
vn -0.0280 -0.7907 -0.6116
vn 0.8680 0.4702 0.1598
vn 0.9144 0.3600 0.1852
vn 0.9493 0.2393 0.2040
vn 0.9402 0.3353 0.0593
vn 0.9721 0.2224 0.0749
vn 0.8976 0.4392 0.0381
vn 0.0912 0.9278 -0.3617
vn 0.1541 0.9380 -0.3105
vn 0.2179 0.9406 -0.2605
vn 0.2200 0.8940 -0.3904
vn 0.2807 0.8966 -0.3426
vn 0.1604 0.8837 -0.4396
vn -0.0318 0.8832 -0.4679
vn 0.0294 0.9097 -0.4142
vn 0.1021 0.8656 -0.4902
vn 0.0450 0.8391 -0.5421
vn 0.2825 0.9356 -0.2117
vn 0.3481 0.9230 -0.1641
vn 0.3426 0.8915 -0.2963
vn 0.4054 0.8789 -0.2515
vn -0.4513 -0.1111 -0.8854
vn -0.4556 0.0209 -0.8900
vn -0.3295 -0.1030 -0.9385
vn -0.3331 0.0193 -0.9427
vn 0.3937 -0.9097 -0.1321
vn 0.3273 -0.9278 -0.1790
vn 0.4490 -0.8656 -0.2216
vn 0.3855 -0.8837 -0.2654
vn 0.4147 0.9023 -0.1176
vn 0.4823 0.8730 -0.0722
vn 0.4692 0.8582 -0.2081
vn 0.5340 0.8290 -0.1662
vn -0.4476 0.1521 -0.8812
vn -0.4279 0.2782 -0.8599
vn -0.3262 0.1412 -0.9347
vn -0.3096 0.2589 -0.9150
vn 0.7514 0.6531 0.0938
vn 0.8127 0.5682 0.1289
vn 0.8465 0.5322 0.0119
vn 0.7893 0.6138 -0.0182
vn -0.3977 0.3959 -0.8277
vn -0.3589 0.5024 -0.7866
vn -0.2839 0.3690 -0.8850
vn -0.2503 0.4697 -0.8466
vn 0.6187 0.7855 0.0146
vn 0.6861 0.7254 0.0554
vn 0.7278 0.6838 -0.0516
vn 0.6640 0.7426 -0.0878
vn -0.1509 0.8020 -0.5779
vn -0.0920 0.8476 -0.5226
vn -0.0108 0.8038 -0.5948
vn -0.0648 0.7588 -0.6481
vn 0.5505 0.8344 -0.0281
vn 0.5990 0.7907 -0.1261
vn -0.2626 0.6772 -0.6873
vn -0.2080 0.7456 -0.6331
vn -0.1166 0.7035 -0.7011
vn -0.1654 0.6371 -0.7528
vn 0.9702 0.1110 0.2153
vn 0.9757 -0.0208 0.2182
vn 0.9911 0.1031 0.0841
vn 0.9961 -0.0193 0.0865
vn -0.3133 0.5962 -0.7392
vn -0.2104 0.5591 -0.8019
vn 0.9652 -0.1520 0.2126
vn 0.9397 -0.2782 0.1990
vn 0.9866 -0.1412 0.0820
vn 0.9634 -0.2587 0.0707
vn 0.2620 -0.9380 -0.2269
vn 0.3229 -0.8940 -0.3108
vn 0.9009 -0.3959 0.1779
vn 0.9279 -0.3690 0.0532
vn 0.5348 0.8281 -0.1678
vn 0.6000 0.7898 -0.1276
vn 0.6648 0.7416 -0.0894
vn 0.5714 0.8179 -0.0674
vn 0.6385 0.7692 -0.0264
vn 0.5042 0.8565 -0.1100
vn -0.1638 0.6363 -0.7539
vn -0.1152 0.7026 -0.7022
vn -0.0635 0.7578 -0.6493
vn -0.1718 0.7294 -0.6621
vn -0.1168 0.7856 -0.6076
vn -0.2240 0.6618 -0.7154
vn 0.9723 0.2221 0.0733
vn 0.9913 0.1029 0.0825
vn 0.9962 -0.0193 0.0849
vn 0.9807 0.1079 0.1630
vn 0.9860 -0.0203 0.1657
vn 0.9605 0.2326 0.1525
vn -0.2488 0.4689 -0.8475
vn -0.2088 0.5584 -0.8029
vn -0.2726 0.5819 -0.7662
vn -0.3161 0.4896 -0.8126
vn 0.9868 -0.1409 0.0803
vn 0.9636 -0.2584 0.0690
vn 0.9759 -0.1478 0.1605
vn 0.9513 -0.2706 0.1477
vn 0.3865 -0.8828 -0.2669
vn 0.3239 -0.8931 -0.3122
vn 0.2626 -0.8957 -0.3589
vn 0.2870 -0.9217 -0.2609
vn 0.2236 -0.9243 -0.3093
vn 0.3514 -0.9115 -0.2139
vn 0.9282 -0.3685 0.0516
vn 0.8828 -0.4690 0.0287
vn 0.9138 -0.3853 0.1281
vn 0.8659 -0.4896 0.1025
vn 0.2023 -0.8907 -0.4071
vn 0.1431 -0.8780 -0.4568
vn 0.1612 -0.9193 -0.3589
vn 0.0998 -0.9066 -0.4100
vn 0.6445 -0.7579 -0.1012
vn 0.5794 -0.8029 -0.1401
vn 0.5145 -0.8382 -0.1808
vn 0.5502 -0.8311 -0.0806
vn 0.4832 -0.8667 -0.1237
vn 0.6175 -0.7856 -0.0391
vn 0.0850 -0.8573 -0.5078
vn 0.0283 -0.8281 -0.5599
vn 0.0393 -0.8859 -0.4623
vn -0.0199 -0.8565 -0.5157
vn 0.7710 -0.6362 -0.0301
vn 0.7087 -0.7025 -0.0644
vn 0.6840 -0.7295 0.0005
vn 0.7487 -0.6618 0.0378
vn -0.1785 -0.6129 -0.7697
vn -0.2220 -0.5315 -0.8175
vn -0.2601 -0.4385 -0.8603
vn -0.2870 -0.5541 -0.7814
vn -0.3285 -0.4580 -0.8260
vn -0.2400 -0.6378 -0.7318
vn 0.8296 -0.5583 0.0012
vn 0.8101 -0.5819 0.0721
vn -0.0800 -0.7416 -0.6661
vn -0.1308 -0.6829 -0.7187
vn -0.1888 -0.7094 -0.6791
vn -0.1344 -0.7691 -0.6248
vn -0.2913 -0.3348 -0.8961
vn -0.3144 -0.2221 -0.9229
vn -0.3628 -0.3502 -0.8636
vn -0.3883 -0.2326 -0.8917
vn -0.0266 -0.7897 -0.6129
vn -0.0779 -0.8179 -0.5701
vn 0.8980 0.4385 0.0364
vn 0.9405 0.3348 0.0577
vn 0.9269 0.3503 0.1350
vn 0.8820 0.4580 0.1112
vn 0.1617 0.8828 -0.4410
vn 0.2212 0.8931 -0.3918
vn 0.2817 0.8957 -0.3441
vn 0.1807 0.9217 -0.3432
vn 0.2434 0.9243 -0.2939
vn 0.1192 0.9115 -0.3938
vn 0.0461 0.8382 -0.5434
vn 0.1033 0.8647 -0.4916
vn 0.0585 0.8933 -0.4457
vn -0.0013 0.8667 -0.4988
vn 0.3436 0.8907 -0.2977
vn 0.4064 0.8780 -0.2529
vn 0.3071 0.9193 -0.2460
vn 0.3719 0.9066 -0.1994
vn -0.3281 -0.1029 -0.9390
vn -0.3317 0.0192 -0.9432
vn -0.4035 -0.1080 -0.9086
vn -0.4074 0.0201 -0.9130
vn 0.4501 -0.8647 -0.2231
vn 0.4169 -0.8933 -0.1681
vn 0.4702 0.8573 -0.2096
vn 0.4376 0.8859 -0.1540
vn -0.3248 0.1410 -0.9352
vn -0.3080 0.2585 -0.9156
vn -0.3998 0.1478 -0.9046
vn -0.3813 0.2706 -0.8840
vn 0.7899 0.6129 -0.0199
vn 0.8470 0.5315 0.0103
vn 0.8284 0.5541 0.0821
vn 0.7685 0.6379 0.0490
vn -0.2824 0.3685 -0.8857
vn -0.3528 0.3854 -0.8526
vn 0.7286 0.6829 -0.0533
vn 0.7047 0.7094 0.0126
vn -0.0096 0.8028 -0.5961
vn -0.0598 0.8311 -0.5530
vn -0.4172 0.5158 -0.7482
vn -0.3687 0.6115 -0.7001
vn -0.3148 0.6939 -0.6476
vn -0.5013 0.6392 -0.5832
vn -0.4409 0.7236 -0.5311
vn -0.5564 0.5403 -0.6312
vn 0.9566 -0.0215 0.2906
vn 0.9458 -0.1566 0.2845
vn 0.9195 -0.2863 0.2693
vn 0.8711 -0.1649 0.4625
vn 0.8439 -0.3010 0.4441
vn 0.8823 -0.0226 0.4701
vn 0.2944 -0.9467 -0.1309
vn 0.2278 -0.9569 -0.1802
vn 0.1620 -0.9595 -0.2306
vn 0.1375 -0.9887 -0.0598
vn 0.0696 -0.9913 -0.1120
vn 0.2058 -0.9786 -0.0079
vn 0.8797 -0.4069 0.2463
vn 0.8289 -0.5158 0.2165
vn 0.8027 -0.4271 0.4162
vn 0.7505 -0.5403 0.3806
vn 0.0971 -0.9545 -0.2820
vn 0.0328 -0.9418 -0.3345
vn 0.0022 -0.9863 -0.1647
vn -0.0650 -0.9737 -0.2182
vn 0.5693 -0.8202 0.0569
vn 0.4997 -0.8661 0.0115
vn 0.4305 -0.9019 -0.0350
vn 0.4150 -0.8981 0.1458
vn 0.3447 -0.9339 0.0949
vn 0.4856 -0.8519 0.1963
vn -0.0308 -0.9211 -0.3882
vn -0.0937 -0.8917 -0.4429
vn -0.1322 -0.9531 -0.2724
vn -0.1993 -0.9237 -0.3272
vn 0.7058 -0.6939 0.1426
vn 0.6383 -0.7631 0.1008
vn 0.5558 -0.7941 0.2459
vn 0.6246 -0.7236 0.2939
vn -0.3323 -0.6694 -0.6645
vn -0.3846 -0.5829 -0.7158
vn -0.4312 -0.4828 -0.7622
vn -0.5193 -0.6096 -0.5989
vn -0.5723 -0.5062 -0.6452
vn -0.4604 -0.6986 -0.5478
vn 0.7700 -0.6116 0.1816
vn 0.6902 -0.6392 0.3392
vn -0.2167 -0.8035 -0.5545
vn -0.2759 -0.7427 -0.6102
vn -0.3976 -0.7733 -0.4939
vn -0.3325 -0.8350 -0.4385
vn -0.4700 -0.3700 -0.8014
vn -0.4990 -0.2462 -0.8309
vn -0.6169 -0.3887 -0.6844
vn -0.6505 -0.2590 -0.7140
vn -0.1557 -0.8528 -0.4985
vn -0.2662 -0.8847 -0.3828
vn 0.8458 0.4830 0.2265
vn 0.8935 0.3701 0.2543
vn 0.9294 0.2462 0.2751
vn 0.8170 0.3887 0.4259
vn 0.8541 0.2590 0.4510
vn 0.7679 0.5063 0.3925
vn 0.0531 0.9467 -0.3178
vn 0.1175 0.9569 -0.2656
vn 0.1827 0.9595 -0.2146
vn 0.0234 0.9887 -0.1481
vn 0.0910 0.9913 -0.0955
vn -0.0439 0.9786 -0.2013
vn -0.0740 0.9019 -0.4255
vn -0.0108 0.9285 -0.3711
vn -0.1111 0.9605 -0.2552
vn -0.1782 0.9339 -0.3099
vn 0.2487 0.9545 -0.1646
vn 0.3156 0.9418 -0.1156
vn 0.1590 0.9863 -0.0434
vn 0.2275 0.9737 0.0083
vn -0.5164 -0.1144 -0.8487
vn -0.5209 0.0214 -0.8534
vn -0.6707 -0.1204 -0.7319
vn -0.6761 0.0227 -0.7365
vn 0.3620 -0.9285 -0.0825
vn 0.2749 -0.9605 0.0436
vn 0.3834 0.9211 -0.0674
vn 0.4522 0.8917 -0.0202
vn 0.2967 0.9531 0.0597
vn 0.3667 0.9237 0.1110
vn -0.5123 0.1565 -0.8444
vn -0.4911 0.2862 -0.8227
vn -0.6660 0.1648 -0.7275
vn -0.6413 0.3010 -0.7057
vn 0.7265 0.6694 0.1552
vn 0.7893 0.5829 0.1930
vn 0.7098 0.6097 0.3528
vn 0.6456 0.6986 0.3085
vn -0.4588 0.4069 -0.7899
vn -0.6040 0.4272 -0.6728
vn 0.5910 0.8035 0.0709
vn 0.6599 0.7427 0.1142
vn 0.5777 0.7733 0.2612
vn 0.5078 0.8350 0.2120
vn -0.1977 0.8201 -0.5369
vn -0.1364 0.8661 -0.4809
vn -0.2451 0.8981 -0.3652
vn -0.3117 0.8518 -0.4210
vn 0.5215 0.8528 0.0260
vn 0.4372 0.8847 0.1618
vn -0.2575 0.7631 -0.5928
vn -0.3773 0.7941 -0.4765
vn 0.9510 0.1144 0.2874
vn 0.8765 0.1205 0.4661
vn 0.3755 0.8410 0.3895
vn 0.4423 0.7792 0.4441
vn 0.5071 0.7041 0.4971
vn 0.2829 0.7447 0.6044
vn 0.3400 0.6713 0.6586
vn 0.2233 0.8056 0.5487
vn -0.4491 0.8579 -0.2496
vn -0.3788 0.9042 -0.1975
vn -0.3086 0.9401 -0.1451
vn -0.4957 0.8683 -0.0189
vn -0.4263 0.9041 0.0280
vn -0.5653 0.8223 -0.0646
vn 0.2393 0.9298 0.2796
vn 0.3076 0.8908 0.3345
vn 0.1620 0.8550 0.4927
vn 0.0994 0.8939 0.4371
vn -0.5873 0.7292 -0.3511
vn -0.5189 0.8000 -0.3011
vn -0.6345 0.7652 -0.1090
vn -0.7020 0.6959 -0.1513
vn 0.7042 0.2614 0.6601
vn 0.7253 0.1216 0.6776
vn 0.7308 -0.0227 0.6822
vn 0.5262 0.1148 0.8426
vn 0.5308 -0.0215 0.8472
vn 0.5087 0.2470 0.8248
vn -0.7124 0.5450 -0.4421
vn -0.6525 0.6445 -0.3986
vn -0.7664 0.6134 -0.1907
vn -0.8253 0.5174 -0.2263
vn 0.7203 -0.1663 0.6734
vn 0.6946 -0.3039 0.6521
vn 0.5220 -0.1570 0.8384
vn 0.5004 -0.2872 0.8168
vn 0.0815 -0.9846 0.1544
vn 0.0135 -0.9948 0.1011
vn -0.0545 -0.9973 0.0483
vn -0.1125 -0.9591 0.2597
vn -0.1780 -0.9617 0.2085
vn -0.0478 -0.9489 0.3119
vn 0.6557 -0.4310 0.6198
vn 0.6065 -0.5450 0.5789
vn 0.4677 -0.4082 0.7840
vn 0.4258 -0.5174 0.7423
vn -0.1228 -0.9924 -0.0043
vn -0.1915 -0.9798 -0.0568
vn -0.2441 -0.9567 0.1583
vn -0.3112 -0.9441 0.1090
vn 0.3542 -0.8579 0.3723
vn 0.2861 -0.9042 0.3172
vn 0.2178 -0.9400 0.2624
vn 0.1424 -0.8683 0.4751
vn 0.0797 -0.9041 0.4197
vn 0.2042 -0.8223 0.5311
vn -0.2608 -0.9592 -0.1092
vn -0.3306 -0.9298 -0.1616
vn -0.3792 -0.9233 0.0607
vn -0.4481 -0.8939 0.0131
vn 0.4871 -0.7292 0.4806
vn 0.4215 -0.8000 0.4270
vn 0.2644 -0.7652 0.5869
vn 0.3223 -0.6959 0.6418
vn -0.6083 -0.7041 -0.3664
vn -0.6721 -0.6147 -0.4128
vn -0.7297 -0.5107 -0.4546
vn -0.7856 -0.5847 -0.2024
vn -0.8423 -0.4844 -0.2364
vn -0.7228 -0.6713 -0.1641
vn 0.5494 -0.6445 0.5318
vn 0.3767 -0.6134 0.6941
vn -0.4711 -0.8410 -0.2660
vn -0.5407 -0.7792 -0.3170
vn -0.6560 -0.7448 -0.1226
vn -0.5871 -0.8057 -0.0788
vn -0.7785 -0.3923 -0.4899
vn -0.8154 -0.2615 -0.5165
vn -0.8900 -0.3713 -0.2647
vn -0.9259 -0.2471 -0.2858
vn -0.4009 -0.8908 -0.2140
vn -0.5175 -0.8550 -0.0334
vn 0.6229 0.5107 0.5926
vn 0.6692 0.3923 0.6311
vn 0.4792 0.3714 0.7953
vn 0.4398 0.4845 0.7562
vn -0.1699 0.9846 -0.0402
vn -0.1013 0.9948 0.0122
vn -0.0331 0.9973 0.0649
vn -0.2232 0.9591 0.1740
vn -0.1573 0.9617 0.2244
vn -0.2900 0.9489 0.1244
vn -0.2389 0.9666 -0.0927
vn -0.3577 0.9307 0.0758
vn 0.0349 0.9924 0.1178
vn 0.1029 0.9798 0.1712
vn -0.0921 0.9568 0.2759
vn -0.0276 0.9441 0.3286
vn -0.8376 -0.1216 -0.5325
vn -0.8435 0.0229 -0.5366
vn -0.9475 -0.1148 -0.2984
vn -0.9532 0.0215 -0.3017
vn 0.1496 -0.9666 0.2081
vn 0.0162 -0.9308 0.3653
vn 0.1710 0.9592 0.2251
vn 0.0362 0.9233 0.3823
vn -0.8323 0.1664 -0.5287
vn -0.8052 0.3039 -0.5092
vn -0.9424 0.1571 -0.2954
vn -0.9160 0.2873 -0.2800
vn 0.5680 0.6148 0.5472
vn 0.3928 0.5847 0.7099
vn -0.7643 0.4310 -0.4796
vn -0.8761 0.4083 -0.2565
vn -0.0547 -0.8324 0.5515
vn -0.1114 -0.8588 0.5000
vn -0.1694 -0.8769 0.4498
vn -0.2285 -0.7591 0.6096
vn -0.2791 -0.7766 0.5647
vn -0.1795 -0.7337 0.6554
vn -0.1510 0.8721 0.4655
vn -0.0935 0.8514 0.5162
vn -0.0372 0.8223 0.5679
vn -0.2128 0.7520 0.6239
vn -0.1645 0.7241 0.6698
vn -0.2628 0.7720 0.5788
vn -0.9971 0.0191 -0.0737
vn -0.9878 0.1398 -0.0691
vn -0.9649 0.2563 -0.0578
vn -0.9840 0.1185 0.1331
vn -0.9657 0.2177 0.1412
vn -0.9914 0.0162 0.1298
vn 0.1686 0.6082 0.7756
vn 0.2119 0.5273 0.8228
vn 0.2498 0.4350 0.8651
vn 0.0396 0.4534 0.8904
vn 0.0690 0.3721 0.9256
vn 0.0053 0.5259 0.8505
vn -0.9299 0.3655 -0.0403
vn -0.8850 0.4652 -0.0174
vn -0.9376 0.3116 0.1540
vn -0.9011 0.3986 0.1709
vn 0.0707 0.7361 0.6732
vn 0.1212 0.6777 0.7253
vn -0.0325 0.5889 0.8075
vn -0.0740 0.6429 0.7624
vn -0.6492 0.7523 0.1119
vn -0.5847 0.7972 0.1506
vn -0.5202 0.8324 0.1910
vn -0.6460 0.7002 0.3039
vn -0.5895 0.7337 0.3379
vn -0.7021 0.6581 0.2721
vn 0.0177 0.7841 0.6204
vn -0.1182 0.6878 0.7162
vn -0.7744 0.6313 0.0411
vn -0.7128 0.6973 0.0753
vn -0.7568 0.6070 0.2425
vn -0.8091 0.5466 0.2156
vn 0.3040 0.2202 0.9269
vn 0.3176 0.1021 0.9427
vn 0.3210 -0.0192 0.9469
vn 0.1199 0.0865 0.9890
vn 0.1225 -0.0163 0.9923
vn 0.1097 0.1869 0.9762
vn -0.8325 0.5540 0.0100
vn -0.8577 0.4771 0.1916
vn 0.3143 -0.1399 0.9390
vn 0.2977 -0.2562 0.9196
vn 0.1177 -0.1186 0.9860
vn 0.1053 -0.2176 0.9703
vn -0.2286 -0.8871 0.4009
vn -0.2889 -0.8897 0.3534
vn -0.3310 -0.7866 0.5212
vn -0.3844 -0.7892 0.4791
vn 0.2720 -0.3654 0.8902
vn 0.2385 -0.4652 0.8525
vn 0.0859 -0.3116 0.9463
vn 0.0602 -0.3986 0.9151
vn -0.3504 -0.8847 0.3074
vn -0.4129 -0.8720 0.2628
vn -0.4390 -0.7842 0.4384
vn -0.4945 -0.7719 0.3995
vn 0.0543 -0.7523 0.6566
vn 0.0006 -0.7971 0.6038
vn -0.1325 -0.7001 0.7017
vn -0.0875 -0.6580 0.7479
vn -0.4762 -0.8514 0.2197
vn -0.5404 -0.8223 0.1781
vn -0.5507 -0.7520 0.3623
vn -0.6072 -0.7241 0.3270
vn 0.1540 -0.6314 0.7600
vn 0.1056 -0.6973 0.7089
vn -0.0452 -0.6070 0.7934
vn -0.0062 -0.5467 0.8373
vn -0.7932 -0.6082 0.0310
vn -0.8497 -0.5273 0.0009
vn -0.9001 -0.4350 -0.0251
vn -0.8720 -0.4534 0.1847
vn -0.9134 -0.3721 0.1651
vn -0.8248 -0.5258 0.2077
vn 0.1987 -0.5540 0.8085
vn 0.0293 -0.4771 0.8784
vn -0.6694 -0.7361 0.1002
vn -0.7325 -0.6777 0.0642
vn -0.7736 -0.5890 0.2338
vn -0.7196 -0.6429 0.2625
vn -0.9421 -0.3321 -0.0464
vn -0.9735 -0.2203 -0.0621
vn -0.9475 -0.2828 0.1495
vn -0.9726 -0.1869 0.1381
vn -0.6050 -0.7841 0.1382
vn -0.6637 -0.6879 0.2937
vn 0.2810 0.3321 0.9004
vn 0.0925 0.2827 0.9547
vn -0.3931 0.8769 0.2767
vn -0.3310 0.8871 0.3217
vn -0.2698 0.8897 0.3682
vn -0.4219 0.7865 0.4510
vn -0.3676 0.7891 0.4921
vn -0.4769 0.7766 0.4116
vn -0.4563 0.8588 0.2331
vn -0.5329 0.7591 0.3739
vn -0.2098 0.8848 0.4162
vn -0.3145 0.7843 0.5348
vn -0.9922 -0.1021 -0.0713
vn -0.9875 -0.0865 0.1315
vn -0.1978 -0.5657 0.8005
vn -0.2354 -0.6041 0.7614
vn -0.2753 -0.6351 0.7217
vn -0.3228 -0.5070 0.7992
vn -0.3557 -0.5333 0.7675
vn -0.2913 -0.4720 0.8321
vn -0.5477 -0.6708 0.5000
vn -0.5965 -0.6521 0.4680
vn -0.6451 -0.6262 0.4380
vn -0.6255 -0.5492 0.5542
vn -0.6667 -0.5253 0.5288
vn -0.5856 -0.5652 0.5810
vn -0.1308 -0.4659 0.8751
vn -0.1627 -0.5197 0.8387
vn -0.2630 -0.4337 0.8618
vn -0.2364 -0.3857 0.8918
vn -0.8274 -0.4474 0.3394
vn -0.8656 -0.3842 0.3211
vn -0.8988 -0.3139 0.3058
vn -0.8438 -0.3182 0.4322
vn -0.8701 -0.2577 0.4200
vn -0.8144 -0.3700 0.4470
vn -0.0778 -0.3368 0.9384
vn -0.1024 -0.4048 0.9086
vn -0.2138 -0.3357 0.9174
vn -0.1942 -0.2770 0.9410
vn -0.7402 -0.5520 0.3840
vn -0.7852 -0.5035 0.3604
vn -0.7798 -0.4197 0.4644
vn -0.7445 -0.4602 0.4837
vn -0.9259 -0.2377 0.2937
vn -0.9456 -0.1567 0.2851
vn -0.8907 -0.1960 0.4101
vn -0.9059 -0.1280 0.4036
vn -0.6931 -0.5929 0.4099
vn -0.7052 -0.4972 0.5055
vn -0.0709 0.3138 0.9468
vn -0.0525 0.2376 0.9699
vn -0.0392 0.1567 0.9869
vn -0.1740 0.1958 0.9651
vn -0.1638 0.1280 0.9781
vn -0.1887 0.2577 0.9476
vn -0.5326 0.6751 0.5104
vn -0.4847 0.6845 0.5446
vn -0.4375 0.6869 0.5803
vn -0.5319 0.5781 0.6188
vn -0.4923 0.5799 0.6491
vn -0.5729 0.5691 0.5898
vn -0.6297 0.6351 0.4473
vn -0.5810 0.6588 0.4779
vn -0.6125 0.5552 0.5626
vn -0.6539 0.5333 0.5366
vn -0.3916 0.6823 0.6174
vn -0.3468 0.6707 0.6556
vn -0.4538 0.5761 0.6799
vn -0.4160 0.5651 0.7124
vn -0.9572 -0.0723 0.2801
vn -0.9603 0.0135 0.2788
vn -0.9149 -0.0593 0.3992
vn -0.9171 0.0110 0.3986
vn -0.3171 -0.6587 0.6823
vn -0.3609 -0.6751 0.6434
vn -0.3911 -0.5551 0.7341
vn -0.4278 -0.5691 0.7022
vn -0.3036 0.6521 0.6947
vn -0.2624 0.6261 0.7342
vn -0.3799 0.5492 0.7443
vn -0.3448 0.5253 0.7779
vn -0.9545 0.0992 0.2812
vn -0.9402 0.1826 0.2874
vn -0.9128 0.0814 0.4001
vn -0.9019 0.1493 0.4054
vn -0.1214 0.4476 0.8860
vn -0.0942 0.3842 0.9184
vn -0.2072 0.3182 0.9251
vn -0.2291 0.3702 0.9002
vn -0.9181 0.2623 0.2972
vn -0.8890 0.3367 0.3102
vn -0.8847 0.2164 0.4129
vn -0.8626 0.2767 0.4235
vn -0.1865 0.5520 0.8127
vn -0.1522 0.5035 0.8505
vn -0.2544 0.4198 0.8712
vn -0.2818 0.4601 0.8419
vn -0.7255 0.5657 0.3919
vn -0.6781 0.6042 0.4185
vn -0.6930 0.5070 0.5126
vn -0.7327 0.4720 0.4903
vn -0.2234 0.5928 0.7737
vn -0.3127 0.4971 0.8094
vn -0.8145 0.4660 0.3457
vn -0.7713 0.5196 0.3676
vn -0.7686 0.4336 0.4704
vn -0.8040 0.3859 0.4523
vn -0.0315 0.0724 0.9969
vn -0.0295 -0.0136 0.9995
vn -0.1573 0.0597 0.9857
vn -0.1562 -0.0112 0.9877
vn -0.8541 0.4049 0.3265
vn -0.8346 0.3358 0.4367
vn -0.0333 -0.0993 0.9945
vn -0.0428 -0.1825 0.9823
vn -0.1588 -0.0816 0.9839
vn -0.1665 -0.1491 0.9747
vn -0.4059 -0.6845 0.6056
vn -0.4522 -0.6869 0.5689
vn -0.4657 -0.5781 0.6700
vn -0.5049 -0.5798 0.6395
vn -0.0577 -0.2622 0.9633
vn -0.1782 -0.2163 0.9599
vn -0.4997 -0.6823 0.5336
vn -0.5447 -0.5761 0.6095
vn -0.8055 0.1876 0.5622
vn -0.7817 0.2313 0.5791
vn -0.7683 0.2642 0.5830
vn -0.6729 0.0665 0.7368
vn -0.7112 0.1562 0.6854
vn -0.7328 0.1116 0.6712
vn -0.3165 -0.0075 0.9486
vn -0.3276 -0.0560 0.9431
vn -0.3239 -0.1005 0.9407
vn -0.5372 -0.0152 0.8433
vn -0.4542 -0.0601 0.8889
vn -0.4492 -0.0046 0.8934
vn -0.5080 -0.3991 0.7633
vn -0.5380 -0.4014 0.7412
vn -0.5636 -0.4072 0.7187
vn -0.5987 -0.1355 0.7895
vn -0.5983 -0.2310 0.7673
vn -0.5677 -0.2273 0.7912
vn -0.3410 -0.1485 0.9283
vn -0.3427 -0.1880 0.9204
vn -0.5396 -0.0410 0.8409
vn -0.4665 -0.1120 0.8774
vn -0.5914 -0.4001 0.7001
vn -0.6210 -0.3960 0.6764
vn -0.6178 -0.1348 0.7747
vn -0.6289 -0.2259 0.7440
vn -0.4104 -0.3262 0.8516
vn -0.4401 -0.3513 0.8264
vn -0.4562 -0.3717 0.8085
vn -0.5644 -0.1117 0.8179
vn -0.5376 -0.2140 0.8156
vn -0.5099 -0.1905 0.8389
vn -0.6450 -0.3811 0.6624
vn -0.6772 -0.3657 0.6385
vn -0.6361 -0.1253 0.7614
vn -0.6593 -0.2110 0.7217
vn -0.3718 -0.2639 0.8900
vn -0.3990 -0.2998 0.8666
vn -0.5530 -0.0905 0.8283
vn -0.4853 -0.1559 0.8603
vn -0.7749 -0.2528 0.5793
vn -0.7875 -0.2191 0.5761
vn -0.8102 -0.1747 0.5596
vn -0.6740 -0.0628 0.7361
vn -0.7356 -0.1043 0.6694
vn -0.7149 -0.1498 0.6830
vn -0.3650 -0.2313 0.9018
vn -0.5447 -0.0663 0.8360
vn -0.7295 -0.3174 0.6059
vn -0.7464 -0.2899 0.5991
vn -0.6652 -0.0870 0.7416
vn -0.6888 -0.1856 0.7007
vn -0.8172 -0.1345 0.5604
vn -0.8321 -0.0862 0.5478
vn -0.6796 -0.0368 0.7327
vn -0.7484 -0.0515 0.6613
vn -0.6979 -0.3443 0.6281
vn -0.6525 -0.1085 0.7500
vn -0.3391 0.1746 0.9244
vn -0.3380 0.1344 0.9315
vn -0.3218 0.0862 0.9429
vn -0.5389 0.0372 0.8416
vn -0.4524 0.0518 0.8903
vn -0.4640 0.1040 0.8797
vn -0.6118 0.3990 0.6830
vn -0.5828 0.4015 0.7065
vn -0.5544 0.4072 0.7258
vn -0.6149 0.1355 0.7769
vn -0.5930 0.2311 0.7713
vn -0.6240 0.2272 0.7477
vn -0.6685 0.3716 0.6442
vn -0.6366 0.3853 0.6681
vn -0.6335 0.1274 0.7632
vn -0.6547 0.2139 0.7250
vn -0.5299 0.4000 0.7478
vn -0.4996 0.3959 0.7705
vn -0.5955 0.1348 0.7920
vn -0.5631 0.2258 0.7950
vn -0.8323 -0.0406 0.5528
vn -0.8390 0.0074 0.5441
vn -0.6823 -0.0110 0.7310
vn -0.7524 0.0044 0.6587
vn -0.4872 -0.3852 0.7838
vn -0.5800 -0.1274 0.8046
vn -0.4795 0.3810 0.7905
vn -0.4487 0.3656 0.8155
vn -0.5774 0.1254 0.8068
vn -0.5335 0.2109 0.8191
vn -0.8310 0.0558 0.5534
vn -0.8297 0.1007 0.5491
vn -0.6821 0.0150 0.7311
vn -0.7471 0.0605 0.6620
vn -0.3668 0.2530 0.8952
vn -0.3607 0.2191 0.9066
vn -0.5436 0.0624 0.8370
vn -0.4820 0.1497 0.8633
vn -0.8135 0.1486 0.5623
vn -0.6790 0.0411 0.7330
vn -0.4036 0.3175 0.8581
vn -0.3930 0.2899 0.8726
vn -0.5515 0.0868 0.8296
vn -0.5056 0.1858 0.8425
vn -0.7218 0.3261 0.6104
vn -0.6896 0.3513 0.6332
vn -0.6498 0.1117 0.7518
vn -0.6842 0.1904 0.7040
vn -0.4331 0.3443 0.8330
vn -0.5626 0.1086 0.8196
vn -0.7392 0.2995 0.6032
vn -0.6634 0.0906 0.7428
vn -0.3265 0.0411 0.9443
vn -0.5370 0.0111 0.8435
vn -0.6122 0.0000 0.7907
vn 0.4206 -0.1948 -0.8861
vn 0.4206 0.1948 -0.8861
vn 0.7525 0.1948 -0.6291
vn 0.7525 -0.1948 -0.6291
vn -0.0863 0.0432 -0.9953
vn -0.0497 0.1633 -0.9853
vn -0.7126 0.2534 -0.6542
vn -0.7394 0.0652 -0.6701
vn -0.0026 0.3146 -0.9492
vn -0.6437 0.4805 -0.5956
vn 0.0751 0.4491 -0.8903
vn -0.5342 0.6768 -0.5066
vn -0.6469 0.2673 -0.7142
vn -0.6763 0.0691 -0.7334
vn -0.5860 0.4882 -0.6467
vn -0.4892 0.6717 -0.5563
vn -0.5545 0.3057 -0.7740
vn -0.5801 0.0808 -0.8105
vn -0.4988 0.5311 -0.6850
vn -0.4492 0.6650 -0.5966
vn 0.4117 0.6732 -0.6142
vn -0.0092 0.9936 -0.1123
vn -0.1771 0.9524 -0.2479
vn 0.3134 0.6296 -0.7109
vn 0.0464 0.9805 -0.1908
vn -0.1321 0.9346 -0.3301
vn 0.1140 0.9468 -0.3009
vn -0.0989 0.8921 -0.4408
vn -0.3775 0.8382 -0.3936
vn 0.1824 0.5574 -0.8100
vn -0.3356 0.8222 -0.4599
vn -0.3171 0.7715 -0.5515
vn -0.0254 0.1665 -0.9857
vn -0.0612 0.5292 -0.8463
vn 0.3335 0.5950 -0.7313
vn -0.4059 0.1130 -0.9069
vn -0.3930 0.3965 -0.8297
vn -0.0852 0.7875 -0.6104
vn 0.2011 0.8575 -0.4735
vn -0.3494 0.6432 -0.6813
vn 0.4117 -0.6732 -0.6142
vn 0.3134 -0.6297 -0.7108
vn -0.1783 -0.9523 -0.2479
vn -0.0093 -0.9936 -0.1129
vn 0.1821 -0.5574 -0.8100
vn -0.3777 -0.8383 -0.3933
vn 0.0751 -0.4490 -0.8904
vn -0.5340 -0.6771 -0.5064
vn -0.1328 -0.9343 -0.3309
vn 0.0458 -0.9805 -0.1911
vn -0.3357 -0.8221 -0.4598
vn -0.4890 -0.6720 -0.5561
vn -0.0987 -0.8919 -0.4413
vn 0.1140 -0.9469 -0.3007
vn -0.3171 -0.7714 -0.5517
vn -0.4493 -0.6650 -0.5966
vn -0.0863 -0.0432 -0.9953
vn -0.7396 -0.0648 -0.6699
vn -0.7123 -0.2526 -0.6548
vn -0.0496 -0.1633 -0.9853
vn -0.6763 -0.0685 -0.7334
vn -0.6472 -0.2663 -0.7143
vn -0.5800 -0.0809 -0.8106
vn -0.5549 -0.3055 -0.7738
vn -0.6436 -0.4803 -0.5959
vn -0.0025 -0.3143 -0.9493
vn -0.5860 -0.4880 -0.6469
vn -0.4989 -0.5309 -0.6850
vn 0.3342 -0.5946 -0.7312
vn -0.0593 -0.5317 -0.8449
vn -0.0258 -0.1670 -0.9856
vn 0.2020 -0.8579 -0.4725
vn -0.0842 -0.7880 -0.6099
vn -0.3928 -0.3976 -0.8293
vn -0.4056 -0.1142 -0.9069
vn -0.3491 -0.6435 -0.6812
vn 0.6242 0.5947 -0.5066
vn 0.8327 0.5318 -0.1542
vn 0.9607 0.1670 -0.2216
vn 0.4068 0.8579 -0.3140
vn 0.6115 0.7880 -0.0711
vn 0.2626 0.9469 -0.1856
vn 0.4520 0.8919 -0.0149
vn 0.9012 0.3976 0.1728
vn 0.9796 0.1142 0.1656
vn 0.7469 0.6435 0.1675
vn 0.6135 0.7714 0.1689
vn 0.8881 0.3056 0.3434
vn 0.9300 0.0809 0.3585
vn 0.7881 0.5309 0.3114
vn 0.6901 0.6650 0.2854
vn 0.4916 0.6732 -0.5524
vn 0.6097 0.6297 -0.4814
vn 0.2846 0.9523 0.1105
vn 0.1116 0.9936 -0.0192
vn 0.7386 0.5575 -0.3792
vn 0.4753 0.8383 0.2671
vn 0.8431 0.4490 -0.2958
vn 0.6240 0.6771 0.3902
vn 0.3536 0.9343 0.0458
vn 0.1735 0.9805 -0.0922
vn 0.5292 0.8221 0.2099
vn 0.6608 0.6721 0.3341
vn 0.9852 0.0432 -0.1658
vn 0.8338 0.0648 0.5482
vn 0.8123 0.2526 0.5257
vn 0.9664 0.1632 -0.1987
vn 0.8794 0.0685 0.4711
vn 0.8536 0.2664 0.4477
vn 0.7381 0.4803 0.4738
vn 0.9197 0.3143 -0.2353
vn 0.7731 0.4880 0.4052
vn 0.9607 -0.1666 -0.2221
vn 0.8346 -0.5293 -0.1526
vn 0.6243 -0.5951 -0.5061
vn 0.9796 -0.1130 0.1660
vn 0.9017 -0.3964 0.1729
vn 0.9300 -0.0808 0.3586
vn 0.8882 -0.3057 0.3430
vn 0.6123 -0.7875 -0.0702
vn 0.4079 -0.8576 -0.3133
vn 0.7472 -0.6431 0.1677
vn 0.7881 -0.5311 0.3113
vn 0.4514 -0.8922 -0.0147
vn 0.2628 -0.9468 -0.1857
vn 0.6134 -0.7715 0.1688
vn 0.6902 -0.6649 0.2855
vn 0.9852 -0.0432 -0.1659
vn 0.9664 -0.1634 -0.1986
vn 0.8118 -0.2534 0.5261
vn 0.8340 -0.0652 0.5480
vn 0.9196 -0.3146 -0.2352
vn 0.7379 -0.4804 0.4741
vn 0.8432 -0.4490 -0.2957
vn 0.6242 -0.6768 0.3903
vn 0.8534 -0.2673 0.4474
vn 0.8793 -0.0690 0.4712
vn 0.7729 -0.4881 0.4053
vn 0.6611 -0.6717 0.3343
vn 0.4915 -0.6732 -0.5524
vn 0.1110 -0.9936 -0.0192
vn 0.2844 -0.9524 0.1094
vn 0.6097 -0.6297 -0.4815
vn 0.1731 -0.9805 -0.0927
vn 0.3528 -0.9346 0.0452
vn 0.4756 -0.8382 0.2668
vn 0.7384 -0.5575 -0.3794
vn 0.5293 -0.8221 0.2097
vn 0.4135 -0.7254 -0.5502
vn 0.3137 -0.7131 -0.6269
vn -0.0701 0.4005 -0.9136
vn 0.0232 0.5342 -0.8450
vn -0.1477 -0.1927 -0.9701
vn -0.1689 0.0168 -0.9855
vn 0.8123 -0.5342 -0.2341
vn 0.7133 -0.6266 -0.3139
vn 0.9964 -0.0168 -0.0833
vn 0.9689 -0.2238 -0.1060
vn 0.2122 -0.6777 -0.7040
vn 0.1090 -0.6145 -0.7814
vn 0.0076 -0.5160 -0.8565
vn -0.0831 -0.3754 -0.9231
vn 0.3295 0.7165 -0.6149
vn 0.4292 0.7254 -0.5381
vn -0.1400 0.2238 -0.9645
vn 0.9145 0.3754 -0.1507
vn 0.9762 0.1927 -0.1000
vn 0.6126 -0.6850 -0.3942
vn 0.5127 -0.7165 -0.4730
vn 0.9021 -0.4005 -0.1609
vn 0.7291 0.6145 -0.3013
vn 0.8274 0.5160 -0.2219
vn 0.5284 0.7131 -0.4607
vn 0.1253 0.6265 -0.7693
vn 0.6284 0.6778 -0.3818
vn 0.2282 0.6850 -0.6919
vn -0.1252 -0.6265 0.7693
vn -0.2282 -0.6850 0.6919
vn -0.5284 -0.7131 0.4607
vn -0.6285 -0.6777 0.3816
vn -0.0231 -0.5342 0.8450
vn -0.8273 -0.5161 0.2220
vn -0.9145 -0.3754 0.1506
vn 0.0701 -0.4005 0.9136
vn -0.7292 -0.6145 0.3013
vn -0.9762 -0.1927 0.0998
vn 0.0831 0.3755 0.9231
vn 0.1477 0.1927 0.9701
vn -0.5127 0.7165 0.4730
vn -0.4135 0.7254 0.5503
vn -0.6126 0.6850 0.3943
vn -0.3136 0.7131 0.6270
vn -0.9964 0.0168 0.0832
vn -0.3296 -0.7165 0.6148
vn -0.2122 0.6778 0.7040
vn -0.9689 0.2238 0.1060
vn -0.0077 0.5160 0.8565
vn -0.9021 0.4005 0.1609
vn -0.1091 0.6145 0.7814
vn -0.7133 0.6265 0.3140
vn -0.8123 0.5342 0.2341
vn 0.1690 -0.0168 0.9855
vn 0.1400 -0.2238 0.9645
vn -0.4291 -0.7254 0.5382
vn -0.6422 -0.6382 0.4246
vn -0.7378 -0.5751 0.3534
vn -0.0823 -0.4966 0.8641
vn -0.1718 -0.5871 0.7910
vn -0.9662 -0.1759 0.1882
vn -0.9844 0.0153 0.1755
vn -0.0034 -0.3689 0.9295
vn -0.9597 0.2045 0.1929
vn -0.5320 0.6774 0.5080
vn -0.4376 0.6866 0.5806
vn -0.8990 0.3688 0.2361
vn -0.3439 0.6740 0.6538
vn -0.7227 0.5871 0.3646
vn -0.6271 0.6455 0.4359
vn -0.2503 0.6382 0.7280
vn -0.8159 0.4966 0.2962
vn -0.0688 0.4790 0.8751
vn 0.0073 0.3453 0.9385
vn -0.1574 0.5752 0.8028
vn 0.0597 0.1759 0.9826
vn -0.9104 -0.3453 0.2278
vn -0.3586 -0.6775 0.6422
vn -0.4524 -0.6865 0.5692
vn -0.2649 -0.6455 0.7163
vn -0.5468 -0.6740 0.4968
vn 0.0767 -0.0154 0.9969
vn 0.0536 -0.2045 0.9774
vn -0.8299 -0.4791 0.2859
vn 0.7532 -0.3041 0.5832
vn 0.6625 -0.5458 0.5130
vn -0.4253 -0.8430 -0.3293
vn -0.5603 -0.7056 -0.4338
vn 0.4035 -0.8600 0.3124
vn 0.2644 -0.9424 0.2047
vn -0.2863 -0.9322 -0.2217
vn 0.5397 -0.7308 0.4179
vn -0.7632 -0.2617 -0.5908
vn -0.7906 0.0228 -0.6120
vn -0.7533 0.3041 -0.5831
vn -0.1262 0.9872 -0.0977
vn 0.0108 0.9999 0.0083
vn -0.6626 0.5458 -0.5129
vn 0.1479 0.9824 0.1145
vn -0.4036 0.8599 -0.3124
vn -0.2644 0.9424 -0.2047
vn 0.2863 0.9321 0.2217
vn -0.5398 0.7308 -0.4179
vn 0.5604 0.7055 0.4338
vn 0.6795 0.5114 0.5261
vn 0.4254 0.8430 0.3293
vn 0.7632 0.2617 0.5908
vn -0.6794 -0.5114 -0.5261
vn 0.1262 -0.9872 0.0977
vn -0.0108 -0.9999 -0.0083
vn -0.1479 -0.9824 -0.1145
vn 0.7905 -0.0229 0.6120
vn 0.6316 -0.2297 0.7405
vn 0.6498 -0.1042 0.7529
vn 0.6402 -0.1038 0.7612
vn 0.6225 -0.2291 0.7483
vn 0.6546 0.0119 0.7558
vn 0.6447 0.0120 0.7643
vn 0.6355 0.0120 0.7720
vn 0.6303 -0.1034 0.7694
vn 0.6121 -0.2286 0.7570
vn -0.6697 -0.7085 -0.2226
vn -0.6037 -0.7788 -0.1703
vn -0.6100 -0.7762 -0.1598
vn -0.6755 -0.7062 -0.2120
vn -0.5159 -0.8508 -0.0996
vn -0.5222 -0.8481 -0.0893
vn -0.5285 -0.8453 -0.0790
vn -0.6158 -0.7736 -0.1494
vn -0.6813 -0.7037 -0.2014
vn 0.5947 -0.0060 -0.8039
vn 0.5938 -0.0028 -0.8046
vn 0.6121 -0.0000 -0.7908
vn 0.6121 -0.0000 -0.7907
vn 0.5936 0.0005 -0.8048
vn 0.6290 -0.0005 -0.7774
vn 0.6290 0.0026 -0.7774
vn 0.6285 0.0056 -0.7778
vn -0.3298 -0.9427 0.0499
vn -0.2550 -0.9608 0.1090
vn -0.2620 -0.9577 0.1187
vn -0.3364 -0.9398 0.0598
vn -0.1800 -0.9694 0.1670
vn -0.1873 -0.9663 0.1764
vn -0.1945 -0.9632 0.1857
vn -0.2688 -0.9546 0.1282
vn -0.3428 -0.9368 0.0697
vn 0.2659 -0.8348 0.4821
vn 0.3746 -0.7409 0.5574
vn 0.3650 -0.7392 0.5659
vn 0.2565 -0.8329 0.4904
vn 0.4650 -0.6309 0.6211
vn 0.4555 -0.6293 0.6297
vn 0.4461 -0.6275 0.6381
vn 0.3554 -0.7374 0.5745
vn 0.2472 -0.8308 0.4988
vn -0.3942 0.7959 0.4595
vn -0.2970 0.7989 0.5230
vn -0.2994 0.7918 0.5323
vn -0.4003 0.7889 0.4663
vn -0.1972 0.8125 0.5486
vn -0.1965 0.8051 0.5597
vn -0.1957 0.7976 0.5706
vn -0.3020 0.7845 0.5416
vn -0.4063 0.7818 0.4730
vn -0.1391 0.8925 0.4290
vn -0.2154 0.9307 0.2955
vn -0.2117 0.9268 0.3102
vn -0.1351 0.8865 0.4425
vn -0.3416 0.9295 0.1387
vn -0.3402 0.9277 0.1536
vn -0.3385 0.9258 0.1681
vn -0.2078 0.9228 0.3245
vn -0.1307 0.8805 0.4556
vn -0.7737 -0.5545 -0.3066
vn -0.7254 -0.6343 -0.2671
vn -0.7311 -0.6323 -0.2563
vn -0.7795 -0.5524 -0.2954
vn -0.7369 -0.6299 -0.2454
vn -0.7849 -0.5505 -0.2844
vn 0.8260 0.2120 -0.5223
vn 0.8016 0.2634 -0.5368
vn 0.7938 0.2763 -0.5418
vn 0.8227 0.2192 -0.5245
vn 0.7716 0.3172 -0.5514
vn 0.7555 0.3389 -0.5608
vn 0.7433 0.3558 -0.5665
vn 0.7886 0.2862 -0.5443
vn 0.8210 0.2246 -0.5249
vn 0.5021 0.5585 0.6603
vn 0.3994 0.6944 0.5986
vn 0.3884 0.6942 0.6060
vn 0.4913 0.5583 0.6685
vn 0.2605 0.8170 0.5145
vn 0.2485 0.8169 0.5206
vn 0.2360 0.8166 0.5267
vn 0.3772 0.6939 0.6133
vn 0.4809 0.5580 0.6763
vn 0.4130 0.6139 -0.6727
vn 0.3973 0.5298 -0.7494
vn 0.4397 0.5741 -0.6907
vn 0.4687 0.6569 -0.5906
vn 0.3742 0.4548 -0.8082
vn 0.4018 0.4897 -0.7738
vn 0.4204 0.5161 -0.7463
vn 0.4676 0.6057 -0.6438
vn 0.5038 0.6846 -0.5267
vn -0.3711 0.8994 0.2309
vn -0.4557 0.8550 0.2477
vn -0.4692 0.8479 0.2469
vn -0.3861 0.8934 0.2297
vn -0.4784 0.8217 0.3098
vn -0.4900 0.8144 0.3110
vn -0.5015 0.8069 0.3120
vn -0.4825 0.8408 0.2456
vn -0.4004 0.8875 0.2279
vn -0.8794 -0.2524 -0.4037
vn -0.8537 -0.3581 -0.3781
vn -0.8588 -0.3578 -0.3666
vn -0.8848 -0.2523 -0.3918
vn -0.8324 -0.4240 -0.3569
vn -0.8375 -0.4232 -0.3456
vn -0.8426 -0.4222 -0.3342
vn -0.8638 -0.3574 -0.3550
vn -0.8898 -0.2522 -0.3803
vn -0.8093 -0.4815 -0.3363
vn -0.8149 -0.4799 -0.3250
vn -0.8201 -0.4784 -0.3138
vn -0.0718 0.9402 0.3330
vn -0.2355 0.9353 0.2640
vn -0.2510 0.9313 0.2638
vn -0.0866 0.9382 0.3349
vn -0.2658 0.9274 0.2632
vn -0.1010 0.9363 0.3365
vn -0.7801 0.5401 -0.3158
vn -0.8378 0.4011 -0.3705
vn -0.8433 0.4005 -0.3583
vn -0.7853 0.5397 -0.3034
vn -0.8769 0.2554 -0.4071
vn -0.8826 0.2548 -0.3951
vn -0.8880 0.2543 -0.3832
vn -0.8485 0.4002 -0.3463
vn -0.7903 0.5392 -0.2910
vn 0.6225 0.2698 0.7346
vn 0.5724 0.4223 0.7029
vn 0.5617 0.4221 0.7116
vn 0.6121 0.2695 0.7435
vn 0.5519 0.4216 0.7194
vn 0.6025 0.2690 0.7514
vn -0.6069 0.7817 -0.1435
vn -0.7062 0.6649 -0.2431
vn -0.7107 0.6647 -0.2304
vn -0.6103 0.7814 -0.1301
vn -0.7153 0.6641 -0.2176
vn -0.6137 0.7808 -0.1168
vn 0.6480 0.1255 0.7512
vn 0.6380 0.1252 0.7598
vn 0.6286 0.1249 0.7676
vn -0.1356 0.8451 0.5171
vn -0.1328 0.8380 0.5293
vn -0.1297 0.8308 0.5413
vn 0.0998 0.9011 0.4220
vn 0.0862 0.9005 0.4262
vn 0.0727 0.8998 0.4302
vn -0.1040 -0.9689 0.2246
vn -0.1116 -0.9659 0.2338
vn -0.0295 -0.9597 0.2796
vn -0.0375 -0.9567 0.2887
vn -0.0454 -0.9536 0.2976
vn -0.1190 -0.9627 0.2428
vn 0.0908 -0.9274 0.3628
vn 0.1621 -0.8973 0.4107
vn 0.1530 -0.8950 0.4189
vn 0.0818 -0.9249 0.3714
vn 0.1440 -0.8927 0.4271
vn 0.0731 -0.9222 0.3797
vn -0.4810 0.8766 -0.0139
vn -0.4824 0.8759 0.0003
vn -0.4837 0.8751 0.0142
vn 0.5725 -0.4305 0.6978
vn 0.6040 -0.3394 0.7210
vn 0.5951 -0.3385 0.7289
vn 0.5629 -0.4294 0.7062
vn 0.5853 -0.3376 0.7372
vn 0.5535 -0.4281 0.7144
vn 0.0360 -0.9446 0.3262
vn 0.0274 -0.9418 0.3351
vn 0.0191 -0.9389 0.3437
vn 0.5305 -0.5228 0.6673
vn 0.5207 -0.5214 0.6760
vn 0.5112 -0.5198 0.6844
vn -0.4162 -0.9091 -0.0194
vn -0.4225 -0.9063 -0.0092
vn -0.4288 -0.9034 0.0009
vn 0.5970 0.0122 -0.8021
vn 0.5990 0.0140 -0.8006
vn 0.6119 0.0001 -0.7909
vn 0.6121 0.0001 -0.7908
vn 0.6006 0.0156 -0.7994
vn 0.6230 -0.0150 -0.7821
vn 0.6240 -0.0134 -0.7813
vn 0.6254 -0.0115 -0.7802
vn 0.6289 0.0059 -0.7774
vn 0.6296 0.0027 -0.7769
vn 0.6125 0.0000 -0.7905
vn 0.6123 -0.0000 -0.7907
vn 0.6303 -0.0005 -0.7764
vn 0.6125 0.0001 -0.7905
vn 0.5952 0.0006 -0.8036
vn 0.5953 -0.0026 -0.8035
vn 0.5964 -0.0056 -0.8027
vn 0.6067 0.0195 -0.7947
vn 0.6080 0.0200 -0.7937
vn 0.6121 0.0002 -0.7907
vn 0.6121 0.0001 -0.7907
vn 0.6094 0.0203 -0.7926
vn 0.6146 -0.0195 -0.7886
vn 0.6159 -0.0192 -0.7876
vn 0.6171 -0.0187 -0.7867
vn 0.6210 0.0177 -0.7836
vn 0.6224 0.0165 -0.7825
vn 0.6123 0.0002 -0.7907
vn 0.6123 0.0001 -0.7907
vn 0.6240 0.0152 -0.7813
vn 0.6009 -0.0143 -0.7992
vn 0.6023 -0.0156 -0.7981
vn 0.6035 -0.0166 -0.7972
vn 0.6147 -0.0202 -0.7885
vn 0.6133 -0.0205 -0.7896
vn 0.6122 -0.0001 -0.7907
vn 0.6123 -0.0001 -0.7906
vn 0.6118 -0.0208 -0.7907
vn 0.6123 0.0196 -0.7903
vn 0.6110 0.0197 -0.7914
vn 0.6097 0.0195 -0.7924
vn 0.6205 -0.0180 -0.7840
vn 0.6192 -0.0190 -0.7850
vn 0.6124 -0.0002 -0.7905
vn 0.6176 -0.0196 -0.7862
vn 0.6122 -0.0002 -0.7907
vn 0.6070 0.0187 -0.7945
vn 0.6057 0.0181 -0.7955
vn 0.6042 0.0173 -0.7967
vn 0.6020 0.0171 -0.7983
vn 0.6124 0.0001 -0.7906
vn 0.6039 0.0180 -0.7969
vn 0.6122 0.0002 -0.7907
vn 0.6202 -0.0171 -0.7843
vn 0.6215 -0.0161 -0.7832
vn 0.6293 -0.0069 -0.7771
vn 0.6283 -0.0097 -0.7779
vn 0.6121 -0.0001 -0.7908
vn 0.6269 -0.0121 -0.7790
vn 0.6124 -0.0002 -0.7906
vn 0.5982 0.0115 -0.8012
vn 0.5974 0.0092 -0.8019
vn 0.5962 0.0065 -0.8028
vn 0.6160 -0.0199 -0.7875
vn 0.6083 0.0191 -0.7935
vn 0.6255 -0.0140 -0.7801
vn 0.6125 -0.0002 -0.7905
vn 0.6236 -0.0157 -0.7815
vn 0.6010 0.0150 -0.7991
vn 0.5993 0.0134 -0.8004
vn 0.6090 -0.0199 -0.7930
vn 0.6075 -0.0196 -0.7941
vn 0.6122 -0.0003 -0.7907
vn 0.6062 -0.0191 -0.7951
vn 0.6177 0.0183 -0.7862
vn 0.6164 0.0191 -0.7872
vn 0.6149 0.0194 -0.7884
vn 0.6299 -0.0038 -0.7767
vn 0.6122 -0.0000 -0.7907
vn 0.5958 0.0036 -0.8031
vn 0.6048 -0.0185 -0.7962
vn 0.6031 -0.0177 -0.7975
vn 0.6120 -0.0002 -0.7908
vn 0.6205 0.0169 -0.7840
vn 0.6189 0.0176 -0.7853
vn -0.0111 -0.0142 0.9998
vn -0.1428 -0.0111 0.9897
vn -0.1446 0.0599 0.9877
vn -0.0135 0.0737 0.9972
vn -0.2096 -0.0087 0.9777
vn -0.2114 0.0523 0.9760
vn -0.2180 0.1142 0.9693
vn -0.1524 0.1304 0.9797
vn -0.0244 0.1597 0.9869
vn 0.6104 -0.0205 -0.7918
vn 0.6136 0.0194 -0.7894
vn 0.6219 -0.0170 -0.7829
vn 0.6026 0.0162 -0.7979
vn 0.6109 0.0206 -0.7915
vn 0.6122 0.0001 -0.7907
vn 0.6123 0.0207 -0.7903
vn 0.6119 -0.0196 -0.7907
vn 0.6132 -0.0197 -0.7897
vn -0.7616 -0.2633 -0.5921
vn -0.7839 -0.1223 -0.6087
vn -0.7562 -0.1226 -0.6427
vn -0.7341 -0.2637 -0.6258
vn -0.7893 0.0230 -0.6136
vn -0.7622 0.0228 -0.6470
vn -0.6915 0.0226 -0.7220
vn -0.6846 -0.1214 -0.7187
vn -0.6640 -0.2606 -0.7008
vn 0.6015 -0.0166 -0.7987
vn 0.6119 -0.0003 -0.7909
vn 0.6001 -0.0152 -0.7998
vn 0.6119 -0.0003 -0.7910
vn 0.6232 0.0144 -0.7819
vn 0.6219 0.0159 -0.7829
vn 0.6137 0.0205 -0.7892
vn 0.6123 0.0002 -0.7906
vn 0.6151 0.0200 -0.7882
vn 0.6092 -0.0194 -0.7927
vn 0.6106 -0.0195 -0.7917
vn 0.6258 0.0134 -0.7798
vn 0.6272 0.0113 -0.7788
vn 0.5983 -0.0106 -0.8012
vn 0.5995 -0.0126 -0.8003
vn 0.5945 0.0037 -0.8041
vn 0.5951 0.0069 -0.8036
vn 0.6277 -0.0066 -0.7784
vn 0.6282 -0.0036 -0.7780
vn 0.6165 0.0196 -0.7871
vn 0.6179 0.0192 -0.7861
vn 0.6065 -0.0182 -0.7949
vn 0.6079 -0.0189 -0.7938
vn 0.5967 -0.0114 -0.8024
vn 0.5957 -0.0089 -0.8031
vn 0.6117 -0.0001 -0.7911
vn 0.6272 0.0084 -0.7788
vn 0.6257 0.0107 -0.7800
vn 0.1270 -0.9873 0.0959
vn 0.0584 -0.9974 0.0431
vn 0.0861 -0.9963 0.0070
vn 0.1530 -0.9864 0.0599
vn -0.0097 -0.9999 -0.0096
vn 0.0184 -0.9988 -0.0458
vn 0.0870 -0.9872 -0.1337
vn 0.1539 -0.9847 -0.0815
vn 0.2192 -0.9752 -0.0290
vn 0.6194 0.0186 -0.7849
vn 0.6123 0.0001 -0.7906
vn 0.6050 -0.0175 -0.7961
vn 0.5956 0.0097 -0.8033
vn 0.6271 -0.0092 -0.7789
vn 0.6282 0.0088 -0.7780
vn 0.5973 -0.0083 -0.8020
vn 0.8918 0.1205 -0.4362
vn 0.8760 0.1817 -0.4468
vn 0.8480 0.1576 -0.5060
vn 0.8619 0.1038 -0.4964
vn 0.8559 0.2377 -0.4592
vn 0.8299 0.2074 -0.5179
vn 0.8453 0.1604 -0.5096
vn 0.8601 0.1044 -0.4993
vn 0.2167 0.2651 -0.9396
vn 0.1950 0.2078 -0.9585
vn 0.2610 0.1786 -0.9487
vn 0.2791 0.2299 -0.9323
vn 0.1738 0.1459 -0.9739
vn 0.2446 0.1240 -0.9617
vn 0.2463 0.1183 -0.9619
vn 0.2630 0.1750 -0.9488
vn 0.2823 0.2290 -0.9316
vn 0.7402 0.4547 -0.4953
vn 0.6987 0.5213 -0.4899
vn 0.6858 0.4737 -0.5525
vn 0.7246 0.4092 -0.5546
vn 0.6459 0.5974 -0.4753
vn 0.6364 0.5494 -0.5414
vn 0.5724 0.5878 -0.5718
vn 0.6384 0.5091 -0.5773
vn 0.6925 0.4377 -0.5735
vn 0.1670 -0.9850 0.0445
vn 0.0979 -0.9952 -0.0081
vn 0.0660 -0.9973 0.0332
vn 0.1344 -0.9872 0.0860
vn 0.0297 -0.9977 -0.0606
vn -0.0020 -0.9998 -0.0196
vn -0.0101 -0.9999 -0.0091
vn 0.0579 -0.9974 0.0437
vn 0.1260 -0.9873 0.0966
vn 0.1654 -0.1278 -0.9779
vn 0.1788 -0.1930 -0.9648
vn 0.2460 -0.1659 -0.9550
vn 0.2357 -0.1103 -0.9655
vn 0.1974 -0.2524 -0.9473
vn 0.2617 -0.2153 -0.9408
vn 0.2617 -0.2051 -0.9431
vn 0.2481 -0.1617 -0.9551
vn 0.2384 -0.1090 -0.9650
vn 0.5775 0.6811 -0.4500
vn 0.5741 0.6334 -0.5189
vn 0.4935 0.7609 -0.4212
vn 0.5016 0.7138 -0.4888
vn 0.4390 0.7329 -0.5197
vn 0.5019 0.6660 -0.5519
vn -0.3615 0.8591 -0.3624
vn -0.2951 0.9050 -0.3065
vn -0.3250 0.9069 -0.2684
vn -0.3928 0.8611 -0.3227
vn -0.2279 0.9411 -0.2499
vn -0.2562 0.9426 -0.2140
vn -0.2626 0.9429 -0.2047
vn -0.3321 0.9071 -0.2584
vn -0.4016 0.8610 -0.3122
vn 0.8315 0.2913 -0.4731
vn 0.8084 0.2550 -0.5305
vn 0.8044 0.3434 -0.4848
vn 0.7840 0.3030 -0.5419
vn 0.6009 0.7060 0.3748
vn 0.6654 0.6158 0.4220
vn 0.6315 0.6177 0.4687
vn 0.5686 0.7072 0.4202
vn 0.7216 0.5119 0.4661
vn 0.6879 0.5134 0.5130
vn 0.6794 0.5133 0.5243
vn 0.6223 0.6179 0.4806
vn 0.5597 0.7072 0.4319
vn 0.2527 -0.3484 -0.9026
vn 0.2880 -0.3834 -0.8775
vn 0.3388 -0.3254 -0.8828
vn 0.3095 -0.2951 -0.9039
vn 0.3266 -0.4092 -0.8520
vn 0.3703 -0.3484 -0.8611
vn 0.3615 -0.3319 -0.8713
vn 0.3319 -0.3077 -0.8917
vn 0.3045 -0.2773 -0.9113
vn -0.7178 -0.2624 -0.6449
vn -0.7396 -0.1219 -0.6620
vn -0.7747 -0.1224 -0.6204
vn -0.7531 -0.2633 -0.6029
vn -0.7442 0.0230 -0.6676
vn -0.7802 0.0230 -0.6250
vn -0.7897 0.0229 -0.6131
vn -0.7838 -0.1225 -0.6089
vn -0.7623 -0.2632 -0.5914
vn 0.3351 0.8449 -0.4170
vn 0.2896 0.8361 -0.4660
vn 0.3392 0.7931 -0.5059
vn 0.3699 0.8025 -0.4681
vn 0.2748 0.7913 -0.5461
vn 0.3386 0.7457 -0.5738
vn 0.3858 0.7571 -0.5272
vn 0.3638 0.7939 -0.4872
vn 0.3636 0.8014 -0.4749
vn 0.7278 -0.3833 -0.5687
vn 0.7585 -0.3562 -0.5457
vn 0.7479 -0.3030 -0.5907
vn 0.7199 -0.3284 -0.6115
vn 0.7894 -0.3250 -0.5208
vn 0.7751 -0.2747 -0.5689
vn 0.7810 -0.2632 -0.5663
vn 0.7515 -0.2959 -0.5897
vn 0.7200 -0.3254 -0.6129
vn 0.4707 -0.4613 -0.7521
vn 0.5036 -0.4656 -0.7277
vn 0.5269 -0.4004 -0.7497
vn 0.4984 -0.3962 -0.7711
vn 0.5362 -0.4666 -0.7034
vn 0.5553 -0.4011 -0.7285
vn 0.5538 -0.3983 -0.7312
vn 0.5249 -0.3970 -0.7529
vn 0.4956 -0.3921 -0.7750
vn -0.9030 0.0150 -0.4294
vn -0.8985 -0.1159 -0.4233
vn -0.9041 -0.1159 -0.4113
vn -0.9085 0.0148 -0.4177
vn -0.9094 -0.1160 -0.3995
vn -0.9140 0.0146 -0.4054
vn 0.3648 -0.4281 -0.8269
vn 0.4031 -0.3652 -0.8392
vn 0.4017 -0.4420 -0.8021
vn 0.4366 -0.3781 -0.8164
vn 0.4286 -0.3685 -0.8249
vn 0.3933 -0.3513 -0.8496
vn 0.8863 -0.1371 -0.4425
vn 0.8983 -0.0747 -0.4329
vn 0.8672 -0.0616 -0.4941
vn 0.8570 -0.1147 -0.5023
vn 0.9037 -0.0099 -0.4281
vn 0.8719 -0.0069 -0.4897
vn 0.8705 -0.0032 -0.4922
vn 0.8664 -0.0551 -0.4963
vn 0.8572 -0.1068 -0.5038
vn 0.4371 -0.4530 -0.7770
vn 0.4687 -0.3886 -0.7933
vn 0.4640 -0.3827 -0.7989
vn 0.8194 -0.2885 -0.4953
vn 0.8010 -0.2426 -0.5473
vn 0.8458 -0.2457 -0.4736
vn 0.8237 -0.2059 -0.5283
vn 0.8274 -0.1929 -0.5275
vn 0.8067 -0.2286 -0.5450
vn 0.6010 -0.4573 -0.6555
vn 0.6331 -0.4459 -0.6328
vn 0.6386 -0.3835 -0.6672
vn 0.6114 -0.3929 -0.6869
vn 0.6646 -0.4298 -0.6112
vn 0.6652 -0.3697 -0.6487
vn 0.6628 -0.3685 -0.6518
vn 0.6380 -0.3812 -0.6691
vn 0.6112 -0.3903 -0.6885
vn 0.8682 -0.1949 -0.4563
vn 0.8424 -0.1634 -0.5134
vn 0.8440 -0.1531 -0.5140
vn 0.2910 0.4793 -0.8280
vn 0.2770 0.4227 -0.8629
vn 0.3356 0.3755 -0.8639
vn 0.3505 0.4309 -0.8316
vn 0.2581 0.3708 -0.8921
vn 0.3178 0.3258 -0.8904
vn 0.3260 0.3336 -0.8846
vn 0.3501 0.3906 -0.8514
vn 0.6962 -0.4085 -0.5903
vn 0.6920 -0.3510 -0.6308
vn 0.6894 -0.3503 -0.6340
vn 0.5687 -0.4641 -0.6791
vn 0.5835 -0.3986 -0.7075
vn 0.5828 -0.3960 -0.7096
vn 0.7747 0.3962 -0.4927
vn 0.7565 0.3533 -0.5503
vn 0.7361 0.3743 -0.5640
vn 0.2844 0.7145 -0.6392
vn 0.3539 0.6677 -0.6549
vn 0.2971 0.6250 -0.7219
vn 0.3640 0.5784 -0.7300
vn 0.4093 0.6942 -0.5920
vn 0.9016 0.0557 -0.4289
vn 0.8701 0.0482 -0.4904
vn 0.8687 0.0485 -0.4930
vn 0.2373 0.3190 -0.9176
vn 0.2984 0.2781 -0.9130
vn 0.3031 0.2806 -0.9107
vn 0.6215 0.6180 0.4815
vn 0.5589 0.7074 0.4327
vn 0.6784 0.5136 0.5254
vn 0.6793 0.5136 0.5242
vn 0.6232 0.6176 0.4797
vn 0.5603 0.7072 0.4312
vn -0.7791 0.1674 -0.6041
vn -0.7796 0.1675 -0.6035
vn -0.7906 0.0229 -0.6119
vn -0.7524 0.3057 -0.5835
vn -0.7529 0.3058 -0.5828
vn -0.7516 0.3056 -0.5845
vn -0.7777 0.1677 -0.6058
vn 0.1477 0.9825 0.1134
vn 0.2167 0.9619 0.1666
vn 0.2160 0.9620 0.1673
vn 0.1473 0.9825 0.1141
vn 0.2861 0.9326 0.2201
vn 0.2852 0.9327 0.2209
vn 0.2865 0.9326 0.2195
vn 0.2171 0.9619 0.1660
vn 0.1484 0.9825 0.1127
vn 0.2640 -0.9429 0.2031
vn 0.1948 -0.9693 0.1497
vn 0.1943 -0.9693 0.1505
vn 0.2634 -0.9429 0.2040
vn 0.1256 -0.9873 0.0974
vn 0.1959 -0.9692 0.1490
vn 0.2645 -0.9429 0.2026
vn -0.7848 -0.1224 -0.6075
vn -0.7629 -0.2632 -0.5905
vn 0.0111 0.9999 0.0077
vn 0.0793 0.9950 0.0605
vn 0.0790 0.9950 0.0611
vn 0.0107 0.9999 0.0083
vn 0.0799 0.9950 0.0598
vn 0.0117 0.9999 0.0070
vn -0.1938 0.9693 -0.1512
vn -0.1942 0.9693 -0.1505
vn -0.2633 0.9429 -0.2040
vn -0.1253 0.9873 -0.0979
vn -0.1256 0.9873 -0.0974
vn -0.1248 0.9873 -0.0988
vn -0.1935 0.9693 -0.1519
vn -0.2626 0.9428 -0.2053
vn -0.0570 0.9974 -0.0450
vn -0.0574 0.9974 -0.0445
vn -0.0565 0.9974 -0.0458
vn 0.7272 0.3947 0.5616
vn 0.7266 0.3948 0.5624
vn 0.7633 0.2633 0.5900
vn 0.7629 0.2632 0.5905
vn 0.7639 0.2632 0.5893
vn 0.7273 0.3949 0.5613
vn -0.2847 -0.9327 -0.2216
vn -0.3545 -0.8936 -0.2753
vn -0.3545 -0.8938 -0.2746
vn -0.2852 -0.9327 -0.2208
vn -0.4236 -0.8440 -0.3289
vn -0.4238 -0.8442 -0.3283
vn -0.4229 -0.8441 -0.3296
vn -0.3536 -0.8938 -0.2759
vn -0.2840 -0.9327 -0.2222
vn -0.6778 -0.5136 -0.5262
vn -0.7261 -0.3945 -0.5631
vn -0.7266 -0.3947 -0.5624
vn -0.6786 -0.5135 -0.5253
vn -0.7252 -0.3948 -0.5641
vn -0.6778 -0.5134 -0.5263
vn -0.4917 -0.7825 -0.3821
vn -0.4923 -0.7825 -0.3813
vn -0.5582 -0.7074 -0.4336
vn -0.5587 -0.7075 -0.4328
vn -0.5582 -0.7073 -0.4338
vn -0.4911 -0.7826 -0.3826
vn 0.6621 -0.5480 0.5112
vn 0.6029 -0.6478 0.4657
vn 0.6022 -0.6478 0.4665
vn 0.6612 -0.5481 0.5122
vn 0.5388 -0.7326 0.4160
vn 0.5385 -0.7324 0.4167
vn 0.5399 -0.7322 0.4152
vn 0.6043 -0.6472 0.4648
vn 0.6626 -0.5479 0.5107
vn -0.6208 -0.6181 -0.4823
vn -0.6217 -0.6179 -0.4814
vn -0.6212 -0.6178 -0.4822
vn 0.4719 -0.8031 0.3638
vn 0.4712 -0.8031 0.3647
vn 0.4025 -0.8611 0.3106
vn 0.4020 -0.8610 0.3115
vn 0.4034 -0.8609 0.3100
vn 0.4723 -0.8031 0.3633
vn -0.1470 -0.9825 -0.1148
vn -0.2157 -0.9619 -0.1680
vn -0.2160 -0.9620 -0.1673
vn -0.1473 -0.9825 -0.1140
vn -0.2151 -0.9619 -0.1687
vn -0.1464 -0.9825 -0.1154
vn 0.3331 -0.9072 0.2569
vn 0.3326 -0.9072 0.2577
vn 0.3334 -0.9073 0.2564
vn -0.0783 -0.9950 -0.0619
vn -0.0789 -0.9950 -0.0611
vn -0.0107 -0.9999 -0.0083
vn -0.0779 -0.9950 -0.0624
vn 0.7538 -0.3057 0.5817
vn 0.7133 -0.4335 0.5507
vn 0.7126 -0.4335 0.5516
vn 0.7528 -0.3058 0.5829
vn 0.7135 -0.4336 0.5504
vn 0.7536 -0.3058 0.5818
vn 0.0575 -0.9974 0.0445
vn 0.7913 -0.0230 0.6110
vn 0.7803 -0.1675 0.6026
vn 0.7793 -0.1676 0.6038
vn 0.7904 -0.0230 0.6122
vn 0.7803 -0.1675 0.6025
vn 0.7911 -0.0229 0.6112
vn -0.6607 0.5481 -0.5129
vn -0.6016 0.6478 -0.4673
vn -0.6025 0.6476 -0.4664
vn -0.6615 0.5480 -0.5120
vn -0.5376 0.7326 -0.4175
vn -0.5382 0.7326 -0.4167
vn -0.5372 0.7325 -0.4182
vn -0.6011 0.6478 -0.4680
vn -0.6600 0.5483 -0.5136
vn 0.7855 0.1224 0.6066
vn 0.7848 0.1224 0.6075
vn -0.4704 0.8033 -0.3654
vn -0.4709 0.8033 -0.3647
vn -0.4022 0.8609 -0.3114
vn -0.4013 0.8609 -0.3127
vn -0.4705 0.8030 -0.3659
vn 0.3555 0.8937 0.2738
vn 0.3546 0.8938 0.2746
vn 0.4246 0.8441 0.3275
vn 0.4241 0.8441 0.3282
vn 0.4253 0.8440 0.3268
vn 0.3564 0.8935 0.2731
vn -0.3328 0.9071 -0.2577
vn -0.3320 0.9070 -0.2589
vn 0.4934 0.7822 0.3804
vn 0.4926 0.7823 0.3812
vn 0.4932 0.7825 0.3800
vn -0.7120 0.4336 -0.5524
vn -0.7126 0.4336 -0.5516
vn -0.7115 0.4336 -0.5530
vn -0.0387 -0.9928 -0.1131
vn -0.0702 -0.9949 -0.0724
vn -0.1068 -0.9803 -0.1661
vn -0.1387 -0.9824 -0.1253
vn 0.7940 -0.3060 0.5253
vn 0.7535 -0.4334 0.4944
vn 0.7215 -0.4337 0.5397
vn 0.7619 -0.3061 0.5708
vn 0.7025 -0.5469 0.4555
vn 0.6712 -0.5476 0.4997
vn 0.3031 -0.9410 0.1503
vn 0.2355 -0.9670 0.0972
vn 0.2032 -0.9692 0.1390
vn 0.2720 -0.9428 0.1925
vn 0.8321 -0.0229 0.5541
vn 0.8214 -0.1672 0.5453
vn 0.7889 -0.1676 0.5912
vn 0.7998 -0.0229 0.5998
vn -0.6172 0.5460 -0.5666
vn -0.5578 0.6461 -0.5210
vn -0.5929 0.6477 -0.4785
vn -0.6523 0.5478 -0.5239
vn -0.4934 0.7312 -0.4711
vn -0.5290 0.7324 -0.4288
vn 0.8054 0.2625 0.5315
vn 0.8270 0.1219 0.5489
vn 0.7940 0.1224 0.5955
vn 0.7720 0.2632 0.5785
vn -0.4276 0.8017 -0.4177
vn -0.4614 0.8033 -0.3765
vn 0.3220 0.9311 0.1713
vn 0.3926 0.8925 0.2220
vn 0.3634 0.8937 0.2633
vn 0.2936 0.9326 0.2100
vn 0.4632 0.8430 0.2735
vn 0.4330 0.8441 0.3163
vn -0.1612 0.9680 -0.1925
vn -0.1878 0.9691 -0.1597
vn -0.0951 0.9862 -0.1358
vn -0.1197 0.9872 -0.1058
vn 0.5331 0.7812 0.3249
vn 0.5020 0.7823 0.3688
vn -0.7059 0.3053 -0.6391
vn -0.6667 0.4323 -0.6072
vn -0.7029 0.4336 -0.5639
vn -0.7429 0.3059 -0.5954
vn 0.7686 0.3940 0.5040
vn 0.7356 0.3947 0.5506
vn -0.7325 0.1672 -0.6599
vn -0.7698 0.1674 -0.6160
vn 0.1788 0.9812 0.0725
vn 0.2503 0.9605 0.1215
vn 0.2232 0.9620 0.1572
vn 0.1538 0.9825 0.1049
vn 0.2226 -0.3043 -0.9262
vn 0.2832 -0.2583 -0.9236
vn 0.2805 -0.2426 -0.9287
vn -0.6326 -0.5130 -0.5803
vn -0.6804 -0.3943 -0.6177
vn -0.7168 -0.3949 -0.5747
vn -0.6682 -0.5142 -0.5377
vn 0.0385 0.9989 -0.0275
vn 0.1079 0.9939 0.0233
vn 0.0853 0.9950 0.0527
vn 0.0169 0.9999 0.0003
vn 0.1612 0.0798 -0.9837
vn 0.2327 0.0673 -0.9702
vn 0.1561 0.0109 -0.9877
vn 0.2280 0.0091 -0.9736
vn 0.2306 0.0082 -0.9730
vn 0.2350 0.0630 -0.9700
vn -0.0289 0.9963 -0.0807
vn -0.0512 0.9973 -0.0525
vn 0.4074 0.8188 -0.4045
vn 0.4284 0.7743 -0.4657
vn 0.3903 0.7801 -0.4889
vn -0.2433 -0.9308 -0.2727
vn -0.3111 -0.8925 -0.3266
vn -0.3457 -0.8938 -0.2858
vn -0.2761 -0.9327 -0.2320
vn -0.3807 -0.8428 -0.3804
vn -0.4148 -0.8442 -0.3395
vn 0.2979 0.5454 -0.7835
vn 0.3614 0.4972 -0.7888
vn -0.4493 -0.7811 -0.4337
vn -0.4824 -0.7829 -0.3928
vn -0.5150 -0.7063 -0.4858
vn -0.5490 -0.7078 -0.4445
vn 0.6429 -0.6464 0.4108
vn 0.6119 -0.6474 0.4543
vn 0.5793 -0.7306 0.3614
vn 0.5469 -0.7326 0.4052
vn -0.5774 -0.6168 -0.5350
vn -0.6113 -0.6186 -0.4936
vn 0.5116 -0.8015 0.3095
vn 0.4802 -0.8030 0.3530
vn 0.4416 -0.8597 0.2567
vn 0.4114 -0.8608 0.2995
vn -0.1750 -0.9598 -0.2193
vn -0.2076 -0.9618 -0.1785
vn 0.3721 -0.9056 0.2035
vn 0.3414 -0.9071 0.2460
vn -0.8668 0.1122 0.4858
vn -0.8607 0.0992 0.4994
vn -0.8690 0.0483 0.4924
vn -0.8764 0.0579 0.4781
vn -0.8593 0.0925 0.5030
vn -0.8670 0.0431 0.4964
vn -0.8700 -0.0034 0.4931
vn -0.8725 -0.0008 0.4887
vn -0.8806 0.0036 0.4738
vn -0.3467 0.3481 0.8710
vn -0.3457 0.3181 0.8828
vn -0.3773 0.3410 0.8610
vn -0.3800 0.3686 0.8484
vn -0.3412 0.3036 0.8896
vn -0.3723 0.3285 0.8680
vn -0.4113 0.3537 0.8401
vn -0.4153 0.3634 0.8339
vn -0.4171 0.3867 0.8225
vn 0.7557 0.2666 0.5982
vn 0.7862 0.2673 0.5572
vn 0.8105 0.1242 0.5725
vn 0.7781 0.1240 0.6157
vn 0.8421 0.2649 0.4698
vn 0.8656 0.1233 0.4853
vn 0.8732 -0.0230 0.4869
vn 0.8178 -0.0232 0.5751
vn 0.7833 -0.0235 0.6212
vn -0.4872 0.4115 0.7703
vn -0.4893 0.3940 0.7781
vn -0.5198 0.3999 0.7549
vn -0.5177 0.4167 0.7472
vn -0.4883 0.3881 0.7816
vn -0.5191 0.3946 0.7582
vn -0.5499 0.3969 0.7350
vn -0.5502 0.4018 0.7320
vn -0.5481 0.4181 0.7244
vn -0.7229 0.3422 0.6003
vn -0.7212 0.3277 0.6103
vn -0.7574 0.2928 0.5837
vn -0.7561 0.3111 0.5758
vn -0.7210 0.3231 0.6130
vn -0.7592 0.2855 0.5849
vn -0.7923 0.2449 0.5589
vn -0.7895 0.2546 0.5584
vn -0.7870 0.2767 0.5514
vn -0.3565 -0.8104 0.4650
vn -0.3514 -0.8043 0.4792
vn -0.3935 -0.7983 0.4560
vn -0.3548 -0.8039 0.4773
vn -0.3455 -0.8027 0.4861
vn -0.4176 -0.7967 0.4369
vn -0.4837 -0.7740 0.4086
vn -0.4431 -0.7718 0.4560
vn -0.3756 -0.7686 0.5179
vn -0.4001 -0.6286 0.6670
vn -0.4694 -0.6612 0.5852
vn -0.4391 -0.5783 0.6876
vn -0.3823 -0.5444 0.7466
vn -0.5091 -0.6839 0.5226
vn -0.4722 -0.6049 0.6412
vn -0.4237 -0.5143 0.7456
vn -0.4000 -0.4929 0.7727
vn -0.3582 -0.4688 0.8074
vn -0.2871 0.2905 0.9128
vn -0.2918 0.2600 0.9205
vn -0.3176 0.2915 0.9023
vn -0.3159 0.3225 0.8923
vn -0.2899 0.2438 0.9255
vn -0.3142 0.2756 0.9085
vn -0.4337 -0.7454 0.5062
vn -0.3448 -0.7589 0.5525
vn -0.3336 -0.7904 0.5138
vn -0.3837 -0.7910 0.4765
vn -0.2771 -0.7686 0.5766
vn -0.2956 -0.7920 0.5342
vn -0.8341 -0.2215 0.5051
vn -0.8241 -0.2210 0.5216
vn -0.7950 -0.2784 0.5390
vn -0.8087 -0.2746 0.5202
vn -0.8198 -0.2232 0.5273
vn -0.7876 -0.2845 0.5466
vn -0.7423 -0.3541 0.5688
vn -0.7561 -0.3416 0.5583
vn -0.7775 -0.3300 0.5353
vn -0.2260 -0.1236 0.9662
vn -0.2414 -0.1134 0.9638
vn -0.2305 -0.0590 0.9713
vn -0.2142 -0.0659 0.9746
vn -0.2457 -0.1087 0.9632
vn -0.2353 -0.0558 0.9703
vn -0.2317 -0.0067 0.9728
vn -0.2266 -0.0074 0.9740
vn -0.5716 -0.6023 0.5572
vn -0.4711 -0.6433 0.6035
vn -0.3901 -0.7103 0.5859
vn -0.4986 -0.6796 0.5381
vn -0.3912 -0.6739 0.6268
vn -0.3048 -0.7315 0.6099
vn -0.2346 0.1096 0.9659
vn -0.2437 0.1597 0.9566
vn -0.2282 0.1694 0.9588
vn -0.2396 0.1079 0.9648
vn -0.2480 0.1554 0.9562
vn -0.2575 0.1869 0.9480
vn -0.2549 0.1963 0.9468
vn -0.2424 0.2148 0.9461
vn -0.2704 0.2275 0.9355
vn -0.2620 0.2541 0.9310
vn -0.2705 0.2133 0.9388
vn -0.6961 -0.4519 0.5579
vn -0.6440 -0.4835 0.5929
vn -0.5639 -0.5636 0.6036
vn -0.6402 -0.5236 0.5621
vn -0.6044 -0.5110 0.6112
vn -0.5036 -0.5961 0.6253
vn -0.2634 -0.2390 0.9346
vn -0.2792 -0.2315 0.9319
vn -0.2586 -0.1733 0.9503
vn -0.2434 -0.1828 0.9525
vn -0.2840 -0.2295 0.9309
vn -0.2629 -0.1694 0.9498
vn -0.8697 -0.1091 0.4813
vn -0.8616 -0.1065 0.4963
vn -0.8454 -0.1662 0.5076
vn -0.8543 -0.1678 0.4920
vn -0.8590 -0.1061 0.5009
vn -0.8423 -0.1669 0.5125
vn -0.3087 -0.3466 0.8858
vn -0.3304 -0.3485 0.8771
vn -0.3025 -0.2879 0.9086
vn -0.2850 -0.2923 0.9129
vn -0.3397 -0.3540 0.8714
vn -0.3087 -0.2885 0.9063
vn -0.8705 -0.0493 0.4896
vn -0.8787 -0.0505 0.4747
vn -0.8680 -0.0492 0.4941
vn -0.4733 -0.7266 0.4980
vn -0.3984 -0.7073 0.5839
vn -0.5162 -0.7384 0.4339
vn -0.7072 -0.4091 0.5766
vn -0.7408 -0.3881 0.5482
vn -0.6832 -0.4290 0.5909
vn -0.5805 0.3998 0.7093
vn -0.5785 0.4158 0.7018
vn -0.5806 0.3951 0.7119
vn -0.6104 0.3894 0.6898
vn -0.6101 0.3940 0.6874
vn -0.6085 0.4098 0.6796
vn -0.6627 0.3871 0.6411
vn -0.6598 0.3737 0.6519
vn -0.6865 0.3557 0.6342
vn -0.6906 0.3682 0.6225
vn -0.6579 0.3702 0.6558
vn -0.6843 0.3526 0.6382
vn -0.3629 -0.4162 0.8337
vn -0.3334 -0.4044 0.8517
vn -0.3781 -0.4290 0.8204
vn -0.8355 0.2027 0.5107
vn -0.8342 0.1815 0.5208
vn -0.8488 0.1440 0.5088
vn -0.8529 0.1609 0.4966
vn -0.8352 0.1713 0.5226
vn -0.8484 0.1357 0.5117
vn -0.6368 0.3852 0.6680
vn -0.6367 0.4003 0.6591
vn -0.6364 0.3808 0.6708
vn -0.8153 0.2168 0.5369
vn -0.8139 0.2403 0.5290
vn -0.8177 0.2058 0.5376
vn -0.4550 0.3823 0.8042
vn -0.4542 0.4017 0.7952
vn -0.4528 0.3751 0.8088
vn 0.6530 -0.5518 0.5187
vn 0.6853 -0.5523 0.4747
vn 0.6270 -0.6508 0.4283
vn 0.5937 -0.6510 0.4730
vn 0.7432 -0.5464 0.3861
vn 0.6869 -0.6429 0.3389
vn 0.6229 -0.7269 0.2891
vn 0.5606 -0.7360 0.3796
vn 0.5299 -0.7350 0.4231
vn -0.7689 -0.2665 -0.5812
vn -0.7331 -0.2668 -0.6257
vn -0.7558 -0.1246 -0.6428
vn -0.7913 -0.1242 -0.5987
vn -0.6612 -0.2645 -0.7021
vn -0.6855 -0.1230 -0.7176
vn -0.6906 0.0232 -0.7229
vn -0.7637 0.0233 -0.6452
vn -0.7975 0.0234 -0.6028
vn 0.2582 -0.9433 0.2086
vn 0.2908 -0.9423 0.1661
vn 0.2225 -0.9684 0.1127
vn 0.1901 -0.9695 0.1547
vn 0.3569 -0.9311 0.0759
vn 0.2891 -0.9570 0.0229
vn 0.2213 -0.9748 -0.0298
vn 0.1549 -0.9861 0.0596
vn 0.1219 -0.9874 0.1013
vn -0.4280 -0.8454 -0.3194
vn -0.3916 -0.8451 -0.3639
vn -0.4576 -0.7854 -0.4168
vn -0.4965 -0.7844 -0.3718
vn -0.3220 -0.8349 -0.4464
vn -0.3868 -0.7758 -0.4985
vn -0.4529 -0.7028 -0.5486
vn -0.5266 -0.7104 -0.4669
vn -0.5634 -0.7099 -0.4227
vn -0.1321 0.9873 -0.0884
vn -0.0967 0.9862 -0.1345
vn -0.0287 0.9962 -0.0817
vn -0.0640 0.9973 -0.0357
vn -0.0266 0.9748 -0.2215
vn 0.0399 0.9847 -0.1694
vn 0.1074 0.9872 -0.1176
vn 0.0395 0.9988 -0.0291
vn 0.0040 0.9998 0.0169
vn -0.4074 0.8621 -0.3014
vn -0.3746 0.8603 -0.3458
vn -0.3042 0.9064 -0.2930
vn -0.3385 0.9077 -0.2479
vn -0.3004 0.8517 -0.4293
vn -0.2324 0.8965 -0.3772
vn -0.1636 0.9312 -0.3257
vn -0.2344 0.9420 -0.2401
vn -0.2691 0.9433 -0.1945
vn 0.4940 -0.8053 0.3278
vn 0.4634 -0.8049 0.3707
vn 0.5563 -0.7963 0.2375
vn 0.4923 -0.8508 0.1839
vn 0.4291 -0.8607 0.2738
vn 0.3950 -0.8622 0.3170
vn -0.7583 0.3097 -0.5737
vn -0.7244 0.3091 -0.6162
vn -0.6837 0.4365 -0.5848
vn -0.7179 0.4376 -0.5414
vn -0.6542 0.3056 -0.6919
vn -0.6125 0.4324 -0.6617
vn -0.5594 0.5455 -0.6241
vn -0.6337 0.5497 -0.5443
vn -0.6660 0.5521 -0.5016
vn -0.1651 0.9684 -0.1872
vn -0.2004 0.9695 -0.1413
vn -0.0938 0.9572 -0.2738
vn -0.5709 0.6506 -0.5007
vn -0.6070 0.6510 -0.4558
vn -0.4987 0.6438 -0.5804
vn -0.4340 0.7263 -0.5330
vn -0.5041 0.7355 -0.4526
vn -0.5434 0.7347 -0.4060
vn 0.1402 0.9826 0.1223
vn 0.1767 0.9813 0.0762
vn 0.2453 0.9608 0.1292
vn 0.2089 0.9621 0.1752
vn 0.2449 0.9695 -0.0133
vn 0.3109 0.9496 0.0396
vn 0.3778 0.9212 0.0927
vn 0.3131 0.9320 0.1828
vn 0.2778 0.9331 0.2285
vn -0.7525 0.1696 -0.6364
vn -0.7857 0.1700 -0.5948
vn -0.6791 0.1681 -0.7145
vn 0.3825 0.8931 0.2367
vn 0.3462 0.8947 0.2822
vn 0.4464 0.8828 0.1460
vn 0.5124 0.8352 0.1997
vn 0.4509 0.8441 0.2902
vn 0.4151 0.8456 0.3357
vn 0.1077 0.9939 0.0233
vn 0.0720 0.9950 0.0695
vn 0.1755 0.9823 -0.0658
vn -0.4415 0.8036 -0.3993
vn -0.4759 0.8050 -0.3543
vn -0.3683 0.7951 -0.4818
vn 0.0868 -0.9962 0.0068
vn 0.0542 -0.9974 0.0477
vn 0.1540 -0.9847 -0.0821
vn 0.0871 -0.9871 -0.1343
vn 0.0185 -0.9988 -0.0457
vn -0.0131 -0.9999 -0.0051
vn 0.3611 -0.9063 0.2196
vn 0.3265 -0.9079 0.2629
vn 0.4259 -0.8955 0.1295
vn 0.5185 0.7833 0.3429
vn 0.4834 0.7846 0.3883
vn 0.5787 0.7754 0.2527
vn 0.6430 0.7028 0.3044
vn 0.5857 0.7085 0.3938
vn 0.5496 0.7103 0.4397
vn -0.0494 -0.9939 -0.0981
vn -0.0813 -0.9951 -0.0568
vn 0.0194 -0.9824 -0.1858
vn -0.0484 -0.9702 -0.2376
vn -0.1185 -0.9814 -0.1508
vn -0.1501 -0.9827 -0.1088
vn -0.5898 -0.6214 -0.5157
vn -0.6267 -0.6210 -0.4708
vn -0.5173 -0.6144 -0.5957
vn -0.5723 -0.5129 -0.6399
vn -0.6460 -0.5183 -0.5605
vn -0.6838 -0.5173 -0.5146
vn 0.8066 -0.1691 0.5663
vn 0.7725 -0.1698 0.6119
vn 0.8613 -0.1678 0.4797
vn 0.8343 -0.3060 0.4586
vn 0.7780 -0.3093 0.5468
vn 0.7452 -0.3096 0.5906
vn -0.1878 -0.9608 -0.2039
vn -0.2191 -0.9622 -0.1615
vn -0.1165 -0.9499 -0.2900
vn -0.1844 -0.9213 -0.3423
vn -0.2558 -0.9319 -0.2571
vn -0.2890 -0.9331 -0.2141
vn 0.6698 0.5177 0.5323
vn 0.7018 0.5179 0.4892
vn 0.7488 0.3999 0.5286
vn 0.7182 0.3990 0.5701
vn 0.7617 0.5107 0.3987
vn 0.8075 0.3947 0.4384
vn 0.6472 0.6203 0.4432
vn 0.6128 0.6215 0.4881
vn 0.7050 0.6146 0.3538
vn -0.3243 -0.8937 -0.3102
vn -0.3588 -0.8945 -0.2668
vn -0.2536 -0.8833 -0.3943
vn 0.7354 -0.4392 0.5160
vn 0.7039 -0.4378 0.5593
vn 0.7938 -0.4336 0.4265
vn -0.6967 -0.3986 -0.5964
vn -0.7325 -0.3984 -0.5520
vn -0.6211 -0.3961 -0.6763
vn -0.9420 -0.1529 0.2987
vn -0.8984 -0.1234 0.4214
vn -0.8818 -0.1873 0.4329
vn -0.9213 -0.2301 0.3135
vn -0.8601 -0.2460 0.4468
vn -0.8942 -0.3009 0.3313
vn -0.0877 -0.3304 0.9398
vn -0.2034 -0.2711 0.9408
vn -0.1817 -0.2114 0.9604
vn -0.0598 -0.2603 0.9637
vn -0.1624 -0.1471 0.9757
vn -0.0362 -0.1833 0.9824
vn -0.2095 -0.9448 0.2518
vn -0.1087 -0.9868 0.1197
vn -0.1887 -0.9792 0.0742
vn -0.2653 -0.9398 0.2154
vn -0.0558 -0.9972 0.0507
vn -0.1274 -0.9918 0.0085
vn -0.2058 -0.9780 -0.0354
vn -0.2521 -0.9675 0.0194
vn -0.3077 -0.9502 0.0493
vn -0.2627 -0.9600 0.0969
vn -0.3136 -0.9322 0.1809
vn -0.5705 0.5765 0.5849
vn -0.5982 0.4696 0.6493
vn -0.6311 0.4588 0.6255
vn -0.6112 0.5641 0.5552
vn -0.6631 0.4432 0.6033
vn -0.6516 0.5461 0.5265
vn -0.2171 -0.6928 0.6877
vn -0.3091 -0.6335 0.7093
vn -0.3022 -0.5555 0.7747
vn -0.2089 -0.6249 0.7522
vn -0.2882 -0.4894 0.8230
vn -0.1923 -0.5645 0.8027
vn -0.6347 -0.6693 0.3863
vn -0.6333 -0.6058 0.4817
vn -0.5645 -0.6861 0.4590
vn -0.5635 -0.7444 0.3582
vn -0.4795 -0.7677 0.4251
vn -0.4684 -0.8287 0.3065
vn -0.1486 -0.0800 0.9857
vn -0.0191 -0.1007 0.9947
vn -0.8344 -0.3011 0.4617
vn -0.8623 -0.3657 0.3503
vn -0.8049 -0.3552 0.4754
vn -0.8265 -0.4260 0.3679
vn -0.3998 -0.8704 0.2874
vn -0.3849 -0.8434 0.3749
vn -0.3163 -0.8617 0.3967
vn -0.1447 0.4302 0.8911
vn -0.2422 0.3490 0.9053
vn -0.2770 0.3851 0.8803
vn -0.1881 0.4738 0.8603
vn -0.3138 0.4130 0.8550
vn -0.2333 0.5077 0.8294
vn -0.1656 0.1961 0.9665
vn -0.0434 0.2404 0.9697
vn -0.1848 0.2544 0.9493
vn -0.0706 0.3133 0.9470
vn -0.2680 -0.8567 0.4407
vn -0.1563 -0.9445 0.2890
vn -0.2864 -0.7952 0.5345
vn -0.1777 -0.8517 0.4931
vn -0.1812 -0.8879 0.4229
vn -0.1096 -0.9408 0.3206
vn -0.7323 0.4926 0.4702
vn -0.7291 0.3956 0.5585
vn -0.7628 0.3654 0.5335
vn -0.7719 0.4582 0.4407
vn -0.7954 0.3311 0.5076
vn -0.8106 0.4184 0.4097
vn -0.4080 0.5785 0.7063
vn -0.4637 0.4725 0.7495
vn -0.4975 0.4776 0.7241
vn -0.4488 0.5848 0.6757
vn -0.5311 0.4789 0.6990
vn -0.4894 0.5866 0.6453
vn -0.2284 0.0500 0.9723
vn -0.2335 0.0492 0.9711
vn -0.3519 0.4339 0.8294
vn -0.2784 0.5334 0.7988
vn -0.3909 0.4503 0.8028
vn -0.3231 0.5528 0.7681
vn -0.9353 0.1769 0.3064
vn -0.8932 0.1383 0.4279
vn -0.9053 0.0745 0.4183
vn -0.9510 0.0968 0.2938
vn -0.9106 0.0087 0.4133
vn -0.9576 0.0131 0.2878
vn -0.4286 0.4633 0.7757
vn -0.3665 0.5678 0.7371
vn -0.8258 0.2923 0.4822
vn -0.8477 0.3714 0.3787
vn -0.8527 0.2480 0.4597
vn -0.8820 0.3157 0.3499
vn -0.2107 0.3052 0.9287
vn -0.1049 0.3766 0.9204
vn -0.8754 0.1967 0.4415
vn -0.9118 0.2505 0.3253
vn -0.2705 -0.4327 0.8600
vn -0.1706 -0.5086 0.8439
vn -0.2492 -0.3795 0.8910
vn -0.1451 -0.4528 0.8797
vn -0.6955 0.4220 0.5816
vn -0.6919 0.5221 0.4986
vn -0.5647 0.4762 0.6740
vn -0.5299 0.5839 0.6150
vn -0.7721 -0.4097 0.4858
vn -0.7874 -0.4838 0.3820
vn -0.7347 -0.4676 0.4915
vn -0.7441 -0.5417 0.3909
vn -0.3021 -0.7171 0.6281
vn -0.2063 -0.7694 0.6045
vn -0.9084 -0.0572 0.4142
vn -0.9546 -0.0710 0.2894
vn -0.2261 -0.3264 0.9178
vn -0.1171 -0.3941 0.9116
vn -0.6322 -0.7047 -0.3221
vn -0.5932 -0.7089 -0.3814
vn -0.6564 -0.6205 -0.4292
vn -0.6958 -0.6163 -0.3687
vn -0.7139 -0.5167 -0.4727
vn -0.7530 -0.5133 -0.4117
vn 0.7024 -0.0230 0.7114
vn 0.7512 -0.0233 0.6597
vn 0.7398 -0.1695 0.6512
vn 0.6911 -0.1684 0.7029
vn 0.7126 -0.3089 0.6300
vn 0.6639 -0.3070 0.6819
vn -0.1713 -0.9819 -0.0809
vn -0.2415 -0.9614 -0.1317
vn -0.2757 -0.9575 -0.0853
vn -0.3123 -0.9325 -0.1816
vn -0.3463 -0.9288 -0.1322
vn -0.3447 0.9342 -0.0916
vn -0.3015 0.9413 -0.1518
vn -0.2327 0.9675 -0.0989
vn -0.2764 0.9602 -0.0392
vn -0.1643 0.9853 -0.0462
vn -0.2085 0.9779 0.0129
vn 0.6748 0.2645 0.6890
vn 0.7230 0.2661 0.6375
vn 0.7455 0.1239 0.6549
vn 0.6969 0.1233 0.7065
vn -0.0288 -0.9995 0.0153
vn -0.0984 -0.9946 -0.0326
vn 0.1957 -0.9392 0.2820
vn 0.2338 -0.9426 0.2385
vn 0.1679 -0.9688 0.1826
vn 0.1328 -0.9651 0.2256
vn 0.1010 -0.9867 0.1276
vn 0.0668 -0.9830 0.1712
vn 0.0356 -0.9969 0.0697
vn 0.0041 -0.9942 0.1075
vn -0.7624 -0.3982 -0.5101
vn -0.8014 -0.3955 -0.4488
vn -0.7994 -0.2663 -0.5386
vn -0.8381 -0.2644 -0.4771
vn 0.1987 0.9244 0.3255
vn 0.2451 0.9313 0.2695
vn 0.3144 0.8928 0.3225
vn 0.2676 0.8863 0.3779
vn 0.3834 0.8438 0.3755
vn 0.3366 0.8377 0.4301
vn 0.5898 0.5134 0.6233
vn 0.6378 0.5166 0.5713
vn 0.6862 0.3980 0.6088
vn 0.6381 0.3956 0.6606
vn 0.4517 0.7828 0.4279
vn 0.4047 0.7773 0.4817
vn 0.5180 0.7087 0.4789
vn 0.4706 0.7039 0.5321
vn -0.7372 0.5468 -0.3970
vn -0.6971 0.5510 -0.4587
vn -0.6384 0.6496 -0.4128
vn -0.6792 0.6446 -0.3510
vn -0.5749 0.7333 -0.3630
vn -0.6159 0.7279 -0.3015
vn 0.5806 0.6203 0.5273
vn 0.5331 0.6161 0.5798
vn -0.5081 0.8032 -0.3111
vn -0.5497 0.7972 -0.2497
vn -0.4396 0.8603 -0.2582
vn -0.4819 0.8538 -0.1971
vn 0.0617 0.9734 0.2209
vn 0.1077 0.9806 0.1637
vn 0.1761 0.9603 0.2165
vn 0.1299 0.9532 0.2731
vn -0.3706 0.9059 -0.2050
vn -0.4133 0.8991 -0.1443
vn -0.0734 0.9904 0.1169
vn -0.0284 0.9979 0.0587
vn 0.0396 0.9930 0.1111
vn -0.0060 0.9856 0.1688
vn -0.8284 0.3068 -0.4687
vn -0.7893 0.3090 -0.5305
vn -0.7486 0.4370 -0.4986
vn -0.7879 0.4339 -0.4371
vn -0.0962 0.9953 0.0063
vn -0.1409 0.9879 0.0649
vn -0.8664 0.0230 -0.4988
vn -0.8278 0.0233 -0.5605
vn -0.8166 0.1696 -0.5517
vn -0.8554 0.1683 -0.4899
vn 0.5721 -0.5476 0.6106
vn 0.6202 -0.5511 0.5582
vn 0.5617 -0.6498 0.5121
vn 0.5142 -0.6459 0.5643
vn 0.4986 -0.7337 0.4615
vn 0.4519 -0.7295 0.5134
vn -0.8219 -0.1240 -0.5560
vn -0.8605 -0.1231 -0.4944
vn 0.4327 -0.8039 0.4082
vn 0.3872 -0.7995 0.4593
vn 0.3658 -0.8612 0.3528
vn 0.3222 -0.8570 0.4021
vn -0.3844 -0.8938 -0.2312
vn -0.4200 -0.8899 -0.1782
vn -0.4560 -0.8444 -0.2813
vn -0.4931 -0.8402 -0.2254
vn 0.2995 -0.9070 0.2959
vn 0.2583 -0.9033 0.3424
vn -0.5261 -0.7831 -0.3316
vn -0.5642 -0.7789 -0.2738
vn 0.6717 -0.4370 0.5982
vn 0.6232 -0.4343 0.6504
vn -0.1191 0.9772 0.1758
vn -0.1041 0.9822 0.1564
vn -0.0372 0.9775 0.2078
vn -0.0525 0.9725 0.2269
vn 0.0301 0.9653 0.2593
vn 0.0145 0.9604 0.2782
vn -0.8627 0.3029 -0.4050
vn -0.8519 0.3044 -0.4261
vn -0.8120 0.4304 -0.3943
vn -0.8231 0.4282 -0.3731
vn -0.7618 0.5424 -0.3543
vn -0.7730 0.5398 -0.3332
vn -0.3865 0.9218 -0.0296
vn -0.3727 0.9266 -0.0502
vn -0.3051 0.9523 0.0017
vn -0.3191 0.9475 0.0220
vn -0.2379 0.9698 0.0534
vn -0.2523 0.9649 0.0735
vn -0.9001 0.0225 -0.4352
vn -0.8896 0.0228 -0.4562
vn -0.8786 0.1669 -0.4474
vn -0.8892 0.1661 -0.4263
vn 0.5200 -0.5416 0.6605
vn 0.5376 -0.5438 0.6444
vn 0.4799 -0.6416 0.5984
vn 0.4622 -0.6391 0.6147
vn 0.4177 -0.7250 0.5477
vn 0.4002 -0.7223 0.5641
vn -0.8725 -0.2611 -0.4131
vn -0.8615 -0.2625 -0.4346
vn -0.8837 -0.1223 -0.4518
vn -0.8942 -0.1219 -0.4308
vn 0.3536 -0.7948 0.4932
vn 0.3364 -0.7920 0.5095
vn 0.2894 -0.8525 0.4353
vn 0.2719 -0.8499 0.4514
vn -0.3830 -0.9208 -0.0734
vn -0.3704 -0.9241 -0.0941
vn -0.4436 -0.8854 -0.1387
vn -0.4544 -0.8830 -0.1177
vn -0.5175 -0.8355 -0.1847
vn -0.5285 -0.8330 -0.1635
vn 0.2266 -0.8991 0.3745
vn 0.2088 -0.8967 0.3902
vn 0.1656 -0.9348 0.3143
vn 0.1487 -0.9317 0.3314
vn -0.5888 -0.7742 -0.2323
vn -0.5999 -0.7717 -0.2110
vn -0.6566 -0.7003 -0.2801
vn -0.6679 -0.6978 -0.2588
vn 0.6113 -0.3034 0.7309
vn 0.6292 -0.3048 0.7150
vn 0.5883 -0.4313 0.6841
vn 0.5708 -0.4294 0.6999
vn -0.7200 -0.6124 -0.3264
vn -0.7313 -0.6100 -0.3051
vn -0.7770 -0.5099 -0.3693
vn -0.7881 -0.5078 -0.3479
vn 0.6500 -0.0228 0.7596
vn 0.6678 -0.0228 0.7440
vn 0.6566 -0.1671 0.7355
vn 0.6386 -0.1664 0.7513
vn -0.6896 -0.5323 0.4910
vn -0.6941 -0.6028 0.3935
vn -0.1710 0.9797 0.1049
vn -0.1857 0.9747 0.1247
vn 0.5381 0.5073 0.6731
vn 0.5556 0.5096 0.6570
vn 0.6035 0.3928 0.6938
vn 0.5861 0.3911 0.7096
vn 0.6400 0.2628 0.7220
vn 0.6225 0.2618 0.7376
vn -0.3077 -0.9505 -0.0446
vn -0.3326 -0.9428 -0.0224
vn 0.1023 -0.9585 0.2663
vn 0.0873 -0.9513 0.2958
vn 0.0258 -0.9729 0.2297
vn 0.0111 -0.9566 0.2912
vn -0.0462 -0.9649 0.2586
vn -0.0429 -0.9823 0.1823
vn -0.8251 -0.3927 -0.4062
vn -0.8362 -0.3909 -0.3847
vn 0.1497 0.9124 0.3811
vn 0.1662 0.9169 0.3628
vn 0.2349 0.8792 0.4146
vn 0.2183 0.8748 0.4325
vn 0.3036 0.8310 0.4662
vn 0.2869 0.8268 0.4838
vn 0.6620 0.1225 0.7394
vn 0.6444 0.1221 0.7549
vn 0.3713 0.7712 0.5171
vn 0.3543 0.7673 0.5344
vn 0.4371 0.6984 0.5668
vn 0.4200 0.6950 0.5836
vn -0.7043 0.6394 -0.3085
vn -0.7158 0.6364 -0.2874
vn -0.6417 0.7219 -0.2589
vn -0.6536 0.7185 -0.2378
vn 0.4993 0.6114 0.6139
vn 0.4820 0.6085 0.6304
vn -0.5761 0.7907 -0.2073
vn -0.5882 0.7870 -0.1863
vn -0.5088 0.8468 -0.1549
vn -0.5215 0.8427 -0.1340
vn 0.0979 0.9453 0.3110
vn 0.0818 0.9406 0.3296
vn -0.4408 0.8918 -0.1024
vn -0.4541 0.8872 -0.0816
vn 0.2322 -0.0500 -0.9714
vn 0.2320 -0.0496 -0.9714
vn 0.2303 0.0073 -0.9731
vn 0.2382 -0.1084 -0.9652
vn 0.2367 -0.1083 -0.9655
vn 0.2306 -0.0494 -0.9718
vn 0.2288 0.0067 -0.9734
vn 0.2342 0.0587 -0.9704
vn 0.2450 0.1128 -0.9629
vn 0.2324 0.0563 -0.9710
vn 0.2428 0.1097 -0.9639
vn 0.2621 0.1721 -0.9496
vn 0.2825 0.2298 -0.9313
vn 0.2602 0.1707 -0.9504
vn 0.2815 0.2310 -0.9313
vn 0.4720 0.7233 -0.5041
vn 0.4420 0.7697 -0.4607
vn 0.5110 0.7400 -0.4374
vn 0.4793 0.7765 -0.4090
vn 0.3655 0.4136 -0.8339
vn 0.3332 0.3462 -0.8770
vn 0.3373 0.3562 -0.8714
vn 0.3755 0.4313 -0.8203
vn 0.3056 0.2859 -0.9082
vn 0.3062 0.2904 -0.9066
vn 0.5813 -0.3963 -0.7106
vn 0.5512 -0.3983 -0.7332
vn 0.6106 -0.3906 -0.6889
vn 0.6100 -0.3920 -0.6886
vn 0.5801 -0.3977 -0.7109
vn 0.5490 -0.3996 -0.7341
vn 0.5210 -0.3965 -0.7559
vn 0.4908 -0.3905 -0.7788
vn 0.5181 -0.3973 -0.7575
vn 0.4870 -0.3907 -0.7811
vn 0.4567 -0.3790 -0.8048
vn 0.4174 -0.3603 -0.8342
vn 0.4514 -0.3777 -0.8085
vn 0.4096 -0.3562 -0.8398
vn 0.2738 -0.2257 -0.9349
vn 0.2583 -0.1947 -0.9462
vn 0.2951 -0.2580 -0.9200
vn 0.2875 -0.2457 -0.9257
vn 0.2681 -0.2148 -0.9391
vn 0.2548 -0.1881 -0.9485
vn 0.3207 -0.2892 -0.9020
vn 0.3486 -0.3155 -0.8826
vn 0.3392 -0.3058 -0.8896
vn 0.3120 -0.2776 -0.9086
vn 0.3800 -0.3382 -0.8610
vn 0.3705 -0.3309 -0.8679
vn 0.3933 0.7970 -0.4583
vn 0.3522 0.8033 -0.4802
vn 0.4142 0.7998 -0.4344
vn 0.3428 0.8060 -0.4826
vn 0.3365 0.7888 -0.5144
vn 0.3500 0.7561 -0.5530
vn 0.2946 0.7948 -0.5305
vn 0.2800 0.7704 -0.5727
vn 0.3964 0.7063 -0.5866
vn 0.4763 0.6386 -0.6044
vn 0.3113 0.7321 -0.6059
vn 0.3979 0.6736 -0.6228
vn 0.8439 0.1648 -0.5105
vn 0.8599 0.1058 -0.4995
vn 0.8436 0.1680 -0.5101
vn 0.8603 0.1069 -0.4984
vn 0.7072 0.4060 -0.5788
vn 0.6451 0.4798 -0.5947
vn 0.6066 0.5120 -0.6082
vn 0.6844 0.4307 -0.5883
vn 0.5668 0.5592 -0.6050
vn 0.5079 0.5962 -0.6218
vn 0.8687 0.0491 -0.4929
vn 0.8706 0.0009 -0.4919
vn 0.8694 0.0497 -0.4916
vn 0.8714 0.0034 -0.4906
vn 0.8672 -0.0480 -0.4956
vn 0.8590 -0.0983 -0.5025
vn 0.8683 -0.0435 -0.4941
vn 0.8606 -0.0932 -0.5007
vn 0.8471 -0.1428 -0.5119
vn 0.8326 -0.1800 -0.5239
vn 0.8496 -0.1367 -0.5094
vn 0.8363 -0.1726 -0.5204
vn 0.6866 -0.3524 -0.6360
vn 0.6600 -0.3703 -0.6537
vn 0.7209 -0.3246 -0.6123
vn 0.7216 -0.3252 -0.6112
vn 0.6848 -0.3548 -0.6365
vn 0.6580 -0.3726 -0.6544
vn 0.7565 -0.2902 -0.5861
vn 0.7883 -0.2525 -0.5611
vn 0.7930 -0.2468 -0.5569
vn 0.7599 -0.2875 -0.5830
vn 0.8138 -0.2151 -0.5398
vn 0.8186 -0.2074 -0.5356
vn 0.2471 -0.1581 -0.9560
vn 0.2452 -0.1562 -0.9568
vn -0.4554 0.8023 0.3858
vn -0.4644 0.7952 0.3898
vn -0.4735 0.7880 0.3937
vn -0.8961 0.1295 -0.4244
vn -0.9017 0.1291 -0.4127
vn -0.9072 0.1286 -0.4006
vn 0.6370 -0.3818 -0.6697
vn 0.6362 -0.3834 -0.6695
vn -0.6978 -0.3949 -0.5977
vn -0.6503 -0.5135 -0.5598
vn -0.6292 -0.3906 -0.6720
vn -0.5807 -0.5078 -0.6363
vn -0.7521 0.1673 -0.6374
vn -0.7260 0.3049 -0.6164
vn -0.6547 0.3028 -0.6926
vn -0.6825 0.1655 -0.7119
vn -0.6855 0.4327 -0.5856
vn -0.6331 0.5475 -0.5472
vn -0.5648 0.5409 -0.6233
vn -0.6144 0.4289 -0.6622
vn -0.3003 0.9072 -0.2947
vn -0.3732 0.8602 -0.3475
vn -0.2329 0.9423 -0.2405
vn -0.1638 0.9315 -0.3247
vn -0.2339 0.8960 -0.3773
vn -0.3032 0.8502 -0.4304
vn -0.4423 0.8025 -0.4005
vn -0.5098 0.7318 -0.4522
vn -0.3687 0.7943 -0.4828
vn -0.4377 0.7243 -0.5328
vn -0.5762 0.6458 -0.5009
vn -0.5049 0.6393 -0.5800
vn 0.2218 -0.9685 0.1130
vn 0.2919 -0.9418 0.1668
vn 0.2871 -0.9576 0.0240
vn 0.3576 -0.9307 0.0774
vn -0.0498 -0.9939 -0.0986
vn -0.1182 -0.9814 -0.1513
vn -0.0477 -0.9702 -0.2374
vn 0.0194 -0.9824 -0.1857
vn -0.1879 -0.9607 -0.2044
vn -0.2578 -0.9312 -0.2578
vn -0.1876 -0.9205 -0.3427
vn -0.1173 -0.9499 -0.2898
vn -0.5935 -0.6170 -0.5168
vn -0.5326 -0.7051 -0.4682
vn -0.5193 -0.6117 -0.5968
vn -0.4575 -0.6991 -0.5495
vn -0.4644 -0.7812 -0.4173
vn -0.3936 -0.8437 -0.3651
vn -0.3951 -0.7720 -0.4978
vn -0.3266 -0.8329 -0.4467
vn -0.3259 -0.8926 -0.3115
vn -0.2568 -0.8820 -0.3951
vn -0.0290 0.9962 -0.0816
vn -0.0976 0.9861 -0.1341
vn 0.0397 0.9988 -0.0291
vn 0.1074 0.9873 -0.1173
vn 0.0403 0.9848 -0.1692
vn -0.0263 0.9749 -0.2212
vn 0.1080 0.9939 0.0235
vn 0.1759 0.9814 0.0766
vn 0.2427 0.9700 -0.0124
vn 0.1755 0.9823 -0.0648
vn 0.2443 0.9610 0.1299
vn 0.3136 0.9317 0.1834
vn 0.3770 0.9215 0.0936
vn 0.3094 0.9501 0.0403
vn 0.6475 0.6182 0.4456
vn 0.5820 0.7092 0.3978
vn 0.7040 0.5139 0.4902
vn 0.7620 0.5084 0.4012
vn 0.7045 0.6133 0.3571
vn 0.6421 0.7019 0.3084
vn 0.5167 0.7831 0.3461
vn 0.4529 0.8425 0.2916
vn 0.5790 0.7742 0.2557
vn 0.5141 0.8337 0.2015
vn 0.3836 0.8925 0.2374
vn 0.4453 0.8831 0.1476
vn 0.8105 0.1223 0.5729
vn 0.7891 0.2628 0.5552
vn 0.8165 -0.0229 0.5769
vn 0.8719 -0.0227 0.4891
vn 0.8652 0.1215 0.4865
vn 0.8447 0.2603 0.4677
vn 0.8058 -0.1672 0.5682
vn 0.7789 -0.3053 0.5478
vn 0.8347 -0.3021 0.4604
vn 0.8611 -0.1659 0.4805
vn 0.7382 -0.4338 0.5166
vn 0.6874 -0.5481 0.4765
vn 0.7461 -0.5417 0.3872
vn 0.7956 -0.4287 0.4281
vn 0.3604 -0.9064 0.2206
vn 0.4297 -0.8604 0.2740
vn 0.4247 -0.8958 0.1308
vn 0.4913 -0.8512 0.1843
vn 0.4995 -0.8021 0.3273
vn 0.5655 -0.7317 0.3806
vn 0.5606 -0.7932 0.2377
vn 0.6259 -0.7235 0.2911
vn 0.6287 -0.6474 0.4309
vn 0.6881 -0.6402 0.3416
vn 0.6054 0.0188 -0.7957
vn 0.6187 -0.0180 -0.7854
vn 0.7527 0.3946 0.5271
vn 0.8103 0.3895 0.4378
vn -0.1652 0.9684 -0.1869
vn -0.0949 0.9573 -0.2730
vn 0.5982 -0.0135 -0.8012
vn 0.6117 -0.0002 -0.7911
vn 0.6246 0.0127 -0.7809
vn -0.1144 -0.8705 0.4788
vn -0.1039 -0.9096 0.4023
vn -0.0696 -0.8941 0.4424
vn -0.0998 -0.9252 0.3662
vn -0.0360 -0.9144 0.4033
vn -0.0501 -0.9244 0.3782
vn -0.0054 -0.9304 0.3666
vn -0.0583 -0.9457 0.3197
vn 0.0229 -0.9474 0.3191
vn -0.0279 -0.9500 0.3110
vn -0.3393 -0.9395 0.0476
vn -0.3184 -0.9433 0.0935
vn -0.3800 -0.9205 0.0907
vn -0.3230 -0.9376 0.1290
vn -0.4097 -0.9025 0.1327
vn -0.3822 -0.9133 0.1409
vn -0.4416 -0.8790 0.1800
vn -0.3612 -0.9136 0.1869
vn -0.4676 -0.8518 0.2362
vn -0.3991 -0.8933 0.2065
vn 0.1570 -0.0591 -0.9858
vn -0.0146 -0.0766 -0.9970
vn -0.0012 -0.1652 -0.9863
vn -0.0164 0.0143 -0.9998
vn -0.2142 0.0177 -0.9766
vn -0.2097 -0.0938 -0.9733
vn -0.1917 -0.2024 -0.9604
vn -0.3822 -0.1067 -0.9179
vn -0.3637 -0.2298 -0.9027
vn -0.3887 0.0202 -0.9212
vn -0.5355 0.0216 -0.8442
vn -0.5286 -0.1150 -0.8410
vn -0.5107 -0.2475 -0.8234
vn -0.6559 -0.1199 -0.7453
vn -0.6349 -0.2583 -0.7281
vn -0.6607 0.0226 -0.7503
vn -0.0100 0.1042 -0.9945
vn 0.0060 0.1904 -0.9817
vn -0.1842 0.2346 -0.9545
vn -0.2030 0.1285 -0.9707
vn -0.3768 0.1461 -0.9147
vn -0.3550 0.2665 -0.8961
vn -0.5025 0.2875 -0.8154
vn -0.5286 0.1572 -0.8342
vn -0.6515 0.1644 -0.7406
vn -0.6251 0.3003 -0.7204
vn 0.0344 0.2705 -0.9621
vn 0.0633 0.3439 -0.9369
vn -0.1201 0.4231 -0.8981
vn -0.1561 0.3334 -0.9298
vn -0.3227 0.3781 -0.8677
vn -0.2817 0.4793 -0.8312
vn -0.4159 0.5167 -0.7484
vn -0.4613 0.4087 -0.7875
vn -0.5836 0.4266 -0.6909
vn -0.5353 0.5385 -0.6508
vn 0.1861 0.6582 -0.7295
vn 0.1713 0.5941 -0.7859
vn 0.1916 0.7300 -0.6560
vn 0.0894 0.8120 -0.5768
vn 0.0668 0.7546 -0.6528
vn 0.0378 0.6974 -0.7157
vn -0.0390 0.8220 -0.5681
vn -0.0839 0.7700 -0.6326
vn -0.0018 0.8693 -0.4942
vn -0.0867 0.9086 -0.4087
vn -0.1362 0.8680 -0.4775
vn -0.1923 0.8192 -0.5403
vn -0.2291 0.8952 -0.3824
vn -0.2929 0.8481 -0.4415
vn -0.1668 0.9324 -0.3205
vn 0.1480 0.5337 -0.8326
vn 0.1197 0.4740 -0.8724
vn -0.0008 0.6380 -0.7700
vn -0.0395 0.5733 -0.8184
vn -0.1331 0.7122 -0.6893
vn -0.1816 0.6458 -0.7416
vn -0.2502 0.7616 -0.5978
vn -0.3080 0.6933 -0.6515
vn -0.3547 0.7910 -0.4985
vn -0.4178 0.7210 -0.5528
vn 0.0918 0.4115 -0.9068
vn -0.0792 0.5027 -0.8608
vn -0.2320 0.5686 -0.7892
vn -0.3659 0.6113 -0.7018
vn -0.4806 0.6364 -0.6033
vn 0.5161 -0.6185 -0.5926
vn 0.5596 -0.6101 -0.5610
vn 0.4727 -0.6214 -0.6248
vn 0.3753 -0.7789 -0.5024
vn 0.4296 -0.7756 -0.4624
vn 0.4843 -0.7660 -0.4227
vn 0.3379 -0.8807 -0.3319
vn 0.3995 -0.8709 -0.2864
vn 0.2771 -0.8836 -0.3774
vn 0.1847 -0.9479 -0.2594
vn 0.2493 -0.9454 -0.2100
vn 0.3138 -0.9358 -0.1606
vn 0.1628 -0.9822 -0.0938
vn 0.2302 -0.9722 -0.0422
vn 0.0958 -0.9847 -0.1454
vn 0.4297 -0.6196 -0.6569
vn 0.3862 -0.6128 -0.6895
vn 0.2684 -0.7663 -0.5838
vn 0.3216 -0.7759 -0.5428
vn 0.2162 -0.8796 -0.4237
vn 0.1563 -0.8685 -0.4703
vn 0.0541 -0.9317 -0.3592
vn 0.1196 -0.9434 -0.3093
vn 0.0282 -0.9799 -0.1973
vn -0.0400 -0.9676 -0.2493
vn 0.3423 -0.6010 -0.7222
vn 0.2962 -0.5854 -0.7547
vn 0.1575 -0.7292 -0.6659
vn 0.2142 -0.7506 -0.6251
vn 0.0951 -0.8506 -0.5171
vn 0.0317 -0.8250 -0.5642
vn -0.0762 -0.8846 -0.4601
vn -0.0106 -0.9124 -0.4092
vn -0.1067 -0.9474 -0.3016
vn -0.1736 -0.9187 -0.3547
vn 0.0696 -0.3947 -0.9162
vn 0.1115 -0.4521 -0.8849
vn 0.0385 -0.3263 -0.9445
vn -0.1408 -0.3986 -0.9063
vn -0.1019 -0.4811 -0.8707
vn -0.0550 -0.5516 -0.8323
vn -0.2516 -0.5427 -0.8013
vn -0.2038 -0.6225 -0.7557
vn -0.2955 -0.4503 -0.8425
vn -0.4357 -0.4847 -0.7584
vn -0.3854 -0.5840 -0.7144
vn -0.3313 -0.6690 -0.6653
vn -0.5017 -0.6075 -0.6158
vn -0.4418 -0.6956 -0.5665
vn -0.5548 -0.5051 -0.6612
vn 0.1569 -0.4993 -0.8521
vn 0.2043 -0.5365 -0.8188
vn -0.0040 -0.6121 -0.7908
vn 0.0489 -0.6617 -0.7482
vn -0.1506 -0.6902 -0.7078
vn -0.0912 -0.7464 -0.6593
vn -0.2708 -0.7410 -0.6145
vn -0.2058 -0.8005 -0.5629
vn -0.3753 -0.7705 -0.5152
vn -0.3079 -0.8318 -0.4619
vn 0.2508 -0.5645 -0.7864
vn 0.1015 -0.7002 -0.7067
vn -0.0308 -0.7908 -0.6113
vn -0.1422 -0.8476 -0.5112
vn -0.2413 -0.8805 -0.4081
vn 0.2246 0.8919 -0.3926
vn 0.1958 0.8601 -0.4711
vn 0.2780 0.8980 -0.3411
vn 0.2338 0.9304 -0.2824
vn 0.1756 0.9259 -0.3344
vn 0.1351 0.9036 -0.4065
vn 0.1220 0.9552 -0.2696
vn 0.0730 0.9386 -0.3372
vn 0.1836 0.9589 -0.2165
vn 0.1321 0.9799 -0.1492
vn 0.0673 0.9770 -0.2024
vn 0.0101 0.9640 -0.2655
vn 0.0139 0.9908 -0.1349
vn -0.0486 0.9799 -0.1934
vn 0.0802 0.9934 -0.0816
vn 0.3533 0.8793 -0.3193
vn 0.4421 0.8367 -0.3233
vn 0.3950 0.8865 -0.2409
vn 0.3085 0.9171 -0.2523
vn 0.2579 0.9493 -0.1797
vn 0.3408 0.9270 -0.1565
vn 0.2832 0.9563 -0.0730
vn 0.2048 0.9730 -0.1066
vn 0.1512 0.9879 -0.0342
vn 0.2263 0.9740 0.0087
vn 0.5329 0.7746 -0.3407
vn 0.6141 0.7034 -0.3578
vn 0.5656 0.7894 -0.2387
vn 0.4828 0.8423 -0.2398
vn 0.4264 0.8936 -0.1401
vn 0.5093 0.8517 -0.1235
vn 0.4465 0.8947 -0.0132
vn 0.3648 0.9301 -0.0434
vn 0.3025 0.9519 0.0500
vn 0.3781 0.9212 0.0921
vn 0.8645 0.3815 -0.3273
vn 0.8267 0.4444 -0.3451
vn 0.8986 0.3134 -0.3072
vn 0.9134 0.3911 -0.1128
vn 0.8697 0.4728 -0.1419
vn 0.8197 0.5468 -0.1705
vn 0.8421 0.5384 0.0306
vn 0.7852 0.6192 -0.0065
vn 0.8918 0.4475 0.0670
vn 0.8456 0.4839 0.2254
vn 0.7923 0.5814 0.1847
vn 0.7319 0.6665 0.1421
vn 0.7266 0.6061 0.3236
vn 0.6618 0.6961 0.2782
vn 0.7825 0.5035 0.3664
vn 0.7852 0.5049 -0.3586
vn 0.7367 0.5682 -0.3666
vn 0.7655 0.6131 -0.1953
vn 0.7062 0.6741 -0.2164
vn 0.7228 0.6898 -0.0419
vn 0.6571 0.7501 -0.0740
vn 0.6661 0.7392 0.0996
vn 0.5987 0.7988 0.0587
vn 0.5949 0.7699 0.2311
vn 0.5265 0.8302 0.1834
vn 0.6802 0.6345 -0.3672
vn 0.6398 0.7328 -0.2315
vn 0.5866 0.8035 -0.1018
vn 0.5255 0.8505 0.0207
vn 0.4533 0.8808 0.1366
vn 0.9617 0.0738 -0.2639
vn 0.9487 0.1593 -0.2732
vn 0.9646 -0.0136 -0.2635
vn 0.9985 -0.0172 -0.0522
vn 0.9942 0.0928 -0.0535
vn 0.9778 0.1991 -0.0650
vn 0.9847 0.1068 0.1374
vn 0.9656 0.2288 0.1232
vn 0.9901 -0.0197 0.1392
vn 0.9517 -0.0214 0.3063
vn 0.9458 0.1155 0.3037
vn 0.9250 0.2480 0.2878
vn 0.8857 0.1198 0.4485
vn 0.8641 0.2588 0.4317
vn 0.8910 -0.0225 0.4535
vn 0.9579 -0.1003 -0.2690
vn 0.9421 -0.1837 -0.2807
vn 0.9698 -0.2329 -0.0729
vn 0.9901 -0.1269 -0.0591
vn 0.9806 -0.1457 0.1311
vn 0.9569 -0.2667 0.1152
vn 0.9164 -0.2872 0.2787
vn 0.9421 -0.1571 0.2964
vn 0.8812 -0.1641 0.4434
vn 0.8540 -0.3008 0.4244
vn 0.9183 -0.2608 -0.2979
vn 0.8883 -0.3297 -0.3199
vn 0.9010 -0.4170 -0.1198
vn 0.9396 -0.3295 -0.0927
vn 0.9213 -0.3778 0.0921
vn 0.8755 -0.4793 0.0618
vn 0.8273 -0.5173 0.2189
vn 0.8767 -0.4089 0.2534
vn 0.8127 -0.4275 0.3960
vn 0.7623 -0.5388 0.3585
vn 0.6883 -0.5504 -0.4726
vn 0.7304 -0.5192 -0.4438
vn 0.6453 -0.5768 -0.5010
vn 0.5913 -0.7290 -0.3448
vn 0.6461 -0.6987 -0.3072
vn 0.7005 -0.6608 -0.2695
vn 0.5839 -0.7974 -0.1521
vn 0.6471 -0.7548 -0.1071
vn 0.5223 -0.8298 -0.1968
vn 0.4480 -0.8919 -0.0626
vn 0.5147 -0.8573 -0.0137
vn 0.5816 -0.8127 0.0355
vn 0.4360 -0.8928 0.1131
vn 0.5045 -0.8474 0.1653
vn 0.3671 -0.9282 0.0612
vn 0.7721 -0.4826 -0.4134
vn 0.8134 -0.4397 -0.3809
vn 0.7544 -0.6145 -0.2307
vn 0.8067 -0.5591 -0.1913
vn 0.7083 -0.7032 -0.0617
vn 0.7671 -0.6413 -0.0172
vn 0.6461 -0.7585 0.0851
vn 0.7084 -0.6931 0.1333
vn 0.5734 -0.7901 0.2168
vn 0.6392 -0.7210 0.2674
vn 0.8528 -0.3893 -0.3481
vn 0.8555 -0.4945 -0.1537
vn 0.8232 -0.5672 0.0247
vn 0.7708 -0.6117 0.1781
vn 0.7033 -0.6371 0.3155
vn 0.0165 -0.2491 -0.9683
vn -0.1694 -0.3045 -0.9373
vn -0.3358 -0.3455 -0.8763
vn -0.4784 -0.3719 -0.7955
vn -0.5995 -0.3880 -0.7000
vn 0.9268 0.2400 -0.2890
vn 0.9503 0.2993 -0.0860
vn 0.9341 0.3430 0.0987
vn 0.8908 0.3720 0.2609
vn 0.8282 0.3881 0.4044
vn 0.1893 0.8029 -0.5653
vn 0.1092 0.8643 -0.4910
vn 0.0336 0.9094 -0.4146
vn -0.0400 0.9410 -0.3361
vn -0.1082 0.9605 -0.2563
vn 0.6024 -0.5966 -0.5303
vn 0.5378 -0.7509 -0.3832
vn 0.4613 -0.8538 -0.2414
vn 0.3798 -0.9183 -0.1115
vn 0.2979 -0.9546 0.0096
vn 0.2120 -0.0513 -0.9759
vn 0.2102 0.0068 -0.9776
vn 0.2184 -0.1126 -0.9694
vn -0.1001 -0.1830 -0.9780
vn -0.1159 -0.0833 -0.9898
vn -0.1182 0.0108 -0.9929
vn -0.4953 -0.1099 -0.8618
vn -0.4996 0.0144 -0.8661
vn -0.4787 -0.2400 -0.8446
vn -0.6982 -0.2563 -0.6685
vn -0.7153 -0.1179 -0.6888
vn -0.7189 0.0156 -0.6950
vn -0.8612 -0.1172 -0.4946
vn -0.8654 0.0154 -0.5008
vn -0.8418 -0.2558 -0.4753
vn 0.2138 0.0575 -0.9752
vn 0.2246 0.1127 -0.9679
vn -0.1108 0.0929 -0.9895
vn -0.0943 0.1829 -0.9786
vn -0.4894 0.1226 -0.8634
vn -0.4673 0.2416 -0.8504
vn -0.7092 0.1320 -0.6926
vn -0.6890 0.2599 -0.6765
vn -0.8577 0.1316 -0.4970
vn -0.8383 0.2590 -0.4798
vn 0.2429 0.1769 -0.9538
vn 0.2653 0.2408 -0.9336
vn -0.0686 0.2873 -0.9554
vn -0.0284 0.3897 -0.9205
vn -0.4306 0.3784 -0.8194
vn -0.3784 0.5114 -0.7716
vn -0.6492 0.4074 -0.6423
vn -0.5921 0.5493 -0.5896
vn -0.7994 0.4060 -0.4429
vn -0.7411 0.5473 -0.3888
vn 0.4697 0.6387 -0.6094
vn 0.5084 0.7144 -0.4808
vn 0.4178 0.5464 -0.7259
vn 0.2358 0.7886 -0.5679
vn 0.3156 0.8578 -0.4056
vn 0.3685 0.8960 -0.2477
vn 0.0867 0.9898 -0.1133
vn 0.1524 0.9866 0.0579
vn -0.0158 0.9523 -0.3046
vn -0.1790 0.9779 -0.1085
vn -0.0616 0.9954 0.0731
vn 0.0126 0.9726 0.2323
vn -0.1825 0.9538 0.2385
vn -0.1065 0.9191 0.3793
vn -0.3068 0.9488 0.0746
vn 0.3677 0.4557 -0.8106
vn 0.3253 0.3747 -0.8682
vn 0.0805 0.5910 -0.8027
vn 0.1529 0.6952 -0.7024
vn -0.1274 0.8703 -0.4758
vn -0.2288 0.7581 -0.6107
vn -0.4261 0.8036 -0.4155
vn -0.3091 0.9096 -0.2778
vn -0.4436 0.8924 -0.0829
vn -0.5679 0.7944 -0.2154
vn 0.2917 0.3041 -0.9069
vn 0.0207 0.4878 -0.8727
vn -0.3116 0.6356 -0.7063
vn -0.5198 0.6796 -0.5176
vn -0.6666 0.6750 -0.3163
vn 0.5759 -0.4143 -0.7048
vn 0.5432 -0.4160 -0.7292
vn 0.6074 -0.4082 -0.6815
vn 0.5196 -0.6945 -0.4976
vn 0.4662 -0.7031 -0.5369
vn 0.4114 -0.7046 -0.5782
vn 0.2553 -0.9359 -0.2429
vn 0.1822 -0.9370 -0.2981
vn 0.3269 -0.9257 -0.1903
vn 0.1671 -0.9854 0.0322
vn 0.0907 -0.9956 -0.0240
vn 0.0123 -0.9965 -0.0830
vn -0.0564 -0.9847 0.1651
vn -0.1338 -0.9853 0.1066
vn 0.0189 -0.9751 0.2209
vn 0.5107 -0.4134 -0.7538
vn 0.4781 -0.4063 -0.7787
vn 0.3571 -0.6986 -0.6200
vn 0.3019 -0.6859 -0.6621
vn 0.1103 -0.9288 -0.3538
vn 0.0382 -0.9110 -0.4106
vn -0.0643 -0.9877 -0.1424
vn -0.1408 -0.9689 -0.2034
vn -0.2100 -0.9766 0.0475
vn -0.2859 -0.9582 -0.0128
vn 0.4402 -0.3923 -0.8077
vn 0.3956 -0.3689 -0.8411
vn 0.2370 -0.6622 -0.7108
vn 0.1633 -0.6204 -0.7671
vn -0.0447 -0.8775 -0.4775
vn -0.1406 -0.8203 -0.5544
vn -0.2286 -0.9339 -0.2750
vn -0.3313 -0.8734 -0.3571
vn -0.3736 -0.9239 -0.0833
vn -0.4748 -0.8645 -0.1649
vn 0.2500 -0.2183 -0.9433
vn 0.2373 -0.1923 -0.9522
vn 0.2691 -0.2498 -0.9302
vn -0.0370 -0.4063 -0.9130
vn -0.0598 -0.3526 -0.9339
vn -0.0729 -0.3097 -0.9480
vn -0.4264 -0.4624 -0.7774
vn -0.4457 -0.4064 -0.7976
vn -0.3946 -0.5327 -0.7487
vn -0.5948 -0.5680 -0.5688
vn -0.6316 -0.4925 -0.5987
vn -0.6535 -0.4335 -0.6205
vn -0.7723 -0.4890 -0.4056
vn -0.7946 -0.4310 -0.4275
vn -0.7365 -0.5630 -0.3749
vn 0.2940 -0.2836 -0.9128
vn 0.3220 -0.3137 -0.8932
vn 0.0470 -0.5178 -0.8542
vn 0.0030 -0.4645 -0.8856
vn -0.3471 -0.6103 -0.7121
vn -0.2911 -0.6827 -0.6702
vn -0.4889 -0.7268 -0.4825
vn -0.5461 -0.6505 -0.5279
vn -0.6870 -0.6449 -0.3350
vn -0.6308 -0.7199 -0.2895
vn 0.3544 -0.3411 -0.8707
vn 0.0973 -0.5683 -0.8171
vn -0.2268 -0.7505 -0.6207
vn -0.4220 -0.7987 -0.4291
vn -0.5645 -0.7909 -0.2362
vn 0.4109 0.8171 -0.4043
vn 0.3240 0.8233 -0.4659
vn 0.4837 0.7950 -0.3661
vn 0.3401 0.9328 -0.1191
vn 0.2519 0.9531 -0.1680
vn 0.1451 0.9586 -0.2451
vn 0.0183 0.9899 0.1403
vn -0.0932 0.9938 0.0600
vn 0.1156 0.9755 0.1870
vn -0.0334 0.9301 0.3657
vn -0.1348 0.9342 0.3304
vn -0.2428 0.9357 0.2561
vn -0.2604 0.8388 0.4782
vn -0.3592 0.8371 0.4127
vn -0.1605 0.8482 0.5048
vn 0.2600 0.8133 -0.5206
vn 0.2316 0.7921 -0.5647
vn 0.0651 0.9478 -0.3121
vn 0.0260 0.9304 -0.3656
vn -0.1733 0.9848 -0.0141
vn -0.2113 0.9745 -0.0752
vn -0.3142 0.9324 0.1788
vn -0.3430 0.9331 0.1083
vn -0.4219 0.8412 0.3381
vn -0.4451 0.8558 0.2635
vn 0.2555 0.7594 -0.5983
vn 0.3467 0.7070 -0.6163
vn 0.0502 0.9129 -0.4052
vn 0.1561 0.8920 -0.4242
vn -0.1895 0.9744 -0.1207
vn -0.0854 0.9867 -0.1383
vn -0.3179 0.9466 0.0542
vn -0.2187 0.9750 0.0383
vn -0.4197 0.8845 0.2038
vn -0.3306 0.9249 0.1877
vn 0.7908 0.3025 -0.5321
vn 0.8264 0.2361 -0.5112
vn 0.7400 0.3779 -0.5565
vn 0.7296 0.6106 -0.3081
vn 0.8243 0.5020 -0.2619
vn 0.8894 0.3981 -0.2249
vn 0.7445 0.6602 0.0994
vn 0.8354 0.5280 0.1530
vn 0.6143 0.7884 0.0343
vn 0.4773 0.8360 0.2709
vn 0.6174 0.7062 0.3466
vn 0.7167 0.5665 0.4066
vn 0.4615 0.7032 0.5409
vn 0.5623 0.5659 0.6029
vn 0.3209 0.8285 0.4589
vn 0.6728 0.4584 -0.5807
vn 0.5833 0.5448 -0.6024
vn 0.4678 0.7914 -0.3935
vn 0.6110 0.7083 -0.3535
vn 0.4525 0.8913 -0.0298
vn 0.2695 0.9592 -0.0858
vn 0.1213 0.9857 0.1174
vn 0.3081 0.9320 0.1911
vn 0.1566 0.9159 0.3696
vn -0.0194 0.9585 0.2843
vn 0.4703 0.6316 -0.6163
vn 0.3084 0.8537 -0.4196
vn 0.0798 0.9889 -0.1251
vn -0.0619 0.9961 0.0626
vn -0.1895 0.9572 0.2186
vn 0.8778 0.0520 -0.4763
vn 0.8799 0.0047 -0.4751
vn 0.8684 0.1119 -0.4832
vn 0.9669 0.1884 -0.1722
vn 0.9829 0.0872 -0.1621
vn 0.9871 0.0083 -0.1597
vn 0.9631 0.1170 0.2422
vn 0.9689 0.0111 0.2470
vn 0.9407 0.2528 0.2263
vn 0.8316 0.2732 0.4835
vn 0.8558 0.1270 0.5015
vn 0.8630 0.0120 0.5051
vn 0.7066 0.1273 0.6961
vn 0.7140 0.0121 0.7001
vn 0.6829 0.2728 0.6776
vn 0.8772 -0.0433 -0.4782
vn 0.8693 -0.0948 -0.4852
vn 0.9843 -0.0732 -0.1608
vn 0.9721 -0.1608 -0.1708
vn 0.9643 -0.0981 0.2458
vn 0.9479 -0.2155 0.2346
vn 0.8580 -0.1055 0.5026
vn 0.8395 -0.2323 0.4913
vn 0.7095 -0.1055 0.6968
vn 0.6901 -0.2328 0.6852
vn 0.8578 -0.1397 -0.4947
vn 0.8445 -0.1765 -0.5057
vn 0.9537 -0.2358 -0.1868
vn 0.9321 -0.2996 -0.2037
vn 0.9231 -0.3176 0.2169
vn 0.8925 -0.4055 0.1978
vn 0.8116 -0.3435 0.4726
vn 0.7777 -0.4373 0.4516
vn 0.6619 -0.3438 0.6661
vn 0.6297 -0.4360 0.6430
vn 0.6846 -0.3705 -0.6277
vn 0.6567 -0.3885 -0.6464
vn 0.7242 -0.3389 -0.6006
vn 0.7252 -0.5897 -0.3555
vn 0.6548 -0.6380 -0.4052
vn 0.6058 -0.6631 -0.4396
vn 0.5121 -0.8562 -0.0686
vn 0.4418 -0.8901 -0.1118
vn 0.6108 -0.7918 -0.0048
vn 0.4720 -0.8500 0.2340
vn 0.3653 -0.9163 0.1641
vn 0.2895 -0.9500 0.1169
vn 0.2149 -0.9104 0.3536
vn 0.1417 -0.9416 0.3055
vn 0.3206 -0.8465 0.4250
vn 0.7653 -0.2983 -0.5704
vn 0.8002 -0.2547 -0.5429
vn 0.8599 -0.4401 -0.2585
vn 0.7979 -0.5204 -0.3040
vn 0.7103 -0.7010 0.0639
vn 0.7953 -0.5935 0.1237
vn 0.6709 -0.6406 0.3735
vn 0.5802 -0.7535 0.3091
vn 0.4301 -0.7511 0.5008
vn 0.5206 -0.6397 0.5655
vn 0.8267 -0.2128 -0.5209
vn 0.9038 -0.3639 -0.2252
vn 0.8541 -0.4919 0.1690
vn 0.7351 -0.5311 0.4213
vn 0.5865 -0.5300 0.6126
vn 0.2275 -0.1614 -0.9603
vn -0.0840 -0.2608 -0.9617
vn -0.4599 -0.3423 -0.8193
vn -0.6750 -0.3649 -0.6413
vn -0.8159 -0.3637 -0.4495
vn 0.8507 0.1761 -0.4953
vn 0.9345 0.2977 -0.1952
vn 0.8966 0.3977 0.1948
vn 0.7838 0.4279 0.4501
vn 0.6331 0.4274 0.6454
vn 0.5164 0.7631 -0.3886
vn 0.3789 0.9144 -0.1423
vn 0.1624 0.9731 0.1634
vn 0.0216 0.9420 0.3348
vn -0.1012 0.8757 0.4721
vn 0.6345 -0.3992 -0.6618
vn 0.5668 -0.6800 -0.4651
vn 0.3901 -0.9091 -0.1459
vn 0.2339 -0.9690 0.0797
vn 0.0853 -0.9596 0.2683
vn -0.6026 -0.1180 -0.7893
vn -0.5803 -0.2539 -0.7738
vn -0.6075 0.0222 -0.7940
vn -0.4865 0.0212 -0.8734
vn -0.4823 -0.1122 -0.8688
vn -0.4570 -0.2416 -0.8560
vn -0.2770 -0.0992 -0.9557
vn -0.2562 -0.2129 -0.9429
vn -0.2803 0.0187 -0.9597
vn 0.0994 0.0122 -0.9950
vn 0.1019 -0.0650 -0.9927
vn 0.1153 -0.1393 -0.9835
vn 0.4729 -0.0203 -0.8809
vn 0.4788 -0.0433 -0.8769
vn 0.4706 0.0038 -0.8823
vn -0.5967 0.1620 -0.7859
vn -0.5684 0.2959 -0.7677
vn -0.4465 0.2806 -0.8497
vn -0.4719 0.1541 -0.8681
vn -0.2701 0.1356 -0.9532
vn -0.2482 0.2468 -0.9367
vn 0.1194 0.1616 -0.9796
vn 0.1028 0.0890 -0.9907
vn 0.4741 0.0278 -0.8800
vn 0.4805 0.0503 -0.8756
vn -0.5264 0.4195 -0.7396
vn -0.4779 0.5283 -0.7018
vn -0.3570 0.5015 -0.7881
vn -0.4070 0.3975 -0.8224
vn -0.2126 0.3489 -0.9127
vn -0.1673 0.4396 -0.8825
vn 0.1775 0.2854 -0.9418
vn 0.1476 0.2274 -0.9626
vn 0.4885 0.0704 -0.8697
vn 0.4982 0.0881 -0.8626
vn -0.1575 0.8718 -0.4639
vn -0.2223 0.8282 -0.5144
vn -0.0868 0.9064 -0.4135
vn 0.0191 0.8549 -0.5184
vn -0.0463 0.8234 -0.5655
vn -0.1096 0.7830 -0.6123
vn 0.1143 0.7167 -0.6880
vn 0.0589 0.6816 -0.7294
vn 0.1699 0.7435 -0.6468
vn 0.3961 0.4755 -0.7855
vn 0.3616 0.4587 -0.8117
vn 0.3238 0.4373 -0.8390
vn 0.5535 0.1393 -0.8211
vn 0.5426 0.1329 -0.8294
vn 0.5645 0.1434 -0.8129
vn -0.2877 0.7739 -0.5642
vn -0.3537 0.7065 -0.6131
vn -0.1750 0.7316 -0.6589
vn -0.2392 0.6685 -0.7042
vn -0.0010 0.6379 -0.7701
vn -0.0625 0.5837 -0.8096
vn 0.2839 0.4104 -0.8666
vn 0.2443 0.3771 -0.8933
vn 0.5306 0.1246 -0.8384
vn 0.5198 0.1150 -0.8465
vn -0.4175 0.6249 -0.6596
vn -0.3003 0.5921 -0.7478
vn -0.1163 0.5179 -0.8475
vn 0.2099 0.3353 -0.9185
vn 0.5091 0.1029 -0.8545
vn 0.2254 -0.9581 -0.1767
vn 0.2914 -0.9483 -0.1254
vn 0.1599 -0.9606 -0.2274
vn 0.2497 -0.9058 -0.3423
vn 0.3110 -0.9036 -0.2947
vn 0.3729 -0.8947 -0.2460
vn 0.4233 -0.7842 -0.4537
vn 0.4765 -0.7767 -0.4120
vn 0.3697 -0.7864 -0.4949
vn 0.5247 -0.5005 -0.6887
vn 0.5589 -0.4993 -0.6620
vn 0.5932 -0.4946 -0.6352
vn 0.6138 -0.1501 -0.7751
vn 0.6242 -0.1493 -0.7668
vn 0.6038 -0.1499 -0.7829
vn 0.0943 -0.9560 -0.2778
vn 0.0277 -0.9441 -0.3284
vn 0.1250 -0.8905 -0.4376
vn 0.1879 -0.9016 -0.3898
vn 0.3160 -0.7825 -0.5365
vn 0.2626 -0.7730 -0.5775
vn 0.4563 -0.4926 -0.7411
vn 0.4905 -0.4980 -0.7151
vn 0.5936 -0.1494 -0.7908
vn 0.5833 -0.1478 -0.7987
vn -0.0391 -0.9246 -0.3789
vn -0.1049 -0.8969 -0.4296
vn -0.0007 -0.8466 -0.5322
vn 0.0620 -0.8723 -0.4851
vn 0.2067 -0.7581 -0.6185
vn 0.1496 -0.7366 -0.6596
vn 0.3838 -0.4709 -0.7943
vn 0.4204 -0.4840 -0.7675
vn 0.5727 -0.1451 -0.8068
vn 0.5617 -0.1413 -0.8152
vn -0.4347 -0.5967 -0.6746
vn -0.3733 -0.6824 -0.6284
vn -0.4934 -0.4958 -0.7147
vn -0.3721 -0.4704 -0.8002
vn -0.3185 -0.5650 -0.7611
vn -0.2620 -0.6453 -0.7176
vn -0.1317 -0.4951 -0.8588
vn -0.0785 -0.5645 -0.8217
vn -0.1815 -0.4131 -0.8924
vn 0.1689 -0.2683 -0.9484
vn 0.1996 -0.3204 -0.9260
vn 0.2332 -0.3641 -0.9017
vn 0.5053 -0.0980 -0.8573
vn 0.5145 -0.1112 -0.8502
vn 0.4962 -0.0820 -0.8643
vn -0.3093 -0.7536 -0.5800
vn -0.2445 -0.8118 -0.5303
vn -0.1949 -0.7132 -0.6733
vn -0.1281 -0.7684 -0.6270
vn -0.0215 -0.6225 -0.7824
vn 0.0373 -0.6703 -0.7411
vn 0.2733 -0.4001 -0.8748
vn 0.3101 -0.4302 -0.8478
vn 0.5273 -0.1216 -0.8409
vn 0.5392 -0.1299 -0.8321
vn -0.1747 -0.8596 -0.4802
vn -0.0645 -0.8124 -0.5795
vn 0.0939 -0.7079 -0.7001
vn 0.3465 -0.4534 -0.8212
vn 0.5501 -0.1363 -0.8239
vn 0.1150 0.9581 -0.2623
vn 0.0509 0.9485 -0.3128
vn 0.1800 0.9607 -0.2114
vn 0.2690 0.9059 -0.3272
vn 0.2071 0.9036 -0.3749
vn 0.1459 0.8944 -0.4228
vn 0.3333 0.7835 -0.5244
vn 0.2789 0.7764 -0.5651
vn 0.3869 0.7859 -0.4823
vn 0.5356 0.4999 -0.6806
vn 0.5012 0.4986 -0.7072
vn 0.4658 0.4952 -0.7333
vn 0.5966 0.1505 -0.7883
vn 0.5861 0.1486 -0.7965
vn 0.6069 0.1502 -0.7805
vn 0.2458 0.9560 -0.1603
vn 0.3111 0.9441 -0.1093
vn 0.3910 0.8910 -0.2308
vn 0.3306 0.9014 -0.2796
vn 0.4399 0.7829 -0.4399
vn 0.4932 0.7736 -0.3978
vn 0.6039 0.4924 -0.6267
vn 0.5697 0.4984 -0.6535
vn 0.6173 0.1488 -0.7725
vn 0.6274 0.1476 -0.7646
vn 0.3767 0.9245 -0.0574
vn 0.4428 0.8966 -0.0049
vn 0.5160 0.8464 -0.1319
vn 0.4532 0.8727 -0.1818
vn 0.5463 0.7585 -0.3553
vn 0.6003 0.7367 -0.3113
vn 0.6731 0.4709 -0.5703
vn 0.6381 0.4839 -0.5990
vn 0.6382 0.1454 -0.7560
vn 0.6489 0.1418 -0.7475
vn 0.7613 0.5962 0.2548
vn 0.7028 0.6812 0.2052
vn 0.8159 0.4947 0.2993
vn 0.8682 0.4688 0.1624
vn 0.8171 0.5642 0.1187
vn 0.7613 0.6445 0.0713
vn 0.8639 0.4958 -0.0885
vn 0.8149 0.5646 -0.1311
vn 0.9099 0.4118 -0.0489
vn 0.8766 0.2685 -0.3993
vn 0.8460 0.3208 -0.4259
vn 0.8126 0.3647 -0.4546
vn 0.7039 0.0983 -0.7034
vn 0.6927 0.1108 -0.7127
vn 0.7139 0.0831 -0.6953
vn 0.6403 0.7527 0.1532
vn 0.5739 0.8127 0.1008
vn 0.7016 0.7122 0.0208
vn 0.6403 0.7675 -0.0301
vn 0.7624 0.6226 -0.1761
vn 0.7090 0.6694 -0.2220
vn 0.7773 0.4017 -0.4842
vn 0.7425 0.4302 -0.5134
vn 0.6811 0.1216 -0.7220
vn 0.6702 0.1305 -0.7306
vn 0.5087 0.8596 0.0478
vn 0.5790 0.8113 -0.0811
vn 0.6557 0.7064 -0.2667
vn 0.7082 0.4523 -0.5421
vn 0.6593 0.1370 -0.7393
vn 0.9152 0.1190 0.3851
vn 0.8951 0.2543 0.3663
vn 0.9214 -0.0221 0.3881
vn 0.9680 -0.0211 0.2501
vn 0.9628 0.1128 0.2456
vn 0.9429 0.2423 0.2286
vn 0.9946 0.0993 0.0293
vn 0.9768 0.2136 0.0136
vn 0.9993 -0.0190 0.0332
vn 0.9390 -0.0125 -0.3437
vn 0.9361 0.0649 -0.3458
vn 0.9233 0.1394 -0.3578
vn 0.7339 0.0201 -0.6790
vn 0.7290 0.0433 -0.6831
vn 0.7352 -0.0038 -0.6779
vn 0.9107 -0.1624 0.3798
vn 0.8856 -0.2952 0.3584
vn 0.9343 -0.2801 0.2204
vn 0.9579 -0.1541 0.2423
vn 0.9904 -0.1359 0.0252
vn 0.9689 -0.2474 0.0059
vn 0.9177 -0.1625 -0.3626
vn 0.9329 -0.0890 -0.3490
vn 0.7335 -0.0275 -0.6791
vn 0.7280 -0.0501 -0.6838
vn 0.8486 -0.4172 0.3254
vn 0.7993 -0.5286 0.2859
vn 0.8512 -0.5030 0.1501
vn 0.8984 -0.3966 0.1885
vn 0.9362 -0.3507 -0.0235
vn 0.8953 -0.4415 -0.0599
vn 0.8671 -0.2866 -0.4075
vn 0.8951 -0.2293 -0.3825
vn 0.7202 -0.0702 -0.6902
vn 0.7104 -0.0876 -0.6984
vn 0.4878 -0.8724 0.0312
vn 0.5529 -0.8289 0.0845
vn 0.4217 -0.9065 -0.0216
vn 0.4957 -0.8559 -0.1474
vn 0.5592 -0.8234 -0.0968
vn 0.6210 -0.7825 -0.0462
vn 0.6387 -0.7163 -0.2810
vn 0.6929 -0.6816 -0.2352
vn 0.5845 -0.7433 -0.3254
vn 0.6619 -0.4746 -0.5802
vn 0.6961 -0.4589 -0.5521
vn 0.7316 -0.4379 -0.5226
vn 0.6557 -0.1388 -0.7421
vn 0.6664 -0.1324 -0.7337
vn 0.6454 -0.1434 -0.7503
vn 0.6185 -0.7737 0.1375
vn 0.6826 -0.7058 0.1895
vn 0.6814 -0.7319 0.0046
vn 0.7417 -0.6684 0.0556
vn 0.7452 -0.6391 -0.1901
vn 0.7983 -0.5845 -0.1452
vn 0.7668 -0.4114 -0.4927
vn 0.8015 -0.3773 -0.4639
vn 0.6782 -0.1239 -0.7243
vn 0.6890 -0.1141 -0.7157
vn 0.7431 -0.6247 0.2397
vn 0.7979 -0.5936 0.1050
vn 0.8490 -0.5186 -0.1010
vn 0.8353 -0.3353 -0.4357
vn 0.6990 -0.1023 -0.7078
vn -0.5433 -0.3809 -0.7482
vn -0.4200 -0.3617 -0.8323
vn -0.2250 -0.3185 -0.9208
vn 0.1380 -0.2078 -0.9684
vn 0.4864 -0.0640 -0.8714
vn 0.8613 0.3806 0.3367
vn 0.9105 0.3619 0.2003
vn 0.9482 0.3175 -0.0135
vn 0.9029 0.2075 -0.3763
vn 0.7221 0.0646 -0.6888
vn -0.0174 0.9316 -0.3631
vn 0.0837 0.8783 -0.4708
vn 0.2250 0.7632 -0.6057
vn 0.4308 0.4877 -0.7593
vn 0.5755 0.1461 -0.8047
vn 0.3563 -0.9315 -0.0737
vn 0.4343 -0.8789 -0.1972
vn 0.5311 -0.7628 -0.3688
vn 0.6276 -0.4864 -0.6079
vn 0.6344 -0.1471 -0.7588
vn 0.6030 0.1206 0.7886
vn 0.5811 0.2584 0.7717
vn 0.6090 -0.0225 0.7928
vn 0.5079 -0.0217 0.8611
vn 0.5019 0.1153 0.8572
vn 0.4810 0.2475 0.8411
vn 0.3947 0.1082 0.9124
vn 0.3757 0.2329 0.8970
vn 0.3984 -0.0204 0.9170
vn 0.2685 -0.0188 0.9631
vn 0.2658 0.0987 0.9590
vn 0.2496 0.2128 0.9447
vn 0.1211 0.0863 0.9889
vn 0.1075 0.1864 0.9766
vn 0.1242 -0.0167 0.9921
vn 0.5970 -0.1643 0.7853
vn 0.5701 -0.2994 0.7651
vn 0.4714 -0.2864 0.8342
vn 0.4972 -0.1571 0.8533
vn 0.3882 -0.1477 0.9096
vn 0.3606 -0.2695 0.8929
vn 0.2339 -0.2464 0.9405
vn 0.2590 -0.1352 0.9564
vn 0.1157 -0.1186 0.9862
vn 0.0962 -0.2158 0.9717
vn 0.5304 -0.4235 0.7344
vn 0.4788 -0.5348 0.6962
vn 0.3831 -0.5124 0.7686
vn 0.4323 -0.4055 0.8054
vn 0.3263 -0.3814 0.8649
vn 0.2851 -0.4816 0.8288
vn 0.1670 -0.4403 0.8822
vn 0.2023 -0.3485 0.9152
vn 0.0666 -0.3054 0.9499
vn 0.0334 -0.3865 0.9217
vn 0.1753 -0.8871 0.4269
vn 0.2353 -0.8403 0.4884
vn 0.1199 -0.9226 0.3667
vn 0.0595 -0.8972 0.4377
vn 0.1051 -0.8579 0.5029
vn 0.1565 -0.8091 0.5664
vn 0.0362 -0.8196 0.5718
vn 0.0806 -0.7679 0.6355
vn -0.0014 -0.8637 0.5040
vn -0.0658 -0.8188 0.5703
vn -0.0393 -0.7680 0.6392
vn -0.0043 -0.7129 0.7012
vn -0.1251 -0.6982 0.7049
vn -0.1009 -0.6403 0.7615
vn -0.1408 -0.7579 0.6370
vn 0.2982 -0.7826 0.5464
vn 0.3621 -0.7130 0.6004
vn 0.2128 -0.7520 0.6239
vn 0.2718 -0.6847 0.6763
vn 0.1309 -0.7102 0.6918
vn 0.1804 -0.6451 0.7425
vn 0.0353 -0.6549 0.7549
vn 0.0776 -0.5918 0.8023
vn -0.0725 -0.5832 0.8091
vn -0.0383 -0.5238 0.8510
vn 0.4222 -0.6310 0.6509
vn 0.3288 -0.6054 0.7249
vn 0.2315 -0.5697 0.7886
vn 0.1221 -0.5211 0.8447
vn -0.0017 -0.4589 0.8885
vn -0.2179 0.9614 0.1680
vn -0.2837 0.9517 0.1175
vn -0.1524 0.9639 0.2185
vn -0.2258 0.9228 0.3122
vn -0.2889 0.9203 0.2639
vn -0.3518 0.9109 0.2158
vn -0.3556 0.8641 0.3561
vn -0.4148 0.8551 0.3109
vn -0.2959 0.8668 0.4013
vn -0.3671 0.7896 0.4917
vn -0.4217 0.7868 0.4507
vn -0.4761 0.7782 0.4096
vn -0.4840 0.6862 0.5430
vn -0.5315 0.6781 0.5076
vn -0.4364 0.6890 0.5787
vn -0.0864 0.9593 0.2688
vn -0.0203 0.9475 0.3191
vn -0.0992 0.9071 0.4090
vn -0.1631 0.9183 0.3607
vn -0.2365 0.8629 0.4467
vn -0.1767 0.8523 0.4923
vn -0.2586 0.7770 0.5739
vn -0.3129 0.7865 0.5324
vn -0.3892 0.6864 0.6144
vn -0.3413 0.6786 0.6504
vn 0.0461 0.9279 0.3699
vn 0.1135 0.9000 0.4209
vn 0.0305 0.8626 0.5050
vn -0.0349 0.8888 0.4569
vn -0.1163 0.8351 0.5376
vn -0.0553 0.8112 0.5822
vn -0.1480 0.7396 0.6566
vn -0.2034 0.7612 0.6158
vn -0.2927 0.6655 0.6866
vn -0.2433 0.6473 0.7223
vn 0.4434 0.6008 0.6651
vn 0.3827 0.6859 0.6190
vn 0.4980 0.5010 0.7078
vn 0.4015 0.4807 0.7796
vn 0.3449 0.5773 0.7401
vn 0.2881 0.6587 0.6951
vn 0.2463 0.5440 0.8021
vn 0.1891 0.6208 0.7609
vn 0.3005 0.4531 0.8393
vn 0.1840 0.4149 0.8911
vn 0.1373 0.4985 0.8560
vn 0.0811 0.5687 0.8186
vn 0.0095 0.4385 0.8987
vn -0.0385 0.5006 0.8648
vn 0.0510 0.3648 0.9297
vn 0.3163 0.7575 0.5711
vn 0.2481 0.8163 0.5216
vn 0.2269 0.7267 0.6484
vn 0.1586 0.7828 0.6017
vn 0.1319 0.6846 0.7169
vn 0.0714 0.7372 0.6719
vn 0.0246 0.6268 0.7788
vn -0.0282 0.6743 0.7379
vn -0.0892 0.5513 0.8295
vn -0.1396 0.5916 0.7940
vn 0.1809 0.8631 0.4715
vn 0.0945 0.8275 0.5535
vn 0.0075 0.7791 0.6269
vn -0.0882 0.7115 0.6971
vn -0.1911 0.6233 0.7583
vn -0.3600 -0.9329 0.0041
vn -0.4096 -0.9116 -0.0352
vn -0.4645 -0.8845 0.0441
vn -0.4071 -0.9110 0.0659
vn -0.4531 -0.8817 0.1318
vn -0.5140 -0.8490 0.1224
vn -0.5610 -0.8020 0.2051
vn -0.4966 -0.8445 0.2005
vn -0.5360 -0.7985 0.2741
vn -0.6058 -0.7381 0.2970
vn -0.7565 -0.6014 -0.2570
vn -0.6946 -0.6876 -0.2114
vn -0.8117 -0.5013 -0.2998
vn -0.8582 -0.4787 -0.1851
vn -0.8047 -0.5757 -0.1452
vn -0.7450 -0.6591 -0.1031
vn -0.8416 -0.5392 -0.0308
vn -0.7843 -0.6203 0.0059
vn -0.8920 -0.4471 -0.0661
vn -0.9108 -0.4078 0.0647
vn -0.8652 -0.4923 0.0955
vn -0.8142 -0.5668 0.1258
vn -0.8722 -0.4316 0.2302
vn -0.8291 -0.4982 0.2538
vn -0.9115 -0.3564 0.2052
vn -0.6268 -0.7615 -0.1650
vn -0.5551 -0.8232 -0.1192
vn -0.6796 -0.7310 -0.0616
vn -0.6106 -0.7916 -0.0223
vn -0.7233 -0.6893 0.0414
vn -0.6587 -0.7488 0.0737
vn -0.7596 -0.6320 0.1536
vn -0.6996 -0.6922 0.1776
vn -0.7825 -0.5592 0.2738
vn -0.7306 -0.6186 0.2891
vn -0.4815 -0.8732 -0.0755
vn -0.5380 -0.8428 0.0138
vn -0.5880 -0.8025 0.1014
vn -0.6326 -0.7494 0.1955
vn -0.6715 -0.6783 0.2982
vn -0.9167 -0.1203 -0.3811
vn -0.8947 -0.2579 -0.3646
vn -0.9225 0.0224 -0.3852
vn -0.9636 0.0218 -0.2665
vn -0.9584 -0.1146 -0.2616
vn -0.9374 -0.2461 -0.2463
vn -0.9844 -0.1080 -0.1388
vn -0.9649 -0.2315 -0.1236
vn -0.9896 0.0201 -0.1426
vn -0.9998 0.0183 -0.0017
vn -0.9952 -0.0983 0.0004
vn -0.9774 -0.2111 0.0139
vn -0.9847 -0.0846 0.1525
vn -0.9695 -0.1821 0.1641
vn -0.9885 0.0161 0.1501
vn -0.9115 0.1639 -0.3772
vn -0.8855 0.2987 -0.3558
vn -0.9289 0.2843 -0.2373
vn -0.9531 0.1565 -0.2589
vn -0.9799 0.1472 -0.1347
vn -0.9567 0.2675 -0.1151
vn -0.9694 0.2444 0.0231
vn -0.9909 0.1342 0.0060
vn -0.9808 0.1159 0.1571
vn -0.9621 0.2112 0.1726
vn -0.8462 0.4227 -0.3245
vn -0.7965 0.5331 -0.2851
vn -0.8439 0.5090 -0.1694
vn -0.8913 0.4032 -0.2075
vn -0.9217 0.3782 -0.0860
vn -0.8774 0.4773 -0.0492
vn -0.8975 0.4331 0.0834
vn -0.9376 0.3443 0.0498
vn -0.9342 0.2981 0.1957
vn -0.8992 0.3751 0.2253
vn -0.4819 0.8755 -0.0355
vn -0.5490 0.8313 -0.0871
vn -0.4159 0.9093 0.0158
vn -0.4779 0.8702 0.1194
vn -0.5422 0.8373 0.0707
vn -0.6076 0.7940 0.0216
vn -0.5948 0.7844 0.1761
vn -0.6563 0.7432 0.1302
vn -0.5343 0.8158 0.2212
vn -0.5858 0.7411 0.3281
vn -0.6409 0.7115 0.2881
vn -0.6959 0.6742 0.2475
vn -0.6754 0.6175 0.4031
vn -0.7228 0.5844 0.3688
vn -0.6272 0.6447 0.4371
vn -0.6156 0.7757 -0.1388
vn -0.6796 0.7086 -0.1900
vn -0.6703 0.7416 -0.0279
vn -0.7304 0.6787 -0.0772
vn -0.7146 0.6945 0.0838
vn -0.7700 0.6370 0.0378
vn -0.7498 0.6288 0.2060
vn -0.8011 0.5756 0.1640
vn -0.7693 0.5449 0.3335
vn -0.8152 0.4975 0.2967
vn -0.7404 0.6282 -0.2394
vn -0.7896 0.6007 -0.1249
vn -0.8258 0.5639 -0.0071
vn -0.8509 0.5109 0.1224
vn -0.8588 0.4415 0.2598
vn 0.5457 0.3861 0.7438
vn 0.4480 0.3701 0.8138
vn 0.3436 0.3489 0.8719
vn 0.2217 0.3188 0.9215
vn 0.0845 0.2800 0.9563
vn -0.8589 -0.3861 -0.3365
vn -0.9034 -0.3683 -0.2196
vn -0.9334 -0.3452 -0.0981
vn -0.9485 -0.3147 0.0364
vn -0.9446 -0.2730 0.1823
vn 0.0701 -0.9420 0.3282
vn 0.0244 -0.9218 0.3870
vn -0.0254 -0.8948 0.4458
vn -0.0757 -0.8607 0.5035
vn -0.1343 -0.8186 0.5584
vn -0.3497 0.9345 0.0668
vn -0.4147 0.8944 0.1677
vn -0.4740 0.8394 0.2660
vn -0.5305 0.7634 0.3686
vn -0.5792 0.6647 0.4720
vn -0.9408 -0.1131 -0.3195
vn -0.9455 0.0142 -0.3252
vn -0.9212 -0.2461 -0.3014
vn -0.9775 -0.2107 -0.0139
vn -0.9950 -0.0966 -0.0273
vn -0.9995 0.0118 -0.0307
vn -0.9365 -0.0640 0.3448
vn -0.9386 0.0076 0.3448
vn -0.9261 -0.1391 0.3506
vn -0.6307 -0.0068 0.7760
vn -0.6312 -0.0038 0.7756
vn -0.6280 0.0002 0.7782
vn -0.2524 0.0468 0.9665
vn -0.2504 -0.0062 0.9681
vn -0.2580 0.1030 0.9607
vn -0.9391 0.1254 -0.3200
vn -0.9207 0.2476 -0.3018
vn -0.9939 0.1078 -0.0246
vn -0.9772 0.2122 -0.0059
vn -0.9339 0.0703 0.3504
vn -0.9208 0.1388 0.3645
vn -0.6259 0.0017 0.7799
vn -0.6273 0.0051 0.7788
vn -0.2534 -0.0524 0.9659
vn -0.2634 -0.1026 0.9592
vn -0.8823 0.3893 -0.2646
vn -0.8246 0.5251 -0.2104
vn -0.9431 0.3314 0.0275
vn -0.8925 0.4448 0.0747
vn -0.8951 0.2168 0.3897
vn -0.8605 0.2875 0.4206
vn -0.6236 0.0104 0.7817
vn -0.6183 0.0106 0.7859
vn -0.2805 -0.1612 0.9462
vn -0.3008 -0.2195 0.9281
vn -0.2421 0.8939 0.3772
vn -0.1649 0.8491 0.5018
vn -0.3738 0.8987 0.2295
vn -0.4921 0.7577 0.4288
vn -0.3719 0.7507 0.5461
vn -0.3044 0.6995 0.6466
vn -0.5077 0.4670 0.7240
vn -0.4708 0.4063 0.7831
vn -0.5874 0.4825 0.6497
vn -0.5773 -0.0486 0.8151
vn -0.5789 -0.1179 0.8068
vn -0.6004 -0.2159 0.7700
vn -0.4934 -0.5953 0.6341
vn -0.5326 -0.6731 0.5131
vn -0.4428 -0.5035 0.7419
vn -0.5194 0.8504 0.0835
vn -0.6490 0.7596 -0.0420
vn -0.7378 0.6403 0.2137
vn -0.6235 0.7163 0.3133
vn -0.6772 0.4582 0.5756
vn -0.7555 0.4097 0.5112
vn -0.6016 0.0044 0.7988
vn -0.5882 -0.0118 0.8086
vn -0.3955 -0.4171 0.8183
vn -0.3562 -0.3420 0.8696
vn -0.7498 0.6468 -0.1390
vn -0.8266 0.5463 0.1348
vn -0.8162 0.3501 0.4596
vn -0.6121 0.0088 0.7907
vn -0.3249 -0.2772 0.9042
vn -0.1676 -0.9381 0.3031
vn -0.2411 -0.9384 0.2475
vn -0.0956 -0.9295 0.3562
vn -0.2633 -0.8001 0.5390
vn -0.3237 -0.8083 0.4919
vn -0.3864 -0.8082 0.4445
vn -0.4862 -0.5512 0.6781
vn -0.5286 -0.5520 0.6449
vn -0.4466 -0.5435 0.7108
vn -0.6078 -0.0405 0.7931
vn -0.6104 -0.0415 0.7910
vn -0.6137 -0.0420 0.7884
vn -0.5840 0.3777 0.7186
vn -0.5542 0.3794 0.7408
vn -0.6126 0.3721 0.6973
vn -0.3134 -0.9301 0.1915
vn -0.3856 -0.9128 0.1344
vn -0.4484 -0.8008 0.3970
vn -0.5112 -0.7858 0.3482
vn -0.5706 -0.5474 0.6122
vn -0.6135 -0.5367 0.5793
vn -0.6167 -0.0416 0.7861
vn -0.6196 -0.0410 0.7839
vn -0.5245 0.3772 0.7633
vn -0.4947 0.3707 0.7860
vn -0.4700 -0.8801 0.0672
vn -0.5671 -0.8236 -0.0107
vn -0.5851 -0.7572 0.2904
vn -0.6698 -0.7084 0.2225
vn -0.6633 -0.5166 0.5414
vn -0.7212 -0.4827 0.4969
vn -0.6230 -0.0429 0.7810
vn -0.6270 -0.0405 0.7780
vn -0.4603 0.3576 0.8125
vn -0.4197 0.3362 0.8431
vn -0.8519 -0.4665 -0.2380
vn -0.8743 -0.4115 -0.2573
vn -0.8171 -0.5369 -0.2099
vn -0.8859 -0.4601 0.0583
vn -0.9165 -0.3984 0.0364
vn -0.9353 -0.3530 0.0236
vn -0.8863 -0.2644 0.3802
vn -0.8967 -0.2352 0.3751
vn -0.8661 -0.3069 0.3946
vn -0.6258 -0.0130 0.7799
vn -0.6239 -0.0083 0.7814
vn -0.6202 -0.0067 0.7845
vn -0.2857 0.1996 0.9373
vn -0.2740 0.1761 0.9455
vn -0.3037 0.2281 0.9251
vn -0.7702 -0.6141 -0.1724
vn -0.7158 -0.6862 -0.1297
vn -0.7992 -0.5883 0.1230
vn -0.8457 -0.5264 0.0880
vn -0.8400 -0.3531 0.4120
vn -0.8093 -0.3967 0.4332
vn -0.6275 -0.0235 0.7783
vn -0.6271 -0.0184 0.7787
vn -0.3264 0.2588 0.9091
vn -0.3522 0.2863 0.8910
vn -0.6518 -0.7542 -0.0792
vn -0.7435 -0.6481 0.1648
vn -0.7719 -0.4394 0.4594
vn -0.6284 -0.0304 0.7773
vn -0.3820 0.3111 0.8702
vn -0.3402 0.7337 0.5881
vn -0.4426 0.7296 0.5214
vn -0.2333 0.7533 0.6148
vn -0.3779 0.5587 0.7383
vn -0.4682 0.5137 0.7189
vn -0.5471 0.5020 0.6698
vn -0.5789 0.1599 0.7996
vn -0.6124 0.1466 0.7769
vn -0.5335 0.2213 0.8164
vn -0.6173 -0.3927 0.6817
vn -0.5807 -0.4369 0.6870
vn -0.5359 -0.4437 0.7183
vn -0.4401 -0.7787 0.4470
vn -0.3572 -0.7848 0.5064
vn -0.5102 -0.7570 0.4082
vn -0.5075 0.7396 0.4421
vn -0.5343 0.7656 0.3584
vn -0.5982 0.5233 0.6069
vn -0.6220 0.5752 0.5313
vn -0.6385 0.1790 0.7485
vn -0.6612 0.2491 0.7077
vn -0.5108 -0.4198 0.7502
vn -0.5104 -0.3737 0.7745
vn -0.2949 -0.7753 0.5585
vn -0.2639 -0.7549 0.6004
vn -0.5170 0.8058 0.2888
vn -0.4375 0.8574 0.2710
vn -0.6070 0.6456 0.4634
vn -0.5439 0.7130 0.4425
vn -0.6670 0.3443 0.6608
vn -0.6361 0.4303 0.6405
vn -0.5477 -0.2959 0.7826
vn -0.6030 -0.1952 0.7735
vn -0.2833 -0.7217 0.6316
vn -0.3704 -0.6665 0.6469
vn 0.3096 0.6765 0.6682
vn 0.4116 0.5443 0.7309
vn 0.1725 0.7956 0.5807
vn -0.0431 0.6760 0.7356
vn 0.0743 0.5765 0.8137
vn 0.1585 0.4653 0.8708
vn -0.2351 0.3793 0.8949
vn -0.1785 0.3082 0.9344
vn -0.3119 0.4443 0.8398
vn -0.6142 0.0238 0.7888
vn -0.6018 0.0269 0.7982
vn -0.5933 0.0233 0.8046
vn -0.7801 -0.2753 0.5619
vn -0.8121 -0.2150 0.5424
vn -0.7344 -0.3449 0.5846
vn 0.0170 0.8757 0.4825
vn -0.1492 0.9104 0.3858
vn -0.3098 0.7732 0.5534
vn -0.1745 0.7438 0.6452
vn -0.4003 0.4889 0.7750
vn -0.4894 0.5054 0.7107
vn -0.6415 -0.0370 0.7662
vn -0.6304 0.0058 0.7762
vn -0.6741 -0.4202 0.6074
vn -0.5926 -0.5031 0.6291
vn -0.3076 0.9000 0.3089
vn -0.4378 0.7611 0.4786
vn -0.5738 0.4845 0.6603
vn -0.6351 -0.1057 0.7652
vn -0.4875 -0.5890 0.6445
vn 0.5571 0.1221 0.8214
vn 0.5660 0.0117 0.8244
vn 0.5327 0.2627 0.8045
vn 0.2742 0.2256 0.9348
vn 0.2968 0.1054 0.9491
vn 0.3033 0.0103 0.9528
vn -0.0791 0.0705 0.9944
vn -0.0716 0.0069 0.9974
vn -0.0945 0.1510 0.9840
vn -0.5785 0.0135 0.8155
vn -0.5822 0.0054 0.8130
vn -0.5789 0.0008 0.8154
vn -0.8589 -0.0471 0.5100
vn -0.8609 -0.0042 0.5088
vn -0.8500 -0.1016 0.5168
vn 0.5649 -0.1009 0.8190
vn 0.5470 -0.2231 0.8069
vn 0.3008 -0.0868 0.9497
vn 0.2779 -0.1929 0.9410
vn -0.0682 -0.0588 0.9959
vn -0.0835 -0.1305 0.9879
vn -0.5670 -0.0054 0.8237
vn -0.5648 -0.0132 0.8251
vn -0.8580 0.0394 0.5121
vn -0.8509 0.0863 0.5181
vn 0.5168 -0.3303 0.7898
vn 0.4892 -0.4179 0.7655
vn 0.2560 -0.2852 0.9236
vn 0.2391 -0.3608 0.9015
vn -0.0896 -0.1937 0.9770
vn -0.1045 -0.2464 0.9635
vn -0.5659 -0.0193 0.8242
vn -0.5712 -0.0241 0.8205
vn -0.8408 0.1272 0.5262
vn -0.8285 0.1608 0.5363
vn 0.0879 -0.8708 0.4837
vn 0.0191 -0.8993 0.4369
vn 0.1889 -0.8109 0.5539
vn -0.0191 -0.7015 0.7125
vn -0.1047 -0.7527 0.6500
vn -0.1648 -0.7750 0.6101
vn -0.3376 -0.5152 0.7877
vn -0.3782 -0.5291 0.7596
vn -0.2798 -0.4803 0.8312
vn -0.5863 -0.0552 0.8082
vn -0.5967 -0.0503 0.8009
vn -0.6021 -0.0422 0.7973
vn -0.6827 0.3371 0.6483
vn -0.6574 0.3542 0.6651
vn -0.7185 0.3081 0.6236
vn 0.2952 -0.7202 0.6279
vn 0.3847 -0.6128 0.6902
vn 0.1484 -0.5307 0.8345
vn 0.0722 -0.6230 0.7789
vn -0.2160 -0.4253 0.8789
vn -0.1679 -0.3604 0.9175
vn -0.5719 -0.0389 0.8194
vn -0.5748 -0.0495 0.8168
vn -0.7558 0.2712 0.5960
vn -0.7879 0.2313 0.5707
vn 0.4513 -0.5069 0.7344
vn 0.2040 -0.4390 0.8750
vn -0.1389 -0.2985 0.9442
vn -0.5764 -0.0295 0.8166
vn -0.8121 0.1936 0.5504
vn -0.8952 -0.3488 -0.2775
vn -0.9538 -0.3002 0.0074
vn -0.9095 -0.1998 0.3645
vn -0.6240 -0.0078 0.7814
vn -0.2656 0.1478 0.9527
vn 0.4827 0.4117 0.7730
vn 0.2219 0.3526 0.9091
vn -0.1316 0.2353 0.9630
vn -0.5825 0.0207 0.8126
vn -0.8340 -0.1604 0.5279
vn -0.1653 0.7941 0.5849
vn -0.3118 0.6266 0.7143
vn -0.4873 0.3151 0.8144
vn -0.6222 -0.3174 0.7156
vn -0.5416 -0.7243 0.4267
vn -0.0329 -0.9153 0.4014
vn -0.2103 -0.7874 0.5794
vn -0.4108 -0.5353 0.7380
vn -0.6054 -0.0400 0.7949
vn -0.6373 0.3641 0.6792
vn 0.7261 0.0193 -0.6873
vn 0.7233 0.0412 -0.6893
vn 0.7272 -0.0036 -0.6864
vn 0.9313 -0.0120 -0.3640
vn 0.9280 0.0643 -0.3671
vn 0.9161 0.1383 -0.3763
vn 0.9948 0.1001 0.0210
vn 0.9767 0.2145 0.0037
vn 0.9995 -0.0191 0.0265
vn 0.9687 -0.0215 0.2472
vn 0.9636 0.1134 0.2419
vn 0.9440 0.2428 0.2235
vn 0.9156 0.1201 0.3836
vn 0.8946 0.2577 0.3652
vn 0.9213 -0.0226 0.3882
vn 0.7259 -0.0262 -0.6873
vn 0.7210 -0.0474 -0.6913
vn 0.9109 -0.1591 -0.3808
vn 0.9259 -0.0872 -0.3675
vn 0.9904 -0.1369 0.0183
vn 0.9685 -0.2489 -0.0026
vn 0.9343 -0.2833 0.2166
vn 0.9586 -0.1560 0.2381
vn 0.9102 -0.1650 0.3798
vn 0.8847 -0.2996 0.3571
vn 0.7141 -0.0666 -0.6968
vn 0.7044 -0.0836 -0.7049
vn 0.8616 -0.2799 -0.4235
vn 0.8892 -0.2228 -0.3997
vn 0.9357 -0.3515 -0.0313
vn 0.8950 -0.4409 -0.0674
vn 0.8517 -0.5038 0.1443
vn 0.8978 -0.4000 0.1840
vn 0.8477 -0.4208 0.3231
vn 0.7978 -0.5320 0.2836
vn 0.6539 -0.1328 -0.7448
vn 0.6640 -0.1269 -0.7369
vn 0.6441 -0.1371 -0.7526
vn 0.6615 -0.4658 -0.5878
vn 0.6958 -0.4491 -0.5604
vn 0.7296 -0.4285 -0.5329
vn 0.6390 -0.7146 -0.2846
vn 0.6926 -0.6802 -0.2403
vn 0.5844 -0.7418 -0.3289
vn 0.4966 -0.8549 -0.1499
vn 0.5576 -0.8241 -0.0998
vn 0.6203 -0.7828 -0.0492
vn 0.4862 -0.8733 0.0295
vn 0.5524 -0.8295 0.0823
vn 0.4215 -0.9065 -0.0231
vn 0.6744 -0.1188 -0.7288
vn 0.6849 -0.1089 -0.7204
vn 0.7648 -0.4008 -0.5044
vn 0.7991 -0.3670 -0.4763
vn 0.7462 -0.6366 -0.1949
vn 0.7978 -0.5838 -0.1503
vn 0.6805 -0.7328 0.0018
vn 0.7406 -0.6700 0.0512
vn 0.6170 -0.7753 0.1351
vn 0.6829 -0.7064 0.1864
vn 0.6946 -0.0976 -0.7128
vn 0.8303 -0.3290 -0.4498
vn 0.8479 -0.5189 -0.1084
vn 0.7996 -0.5923 0.0991
vn 0.7429 -0.6260 0.2371
vn 0.5977 0.1436 -0.7888
vn 0.5876 0.1429 -0.7964
vn 0.6075 0.1443 -0.7811
vn 0.5391 0.4896 -0.6853
vn 0.5054 0.4888 -0.7111
vn 0.4719 0.4848 -0.7364
vn 0.3351 0.7818 -0.5258
vn 0.2818 0.7743 -0.5665
vn 0.3890 0.7832 -0.4850
vn 0.2699 0.9051 -0.3286
vn 0.2085 0.9026 -0.3766
vn 0.1468 0.8938 -0.4238
vn 0.1148 0.9581 -0.2624
vn 0.0498 0.9485 -0.3129
vn 0.1803 0.9605 -0.2118
vn 0.6173 0.1445 -0.7734
vn 0.6272 0.1423 -0.7657
vn 0.6064 0.4818 -0.6326
vn 0.5722 0.4880 -0.6591
vn 0.4424 0.7794 -0.4436
vn 0.4953 0.7705 -0.4013
vn 0.3924 0.8899 -0.2326
vn 0.3315 0.9008 -0.2805
vn 0.2457 0.9558 -0.1613
vn 0.3124 0.9435 -0.1101
vn 0.6371 0.1386 -0.7582
vn 0.6471 0.1353 -0.7503
vn 0.6737 0.4595 -0.5788
vn 0.6404 0.4718 -0.6060
vn 0.5478 0.7559 -0.3584
vn 0.6011 0.7345 -0.3151
vn 0.5143 0.8470 -0.1346
vn 0.4526 0.8725 -0.1841
vn 0.3765 0.9246 -0.0583
vn 0.4420 0.8970 -0.0065
vn 0.6986 0.0940 -0.7094
vn 0.6884 0.1063 -0.7175
vn 0.7073 0.0790 -0.7025
vn 0.8715 0.2614 -0.4150
vn 0.8414 0.3132 -0.4403
vn 0.8092 0.3560 -0.4674
vn 0.8643 0.4940 -0.0944
vn 0.8145 0.5637 -0.1374
vn 0.9096 0.4119 -0.0545
vn 0.8666 0.4734 0.1580
vn 0.8156 0.5672 0.1147
vn 0.7607 0.6457 0.0667
vn 0.7584 0.6009 0.2526
vn 0.6986 0.6858 0.2041
vn 0.8151 0.4982 0.2957
vn 0.6779 0.1163 -0.7259
vn 0.6676 0.1243 -0.7340
vn 0.7769 0.3897 -0.4944
vn 0.7427 0.4191 -0.5223
vn 0.7631 0.6206 -0.1805
vn 0.7103 0.6670 -0.2249
vn 0.7000 0.7139 0.0168
vn 0.6404 0.7673 -0.0336
vn 0.6375 0.7553 0.1519
vn 0.5727 0.8137 0.0992
vn 0.6572 0.1309 -0.7423
vn 0.7080 0.4422 -0.5506
vn 0.6561 0.7046 -0.2702
vn 0.5787 0.8112 -0.0842
vn 0.5089 0.8596 0.0462
vn 0.6142 -0.1442 -0.7758
vn 0.6241 -0.1427 -0.7682
vn 0.6044 -0.1442 -0.7835
vn 0.5280 -0.4912 -0.6928
vn 0.5614 -0.4895 -0.6673
vn 0.5945 -0.4845 -0.6418
vn 0.4250 -0.7813 -0.4571
vn 0.4778 -0.7742 -0.4150
vn 0.3715 -0.7838 -0.4976
vn 0.2509 -0.9048 -0.3441
vn 0.3123 -0.9025 -0.2965
vn 0.3738 -0.8938 -0.2480
vn 0.2243 -0.9583 -0.1769
vn 0.2902 -0.9486 -0.1264
vn 0.1595 -0.9606 -0.2277
vn 0.5944 -0.1441 -0.7912
vn 0.5846 -0.1424 -0.7987
vn 0.4608 -0.4820 -0.7452
vn 0.4943 -0.4887 -0.7189
vn 0.3181 -0.7801 -0.5387
vn 0.2650 -0.7701 -0.5802
vn 0.1278 -0.8895 -0.4387
vn 0.1896 -0.9004 -0.3915
vn 0.0945 -0.9558 -0.2785
vn 0.0290 -0.9440 -0.3287
vn 0.5745 -0.1396 -0.8065
vn 0.5636 -0.1363 -0.8147
vn 0.3918 -0.4608 -0.7964
vn 0.4261 -0.4734 -0.7709
vn 0.2111 -0.7549 -0.6209
vn 0.1560 -0.7335 -0.6615
vn 0.0008 -0.8458 -0.5335
vn 0.0651 -0.8716 -0.4859
vn -0.0381 -0.9247 -0.3789
vn -0.1056 -0.8968 -0.4296
vn 0.5119 -0.0938 -0.8539
vn 0.5214 -0.1061 -0.8467
vn 0.5014 -0.0791 -0.8616
vn 0.1832 -0.2630 -0.9472
vn 0.2151 -0.3146 -0.9245
vn 0.2494 -0.3567 -0.9003
vn -0.1251 -0.4965 -0.8590
vn -0.0712 -0.5650 -0.8220
vn -0.1734 -0.4141 -0.8936
vn -0.3682 -0.4735 -0.8001
vn -0.3157 -0.5671 -0.7607
vn -0.2571 -0.6470 -0.7179
vn -0.4360 -0.5977 -0.6728
vn -0.3721 -0.6833 -0.6282
vn -0.4882 -0.4998 -0.7154
vn 0.5338 -0.1163 -0.8376
vn 0.5447 -0.1246 -0.8293
vn 0.2831 -0.3928 -0.8750
vn 0.3217 -0.4216 -0.8478
vn -0.0189 -0.6217 -0.7830
vn 0.0406 -0.6686 -0.7425
vn -0.1923 -0.7133 -0.6740
vn -0.1271 -0.7675 -0.6283
vn -0.3070 -0.7546 -0.5800
vn -0.2416 -0.8126 -0.5304
vn 0.5539 -0.1311 -0.8222
vn 0.3594 -0.4429 -0.8214
vn 0.1005 -0.7050 -0.7020
vn -0.0636 -0.8114 -0.5810
vn -0.1726 -0.8598 -0.4806
vn 0.4830 -0.0192 -0.8754
vn 0.4886 -0.0412 -0.8716
vn 0.4798 0.0037 -0.8774
vn 0.1216 0.0120 -0.9925
vn 0.1231 -0.0640 -0.9903
vn 0.1356 -0.1370 -0.9812
vn -0.2682 -0.1002 -0.9581
vn -0.2510 -0.2145 -0.9439
vn -0.2696 0.0187 -0.9628
vn -0.4822 0.0213 -0.8758
vn -0.4745 -0.1138 -0.8729
vn -0.4551 -0.2436 -0.8565
vn -0.6004 -0.1196 -0.7907
vn -0.5780 -0.2573 -0.7744
vn -0.6045 0.0226 -0.7963
vn 0.4829 0.0265 -0.8753
vn 0.4899 0.0480 -0.8705
vn 0.1403 0.1586 -0.9773
vn 0.1254 0.0873 -0.9883
vn -0.2613 0.1366 -0.9555
vn -0.2409 0.2484 -0.9382
vn -0.4415 0.2834 -0.8513
vn -0.4693 0.1555 -0.8692
vn -0.5923 0.1640 -0.7889
vn -0.5674 0.2984 -0.7675
vn 0.4961 0.0673 -0.8656
vn 0.5058 0.0834 -0.8586
vn 0.1917 0.2801 -0.9406
vn 0.1616 0.2228 -0.9614
vn -0.2076 0.3504 -0.9133
vn -0.1638 0.4411 -0.8824
vn -0.3552 0.5029 -0.7880
vn -0.4043 0.4000 -0.8225
vn -0.5264 0.4222 -0.7380
vn -0.4719 0.5328 -0.7024
vn 0.5573 0.1322 -0.8197
vn 0.5466 0.1259 -0.8279
vn 0.5674 0.1374 -0.8119
vn 0.4027 0.4641 -0.7890
vn 0.3678 0.4479 -0.8149
vn 0.3317 0.4274 -0.8410
vn 0.1140 0.7146 -0.6902
vn 0.0595 0.6808 -0.7301
vn 0.1718 0.7406 -0.6496
vn 0.0216 0.8549 -0.5183
vn -0.0441 0.8234 -0.5657
vn -0.1085 0.7828 -0.6127
vn -0.1496 0.8732 -0.4638
vn -0.2180 0.8296 -0.5140
vn -0.0826 0.9067 -0.4137
vn 0.5363 0.1190 -0.8356
vn 0.5257 0.1094 -0.8436
vn 0.2962 0.4012 -0.8668
vn 0.2636 0.3675 -0.8919
vn 0.0044 0.6370 -0.7709
vn -0.0544 0.5833 -0.8104
vn -0.1709 0.7323 -0.6592
vn -0.2346 0.6699 -0.7044
vn -0.2858 0.7748 -0.5639
vn -0.3503 0.7083 -0.6128
vn 0.5165 0.0971 -0.8508
vn 0.2305 0.3279 -0.9162
vn -0.1109 0.5191 -0.8475
vn -0.2978 0.5931 -0.7480
vn -0.4127 0.6278 -0.6599
vn 0.7161 0.0612 -0.6953
vn 0.8962 0.2048 -0.3935
vn 0.9474 0.3192 -0.0222
vn 0.9111 0.3631 0.1949
vn 0.8608 0.3838 0.3342
vn 0.4928 -0.0614 -0.8680
vn 0.1577 -0.2035 -0.9663
vn -0.2156 -0.3200 -0.9226
vn -0.4192 -0.3648 -0.8314
vn -0.5372 -0.3860 -0.7499
vn 0.6341 -0.1403 -0.7604
vn 0.6275 -0.4773 -0.6152
vn 0.5304 -0.7617 -0.3721
vn 0.4353 -0.8780 -0.1990
vn 0.3564 -0.9313 -0.0752
vn 0.5771 0.1411 -0.8044
vn 0.4373 0.4766 -0.7627
vn 0.2285 0.7604 -0.6079
vn 0.0854 0.8780 -0.4710
vn -0.0151 0.9316 -0.3633
vn 0.2296 -0.0508 -0.9720
vn 0.1391 0.9890 0.0507
vn 0.1116 0.9900 0.0864
vn 0.0457 0.9983 0.0354
vn 0.0732 0.9973 -0.0003
vn 0.0839 0.9890 0.1219
vn 0.0181 0.9973 0.0710
vn -0.0529 0.9985 0.0163
vn -0.0252 0.9995 -0.0196
vn 0.0025 0.9985 -0.0553
vn -0.1091 0.9904 -0.0845
vn -0.0810 0.9894 -0.1204
vn -0.1369 0.9894 -0.0482
vn -0.2301 0.9658 -0.1197
vn -0.2021 0.9668 -0.1565
vn -0.1735 0.9658 -0.1928
vn 0.7432 -0.1667 0.6480
vn 0.7794 -0.1685 0.6034
vn 0.7879 0.0844 0.6100
vn 0.7488 0.0860 0.6572
vn 0.8134 -0.1668 0.5572
vn 0.8238 0.0860 0.5603
vn 0.7843 0.3280 0.5266
vn 0.7472 0.3269 0.5786
vn 0.7062 0.3279 0.6275
vn -0.6108 0.0119 0.7917
vn -0.6122 -0.0001 0.7907
vn -0.6116 0.0120 0.7911
vn -0.6136 -0.0123 0.7895
vn -0.6126 -0.0124 0.7903
vn -0.6115 -0.0123 0.7911
vn -0.6125 0.0120 0.7904
vn 0.6306 0.0411 -0.7750
vn 0.6203 0.0504 -0.7828
vn 0.6141 0.0629 -0.7867
vn 0.6263 0.0576 -0.7775
vn 0.6109 0.0634 -0.7891
vn 0.6025 0.0718 -0.7949
vn 0.5927 0.0775 -0.8017
vn 0.6063 0.0712 -0.7920
vn 0.6199 0.0694 -0.7816
vn 0.4063 -0.8312 0.3796
vn 0.4383 -0.8323 0.3393
vn 0.5516 -0.7164 0.4272
vn 0.5194 -0.7152 0.4676
vn 0.4693 -0.8311 0.2983
vn 0.5828 -0.7152 0.3857
vn 0.6885 -0.5548 0.4671
vn 0.6573 -0.5559 0.5090
vn 0.6245 -0.5547 0.5498
vn -0.6134 0.0135 0.7897
vn -0.6089 0.0028 0.7933
vn -0.6051 0.0084 0.7961
vn -0.6103 0.0191 0.7920
vn -0.6037 -0.0079 0.7972
vn -0.5989 -0.0019 0.8008
vn -0.5934 0.0092 0.8048
vn -0.6006 0.0198 0.7993
vn -0.6059 0.0322 0.7949
vn -0.6110 0.0634 0.7891
vn -0.6024 0.0504 0.7966
vn -0.6079 0.0628 0.7916
vn -0.6187 0.0717 0.7824
vn -0.5924 0.0410 0.8046
vn -0.5959 0.0576 0.8010
vn -0.6015 0.0694 0.7958
vn -0.6149 0.0711 0.7854
vn -0.6276 0.0775 0.7746
vn -0.3824 -0.8217 -0.4226
vn -0.4430 -0.8287 -0.3420
vn -0.3353 -0.9077 -0.2523
vn -0.2647 -0.9012 -0.3431
vn -0.5065 -0.8210 -0.2635
vn -0.4088 -0.8979 -0.1631
vn -0.3380 -0.9385 -0.0707
vn -0.2536 -0.9519 -0.1719
vn -0.1718 -0.9463 -0.2737
vn -0.3743 0.8590 -0.3494
vn -0.4037 0.8598 -0.3126
vn -0.4984 0.7763 -0.3859
vn -0.4685 0.7757 -0.4228
vn -0.4320 0.8590 -0.2748
vn -0.5266 0.7757 -0.3478
vn -0.6100 0.6773 -0.4112
vn -0.5818 0.6772 -0.4504
vn -0.5508 0.6773 -0.4877
vn 0.5849 0.0571 -0.8091
vn 0.5721 0.0358 -0.8194
vn 0.5748 0.0217 -0.8180
vn 0.5837 0.0493 -0.8105
vn 0.5564 0.0179 -0.8307
vn 0.5632 -0.0030 -0.8263
vn 0.5740 -0.0181 -0.8187
vn 0.5819 0.0118 -0.8132
vn 0.5873 0.0442 -0.8082
vn -0.6145 0.0116 0.7889
vn -0.6120 -0.0000 0.7908
vn -0.6110 0.0007 0.7916
vn -0.6146 0.0118 0.7888
vn -0.6092 -0.0119 0.7929
vn -0.6071 -0.0107 0.7946
vn 0.2777 0.9037 0.3257
vn 0.3346 0.9062 0.2585
vn 0.2190 0.9615 0.1661
vn 0.1562 0.9576 0.2422
vn 0.3853 0.9038 0.1864
vn 0.2758 0.9574 0.0852
vn 0.2014 0.9795 0.0084
vn 0.1374 0.9856 0.0987
vn 0.0677 0.9804 0.1848
vn 0.5960 0.0726 -0.7997
vn 0.6112 0.0741 -0.7880
vn 0.5799 0.0764 -0.8111
vn 0.5669 0.0637 -0.8213
vn 0.5848 0.0655 -0.8085
vn 0.6009 0.0726 -0.7960
vn 0.6776 0.5153 0.5247
vn 0.6342 0.5158 0.5760
vn 0.7164 0.5158 0.4698
vn 0.6201 0.6812 0.3891
vn 0.5786 0.6815 0.4480
vn 0.5320 0.6812 0.5030
vn -0.6249 0.0726 0.7773
vn -0.6399 0.0764 0.7646
vn -0.6098 0.0742 0.7891
vn -0.6202 0.0727 0.7810
vn -0.6363 0.0655 0.7686
vn -0.6531 0.0637 0.7546
vn 0.6206 -0.0079 -0.7841
vn 0.6156 0.0028 -0.7881
vn 0.6193 0.0084 -0.7851
vn 0.6254 -0.0019 -0.7803
vn 0.6109 0.0135 -0.7916
vn 0.6139 0.0191 -0.7892
vn 0.6178 0.0322 -0.7857
vn 0.6235 0.0198 -0.7816
vn 0.6305 0.0093 -0.7762
vn 0.6128 -0.0124 -0.7901
vn 0.6139 -0.0122 -0.7893
vn 0.6117 0.0120 -0.7910
vn 0.6108 0.0118 -0.7917
vn 0.6098 0.0116 -0.7924
vn 0.6123 -0.0000 -0.7906
vn 0.6151 -0.0119 -0.7884
vn 0.7338 -0.3724 0.5682
vn 0.7001 -0.3710 0.6102
vn 0.7659 -0.3710 0.5251
vn 0.1977 -0.9561 0.2165
vn 0.2286 -0.9573 0.1770
vn 0.3273 -0.9103 0.2534
vn 0.2958 -0.9091 0.2934
vn 0.2591 -0.9561 0.1372
vn 0.3581 -0.9091 0.2130
vn -0.6652 0.0181 0.7464
vn -0.6503 0.0360 0.7588
vn -0.6494 0.0224 0.7601
vn -0.6607 -0.0021 0.7506
vn -0.6370 0.0572 0.7688
vn -0.6396 0.0497 0.7671
vn -0.6382 0.0451 0.7686
vn -0.6448 0.0131 0.7643
vn -0.6528 -0.0165 0.7574
vn -0.6728 0.5253 -0.5209
vn -0.6396 0.5267 -0.5599
vn -0.7023 0.5267 -0.4790
vn -0.7805 0.3262 -0.5333
vn -0.7481 0.3237 -0.5793
vn -0.7117 0.3263 -0.6221
vn -0.5992 0.0354 0.7998
vn -0.6054 0.0498 0.7944
vn -0.5910 0.0244 0.8063
vn 0.6243 0.0354 -0.7804
vn 0.6326 0.0244 -0.7741
vn 0.6175 0.0498 -0.7850
vn 0.6133 0.0007 -0.7898
vn 0.6172 -0.0107 -0.7867
vn 0.6097 0.0118 -0.7925
vn 0.4575 0.8156 0.3542
vn 0.4063 0.8144 0.4144
vn 0.5029 0.8143 0.2897
vn 0.0260 -0.9962 0.0825
vn 0.0563 -0.9975 0.0436
vn 0.1418 -0.9838 0.1098
vn 0.1113 -0.9826 0.1490
vn 0.0864 -0.9962 0.0045
vn 0.1721 -0.9826 0.0705
vn -0.2993 0.9256 -0.2317
vn -0.2703 0.9246 -0.2684
vn -0.3275 0.9246 -0.1944
vn -0.5500 -0.0056 0.8351
vn -0.5636 0.0211 0.8258
vn -0.5659 0.0294 0.8239
vn -0.5496 0.0073 0.8354
vn -0.5737 0.0505 0.8175
vn -0.5782 0.0545 0.8140
vn -0.5810 0.0620 0.8115
vn -0.5668 0.0421 0.8228
vn -0.5482 0.0261 0.8359
vn 0.6426 0.0452 -0.7649
vn 0.6483 0.0092 -0.7613
vn 0.6560 0.0146 -0.7546
vn 0.6482 0.0475 -0.7600
vn 0.6552 -0.0249 -0.7550
vn 0.6654 -0.0160 -0.7463
vn 0.6702 -0.0058 -0.7422
vn 0.6578 0.0210 -0.7529
vn 0.6474 0.0503 -0.7605
vn -0.0304 0.9817 -0.1881
vn -0.1131 0.9894 -0.0911
vn -0.0869 0.9944 -0.0607
vn 0.0013 0.9857 -0.1685
vn -0.1888 0.9819 0.0140
vn -0.1696 0.9840 0.0547
vn -0.1458 0.9816 0.1231
vn -0.0628 0.9980 0.0087
vn 0.0255 0.9939 -0.1071
vn -0.5407 -0.0239 0.8409
vn -0.5464 0.0115 0.8375
vn -0.5653 0.0096 0.8248
vn -0.5579 -0.0261 0.8295
vn -0.5508 0.0477 0.8333
vn -0.5698 0.0467 0.8205
vn -0.5709 0.0468 0.8197
vn -0.5654 0.0115 0.8248
vn -0.5565 -0.0219 0.8306
vn -0.5625 0.0156 0.8267
vn -0.5515 -0.0148 0.8340
vn -0.5701 0.0483 0.8202
vn -0.5685 0.0599 0.8205
vn -0.5480 0.0515 0.8349
vn -0.5847 0.0729 0.8080
vn -0.5928 0.0848 0.8008
vn -0.5753 0.0807 0.8140
vn -0.5532 0.0821 0.8290
vn -0.1543 0.9805 -0.1217
vn -0.2217 0.9747 -0.0272
vn -0.0788 0.9747 -0.2093
vn -0.1402 0.9603 -0.2413
vn -0.2084 0.9646 -0.1617
vn -0.2686 0.9602 -0.0761
vn 0.6439 0.0065 -0.7651
vn 0.6496 -0.0306 -0.7597
vn 0.6390 0.0451 -0.7679
vn 0.6522 0.0483 -0.7565
vn 0.6572 0.0078 -0.7537
vn 0.6622 -0.0314 -0.7486
vn 0.2958 -0.9536 0.0568
vn 0.2075 -0.9628 0.1730
vn 0.2670 -0.9402 0.2115
vn 0.3484 -0.9312 0.1072
vn 0.1211 -0.9478 0.2950
vn 0.1894 -0.9285 0.3195
vn 0.2712 -0.8921 0.3613
vn 0.3418 -0.9015 0.2653
vn 0.4164 -0.8927 0.1722
vn -0.5896 0.0928 0.8023
vn -0.5700 0.1042 0.8150
vn -0.6055 0.0903 0.7907
vn -0.6170 0.0809 0.7828
vn -0.6038 0.0819 0.7929
vn -0.5874 0.0906 0.8042
vn -0.2706 0.9396 -0.2094
vn -0.3250 0.9365 -0.1318
vn -0.2090 0.9365 -0.2817
vn -0.2880 0.8984 -0.3316
vn -0.3439 0.9005 -0.2663
vn -0.3932 0.8984 -0.1958
vn 0.6559 0.0294 -0.7542
vn 0.6434 0.0545 -0.7636
vn 0.6711 0.0073 -0.7413
vn 0.6720 0.0262 -0.7401
vn 0.6547 0.0421 -0.7547
vn 0.6402 0.0619 -0.7657
vn 0.4241 -0.8440 0.3284
vn 0.4913 -0.8359 0.2449
vn 0.3601 -0.8359 0.4143
vn 0.4472 -0.7626 0.4674
vn 0.5045 -0.7700 0.3906
vn 0.5645 -0.7625 0.3161
vn 0.6623 -0.6209 0.4194
vn 0.6150 -0.6286 0.4761
vn 0.6602 -0.5504 0.5111
vn 0.7051 -0.5425 0.4566
vn 0.5718 -0.6209 0.5362
vn 0.6186 -0.5426 0.5683
vn 0.6523 -0.4630 0.6001
vn 0.6972 -0.4718 0.5398
vn 0.7443 -0.4630 0.4813
vn -0.4398 0.8310 -0.3405
vn -0.4843 0.8300 -0.2767
vn -0.3891 0.8300 -0.3996
vn -0.5019 0.7211 -0.4777
vn -0.5478 0.7211 -0.4241
vn -0.5881 0.7210 -0.3663
vn 0.6520 0.0599 -0.7558
vn 0.6358 0.0729 -0.7684
vn 0.6711 0.0515 -0.7396
vn 0.6640 0.0821 -0.7432
vn 0.6440 0.0807 -0.7608
vn 0.6269 0.0848 -0.7745
vn 0.5672 -0.6968 0.4391
vn 0.6203 -0.6894 0.3740
vn 0.5173 -0.6895 0.5070
vn -0.6031 0.0532 0.7959
vn -0.6140 0.0476 0.7879
vn -0.6172 0.0402 0.7858
vn -0.6076 0.0508 0.7926
vn -0.6251 0.0442 0.7793
vn -0.6274 0.0328 0.7780
vn -0.6297 0.0252 0.7764
vn -0.6210 0.0351 0.7830
vn -0.6134 0.0487 0.7882
vn -0.6109 0.0614 0.7894
vn -0.6003 0.0627 0.7973
vn -0.6227 0.0616 0.7800
vn -0.6355 0.5951 -0.4920
vn -0.6727 0.5956 -0.4391
vn -0.5936 0.5956 -0.5413
vn -0.6674 0.4473 -0.5953
vn -0.7075 0.4466 -0.5477
vn -0.7435 0.4473 -0.4970
vn 0.6291 0.0928 -0.7718
vn 0.6139 0.0903 -0.7842
vn 0.6463 0.1041 -0.7559
vn 0.6315 0.0906 -0.7701
vn 0.6164 0.0819 -0.7832
vn 0.6034 0.0809 -0.7933
vn 0.5979 0.0442 -0.8003
vn 0.6090 0.0476 -0.7917
vn 0.6061 0.0402 -0.7943
vn 0.5962 0.0328 -0.8022
vn 0.6195 0.0532 -0.7832
vn 0.6151 0.0508 -0.7868
vn 0.6094 0.0487 -0.7913
vn 0.6025 0.0351 -0.7973
vn 0.5940 0.0252 -0.8040
vn -0.7670 0.2433 -0.5938
vn -0.8030 0.2444 -0.5436
vn -0.7273 0.2444 -0.6413
vn -0.7521 0.0358 -0.6581
vn -0.7902 0.0343 -0.6118
vn -0.8254 0.0358 -0.5634
vn 0.6112 0.0614 -0.7891
vn 0.5992 0.0616 -0.7982
vn 0.6216 0.0627 -0.7808
vn 0.8304 -0.0164 0.5570
vn 0.7906 -0.0194 0.6121
vn 0.7899 0.0462 0.6115
vn 0.8262 0.0490 0.5613
vn 0.7472 -0.0164 0.6645
vn 0.7503 0.0490 0.6593
vn 0.7442 0.1614 0.6482
vn 0.7806 0.1595 0.6044
vn 0.8139 0.1614 0.5581
vn -0.6142 0.0253 0.7888
vn -0.6202 0.0143 0.7843
vn -0.6152 0.0042 0.7883
vn -0.6091 0.0138 0.7929
vn -0.6271 0.0047 0.7790
vn -0.6217 -0.0052 0.7832
vn -0.6183 -0.0096 0.7859
vn -0.6126 0.0004 0.7904
vn -0.6072 0.0102 0.7945
vn 0.7506 0.3145 0.5811
vn 0.7819 0.3159 0.5374
vn 0.7160 0.3159 0.6225
vn 0.6660 0.4683 0.5807
vn 0.6992 0.4670 0.5413
vn 0.7289 0.4683 0.4994
vn -0.6230 0.0269 0.7818
vn -0.6168 0.0403 0.7861
vn -0.6304 0.0165 0.7761
vn -0.7831 -0.1381 -0.6063
vn -0.8168 -0.1366 -0.5605
vn -0.7471 -0.1366 -0.6505
vn -0.7216 -0.2923 -0.6276
vn -0.7559 -0.2937 -0.5852
vn -0.7883 -0.2923 -0.5415
vn -0.6738 -0.5813 -0.4562
vn -0.6427 -0.5824 -0.4977
vn -0.5579 -0.7086 -0.4320
vn -0.5886 -0.7075 -0.3911
vn -0.6104 -0.5813 -0.5381
vn -0.5260 -0.7075 -0.4719
vn -0.4393 -0.8023 -0.4040
vn -0.4708 -0.8034 -0.3645
vn -0.5012 -0.8023 -0.3242
vn -0.7100 -0.4402 -0.5497
vn -0.7415 -0.4390 -0.5074
vn -0.6770 -0.4390 -0.5908
vn 0.6009 0.0269 -0.7989
vn 0.5936 0.0165 -0.8046
vn 0.6065 0.0403 -0.7941
vn 0.6098 0.0253 -0.7922
vn 0.6041 0.0143 -0.7968
vn 0.5972 0.0047 -0.8021
vn 0.6356 0.5949 0.4921
vn 0.6641 0.5955 0.4520
vn 0.6040 0.5954 0.5297
vn 0.5451 0.6857 0.4824
vn 0.5754 0.6859 0.4455
vn 0.6035 0.6857 0.4069
vn -0.6089 0.0113 0.7932
vn -0.6099 0.0117 0.7924
vn -0.6158 -0.0116 0.7878
vn -0.6147 -0.0120 0.7887
vn 0.6092 0.0041 -0.7930
vn 0.6025 -0.0052 -0.7981
vn 0.6151 0.0138 -0.7883
vn 0.6171 0.0103 -0.7868
vn 0.6117 0.0004 -0.7911
vn 0.6059 -0.0096 -0.7955
vn 0.5218 0.7513 0.4040
vn 0.5499 0.7507 0.3662
vn 0.4922 0.7507 0.4407
vn 0.4222 0.8203 0.3858
vn 0.4513 0.8211 0.3494
vn 0.4793 0.8203 0.3121
vn -0.6123 -0.0001 0.7906
vn -0.6079 0.0106 0.7940
vn -0.6169 -0.0109 0.7870
vn 0.6085 -0.0116 -0.7934
vn 0.6096 -0.0120 -0.7926
vn 0.6154 0.0112 -0.7881
vn 0.6144 0.0117 -0.7889
vn 0.6135 0.0119 -0.7896
vn 0.6106 -0.0123 -0.7918
vn -0.3835 -0.8745 -0.2970
vn -0.4136 -0.8734 -0.2572
vn -0.3526 -0.8734 -0.3361
vn -0.2625 -0.9276 -0.2657
vn -0.2930 -0.9288 -0.2269
vn -0.3229 -0.9277 -0.1876
vn 0.6074 -0.0110 -0.7943
vn 0.6165 0.0106 -0.7873
vn 0.3563 0.8927 0.2759
vn 0.3840 0.8918 0.2391
vn 0.3277 0.8918 0.3119
vn 0.2325 0.9432 0.2375
vn 0.2606 0.9441 0.2018
vn 0.2881 0.9432 0.1656
vn 0.5876 0.0073 -0.8091
vn 0.5913 0.0438 -0.8053
vn 0.5812 -0.0270 -0.8133
vn 0.5833 -0.0301 -0.8117
vn 0.5893 0.0057 -0.8079
vn 0.5926 0.0429 -0.8044
vn 0.1803 0.9737 0.1396
vn 0.2077 0.9727 0.1038
vn 0.1525 0.9727 0.1751
vn -0.2049 -0.9658 -0.1586
vn -0.2347 -0.9647 -0.1196
vn -0.1746 -0.9647 -0.1973
vn -0.0898 -0.9872 -0.1316
vn -0.1200 -0.9884 -0.0929
vn -0.1499 -0.9872 -0.0540
vn -0.0323 -0.9992 -0.0250
vn -0.0623 -0.9980 0.0139
vn -0.0021 -0.9980 -0.0638
vn 0.1761 -0.9711 0.1613
vn 0.0791 -0.9520 0.2957
vn 0.2708 -0.9620 0.0344
vn 0.2739 -0.9583 0.0821
vn 0.1782 -0.9603 0.2149
vn 0.0772 -0.9350 0.3460
vn 0.6117 -0.0124 -0.7910
vn 0.6127 0.0120 -0.7903
vn -0.6136 0.0118 0.7896
vn -0.6104 -0.0122 0.7920
vn 0.5759 0.0517 -0.8158
vn 0.5913 0.0660 -0.8038
vn 0.5581 0.0418 -0.8287
vn -0.7447 -0.0867 -0.6617
vn -0.7874 -0.0910 -0.6097
vn -0.7488 -0.3214 -0.5797
vn -0.7033 -0.3160 -0.6368
vn -0.8271 -0.0867 -0.5553
vn -0.7927 -0.3159 -0.5214
vn -0.7148 -0.5332 -0.4525
vn -0.6657 -0.5395 -0.5155
vn -0.6171 -0.5332 -0.5787
vn -0.5561 -0.7109 -0.4306
vn -0.5028 -0.7040 -0.5016
vn -0.6115 -0.7041 -0.3610
vn -0.6456 0.0517 0.7619
vn -0.6626 0.0418 0.7478
vn -0.6301 0.0659 0.7737
vn 0.0986 0.9929 0.0665
vn 0.0200 0.9863 0.1638
vn 0.1712 0.9846 -0.0342
vn 0.1810 0.9808 -0.0721
vn 0.0974 0.9943 0.0444
vn 0.0232 0.9902 0.1376
vn -0.6406 0.0086 0.7678
vn -0.6469 -0.0252 0.7621
vn -0.6356 0.0449 0.7707
vn -0.6346 0.0451 0.7715
vn -0.6392 0.0071 0.7690
vn -0.6452 -0.0286 0.7635
vn -0.2205 -0.9686 -0.1144
vn -0.1270 -0.9648 -0.2301
vn -0.3147 -0.9492 0.0001
vn -0.2942 -0.9557 0.0030
vn -0.2039 -0.9732 -0.1068
vn -0.0959 -0.9657 -0.2413
vn 0.1186 -0.8619 0.4930
vn -0.0508 -0.7687 0.6376
vn -0.1060 -0.8272 0.5518
vn 0.1584 -0.7904 0.5918
vn 0.0127 -0.7166 0.6974
vn -0.2031 -0.5612 0.8024
vn -0.2542 -0.5821 0.7724
vn -0.3030 -0.6120 0.7305
vn -0.5242 -0.1059 0.8450
vn -0.4780 -0.0840 0.8744
vn -0.4856 -0.0120 0.8741
vn -0.4864 -0.2430 0.8393
vn -0.4535 -0.2122 0.8656
vn -0.4266 -0.1895 0.8844
vn -0.4414 -0.0672 0.8948
vn -0.4440 -0.0031 0.8960
vn -0.4216 -0.4086 0.8095
vn -0.3910 -0.3823 0.8372
vn -0.3628 -0.3649 0.8575
vn -0.2930 0.8969 0.3312
vn -0.2243 0.8705 0.4380
vn -0.0879 0.9535 0.2883
vn -0.4436 0.6979 0.5622
vn -0.3859 0.6828 0.6204
vn -0.3238 0.6813 0.6564
vn -0.1489 0.8468 0.5107
vn -0.0339 0.9143 0.4037
vn -0.5225 0.4827 0.7028
vn -0.4825 0.4606 0.7450
vn -0.5517 0.2966 0.7795
vn -0.5090 0.2700 0.8173
vn -0.4762 0.2520 0.8425
vn -0.4470 0.4532 0.7712
vn -0.4938 0.0492 0.8682
vn -0.5039 0.1273 0.8543
vn -0.5561 0.1391 0.8194
vn -0.4512 0.0499 0.8910
vn -0.4638 0.1179 0.8781
vn 0.4381 -0.8848 -0.1586
vn 0.4601 -0.8873 0.0319
vn 0.2973 -0.9146 0.2740
vn 0.5891 -0.6829 -0.4320
vn 0.6209 -0.7287 -0.2890
vn 0.6638 -0.6958 -0.2742
vn 0.5042 -0.8579 0.0991
vn 0.3241 -0.8634 0.3867
vn 0.6540 -0.4576 -0.6024
vn 0.6937 -0.4867 -0.5309
vn 0.6721 -0.2714 -0.6889
vn 0.7179 -0.2725 -0.6406
vn 0.7554 -0.2481 -0.6065
vn 0.7292 -0.4509 -0.5148
vn 0.7260 -0.0246 -0.6873
vn 0.7270 -0.1166 -0.6767
vn 0.6702 -0.1211 -0.7323
vn 0.7723 -0.0174 -0.6350
vn 0.7689 -0.1038 -0.6309
vn 0.0642 0.9938 0.0912
vn 0.2268 0.9654 -0.1286
vn 0.1987 0.9273 -0.3171
vn 0.1045 0.9711 0.2146
vn 0.2783 0.9592 -0.0508
vn 0.4763 0.7924 -0.3811
vn 0.4242 0.8079 -0.4091
vn 0.3977 0.7377 -0.5456
vn 0.6375 0.1469 -0.7563
vn 0.6971 0.1595 -0.6990
vn 0.7166 0.0608 -0.6948
vn 0.5978 0.3144 -0.7374
vn 0.6483 0.3287 -0.6867
vn 0.6944 0.3132 -0.6479
vn 0.7423 0.1579 -0.6512
vn 0.7637 0.0677 -0.6420
vn 0.5253 0.5133 -0.6787
vn 0.5637 0.5583 -0.6087
vn 0.6119 0.5331 -0.5842
vn 0.7400 -0.0907 0.6664
vn 0.5385 -0.0692 0.8398
vn 0.5439 0.0012 0.8392
vn 0.7278 -0.1828 0.6610
vn 0.5421 -0.1559 0.8257
vn 0.1832 -0.1000 0.9780
vn 0.1387 -0.0340 0.9898
vn 0.1257 0.0238 0.9918
vn 0.7146 -0.2538 0.6519
vn 0.5430 -0.2080 0.8136
vn 0.6985 -0.3157 0.6422
vn 0.5180 -0.2461 0.8192
vn 0.1755 -0.1005 0.9793
vn 0.2218 -0.1137 0.9684
vn 0.4735 -0.3935 0.7880
vn 0.4893 -0.3128 0.8141
vn 0.6770 -0.3883 0.6252
vn 0.1187 -0.2151 0.9694
vn 0.1266 -0.1394 0.9821
vn -0.1671 -0.0599 0.9841
vn -0.1662 0.0012 0.9861
vn -0.3543 0.0395 0.9343
vn -0.3475 0.0639 0.9355
vn -0.2764 0.0340 0.9605
vn -0.1164 0.0102 0.9931
vn -0.5295 0.0690 0.8455
vn -0.4813 0.0803 0.8729
vn -0.5092 0.0983 0.8550
vn -0.3862 0.0495 0.9211
vn -0.3553 0.0385 0.9340
vn -0.1960 0.0391 0.9798
vn -0.1754 0.0009 0.9845
vn -0.1205 -0.0327 0.9922
vn -0.0474 -0.0373 0.9982
vn 0.9485 0.0011 0.3167
vn 0.9478 -0.0691 0.3113
vn 0.8306 -0.0907 0.5495
vn 0.9917 0.0238 -0.1260
vn 0.9930 -0.0340 -0.1134
vn 0.9927 -0.1002 -0.0675
vn 0.9353 -0.1561 0.3176
vn 0.8222 -0.1828 0.5390
vn 0.8996 0.0391 -0.4350
vn 0.9095 0.0010 -0.4158
vn 0.7954 0.0495 -0.6040
vn 0.8152 0.0385 -0.5779
vn 0.8604 0.0339 -0.5085
vn 0.9303 -0.0328 -0.3652
vn 0.7003 0.0982 -0.7071
vn 0.7246 0.0803 -0.6845
vn 0.6861 0.0690 -0.7242
vn 0.8154 0.0395 -0.5776
vn 0.8187 0.0638 -0.5707
vn 0.9108 -0.0598 -0.4084
vn 0.9128 0.0012 -0.4084
vn 0.9683 -0.2152 -0.1272
vn 0.9825 -0.1396 -0.1229
vn 0.9921 -0.1008 -0.0751
vn 0.9322 0.0098 -0.3618
vn 0.7749 -0.3883 0.4987
vn 0.9106 -0.3130 0.2700
vn 0.8814 -0.3935 0.2612
vn 0.7968 -0.3156 0.5153
vn 0.9227 -0.2461 0.2967
vn 0.8102 -0.2538 0.5284
vn 0.9236 -0.2082 0.3219
vn 0.9931 -0.1142 -0.0279
vn 0.9544 -0.0379 -0.2960
vn -0.4550 0.8905 -0.0054
vn -0.5558 0.8273 -0.0811
vn -0.3601 0.9307 0.0644
vn -0.5575 0.7226 0.4087
vn -0.6308 0.6889 0.3571
vn -0.7074 0.6397 0.3008
vn -0.6802 0.4282 0.5950
vn -0.7259 0.3984 0.5606
vn -0.6357 0.4506 0.6268
vn -0.6435 0.2419 0.7263
vn -0.6664 0.2299 0.7093
vn -0.6893 0.2151 0.6918
vn -0.6318 0.0701 0.7719
vn -0.6369 0.0676 0.7680
vn -0.6258 0.0731 0.7766
vn 0.1359 -0.8708 0.4725
vn 0.0430 -0.9166 0.3974
vn 0.2406 -0.7954 0.5562
vn -0.1006 -0.6031 0.7913
vn -0.1808 -0.6622 0.7272
vn -0.2512 -0.6990 0.6695
vn -0.4062 -0.3980 0.8225
vn -0.4485 -0.4221 0.7878
vn -0.3569 -0.3610 0.8616
vn -0.4870 -0.1968 0.8510
vn -0.5153 -0.2176 0.8289
vn -0.5391 -0.2307 0.8101
vn -0.5849 -0.0685 0.8082
vn -0.5930 -0.0726 0.8019
vn -0.5744 -0.0610 0.8163
vn 0.4914 -0.8708 0.0133
vn 0.5987 -0.7954 0.0940
vn 0.3955 -0.9167 -0.0577
vn 0.5853 -0.6990 -0.4107
vn 0.6586 -0.6623 -0.3573
vn 0.7409 -0.6031 -0.2956
vn 0.6945 -0.3979 -0.5995
vn 0.7445 -0.3607 -0.5618
vn 0.6504 -0.4221 -0.6316
vn 0.6492 -0.2306 -0.7248
vn 0.6736 -0.2176 -0.7064
vn 0.7019 -0.1967 -0.6846
vn 0.6362 -0.0686 -0.7685
vn 0.6467 -0.0611 -0.7603
vn 0.6279 -0.0727 -0.7749
vn -0.1193 0.8904 -0.4392
vn -0.0280 0.9307 -0.3647
vn -0.2177 0.8273 -0.5178
vn 0.1140 0.6396 -0.7602
vn 0.1877 0.6888 -0.7003
vn 0.2560 0.7226 -0.6421
vn 0.4057 0.4281 -0.8075
vn 0.4476 0.4506 -0.7724
vn 0.3610 0.3984 -0.8432
vn 0.4971 0.2151 -0.8406
vn 0.5198 0.2299 -0.8228
vn 0.5421 0.2420 -0.8048
vn 0.5891 0.0701 -0.8050
vn 0.5952 0.0730 -0.8002
vn 0.5839 0.0676 -0.8090
vn -0.5997 -0.0750 0.7967
vn -0.6062 -0.0763 0.7917
vn -0.5800 -0.2434 0.7774
vn -0.5595 -0.2389 0.7937
vn -0.4853 -0.4373 0.7571
vn -0.5226 -0.4458 0.7268
vn -0.3735 -0.7334 0.5680
vn -0.3123 -0.7213 0.6183
vn -0.0385 -0.9428 0.3311
vn -0.1195 -0.9565 0.2662
vn 0.6211 -0.0750 -0.7801
vn 0.6147 -0.0762 -0.7851
vn 0.6282 -0.2388 -0.7405
vn 0.6073 -0.2435 -0.7562
vn 0.6115 -0.4372 -0.6595
vn 0.5728 -0.4458 -0.6879
vn 0.5205 -0.7212 -0.4571
vn 0.4564 -0.7333 -0.5039
vn 0.3110 -0.9428 -0.1201
vn 0.2278 -0.9565 -0.1824
vn 0.6019 0.0752 -0.7950
vn 0.6082 0.0766 -0.7901
vn 0.5851 0.2550 -0.7698
vn 0.5644 0.2502 -0.7867
vn 0.4888 0.4657 -0.7377
vn 0.5269 0.4735 -0.7058
vn 0.3829 0.7537 -0.5341
vn 0.3225 0.7437 -0.5856
vn 0.0597 0.9542 -0.2933
vn 0.1387 0.9635 -0.2290
vn 0.5065 -0.0092 -0.8622
vn 0.5132 -0.0468 -0.8570
vn 0.5105 0.0307 -0.8593
vn 0.3836 -0.0544 -0.9219
vn 0.3958 -0.1232 -0.9100
vn 0.4223 -0.1787 -0.8887
vn 0.2440 -0.2636 -0.9332
vn 0.2951 -0.3381 -0.8936
vn 0.2103 -0.1633 -0.9639
vn -0.0623 -0.3145 -0.9472
vn 0.0070 -0.4495 -0.8932
vn 0.0926 -0.5439 -0.8340
vn -0.3151 -0.6386 -0.7021
vn -0.1968 -0.7503 -0.6312
vn -0.4232 -0.4754 -0.7713
vn 0.6299 0.1372 -0.7644
vn 0.6477 0.1280 -0.7511
vn 0.6132 0.1406 -0.7773
vn 0.6505 0.3026 -0.6966
vn 0.6894 0.2819 -0.6673
vn 0.7274 0.2458 -0.6407
vn 0.7297 0.4432 -0.5206
vn 0.7924 0.3775 -0.4792
vn 0.6656 0.4834 -0.5685
vn 0.6334 0.6905 -0.3493
vn 0.7262 0.6308 -0.2732
vn 0.8197 0.5350 -0.2044
vn 0.6221 0.7795 0.0734
vn 0.7353 0.6560 0.1704
vn 0.5105 0.8594 -0.0295
vn -0.7586 -0.6386 -0.1294
vn -0.6619 -0.7489 -0.0321
vn -0.8528 -0.4752 -0.2167
vn -0.9327 -0.3143 0.1769
vn -0.8630 -0.4495 0.2305
vn -0.7852 -0.5427 0.2982
vn -0.8421 -0.2637 0.4705
vn -0.7920 -0.3371 0.5091
vn -0.8804 -0.1633 0.4451
vn -0.7964 -0.0544 0.6024
vn -0.7817 -0.1232 0.6113
vn -0.7552 -0.1780 0.6309
vn -0.7079 -0.0092 0.7062
vn -0.7016 -0.0466 0.7110
vn -0.7040 0.0307 0.7095
vn -0.6190 0.0752 0.7818
vn -0.6125 0.0765 0.7867
vn -0.6202 0.2503 0.7434
vn -0.5987 0.2551 0.7592
vn -0.5917 0.4657 0.6580
vn -0.5513 0.4737 0.6868
vn -0.4861 0.7437 0.4590
vn -0.4211 0.7537 0.5045
vn -0.2691 0.9541 0.1313
vn -0.1870 0.9635 0.1917
vn 0.2272 0.7796 0.5836
vn 0.3494 0.6562 0.6688
vn 0.1005 0.8595 0.5012
vn -0.1783 0.6908 0.7007
vn -0.0819 0.6311 0.7714
vn 0.0076 0.5352 0.8447
vn -0.3209 0.4433 0.8370
vn -0.2655 0.3773 0.8872
vn -0.3832 0.4838 0.7868
vn -0.5113 0.3028 0.8043
vn -0.4732 0.2820 0.8346
vn -0.4381 0.2458 0.8647
vn -0.5825 0.1372 0.8012
vn -0.5650 0.1280 0.8151
vn -0.5990 0.1406 0.7883
vn -0.6924 0.0615 0.7189
vn -0.6787 0.0774 0.7303
vn -0.7965 0.0124 0.6045
vn -0.7868 0.0642 0.6138
vn -0.8982 -0.0545 0.4361
vn -0.8968 0.0422 0.4404
vn -0.9775 -0.1541 0.1443
vn -0.9911 0.0026 0.1331
vn -0.9212 -0.2697 -0.2805
vn -0.9483 -0.0558 -0.3123
vn -0.5026 -0.2697 -0.8213
vn -0.5406 -0.0558 -0.8394
vn -0.1054 -0.1541 -0.9824
vn -0.1192 0.0027 -0.9929
vn 0.1974 -0.0545 -0.9788
vn 0.2023 0.0422 -0.9784
vn 0.3857 0.0123 -0.9225
vn 0.3970 0.0642 -0.9156
vn 0.5226 0.0615 -0.8504
vn 0.5371 0.0774 -0.8399
vn -0.5511 0.1119 0.8269
vn -0.5421 0.0910 0.8354
vn -0.3984 0.1428 0.9060
vn -0.4131 0.1973 0.8891
vn -0.2267 0.2935 0.9287
vn -0.2055 0.2009 0.9578
vn 0.1188 0.2738 0.9544
vn 0.0754 0.4127 0.9078
vn 0.4472 0.5007 0.7411
vn 0.5152 0.3228 0.7940
vn 0.6626 0.1119 -0.7406
vn 0.6730 0.0910 -0.7340
vn 0.7575 0.1973 -0.6223
vn 0.7774 0.1428 -0.6126
vn 0.8424 0.2937 -0.4517
vn 0.8759 0.2009 -0.4387
vn 0.8976 0.4127 -0.1547
vn 0.9538 0.2737 -0.1242
vn 0.8296 0.5007 0.2469
vn 0.8977 0.3227 0.2999
vn 0.5570 0.0925 0.8254
vn 0.5574 -0.1499 0.8166
vn 0.1453 0.0947 0.9849
vn 0.1459 -0.0962 0.9846
vn -0.1961 0.0842 0.9770
vn -0.1984 -0.0395 0.9793
vn -0.3916 0.0726 0.9172
vn -0.3930 -0.0033 0.9195
vn -0.5374 0.0610 0.8411
vn -0.5372 0.0263 0.8430
vn -0.6673 0.0851 0.7399
vn -0.6558 0.0914 0.7494
vn -0.7750 0.1055 0.6231
vn -0.7595 0.1469 0.6337
vn -0.8855 0.1256 0.4474
vn -0.8645 0.2100 0.4566
vn -0.9808 0.1440 0.1312
vn -0.9484 0.2854 0.1386
vn -0.9369 0.1409 -0.3200
vn -0.8919 0.3320 -0.3070
vn -0.8208 0.1242 -0.5575
vn 0.9386 0.0924 0.3325
vn 0.9302 -0.1500 0.3349
vn 0.9898 -0.0962 -0.1049
vn 0.9899 0.0946 -0.1058
vn 0.8968 0.0843 -0.4344
vn 0.8986 -0.0395 -0.4369
vn 0.7917 -0.0033 -0.6109
vn 0.7900 0.0727 -0.6088
vn 0.6799 0.0610 -0.7308
vn 0.6818 0.0263 -0.7310
vn -0.7452 0.1242 -0.6552
vn -0.5448 0.1409 -0.8266
vn -0.5209 0.3320 -0.7864
vn -0.1175 0.1441 -0.9826
vn -0.1026 0.2853 -0.9529
vn 0.2124 0.1256 -0.9691
vn 0.2262 0.2099 -0.9512
vn 0.4089 0.1056 -0.9065
vn 0.4229 0.1469 -0.8942
vn 0.5492 0.0852 -0.8313
vn 0.5612 0.0914 -0.8226
vn -0.8123 0.5194 -0.2654
vn -0.7235 0.6580 -0.2088
vn -0.8288 0.5216 0.2024
vn -0.8911 0.4230 0.1644
vn -0.8312 0.2892 0.4749
vn -0.7967 0.3397 0.4999
vn -0.7227 0.1968 0.6625
vn -0.7395 0.1811 0.6483
vn -0.6449 0.0903 0.7589
vn -0.6403 0.0792 0.7640
vn 0.5226 -0.3489 0.7779
vn 0.4521 -0.5282 0.7187
vn 0.1223 -0.2545 0.9593
vn 0.0681 -0.3964 0.9156
vn -0.2137 -0.1423 0.9665
vn -0.2501 -0.2326 0.9399
vn -0.4021 -0.0666 0.9132
vn -0.4236 -0.1216 0.8977
vn -0.5401 -0.0034 0.8416
vn -0.5486 -0.0290 0.8356
vn 0.8841 -0.3490 0.3109
vn 0.8093 -0.5282 0.2571
vn 0.9035 -0.3959 -0.1639
vn 0.9594 -0.2544 -0.1215
vn 0.8823 -0.1424 -0.4485
vn 0.8472 -0.2325 -0.4776
vn 0.7629 -0.1216 -0.6350
vn 0.7833 -0.0666 -0.6181
vn 0.6797 -0.0035 -0.7335
vn 0.6718 -0.0291 -0.7402
vn -0.4605 0.5195 -0.7197
vn -0.3830 0.6581 -0.6482
vn -0.0632 0.4231 -0.9039
vn -0.0111 0.5215 -0.8532
vn 0.2516 0.2892 -0.9236
vn 0.2843 0.3398 -0.8965
vn 0.4419 0.1813 -0.8786
vn 0.4599 0.1971 -0.8658
vn 0.5732 0.0903 -0.8144
vn 0.5792 0.0792 -0.8113
vn -0.3073 0.7489 -0.5871
vn 0.0450 0.5838 -0.8107
vn 0.3190 0.3687 -0.8731
vn 0.4765 0.2037 -0.8553
vn 0.5807 0.0695 -0.8112
vn -0.6453 0.7489 -0.1507
vn -0.7735 0.5840 0.2465
vn -0.7653 0.3686 0.5276
vn -0.7086 0.2035 0.6757
vn -0.6397 0.0695 0.7654
vn -0.5617 -0.0487 0.8259
vn -0.4555 -0.1661 0.8746
vn -0.3035 -0.3077 0.9018
vn -0.0150 -0.5169 0.8559
vn 0.3496 -0.6837 0.6406
vn 0.6590 -0.0488 -0.7506
vn 0.7325 -0.1661 -0.6602
vn 0.7969 -0.3075 -0.5201
vn 0.8250 -0.5166 -0.2289
vn 0.7079 -0.6835 0.1781
vn 0.6138 0.0767 -0.7857
vn 0.6190 0.0761 -0.7817
vn 0.6204 0.2541 -0.7420
vn 0.6033 0.2558 -0.7554
vn 0.5603 0.4746 -0.6789
vn 0.5916 0.4713 -0.6541
vn 0.4851 0.7485 -0.4521
vn 0.4356 0.7543 -0.4913
vn 0.2063 0.9627 -0.1753
vn 0.2696 0.9547 -0.1258
vn -0.6260 -0.0739 0.7763
vn -0.6196 -0.0756 0.7813
vn -0.6327 -0.0712 0.7711
vn -0.6652 -0.2271 0.7113
vn -0.6436 -0.2368 0.7278
vn -0.6230 -0.2423 0.7438
vn -0.6391 -0.4333 0.6355
vn -0.6010 -0.4437 0.6648
vn -0.6786 -0.4151 0.6059
vn -0.6304 -0.6829 0.3691
vn -0.5651 -0.7113 0.4180
vn -0.5024 -0.7283 0.4661
vn -0.3697 -0.9264 0.0712
vn -0.2879 -0.9482 0.1341
vn -0.4551 -0.8904 0.0067
vn 0.6079 -0.0764 -0.7903
vn 0.6012 -0.0757 -0.7955
vn 0.5856 -0.2447 -0.7728
vn 0.5641 -0.2423 -0.7894
vn 0.5327 -0.4480 -0.7180
vn 0.4931 -0.4437 -0.7483
vn 0.3903 -0.7359 -0.5533
vn 0.3254 -0.7283 -0.6031
vn 0.1422 -0.9584 -0.2474
vn 0.0577 -0.9482 -0.3123
vn 0.5947 -0.0740 -0.8005
vn 0.5879 -0.0713 -0.8058
vn 0.5435 -0.2366 -0.8054
vn 0.5222 -0.2270 -0.8220
vn 0.4554 -0.4331 -0.7778
vn 0.4170 -0.4149 -0.8086
vn 0.2632 -0.7113 -0.6517
vn 0.1997 -0.6829 -0.7027
vn -0.0235 -0.9264 -0.3757
vn -0.1073 -0.8905 -0.4422
vn -0.1028 -0.8470 0.5216
vn -0.0581 -0.8516 0.5210
vn -0.3020 -0.6252 0.7197
vn -0.2699 -0.6299 0.7283
vn -0.4214 -0.4179 0.8049
vn -0.4016 -0.4171 0.8153
vn -0.4911 -0.2511 0.8341
vn -0.4798 -0.2471 0.8419
vn -0.5364 -0.1101 0.8368
vn -0.5315 -0.1044 0.8406
vn -0.4453 0.0234 0.8951
vn -0.4884 0.0185 0.8724
vn -0.3167 0.9062 0.2801
vn -0.3322 0.9120 0.2406
vn -0.4786 0.7166 0.5074
vn -0.4640 0.7083 0.5320
vn -0.5383 0.4945 0.6824
vn -0.5497 0.4999 0.6693
vn -0.5755 0.3100 0.7568
vn -0.5679 0.3073 0.7636
vn -0.5741 0.1429 0.8062
vn -0.5777 0.1427 0.8037
vn 0.4385 -0.8758 -0.2017
vn 0.4644 -0.8676 -0.1775
vn 0.6159 -0.6503 -0.4447
vn 0.5896 -0.6624 -0.4621
vn 0.6510 -0.4441 -0.6155
vn 0.6719 -0.4320 -0.6016
vn 0.6807 -0.2563 -0.6863
vn 0.6659 -0.2663 -0.6969
vn 0.6601 -0.1183 -0.7418
vn 0.6692 -0.1095 -0.7350
vn 0.1798 0.9119 -0.3690
vn 0.1504 0.9118 -0.3821
vn 0.3852 0.7168 -0.5812
vn 0.3685 0.7168 -0.5920
vn 0.5129 0.5008 -0.6972
vn 0.5050 0.5000 -0.7036
vn 0.5845 0.3102 -0.7497
vn 0.5820 0.3095 -0.7520
vn 0.6244 0.1432 -0.7679
vn 0.6259 0.1417 -0.7669
vn 0.7710 0.0251 -0.6364
vn 0.7229 0.0176 -0.6907
vn 0.2074 -0.8947 0.3955
vn 0.2317 -0.8269 0.5125
vn -0.0159 0.9794 0.2013
vn 0.0242 0.9427 0.3329
vn 0.5152 -0.8480 -0.1247
vn 0.5780 -0.8140 -0.0576
vn 0.7147 -0.6031 -0.3543
vn 0.6619 -0.6310 -0.4047
vn 0.7074 -0.4141 -0.5728
vn 0.7459 -0.3913 -0.5389
vn 0.7311 -0.2230 -0.6448
vn 0.7060 -0.2412 -0.6659
vn 0.6850 -0.0967 -0.7221
vn 0.6973 -0.0822 -0.7121
vn 0.1030 0.9115 -0.3981
vn 0.0411 0.9038 -0.4261
vn 0.3369 0.7196 -0.6071
vn 0.2906 0.7172 -0.6334
vn 0.4884 0.5010 -0.7144
vn 0.4589 0.4995 -0.7348
vn 0.5754 0.3102 -0.7568
vn 0.5586 0.3096 -0.7695
vn 0.6273 0.1419 -0.7657
vn 0.6210 0.1418 -0.7709
vn -0.5220 -0.0946 0.8477
vn -0.5139 -0.0817 0.8539
vn -0.4400 -0.2224 0.8700
vn -0.4612 -0.2374 0.8550
vn -0.3709 -0.4084 0.8340
vn -0.3339 -0.3906 0.8579
vn -0.1631 -0.6020 0.7817
vn -0.2213 -0.6233 0.7500
vn 0.0096 -0.8414 0.5403
vn 0.0898 -0.8129 0.5755
vn -0.5815 0.1423 0.8010
vn -0.5906 0.1419 0.7944
vn -0.5866 0.3106 0.7480
vn -0.6052 0.3097 0.7334
vn -0.5682 0.5016 0.6524
vn -0.5965 0.4997 0.6281
vn -0.5033 0.7201 0.4777
vn -0.5407 0.7173 0.4396
vn -0.3600 0.9119 0.1972
vn -0.4024 0.9038 0.1459
vn 0.6457 -0.7634 0.0173
vn 0.7121 -0.6959 0.0928
vn 0.8272 -0.5078 -0.2406
vn 0.7706 -0.5631 -0.2985
vn 0.7855 -0.3599 -0.5035
vn 0.8262 -0.3153 -0.4669
vn 0.7798 -0.1630 -0.6044
vn 0.7551 -0.1984 -0.6248
vn 0.7063 -0.0630 -0.7051
vn 0.7153 -0.0359 -0.6979
vn -0.0290 0.8867 -0.4615
vn -0.1090 0.8558 -0.5056
vn 0.2361 0.7078 -0.6657
vn 0.1745 0.6884 -0.7040
vn 0.4223 0.4944 -0.7598
vn 0.3820 0.4829 -0.7880
vn 0.5362 0.3079 -0.7860
vn 0.5122 0.3037 -0.8034
vn 0.6110 0.1420 -0.7788
vn 0.6013 0.1434 -0.7861
vn -0.5057 -0.0630 0.8604
vn -0.4966 -0.0358 0.8672
vn -0.3898 -0.1631 0.9063
vn -0.4157 -0.1984 0.8876
vn -0.2908 -0.3600 0.8865
vn -0.2452 -0.3155 0.9167
vn -0.0257 -0.5077 0.8612
vn -0.0957 -0.5631 0.8208
vn 0.1788 -0.7633 0.6208
vn 0.2683 -0.6958 0.6662
vn -0.6011 0.1421 0.7865
vn -0.6105 0.1434 0.7789
vn -0.6267 0.3078 0.7159
vn -0.6495 0.3036 0.6971
vn -0.6297 0.4944 0.5992
vn -0.6670 0.4830 0.5673
vn -0.5854 0.7079 0.3952
vn -0.6379 0.6884 0.3451
vn -0.4543 0.8866 0.0873
vn -0.5169 0.8558 0.0210
vn 0.7626 -0.6269 0.1595
vn 0.8010 -0.5591 0.2143
vn 0.9128 -0.3837 -0.1398
vn 0.8743 -0.4484 -0.1859
vn 0.8622 -0.2640 -0.4323
vn 0.8913 -0.2041 -0.4048
vn 0.8177 -0.0671 -0.5718
vn 0.8018 -0.1196 -0.5855
vn 0.7217 -0.0009 -0.6922
vn 0.7220 0.0419 -0.6907
vn -0.2101 0.7960 -0.5677
vn -0.3221 0.6966 -0.6411
vn 0.0971 0.6465 -0.7567
vn 0.0122 0.5720 -0.8202
vn 0.3325 0.4564 -0.8253
vn 0.2787 0.4073 -0.8698
vn 0.4826 0.2922 -0.8257
vn 0.4487 0.2674 -0.8527
vn 0.5892 0.1447 -0.7949
vn 0.5731 0.1421 -0.8070
vn -0.4894 -0.0009 0.8721
vn -0.4875 0.0418 0.8721
vn -0.3486 -0.0673 0.9349
vn -0.3663 -0.1198 0.9228
vn -0.2030 -0.2642 0.9429
vn -0.1687 -0.2043 0.9643
vn 0.0938 -0.3839 0.9186
vn 0.0390 -0.4484 0.8930
vn 0.3455 -0.6268 0.6984
vn 0.4080 -0.5593 0.7216
vn -0.6222 0.1447 0.7694
vn -0.6380 0.1421 0.7568
vn -0.6789 0.2921 0.6736
vn -0.7135 0.2675 0.6476
vn -0.7158 0.4565 0.5284
vn -0.7723 0.4075 0.4873
vn -0.7082 0.6467 0.2833
vn -0.7910 0.5721 0.2171
vn -0.6021 0.7961 -0.0614
vn -0.7014 0.6965 -0.1513
vn 0.7249 -0.3995 0.5612
vn 0.7472 -0.3272 0.5785
vn 0.7632 -0.2614 0.5909
vn 0.7768 -0.1866 0.6015
vn 0.7872 -0.0938 0.6095
vn -0.7840 0.5793 -0.2229
vn -0.8564 0.4371 -0.2749
vn -0.9201 0.3657 0.1405
vn -0.8610 0.4800 0.1681
vn -0.8192 0.3446 0.4584
vn -0.8546 0.2638 0.4473
vn -0.7645 0.1835 0.6179
vn -0.7429 0.2326 0.6277
vn -0.6544 0.1329 0.7444
vn -0.6673 0.1116 0.7364
vn 0.4528 -0.4792 0.7519
vn 0.1209 -0.3011 0.9459
vn -0.1583 -0.1311 0.9787
vn -0.3457 -0.0094 0.9383
vn -0.4966 0.0812 0.8642
vn 0.8414 -0.4790 0.2502
vn 0.9461 -0.3008 -0.1201
vn 0.9078 -0.1309 -0.3983
vn 0.8214 -0.0092 -0.5703
vn 0.7120 0.0813 -0.6974
vn -0.4123 0.5792 -0.7033
vn -0.4807 0.4369 -0.7603
vn -0.0526 0.4801 -0.8757
vn -0.0935 0.3656 -0.9261
vn 0.2388 0.3445 -0.9079
vn 0.2195 0.2639 -0.9393
vn 0.4214 0.2325 -0.8766
vn 0.4063 0.1834 -0.8951
vn 0.5567 0.1330 -0.8200
vn 0.5458 0.1116 -0.8305
vn 0.9433 0.0630 0.3260
vn 0.9289 0.1691 0.3296
vn 0.9808 0.1502 -0.1241
vn 0.9894 0.0701 -0.1269
vn 0.8927 0.0682 -0.4455
vn 0.8860 0.1166 -0.4487
vn 0.7761 0.0888 -0.6244
vn 0.7844 0.0635 -0.6170
vn 0.6744 0.0616 -0.7358
vn 0.6680 0.0650 -0.7414
vn -0.5331 0.2426 -0.8105
vn -0.5570 0.0437 -0.8294
vn -0.1206 0.2100 -0.9702
vn -0.1334 0.0525 -0.9897
vn 0.2136 0.1568 -0.9643
vn 0.2109 0.0525 -0.9761
vn 0.4022 0.1153 -0.9083
vn 0.4026 0.0492 -0.9140
vn 0.5426 0.0776 -0.8364
vn 0.5429 0.0450 -0.8386
vn -0.5435 0.0616 0.8372
vn -0.5502 0.0651 0.8325
vn -0.4097 0.0888 0.9079
vn -0.4005 0.0635 0.9141
vn -0.2077 0.0682 0.9758
vn -0.2126 0.1166 0.9702
vn 0.1251 0.1501 0.9807
vn 0.1245 0.0701 0.9897
vn 0.5516 0.0630 0.8317
vn 0.5518 0.1691 0.8166
vn -0.6740 0.0777 0.7346
vn -0.6760 0.0450 0.7355
vn -0.7786 0.1153 0.6168
vn -0.7843 0.0492 0.6185
vn -0.8803 0.1569 0.4478
vn -0.8922 0.0526 0.4486
vn -0.9695 0.2101 0.1260
vn -0.9915 0.0526 0.1188
vn -0.9182 0.2427 -0.3131
vn -0.9424 0.0438 -0.3316
vn 0.5427 0.0214 -0.8396
vn 0.5433 0.0034 -0.8395
vn 0.4051 -0.0455 -0.9132
vn 0.4019 -0.0021 -0.9157
vn 0.2091 -0.0312 -0.9774
vn 0.2150 -0.1051 -0.9709
vn -0.1270 -0.1951 -0.9725
vn -0.1371 -0.0776 -0.9875
vn -0.5579 -0.1225 -0.8208
vn -0.5391 -0.2732 -0.7967
vn -0.6768 0.0214 0.7358
vn -0.6766 0.0034 0.7363
vn -0.7858 -0.0021 0.6185
vn -0.7826 -0.0456 0.6208
vn -0.8939 -0.0312 0.4471
vn -0.8863 -0.1052 0.4511
vn -0.9904 -0.0777 0.1145
vn -0.9733 -0.1951 0.1206
vn -0.9343 -0.1225 -0.3347
vn -0.9063 -0.2732 -0.3225
vn 0.5295 0.3164 0.7871
vn 0.4853 0.4627 0.7419
vn 0.1104 0.2642 0.9581
vn 0.0802 0.3775 0.9225
vn -0.2242 0.1872 0.9564
vn -0.2442 0.2579 0.9348
vn -0.4206 0.1268 0.8983
vn -0.4354 0.1641 0.8852
vn -0.5583 0.0755 0.8262
vn -0.5679 0.0848 0.8187
vn 0.8947 0.3166 0.3152
vn 0.8396 0.4629 0.2842
vn 0.9133 0.3775 -0.1530
vn 0.9553 0.2642 -0.1329
vn 0.8700 0.1873 -0.4561
vn 0.8443 0.2578 -0.4698
vn 0.7481 0.1641 -0.6430
vn 0.7642 0.1268 -0.6324
vn 0.6598 0.0755 -0.7476
vn 0.6502 0.0848 -0.7550
vn 0.7756 0.5821 0.2441
vn 0.7187 0.6641 0.2060
vn 0.8281 0.5217 -0.2049
vn 0.8664 0.4658 -0.1799
vn 0.8168 0.3081 -0.4877
vn 0.7973 0.3335 -0.5030
vn 0.7250 0.1894 -0.6622
vn 0.7327 0.1854 -0.6548
vn 0.6434 0.0832 -0.7610
vn 0.6438 0.0712 -0.7619
vn -0.4997 -0.4156 -0.7600
vn -0.4368 -0.5542 -0.7086
vn -0.0990 -0.3065 -0.9467
vn -0.0502 -0.4161 -0.9079
vn 0.2323 -0.1752 -0.9567
vn 0.2645 -0.2449 -0.9328
vn 0.4151 -0.0869 -0.9056
vn 0.4340 -0.1293 -0.8916
vn 0.5467 -0.0140 -0.8372
vn 0.5547 -0.0337 -0.8313
vn -0.5756 0.0832 0.8135
vn -0.5765 0.0711 0.8140
vn -0.4598 0.1893 0.8676
vn -0.4509 0.1853 0.8731
vn -0.2681 0.3081 0.9128
vn -0.2870 0.3335 0.8980
vn 0.0092 0.5216 0.8531
vn 0.0429 0.4657 0.8839
vn 0.4307 0.5819 0.6899
vn 0.3793 0.6641 0.6443
vn -0.6737 -0.0141 0.7389
vn -0.6660 -0.0337 0.7452
vn -0.7728 -0.0869 0.6287
vn -0.7545 -0.1294 0.6434
vn -0.8680 -0.1752 0.4646
vn -0.8369 -0.2449 0.4894
vn -0.9414 -0.3064 0.1413
vn -0.8916 -0.4161 0.1787
vn -0.8610 -0.4154 -0.2933
vn -0.7955 -0.5542 -0.2453
vn -0.5745 0.0618 0.8162
vn -0.5771 0.0619 0.8144
vn -0.4815 0.2040 0.8524
vn -0.4665 0.1915 0.8635
vn -0.3052 0.3511 0.8852
vn -0.3347 0.3801 0.8622
vn -0.0733 0.6115 0.7878
vn -0.0239 0.5618 0.8269
vn 0.3319 0.7238 0.6050
vn 0.2664 0.7902 0.5520
vn 0.6463 0.0619 -0.7606
vn 0.6439 0.0620 -0.7626
vn 0.7191 0.1916 -0.6680
vn 0.7045 0.2041 -0.6797
vn 0.7804 0.3510 -0.5175
vn 0.7511 0.3800 -0.5399
vn 0.7946 0.5618 -0.2303
vn 0.7444 0.6114 -0.2685
vn 0.6688 0.7237 0.1700
vn 0.6011 0.7902 0.1193
vn 0.5655 -0.0506 -0.8232
vn 0.5744 -0.0607 -0.8163
vn 0.4807 -0.1929 -0.8554
vn 0.4587 -0.1664 -0.8729
vn 0.3051 -0.3067 -0.9016
vn 0.3427 -0.3528 -0.8707
vn 0.0752 -0.5855 -0.8071
vn 0.0131 -0.5130 -0.8583
vn -0.3562 -0.6768 -0.6442
vn -0.2744 -0.7688 -0.5777
vn -0.6553 -0.0506 0.7537
vn -0.6466 -0.0608 0.7604
vn -0.7303 -0.1665 0.6626
vn -0.7078 -0.1928 0.6796
vn -0.7966 -0.3067 0.5209
vn -0.7571 -0.3528 0.5498
vn -0.8276 -0.5130 0.2277
vn -0.7626 -0.5855 0.2750
vn -0.7130 -0.6768 -0.1834
vn -0.6281 -0.7687 -0.1208
vn 0.5080 0.8598 0.0512
vn 0.4142 0.9100 -0.0171
vn 0.5994 0.7103 -0.3691
vn 0.6728 0.6675 -0.3190
vn 0.7079 0.4163 -0.5706
vn 0.6630 0.4454 -0.6017
vn 0.6586 0.2394 -0.7134
vn 0.6821 0.2231 -0.6964
vn 0.6374 0.0671 -0.7676
vn 0.6306 0.0718 -0.7728
vn -0.1928 -0.8377 -0.5109
vn 0.1358 -0.6406 -0.7558
vn 0.3787 -0.3879 -0.8403
vn 0.5008 -0.2124 -0.8391
vn 0.5812 -0.0669 -0.8110
vn -0.5835 0.0670 0.8094
vn -0.5904 0.0718 0.8039
vn -0.5258 0.2393 0.8163
vn -0.5034 0.2230 0.8348
vn -0.3752 0.4165 0.8281
vn -0.4165 0.4455 0.7925
vn -0.2072 0.7103 0.6727
vn -0.1403 0.6675 0.7312
vn 0.1768 0.8597 0.4792
vn 0.0872 0.9100 0.4054
vn -0.6397 -0.0669 0.7657
vn -0.6871 -0.2122 0.6949
vn -0.7188 -0.3879 0.5769
vn -0.6977 -0.6406 0.3207
vn -0.5430 -0.8377 -0.0585
vn -0.1180 0.9626 0.2437
vn -0.0543 0.9547 0.2925
vn -0.3162 0.7485 0.5829
vn -0.3665 0.7543 0.5447
vn -0.5169 0.4748 0.7123
vn -0.4851 0.4713 0.7365
vn -0.5629 0.2540 0.7865
vn -0.5802 0.2558 0.7733
vn -0.6070 0.0766 0.7910
vn -0.6017 0.0761 0.7951
vn -0.2039 -0.9584 0.1997
vn -0.4379 -0.7359 0.5165
vn -0.5618 -0.4479 0.6955
vn -0.6015 -0.2447 0.7605
vn -0.6129 -0.0765 0.7864
vn 0.3360 0.9388 -0.0752
vn 0.5375 0.7353 -0.4129
vn 0.6245 0.4625 -0.6293
vn 0.6382 0.2490 -0.7285
vn 0.6244 0.0746 -0.7775
vn 0.0114 0.9388 0.3442
vn -0.2651 0.7352 0.6238
vn -0.4529 0.4625 0.7622
vn -0.5454 0.2490 0.8003
vn -0.5964 0.0746 0.7992
vn 0.6005 0.1409 -0.7871
vn 0.5953 0.1397 -0.7913
vn 0.5947 0.3119 -0.7410
vn 0.6156 0.3117 -0.7238
vn 0.6067 0.5030 -0.6155
vn 0.5688 0.5062 -0.6482
vn 0.4940 0.7259 -0.4786
vn 0.5490 0.7204 -0.4238
vn 0.4084 0.9035 -0.1302
vn 0.3413 0.9169 -0.2071
vn -0.6122 0.1412 0.7780
vn -0.6190 0.1406 0.7727
vn -0.5463 0.3122 0.7772
vn -0.5690 0.3136 0.7602
vn -0.4423 0.5044 0.7416
vn -0.4832 0.5095 0.7119
vn -0.2691 0.7224 0.6369
vn -0.3335 0.7311 0.5952
vn -0.0188 0.9047 0.4257
vn -0.1055 0.9205 0.3762
vn -0.5719 -0.8173 0.0701
vn -0.5050 -0.8478 0.1622
vn -0.7091 -0.5984 0.3730
vn -0.6484 -0.6226 0.4381
vn -0.7378 -0.3829 0.5560
vn -0.6917 -0.4056 0.5976
vn -0.7214 -0.2151 0.6582
vn -0.6905 -0.2363 0.6837
vn -0.6870 -0.0756 0.7227
vn -0.6708 -0.0951 0.7355
vn -0.0771 -0.8251 -0.5597
vn 0.0191 -0.8674 -0.4973
vn 0.2614 -0.6444 -0.7186
vn 0.1855 -0.6070 -0.7728
vn 0.3573 -0.3890 -0.8491
vn 0.4111 -0.4198 -0.8092
vn 0.4961 -0.2434 -0.8334
vn 0.4604 -0.2184 -0.8604
vn 0.5305 -0.0769 -0.8442
vn 0.5499 -0.0981 -0.8294
vn 0.0686 -0.8845 -0.4614
vn 0.1209 -0.8608 -0.4944
vn 0.3319 -0.6356 -0.6970
vn 0.3001 -0.6616 -0.6872
vn 0.4397 -0.4344 -0.7861
vn 0.4544 -0.4231 -0.7839
vn 0.5238 -0.2514 -0.8139
vn 0.5159 -0.2559 -0.8175
vn 0.5613 -0.1106 -0.8202
vn 0.5650 -0.1121 -0.8175
vn 0.3165 0.9149 -0.2504
vn 0.3413 0.8873 -0.3101
vn 0.4723 0.7217 -0.5061
vn 0.4842 0.6861 -0.5430
vn 0.5539 0.5040 -0.6627
vn 0.5559 0.4810 -0.6779
vn 0.5873 0.3110 -0.7472
vn 0.5874 0.2950 -0.7536
vn 0.5951 0.1413 -0.7911
vn 0.5953 0.1348 -0.7921
vn -0.6603 -0.1063 0.7434
vn -0.6574 -0.1121 0.7452
vn -0.6666 -0.2537 0.7010
vn -0.6720 -0.2453 0.6987
vn -0.6656 -0.4118 0.6225
vn -0.6564 -0.4241 0.6239
vn -0.5997 -0.6447 0.4741
vn -0.6171 -0.6238 0.4795
vn -0.4784 -0.8480 0.2282
vn -0.4479 -0.8684 0.2128
vn -0.6204 0.1426 0.7712
vn -0.6204 0.1442 0.7709
vn -0.5784 0.3136 0.7531
vn -0.5793 0.3196 0.7499
vn -0.5025 0.5086 0.6991
vn -0.5020 0.5211 0.6903
vn -0.3661 0.7289 0.5785
vn -0.3571 0.7513 0.5550
vn -0.1529 0.9204 0.3599
vn -0.1344 0.9381 0.3192
vn -0.7849 0.1209 -0.6078
g Cube.003_Cube.004_Material.004
usemtl Material.004
s 1
f 5/1/1 421/2/2 1065/3/3 367/4/4
f 367/4/4 1065/3/3 422/5/5 4/6/6
f 1065/3/3 395/7/7 32/8/8 422/5/5
f 421/2/2 33/9/9 395/7/7 1065/3/3
f 20/10/10 423/11/11 1066/12/12 381/13/13
f 381/13/13 1066/12/12 424/14/14 21/15/15
f 1066/12/12 409/16/16 49/17/17 424/14/14
f 423/11/11 48/18/18 409/16/16 1066/12/12
f 2/19/19 425/20/20 1067/21/21 368/22/22
f 368/22/22 1067/21/21 426/23/23 6/24/24
f 1067/21/21 396/25/25 34/26/26 426/23/23
f 425/20/20 30/27/27 396/25/25 1067/21/21
f 21/15/15 424/14/14 1068/28/28 382/29/29
f 382/29/29 1068/28/28 427/30/30 19/31/31
f 1068/28/28 410/32/32 47/33/33 427/30/30
f 424/14/14 49/17/17 410/32/32 1068/28/28
f 6/24/24 426/23/23 1069/34/34 369/35/35
f 369/35/35 1069/34/34 428/36/36 7/37/37
f 1069/34/34 397/38/38 35/39/39 428/36/36
f 426/23/23 34/26/26 397/38/38 1069/34/34
f 24/40/40 429/41/41 1070/42/42 383/43/43
f 383/43/43 1070/42/42 430/44/44 22/45/45
f 1070/42/42 411/46/46 50/47/47 430/44/44
f 429/41/41 52/48/48 411/46/46 1070/42/42
f 7/37/37 428/36/36 1071/49/49 370/50/50
f 370/50/50 1071/49/49 421/2/2 5/1/1
f 1071/49/49 398/51/51 33/9/9 421/2/2
f 428/36/36 35/39/39 398/51/51 1071/49/49
f 25/52/52 431/53/53 1072/54/54 384/55/55
f 384/55/55 1072/54/54 429/41/41 24/40/40
f 1072/54/54 412/56/56 52/48/48 429/41/41
f 431/53/53 53/57/57 412/56/56 1072/54/54
f 10/58/58 432/59/59 1073/60/60 371/61/61
f 371/61/61 1073/60/60 433/62/62 8/63/63
f 1073/60/60 399/64/64 36/65/65 433/62/62
f 432/59/59 38/66/66 399/64/64 1073/60/60
f 26/67/67 434/68/68 1074/69/69 385/70/70
f 385/70/70 1074/69/69 431/53/53 25/52/52
f 1074/69/69 413/71/71 53/57/57 431/53/53
f 434/68/68 54/72/72 413/71/71 1074/69/69
f 11/73/73 435/74/74 1075/75/75 372/76/76
f 372/76/76 1075/75/75 432/77/59 10/78/58
f 1075/75/75 400/79/77 38/80/66 432/77/59
f 435/74/74 39/81/78 400/79/77 1075/75/75
f 23/82/79 436/83/80 1076/84/81 386/85/82
f 386/85/82 1076/84/81 437/86/83 27/87/84
f 1076/84/81 414/88/85 55/89/86 437/86/83
f 436/83/80 51/90/87 414/88/85 1076/84/81
f 12/91/88 438/92/89 1077/93/90 373/94/91
f 373/94/91 1077/93/90 435/74/74 11/73/73
f 1077/93/90 401/95/92 39/81/78 435/74/74
f 438/92/89 40/96/93 401/95/92 1077/93/90
f 27/87/84 437/86/83 1078/97/94 387/98/95
f 387/98/95 1078/97/94 439/99/96 28/100/97
f 1078/97/94 415/101/98 56/102/99 439/99/96
f 437/86/83 55/89/86 415/101/98 1078/97/94
f 9/103/100 440/104/101 1079/105/102 374/106/103
f 374/106/103 1079/105/102 441/107/104 13/108/105
f 1079/105/102 402/109/106 41/110/107 441/107/104
f 440/104/101 37/111/108 402/109/106 1079/105/102
f 28/100/97 439/99/96 1080/112/109 388/113/110
f 388/113/110 1080/112/109 434/68/68 26/67/67
f 1080/112/109 416/114/111 54/72/72 434/68/68
f 439/99/96 56/102/99 416/114/111 1080/112/109
f 13/108/105 441/107/104 1081/115/112 375/116/113
f 375/116/113 1081/115/112 442/117/114 14/118/115
f 1081/115/112 403/119/116 42/120/117 442/117/114
f 441/107/104 41/110/107 403/119/116 1081/115/112
f 1/121/118 443/122/119 1082/123/120 389/124/121
f 389/124/121 1082/123/120 440/104/101 9/103/100
f 1082/123/120 417/125/122 37/111/108 440/104/101
f 443/122/119 29/126/123 417/125/122 1082/123/120
f 14/118/115 442/117/114 1083/127/124 376/128/125
f 376/128/125 1083/127/124 438/92/89 12/91/88
f 1083/127/124 404/129/126 40/96/93 438/92/89
f 442/117/114 42/120/117 404/129/126 1083/127/124
f 22/45/45 430/44/44 1084/130/127 390/131/128
f 390/131/128 1084/130/127 444/132/129 16/133/130
f 1084/130/127 418/134/131 44/135/132 444/132/129
f 430/44/44 50/47/47 418/134/131 1084/130/127
f 17/136/133 445/137/134 1085/138/135 377/139/136
f 377/139/136 1085/138/135 446/140/137 15/141/138
f 1085/138/135 405/142/139 43/143/140 446/140/137
f 445/137/134 45/144/141 405/142/139 1085/138/135
f 15/141/138 446/140/137 1086/145/142 391/146/143
f 391/146/143 1086/145/142 425/20/20 2/19/19
f 1086/145/142 419/147/144 30/27/27 425/20/20
f 446/140/137 43/143/140 419/147/144 1086/145/142
f 18/148/145 447/149/146 1087/150/147 378/151/148
f 378/151/148 1087/150/147 445/137/134 17/136/133
f 1087/150/147 406/152/149 45/144/141 445/137/134
f 447/149/146 46/153/150 406/152/149 1087/150/147
f 3/154/151 448/155/152 1088/156/153 365/157/154
f 365/157/154 1088/156/153 443/122/119 1/121/118
f 1088/156/153 393/158/155 29/126/123 443/122/119
f 448/155/152 31/159/156 393/158/155 1088/156/153
f 8/63/63 433/62/62 1089/160/157 392/161/158
f 392/161/158 1089/160/157 436/83/80 23/82/79
f 1089/160/157 420/162/159 51/90/87 436/83/80
f 433/62/62 36/65/65 420/162/159 1089/160/157
f 19/31/31 427/30/30 1090/163/160 379/164/161
f 379/164/161 1090/163/160 447/149/146 18/148/145
f 1090/163/160 407/165/162 46/153/150 447/149/146
f 427/30/30 47/33/33 407/165/162 1090/163/160
f 4/6/6 422/5/5 1091/166/163 366/167/164
f 366/167/164 1091/166/163 448/155/152 3/154/151
f 1091/166/163 394/168/165 31/159/156 448/155/152
f 422/5/5 32/8/8 394/168/165 1091/166/163
f 16/133/130 444/132/129 1092/169/166 380/170/167
f 380/170/167 1092/169/166 423/11/11 20/10/10
f 1092/169/166 408/171/168 48/18/18 423/11/11
f 444/132/129 44/135/132 408/171/168 1092/169/166
f 1/121/118 477/172/169 1093/173/170 365/157/154
f 365/157/154 1093/173/170 478/174/171 3/154/151
f 1093/173/170 449/175/172 59/176/173 478/174/171
f 477/172/169 57/177/174 449/175/172 1093/173/170
f 23/82/79 479/178/175 1094/179/176 392/161/158
f 392/161/158 1094/179/176 480/180/177 8/63/63
f 1094/179/176 476/181/178 64/182/179 480/180/177
f 479/178/175 79/183/180 476/181/178 1094/179/176
f 18/148/145 481/184/181 1095/185/182 379/164/161
f 379/164/161 1095/185/182 482/186/183 19/31/31
f 1095/185/182 463/187/184 75/188/185 482/186/183
f 481/184/181 74/189/186 463/187/184 1095/185/182
f 3/154/151 478/174/171 1096/190/187 366/167/164
f 366/167/164 1096/190/187 483/191/188 4/6/6
f 1096/190/187 450/192/189 60/193/190 483/191/188
f 478/174/171 59/176/173 450/192/189 1096/190/187
f 20/10/10 484/194/191 1097/195/192 380/170/167
f 380/170/167 1097/195/192 485/196/193 16/133/130
f 1097/195/192 464/197/194 72/198/195 485/196/193
f 484/194/191 76/199/196 464/197/194 1097/195/192
f 4/6/6 483/191/188 1098/200/197 367/4/4
f 367/4/4 1098/200/197 486/201/198 5/1/1
f 1098/200/197 451/202/199 61/203/200 486/201/198
f 483/191/188 60/193/190 451/202/199 1098/200/197
f 21/15/15 487/204/201 1099/205/202 381/13/13
f 381/13/13 1099/205/202 484/194/191 20/10/10
f 1099/205/202 465/206/203 76/199/196 484/194/191
f 487/204/201 77/207/204 465/206/203 1099/205/202
f 6/24/24 488/208/205 1100/209/206 368/22/22
f 368/22/22 1100/209/206 489/210/207 2/19/19
f 1100/209/206 452/211/208 58/212/209 489/210/207
f 488/208/205 62/213/210 452/211/208 1100/209/206
f 19/31/31 482/186/183 1101/214/211 382/29/29
f 382/29/29 1101/214/211 487/204/201 21/15/15
f 1101/214/211 466/215/212 77/207/204 487/204/201
f 482/186/183 75/188/185 466/215/212 1101/214/211
f 7/37/37 490/216/213 1102/217/214 369/35/35
f 369/35/35 1102/217/214 488/208/205 6/24/24
f 1102/217/214 453/218/215 62/213/210 488/208/205
f 490/216/213 63/219/216 453/218/215 1102/217/214
f 22/45/45 491/220/217 1103/221/218 383/43/43
f 383/43/43 1103/221/218 492/222/219 24/40/40
f 1103/221/218 467/223/220 80/224/221 492/222/219
f 491/220/217 78/225/222 467/223/220 1103/221/218
f 5/1/1 486/201/198 1104/226/223 370/50/50
f 370/50/50 1104/226/223 490/216/213 7/37/37
f 1104/226/223 454/227/224 63/219/216 490/216/213
f 486/201/198 61/203/200 454/227/224 1104/226/223
f 24/40/40 492/222/219 1105/228/225 384/55/55
f 384/55/55 1105/228/225 493/229/226 25/52/52
f 1105/228/225 468/230/227 81/231/228 493/229/226
f 492/222/219 80/224/221 468/230/227 1105/228/225
f 8/63/63 480/180/177 1106/232/229 371/61/61
f 371/61/61 1106/232/229 494/233/230 10/58/58
f 1106/232/229 455/234/231 66/235/232 494/233/230
f 480/180/177 64/182/179 455/234/231 1106/232/229
f 25/52/52 493/229/226 1107/236/233 385/70/70
f 385/70/70 1107/236/233 495/237/234 26/67/67
f 1107/236/233 469/238/235 82/239/236 495/237/234
f 493/229/226 81/231/228 469/238/235 1107/236/233
f 10/78/58 494/240/230 1108/241/237 372/76/76
f 372/76/76 1108/241/237 496/242/238 11/73/73
f 1108/241/237 456/243/239 67/244/240 496/242/238
f 494/240/230 66/245/232 456/243/239 1108/241/237
f 27/87/84 497/246/241 1109/247/242 386/85/82
f 386/85/82 1109/247/242 479/178/175 23/82/79
f 1109/247/242 470/248/243 79/183/180 479/178/175
f 497/246/241 83/249/244 470/248/243 1109/247/242
f 11/73/73 496/242/238 1110/250/245 373/94/91
f 373/94/91 1110/250/245 498/251/246 12/91/88
f 1110/250/245 457/252/247 68/253/248 498/251/246
f 496/242/238 67/244/240 457/252/247 1110/250/245
f 28/100/97 499/254/249 1111/255/250 387/98/95
f 387/98/95 1111/255/250 497/246/241 27/87/84
f 1111/255/250 471/256/251 83/249/244 497/246/241
f 499/254/249 84/257/252 471/256/251 1111/255/250
f 13/108/105 500/258/253 1112/259/254 374/106/103
f 374/106/103 1112/259/254 501/260/255 9/103/100
f 1112/259/254 458/261/256 65/262/257 501/260/255
f 500/258/253 69/263/258 458/261/256 1112/259/254
f 26/67/67 495/237/234 1113/264/259 388/113/110
f 388/113/110 1113/264/259 499/254/249 28/100/97
f 1113/264/259 472/265/260 84/257/252 499/254/249
f 495/237/234 82/239/236 472/265/260 1113/264/259
f 14/118/115 502/266/261 1114/267/262 375/116/113
f 375/116/113 1114/267/262 500/258/253 13/108/105
f 1114/267/262 459/268/263 69/263/258 500/258/253
f 502/266/261 70/269/264 459/268/263 1114/267/262
f 9/103/100 501/260/255 1115/270/265 389/124/121
f 389/124/121 1115/270/265 477/172/169 1/121/118
f 1115/270/265 473/271/266 57/177/174 477/172/169
f 501/260/255 65/262/257 473/271/266 1115/270/265
f 12/91/88 498/251/246 1116/272/267 376/128/125
f 376/128/125 1116/272/267 502/266/261 14/118/115
f 1116/272/267 460/273/268 70/269/264 502/266/261
f 498/251/246 68/253/248 460/273/268 1116/272/267
f 16/133/130 485/196/193 1117/274/269 390/131/128
f 390/131/128 1117/274/269 491/220/217 22/45/45
f 1117/274/269 474/275/270 78/225/222 491/220/217
f 485/196/193 72/198/195 474/275/270 1117/274/269
f 15/141/138 503/276/271 1118/277/272 377/139/136
f 377/139/136 1118/277/272 504/278/273 17/136/133
f 1118/277/272 461/279/274 73/280/275 504/278/273
f 503/276/271 71/281/276 461/279/274 1118/277/272
f 2/19/19 489/210/207 1119/282/277 391/146/143
f 391/146/143 1119/282/277 503/276/271 15/141/138
f 1119/282/277 475/283/278 71/281/276 503/276/271
f 489/210/207 58/212/209 475/283/278 1119/282/277
f 17/136/133 504/278/273 1120/284/279 378/151/148
f 378/151/148 1120/284/279 481/184/181 18/148/145
f 1120/284/279 462/285/280 74/189/186 481/184/181
f 504/278/273 73/280/275 462/285/280 1120/284/279
f 82/239/236 533/286/281 1121/287/282 472/265/260
f 472/265/260 1121/287/282 534/288/283 84/257/252
f 1121/287/282 528/289/284 112/290/285 534/288/283
f 533/286/281 110/291/286 528/289/284 1121/287/282
f 70/269/264 535/292/287 1122/293/288 459/268/263
f 459/268/263 1122/293/288 536/294/289 69/263/258
f 1122/293/288 515/295/290 97/296/291 536/294/289
f 535/292/287 98/297/292 515/295/290 1122/293/288
f 65/262/257 537/298/293 1123/299/294 473/271/266
f 473/271/266 1123/299/294 538/300/295 57/177/174
f 1123/299/294 529/301/296 85/302/297 538/300/295
f 537/298/293 93/303/298 529/301/296 1123/299/294
f 68/253/248 539/304/299 1124/305/300 460/273/268
f 460/273/268 1124/305/300 535/292/287 70/269/264
f 1124/305/300 516/306/301 98/297/292 535/292/287
f 539/304/299 96/307/302 516/306/301 1124/305/300
f 72/198/195 540/308/303 1125/309/304 474/275/270
f 474/275/270 1125/309/304 541/310/305 78/225/222
f 1125/309/304 530/311/306 106/312/307 541/310/305
f 540/308/303 100/313/308 530/311/306 1125/309/304
f 71/281/276 542/314/309 1126/315/310 461/279/274
f 461/279/274 1126/315/310 543/316/311 73/280/275
f 1126/315/310 517/317/312 101/318/313 543/316/311
f 542/314/309 99/319/314 517/317/312 1126/315/310
f 58/212/209 544/320/315 1127/321/316 475/283/278
f 475/283/278 1127/321/316 542/314/309 71/281/276
f 1127/321/316 531/322/317 99/319/314 542/314/309
f 544/320/315 86/323/318 531/322/317 1127/321/316
f 73/280/275 543/316/311 1128/324/319 462/285/280
f 462/285/280 1128/324/319 545/325/320 74/189/186
f 1128/324/319 518/326/321 102/327/322 545/325/320
f 543/316/311 101/318/313 518/326/321 1128/324/319
f 57/177/174 538/300/295 1129/328/323 449/175/172
f 449/175/172 1129/328/323 546/329/324 59/176/173
f 1129/328/323 505/330/325 87/331/326 546/329/324
f 538/300/295 85/302/297 505/330/325 1129/328/323
f 79/183/180 547/332/327 1130/333/328 476/181/178
f 476/181/178 1130/333/328 548/334/329 64/182/179
f 1130/333/328 532/335/330 92/336/331 548/334/329
f 547/332/327 107/337/332 532/335/330 1130/333/328
f 74/189/186 545/325/320 1131/338/333 463/187/184
f 463/187/184 1131/338/333 549/339/334 75/188/185
f 1131/338/333 519/340/335 103/341/336 549/339/334
f 545/325/320 102/327/322 519/340/335 1131/338/333
f 59/176/173 546/329/324 1132/342/337 450/192/189
f 450/192/189 1132/342/337 550/343/338 60/193/190
f 1132/342/337 506/344/339 88/345/340 550/343/338
f 546/329/324 87/331/326 506/344/339 1132/342/337
f 76/199/196 551/346/341 1133/347/342 464/197/194
f 464/197/194 1133/347/342 540/308/303 72/198/195
f 1133/347/342 520/348/343 100/313/308 540/308/303
f 551/346/341 104/349/344 520/348/343 1133/347/342
f 60/193/190 550/343/338 1134/350/345 451/202/199
f 451/202/199 1134/350/345 552/351/346 61/203/200
f 1134/350/345 507/352/347 89/353/348 552/351/346
f 550/343/338 88/345/340 507/352/347 1134/350/345
f 77/207/204 553/354/349 1135/355/350 465/206/203
f 465/206/203 1135/355/350 551/346/341 76/199/196
f 1135/355/350 521/356/351 104/349/344 551/346/341
f 553/354/349 105/357/352 521/356/351 1135/355/350
f 62/213/210 554/358/353 1136/359/354 452/211/208
f 452/211/208 1136/359/354 544/320/315 58/212/209
f 1136/359/354 508/360/355 86/323/318 544/320/315
f 554/358/353 90/361/356 508/360/355 1136/359/354
f 75/188/185 549/339/334 1137/362/357 466/215/212
f 466/215/212 1137/362/357 553/354/349 77/207/204
f 1137/362/357 522/363/358 105/357/352 553/354/349
f 549/339/334 103/341/336 522/363/358 1137/362/357
f 63/219/216 555/364/359 1138/365/360 453/218/215
f 453/218/215 1138/365/360 554/358/353 62/213/210
f 1138/365/360 509/366/361 90/361/356 554/358/353
f 555/364/359 91/367/362 509/366/361 1138/365/360
f 78/225/222 541/310/305 1139/368/363 467/223/220
f 467/223/220 1139/368/363 556/369/364 80/224/221
f 1139/368/363 523/370/365 108/371/366 556/369/364
f 541/310/305 106/312/307 523/370/365 1139/368/363
f 61/203/200 552/351/346 1140/372/367 454/227/224
f 454/227/224 1140/372/367 555/364/359 63/219/216
f 1140/372/367 510/373/368 91/367/362 555/364/359
f 552/351/346 89/353/348 510/373/368 1140/372/367
f 80/224/221 556/369/364 1141/374/369 468/230/227
f 468/230/227 1141/374/369 557/375/370 81/231/228
f 1141/374/369 524/376/371 109/377/372 557/375/370
f 556/369/364 108/371/366 524/376/371 1141/374/369
f 64/182/179 548/334/329 1142/378/373 455/234/231
f 455/234/231 1142/378/373 558/379/374 66/235/232
f 1142/378/373 511/380/375 94/381/376 558/379/374
f 548/334/329 92/336/331 511/380/375 1142/378/373
f 81/231/228 557/375/370 1143/382/377 469/238/235
f 469/238/235 1143/382/377 533/286/281 82/239/236
f 1143/382/377 525/383/378 110/291/286 533/286/281
f 557/375/370 109/377/372 525/383/378 1143/382/377
f 66/245/232 558/384/374 1144/385/379 456/243/239
f 456/243/239 1144/385/379 559/386/380 67/244/240
f 1144/385/379 512/387/381 95/388/382 559/386/380
f 558/384/374 94/389/376 512/387/381 1144/385/379
f 83/249/244 560/390/383 1145/391/384 470/248/243
f 470/248/243 1145/391/384 547/332/327 79/183/180
f 1145/391/384 526/392/385 107/337/332 547/332/327
f 560/390/383 111/393/386 526/392/385 1145/391/384
f 67/244/240 559/386/380 1146/394/387 457/252/247
f 457/252/247 1146/394/387 539/304/299 68/253/248
f 1146/394/387 513/395/388 96/307/302 539/304/299
f 559/386/380 95/388/382 513/395/388 1146/394/387
f 84/257/252 534/288/283 1147/396/389 471/256/251
f 471/256/251 1147/396/389 560/390/383 83/249/244
f 1147/396/389 527/397/390 111/393/386 560/390/383
f 534/288/283 112/290/285 527/397/390 1147/396/389
f 69/263/258 536/294/289 1148/398/391 458/261/256
f 458/261/256 1148/398/391 537/298/293 65/262/257
f 1148/398/391 514/399/392 93/303/298 537/298/293
f 536/294/289 97/296/291 514/399/392 1148/398/391
f 111/393/386 589/400/393 1149/401/394 526/392/385
f 526/392/385 1149/401/394 590/402/395 107/337/332
f 1149/401/394 582/403/396 135/404/397 590/402/395
f 589/400/393 139/405/398 582/403/396 1149/401/394
f 95/388/382 591/406/399 1150/407/400 513/395/388
f 513/395/388 1150/407/400 592/408/401 96/307/302
f 1150/407/400 569/409/402 124/410/403 592/408/401
f 591/406/399 123/411/404 569/409/402 1150/407/400
f 112/290/285 593/412/405 1151/413/406 527/397/390
f 527/397/390 1151/413/406 589/400/393 111/393/386
f 1151/413/406 583/414/407 139/405/398 589/400/393
f 593/412/405 140/415/408 583/414/407 1151/413/406
f 97/296/291 594/416/409 1152/417/410 514/399/392
f 514/399/392 1152/417/410 595/418/411 93/303/298
f 1152/417/410 570/419/412 121/420/413 595/418/411
f 594/416/409 125/421/414 570/419/412 1152/417/410
f 110/291/286 596/422/415 1153/423/416 528/289/284
f 528/289/284 1153/423/416 593/412/405 112/290/285
f 1153/423/416 584/424/417 140/415/408 593/412/405
f 596/422/415 138/425/418 584/424/417 1153/423/416
f 98/297/292 597/426/419 1154/427/420 515/295/290
f 515/295/290 1154/427/420 594/416/409 97/296/291
f 1154/427/420 571/428/421 125/421/414 594/416/409
f 597/426/419 126/429/422 571/428/421 1154/427/420
f 93/303/298 595/418/411 1155/430/423 529/301/296
f 529/301/296 1155/430/423 598/431/424 85/302/297
f 1155/430/423 585/432/425 113/433/426 598/431/424
f 595/418/411 121/420/413 585/432/425 1155/430/423
f 96/307/302 592/408/401 1156/434/427 516/306/301
f 516/306/301 1156/434/427 597/426/419 98/297/292
f 1156/434/427 572/435/428 126/429/422 597/426/419
f 592/408/401 124/410/403 572/435/428 1156/434/427
f 100/313/308 599/436/429 1157/437/430 530/311/306
f 530/311/306 1157/437/430 600/438/431 106/312/307
f 1157/437/430 586/439/432 134/440/433 600/438/431
f 599/436/429 128/441/434 586/439/432 1157/437/430
f 99/319/314 601/442/435 1158/443/436 517/317/312
f 517/317/312 1158/443/436 602/444/437 101/318/313
f 1158/443/436 573/445/438 129/446/439 602/444/437
f 601/442/435 127/447/440 573/445/438 1158/443/436
f 86/323/318 603/448/441 1159/449/442 531/322/317
f 531/322/317 1159/449/442 601/442/435 99/319/314
f 1159/449/442 587/450/443 127/447/440 601/442/435
f 603/448/441 114/451/444 587/450/443 1159/449/442
f 101/318/313 602/444/437 1160/452/445 518/326/321
f 518/326/321 1160/452/445 604/453/446 102/327/322
f 1160/452/445 574/454/447 130/455/448 604/453/446
f 602/444/437 129/446/439 574/454/447 1160/452/445
f 85/302/297 598/431/424 1161/456/449 505/330/325
f 505/330/325 1161/456/449 605/457/450 87/331/326
f 1161/456/449 561/458/451 115/459/452 605/457/450
f 598/431/424 113/433/426 561/458/451 1161/456/449
f 107/337/332 590/402/395 1162/460/453 532/335/330
f 532/335/330 1162/460/453 606/461/454 92/336/331
f 1162/460/453 588/462/455 120/463/456 606/461/454
f 590/402/395 135/404/397 588/462/455 1162/460/453
f 102/327/322 604/453/446 1163/464/457 519/340/335
f 519/340/335 1163/464/457 607/465/458 103/341/336
f 1163/464/457 575/466/459 131/467/460 607/465/458
f 604/453/446 130/455/448 575/466/459 1163/464/457
f 87/331/326 605/457/450 1164/468/461 506/344/339
f 506/344/339 1164/468/461 608/469/462 88/345/340
f 1164/468/461 562/470/463 116/471/464 608/469/462
f 605/457/450 115/459/452 562/470/463 1164/468/461
f 104/349/344 609/472/465 1165/473/466 520/348/343
f 520/348/343 1165/473/466 599/436/429 100/313/308
f 1165/473/466 576/474/467 128/441/434 599/436/429
f 609/472/465 132/475/468 576/474/467 1165/473/466
f 88/345/340 608/469/462 1166/476/469 507/352/347
f 507/352/347 1166/476/469 610/477/470 89/353/348
f 1166/476/469 563/478/471 117/479/472 610/477/470
f 608/469/462 116/471/464 563/478/471 1166/476/469
f 105/357/352 611/480/473 1167/481/474 521/356/351
f 521/356/351 1167/481/474 609/472/465 104/349/344
f 1167/481/474 577/482/475 132/475/468 609/472/465
f 611/480/473 133/483/476 577/482/475 1167/481/474
f 90/361/356 612/484/477 1168/485/478 508/360/355
f 508/360/355 1168/485/478 603/448/441 86/323/318
f 1168/485/478 564/486/479 114/451/444 603/448/441
f 612/484/477 118/487/480 564/486/479 1168/485/478
f 103/341/336 607/465/458 1169/488/481 522/363/358
f 522/363/358 1169/488/481 611/480/473 105/357/352
f 1169/488/481 578/489/482 133/483/476 611/480/473
f 607/465/458 131/467/460 578/489/482 1169/488/481
f 91/367/362 613/490/483 1170/491/484 509/366/361
f 509/366/361 1170/491/484 612/484/477 90/361/356
f 1170/491/484 565/492/485 118/487/480 612/484/477
f 613/490/483 119/493/486 565/492/485 1170/491/484
f 106/312/307 600/438/431 1171/494/487 523/370/365
f 523/370/365 1171/494/487 614/495/488 108/371/366
f 1171/494/487 579/496/489 136/497/490 614/495/488
f 600/438/431 134/440/433 579/496/489 1171/494/487
f 89/353/348 610/477/470 1172/498/491 510/373/368
f 510/373/368 1172/498/491 613/490/483 91/367/362
f 1172/498/491 566/499/492 119/493/486 613/490/483
f 610/477/470 117/479/472 566/499/492 1172/498/491
f 108/371/366 614/495/488 1173/500/493 524/376/371
f 524/376/371 1173/500/493 615/501/494 109/377/372
f 1173/500/493 580/502/495 137/503/496 615/501/494
f 614/495/488 136/497/490 580/502/495 1173/500/493
f 92/336/331 606/461/454 1174/504/497 511/380/375
f 511/380/375 1174/504/497 616/505/498 94/381/376
f 1174/504/497 567/506/499 122/507/500 616/505/498
f 606/461/454 120/463/456 567/506/499 1174/504/497
f 109/377/372 615/501/494 1175/508/501 525/383/378
f 525/383/378 1175/508/501 596/422/415 110/291/286
f 1175/508/501 581/509/502 138/425/418 596/422/415
f 615/501/494 137/503/496 581/509/502 1175/508/501
f 94/389/376 616/510/498 1176/511/503 512/387/381
f 512/387/381 1176/511/503 591/406/399 95/388/382
f 1176/511/503 568/512/504 123/411/404 591/406/399
f 616/510/498 122/513/500 568/512/504 1176/511/503
f 140/415/408 645/514/505 1177/515/506 583/414/407
f 583/414/407 1177/515/506 646/516/507 139/405/398
f 1177/515/506 639/517/508 167/518/509 646/516/507
f 645/514/505 168/519/510 639/517/508 1177/515/506
f 125/421/414 647/520/511 1178/521/512 570/419/412
f 570/419/412 1178/521/512 648/522/513 121/420/413
f 1178/521/512 626/523/514 149/524/515 648/522/513
f 647/520/511 153/525/516 626/523/514 1178/521/512
f 138/425/418 649/526/517 1179/527/518 584/424/417
f 584/424/417 1179/527/518 645/514/505 140/415/408
f 1179/527/518 640/528/519 168/519/510 645/514/505
f 649/526/517 166/529/520 640/528/519 1179/527/518
f 126/429/422 650/530/521 1180/531/522 571/428/421
f 571/428/421 1180/531/522 647/520/511 125/421/414
f 1180/531/522 627/532/523 153/525/516 647/520/511
f 650/530/521 154/533/524 627/532/523 1180/531/522
f 121/420/413 648/522/513 1181/534/525 585/432/425
f 585/432/425 1181/534/525 651/535/526 113/433/426
f 1181/534/525 641/536/527 141/537/528 651/535/526
f 648/522/513 149/524/515 641/536/527 1181/534/525
f 124/410/403 652/538/529 1182/539/530 572/435/428
f 572/435/428 1182/539/530 650/530/521 126/429/422
f 1182/539/530 628/540/531 154/533/524 650/530/521
f 652/538/529 152/541/532 628/540/531 1182/539/530
f 128/441/434 653/542/533 1183/543/534 586/439/432
f 586/439/432 1183/543/534 654/544/535 134/440/433
f 1183/543/534 642/545/536 162/546/537 654/544/535
f 653/542/533 156/547/538 642/545/536 1183/543/534
f 127/447/440 655/548/539 1184/549/540 573/445/438
f 573/445/438 1184/549/540 656/550/541 129/446/439
f 1184/549/540 629/551/542 157/552/543 656/550/541
f 655/548/539 155/553/544 629/551/542 1184/549/540
f 114/451/444 657/554/545 1185/555/546 587/450/443
f 587/450/443 1185/555/546 655/548/539 127/447/440
f 1185/555/546 643/556/547 155/553/544 655/548/539
f 657/554/545 142/557/548 643/556/547 1185/555/546
f 129/446/439 656/550/541 1186/558/549 574/454/447
f 574/454/447 1186/558/549 658/559/550 130/455/448
f 1186/558/549 630/560/551 158/561/552 658/559/550
f 656/550/541 157/552/543 630/560/551 1186/558/549
f 113/433/426 651/535/526 1187/562/553 561/458/451
f 561/458/451 1187/562/553 659/563/554 115/459/452
f 1187/562/553 617/564/555 143/565/556 659/563/554
f 651/535/526 141/537/528 617/564/555 1187/562/553
f 135/404/397 660/566/557 1188/567/558 588/462/455
f 588/462/455 1188/567/558 661/568/559 120/463/456
f 1188/567/558 644/569/560 148/570/561 661/568/559
f 660/566/557 163/571/562 644/569/560 1188/567/558
f 130/455/448 658/559/550 1189/572/563 575/466/459
f 575/466/459 1189/572/563 662/573/564 131/467/460
f 1189/572/563 631/574/565 159/575/566 662/573/564
f 658/559/550 158/561/552 631/574/565 1189/572/563
f 115/459/452 659/563/554 1190/576/567 562/470/463
f 562/470/463 1190/576/567 663/577/568 116/471/464
f 1190/576/567 618/578/569 144/579/570 663/577/568
f 659/563/554 143/565/556 618/578/569 1190/576/567
f 132/475/468 664/580/571 1191/581/572 576/474/467
f 576/474/467 1191/581/572 653/542/533 128/441/434
f 1191/581/572 632/582/573 156/547/538 653/542/533
f 664/580/571 160/583/574 632/582/573 1191/581/572
f 116/471/464 663/577/568 1192/584/575 563/478/471
f 563/478/471 1192/584/575 665/585/576 117/479/472
f 1192/584/575 619/586/577 145/587/578 665/585/576
f 663/577/568 144/579/570 619/586/577 1192/584/575
f 133/483/476 666/588/579 1193/589/580 577/482/475
f 577/482/475 1193/589/580 664/580/571 132/475/468
f 1193/589/580 633/590/581 160/583/574 664/580/571
f 666/588/579 161/591/582 633/590/581 1193/589/580
f 118/487/480 667/592/583 1194/593/584 564/486/479
f 564/486/479 1194/593/584 657/554/545 114/451/444
f 1194/593/584 620/594/585 142/557/548 657/554/545
f 667/592/583 146/595/586 620/594/585 1194/593/584
f 131/467/460 662/573/564 1195/596/587 578/489/482
f 578/489/482 1195/596/587 666/588/579 133/483/476
f 1195/596/587 634/597/588 161/591/582 666/588/579
f 662/573/564 159/575/566 634/597/588 1195/596/587
f 119/493/486 668/598/589 1196/599/590 565/492/485
f 565/492/485 1196/599/590 667/592/583 118/487/480
f 1196/599/590 621/600/591 146/595/586 667/592/583
f 668/598/589 147/601/592 621/600/591 1196/599/590
f 134/440/433 654/544/535 1197/602/593 579/496/489
f 579/496/489 1197/602/593 669/603/594 136/497/490
f 1197/602/593 635/604/595 164/605/596 669/603/594
f 654/544/535 162/546/537 635/604/595 1197/602/593
f 117/479/472 665/585/576 1198/606/597 566/499/492
f 566/499/492 1198/606/597 668/598/589 119/493/486
f 1198/606/597 622/607/598 147/601/592 668/598/589
f 665/585/576 145/587/578 622/607/598 1198/606/597
f 136/497/490 669/603/594 1199/608/599 580/502/495
f 580/502/495 1199/608/599 670/609/600 137/503/496
f 1199/608/599 636/610/601 165/611/602 670/609/600
f 669/603/594 164/605/596 636/610/601 1199/608/599
f 120/463/456 661/568/559 1200/612/603 567/506/499
f 567/506/499 1200/612/603 671/613/604 122/507/500
f 1200/612/603 623/614/605 150/615/606 671/613/604
f 661/568/559 148/570/561 623/614/605 1200/612/603
f 137/503/496 670/609/600 1201/616/607 581/509/502
f 581/509/502 1201/616/607 649/526/517 138/425/418
f 1201/616/607 637/617/608 166/529/520 649/526/517
f 670/609/600 165/611/602 637/617/608 1201/616/607
f 122/513/500 671/618/604 1202/619/609 568/512/504
f 568/512/504 1202/619/609 672/620/610 123/411/404
f 1202/619/609 624/621/611 151/622/612 672/620/610
f 671/618/604 150/623/606 624/621/611 1202/619/609
f 139/405/398 646/516/507 1203/624/613 582/403/396
f 582/403/396 1203/624/613 660/566/557 135/404/397
f 1203/624/613 638/625/614 163/571/562 660/566/557
f 646/516/507 167/518/509 638/625/614 1203/624/613
f 123/411/404 672/620/610 1204/626/615 569/409/402
f 569/409/402 1204/626/615 652/538/529 124/410/403
f 1204/626/615 625/627/616 152/541/532 652/538/529
f 672/620/610 151/622/612 625/627/616 1204/626/615
f 150/623/606 701/628/617 1205/629/618 624/621/611
f 624/621/611 1205/629/618 702/630/619 151/622/612
f 1205/629/618 680/631/620 179/632/621 702/630/619
f 701/628/617 178/633/622 680/631/620 1205/629/618
f 167/518/509 703/634/623 1206/635/624 638/625/614
f 638/625/614 1206/635/624 704/636/625 163/571/562
f 1206/635/624 694/637/626 191/638/627 704/636/625
f 703/634/623 195/639/628 694/637/626 1206/635/624
f 151/622/612 702/630/619 1207/640/629 625/627/616
f 625/627/616 1207/640/629 705/641/630 152/541/532
f 1207/640/629 681/642/631 180/643/632 705/641/630
f 702/630/619 179/632/621 681/642/631 1207/640/629
f 168/519/510 706/644/633 1208/645/634 639/517/508
f 639/517/508 1208/645/634 703/634/623 167/518/509
f 1208/645/634 695/646/635 195/639/628 703/634/623
f 706/644/633 196/647/636 695/646/635 1208/645/634
f 153/525/516 707/648/637 1209/649/638 626/523/514
f 626/523/514 1209/649/638 708/650/639 149/524/515
f 1209/649/638 682/651/640 177/652/641 708/650/639
f 707/648/637 181/653/642 682/651/640 1209/649/638
f 166/529/520 709/654/643 1210/655/644 640/528/519
f 640/528/519 1210/655/644 706/644/633 168/519/510
f 1210/655/644 696/656/645 196/647/636 706/644/633
f 709/654/643 194/657/646 696/656/645 1210/655/644
f 154/533/524 710/658/647 1211/659/648 627/532/523
f 627/532/523 1211/659/648 707/648/637 153/525/516
f 1211/659/648 683/660/649 181/653/642 707/648/637
f 710/658/647 182/661/650 683/660/649 1211/659/648
f 149/524/515 708/650/639 1212/662/651 641/536/527
f 641/536/527 1212/662/651 711/663/652 141/537/528
f 1212/662/651 697/664/653 169/665/654 711/663/652
f 708/650/639 177/652/641 697/664/653 1212/662/651
f 152/541/532 705/641/630 1213/666/655 628/540/531
f 628/540/531 1213/666/655 710/658/647 154/533/524
f 1213/666/655 684/667/656 182/661/650 710/658/647
f 705/641/630 180/643/632 684/667/656 1213/666/655
f 156/547/538 712/668/657 1214/669/658 642/545/536
f 642/545/536 1214/669/658 713/670/659 162/546/537
f 1214/669/658 698/671/660 190/672/661 713/670/659
f 712/668/657 184/673/662 698/671/660 1214/669/658
f 155/553/544 714/674/663 1215/675/664 629/551/542
f 629/551/542 1215/675/664 715/676/665 157/552/543
f 1215/675/664 685/677/666 185/678/667 715/676/665
f 714/674/663 183/679/668 685/677/666 1215/675/664
f 142/557/548 716/680/669 1216/681/670 643/556/547
f 643/556/547 1216/681/670 714/674/663 155/553/544
f 1216/681/670 699/682/671 183/679/668 714/674/663
f 716/680/669 170/683/672 699/682/671 1216/681/670
f 157/552/543 715/676/665 1217/684/673 630/560/551
f 630/560/551 1217/684/673 717/685/674 158/561/552
f 1217/684/673 686/686/675 186/687/676 717/685/674
f 715/676/665 185/678/667 686/686/675 1217/684/673
f 141/537/528 711/663/652 1218/688/677 617/564/555
f 617/564/555 1218/688/677 718/689/678 143/565/556
f 1218/688/677 673/690/679 171/691/680 718/689/678
f 711/663/652 169/665/654 673/690/679 1218/688/677
f 163/571/562 704/636/625 1219/692/681 644/569/560
f 644/569/560 1219/692/681 719/693/682 148/570/561
f 1219/692/681 700/694/683 176/695/684 719/693/682
f 704/636/625 191/638/627 700/694/683 1219/692/681
f 158/561/552 717/685/674 1220/696/685 631/574/565
f 631/574/565 1220/696/685 720/697/686 159/575/566
f 1220/696/685 687/698/687 187/699/688 720/697/686
f 717/685/674 186/687/676 687/698/687 1220/696/685
f 143/565/556 718/689/678 1221/700/689 618/578/569
f 618/578/569 1221/700/689 721/701/690 144/579/570
f 1221/700/689 674/702/691 172/703/692 721/701/690
f 718/689/678 171/691/680 674/702/691 1221/700/689
f 160/583/574 722/704/693 1222/705/694 632/582/573
f 632/582/573 1222/705/694 712/668/657 156/547/538
f 1222/705/694 688/706/695 184/673/662 712/668/657
f 722/704/693 188/707/696 688/706/695 1222/705/694
f 144/579/570 721/701/690 1223/708/697 619/586/577
f 619/586/577 1223/708/697 723/709/698 145/587/578
f 1223/708/697 675/710/699 173/711/700 723/709/698
f 721/701/690 172/703/692 675/710/699 1223/708/697
f 161/591/582 724/712/701 1224/713/702 633/590/581
f 633/590/581 1224/713/702 722/704/693 160/583/574
f 1224/713/702 689/714/703 188/707/696 722/704/693
f 724/712/701 189/715/704 689/714/703 1224/713/702
f 146/595/586 725/716/705 1225/717/706 620/594/585
f 620/594/585 1225/717/706 716/680/669 142/557/548
f 1225/717/706 676/718/707 170/683/672 716/680/669
f 725/716/705 174/719/708 676/718/707 1225/717/706
f 159/575/566 720/697/686 1226/720/709 634/597/588
f 634/597/588 1226/720/709 724/712/701 161/591/582
f 1226/720/709 690/721/710 189/715/704 724/712/701
f 720/697/686 187/699/688 690/721/710 1226/720/709
f 147/601/592 726/722/711 1227/723/712 621/600/591
f 621/600/591 1227/723/712 725/716/705 146/595/586
f 1227/723/712 677/724/713 174/719/708 725/716/705
f 726/722/711 175/725/714 677/724/713 1227/723/712
f 162/546/537 713/670/659 1228/726/715 635/604/595
f 635/604/595 1228/726/715 727/727/716 164/605/596
f 1228/726/715 691/728/717 192/729/718 727/727/716
f 713/670/659 190/672/661 691/728/717 1228/726/715
f 145/587/578 723/709/698 1229/730/719 622/607/598
f 622/607/598 1229/730/719 726/722/711 147/601/592
f 1229/730/719 678/731/720 175/725/714 726/722/711
f 723/709/698 173/711/700 678/731/720 1229/730/719
f 164/605/596 727/727/716 1230/732/721 636/610/601
f 636/610/601 1230/732/721 728/733/722 165/611/602
f 1230/732/721 692/734/723 193/735/724 728/733/722
f 727/727/716 192/729/718 692/734/723 1230/732/721
f 148/570/561 719/693/682 1231/736/725 623/614/605
f 623/614/605 1231/736/725 701/737/617 150/615/606
f 1231/736/725 679/738/726 178/739/622 701/737/617
f 719/693/682 176/695/684 679/738/726 1231/736/725
f 165/611/602 728/733/722 1232/740/727 637/617/608
f 637/617/608 1232/740/727 709/654/643 166/529/520
f 1232/740/727 693/741/728 194/657/646 709/654/643
f 728/733/722 193/735/724 693/741/728 1232/740/727
f 187/699/688 757/742/729 1233/743/730 690/721/710
f 690/721/710 1233/743/730 758/744/731 189/715/704
f 1233/743/730 746/745/732 217/746/733 758/744/731
f 757/742/729 215/747/734 746/745/732 1233/743/730
f 175/725/714 759/748/735 1234/749/736 677/724/713
f 677/724/713 1234/749/736 760/750/737 174/719/708
f 1234/749/736 733/751/738 202/752/739 760/750/737
f 759/748/735 203/753/740 733/751/738 1234/749/736
f 190/672/661 761/754/741 1235/755/742 691/728/717
f 691/728/717 1235/755/742 762/756/743 192/729/718
f 1235/755/742 747/757/744 220/758/745 762/756/743
f 761/754/741 218/759/746 747/757/744 1235/755/742
f 173/711/700 763/760/747 1236/761/748 678/731/720
f 678/731/720 1236/761/748 759/748/735 175/725/714
f 1236/761/748 734/762/749 203/753/740 759/748/735
f 763/760/747 201/763/750 734/762/749 1236/761/748
f 192/729/718 762/756/743 1237/764/751 692/734/723
f 692/734/723 1237/764/751 764/765/752 193/735/724
f 1237/764/751 748/766/753 221/767/754 764/765/752
f 762/756/743 220/758/745 748/766/753 1237/764/751
f 176/695/684 765/768/755 1238/769/756 679/738/726
f 679/738/726 1238/769/756 766/770/757 178/739/622
f 1238/769/756 735/771/758 206/772/759 766/770/757
f 765/768/755 204/773/760 735/771/758 1238/769/756
f 193/735/724 764/765/752 1239/774/761 693/741/728
f 693/741/728 1239/774/761 767/775/762 194/657/646
f 1239/774/761 749/776/763 222/777/764 767/775/762
f 764/765/752 221/767/754 749/776/763 1239/774/761
f 178/633/622 766/778/757 1240/779/765 680/631/620
f 680/631/620 1240/779/765 768/780/766 179/632/621
f 1240/779/765 736/781/767 207/782/768 768/780/766
f 766/778/757 206/783/759 736/781/767 1240/779/765
f 195/639/628 769/784/769 1241/785/770 694/637/626
f 694/637/626 1241/785/770 770/786/771 191/638/627
f 1241/785/770 750/787/772 219/788/773 770/786/771
f 769/784/769 223/789/774 750/787/772 1241/785/770
f 179/632/621 768/780/766 1242/790/775 681/642/631
f 681/642/631 1242/790/775 771/791/776 180/643/632
f 1242/790/775 737/792/777 208/793/778 771/791/776
f 768/780/766 207/782/768 737/792/777 1242/790/775
f 196/647/636 772/794/779 1243/795/780 695/646/635
f 695/646/635 1243/795/780 769/784/769 195/639/628
f 1243/795/780 751/796/781 223/789/774 769/784/769
f 772/794/779 224/797/782 751/796/781 1243/795/780
f 181/653/642 773/798/783 1244/799/784 682/651/640
f 682/651/640 1244/799/784 774/800/785 177/652/641
f 1244/799/784 738/801/786 205/802/787 774/800/785
f 773/798/783 209/803/788 738/801/786 1244/799/784
f 194/657/646 767/775/762 1245/804/789 696/656/645
f 696/656/645 1245/804/789 772/794/779 196/647/636
f 1245/804/789 752/805/790 224/797/782 772/794/779
f 767/775/762 222/777/764 752/805/790 1245/804/789
f 182/661/650 775/806/791 1246/807/792 683/660/649
f 683/660/649 1246/807/792 773/798/783 181/653/642
f 1246/807/792 739/808/793 209/803/788 773/798/783
f 775/806/791 210/809/794 739/808/793 1246/807/792
f 177/652/641 774/800/785 1247/810/795 697/664/653
f 697/664/653 1247/810/795 776/811/796 169/665/654
f 1247/810/795 753/812/797 197/813/798 776/811/796
f 774/800/785 205/802/787 753/812/797 1247/810/795
f 180/643/632 771/791/776 1248/814/799 684/667/656
f 684/667/656 1248/814/799 775/806/791 182/661/650
f 1248/814/799 740/815/800 210/809/794 775/806/791
f 771/791/776 208/793/778 740/815/800 1248/814/799
f 184/673/662 777/816/801 1249/817/802 698/671/660
f 698/671/660 1249/817/802 761/754/741 190/672/661
f 1249/817/802 754/818/803 218/759/746 761/754/741
f 777/816/801 212/819/804 754/818/803 1249/817/802
f 183/679/668 778/820/805 1250/821/806 685/677/666
f 685/677/666 1250/821/806 779/822/807 185/678/667
f 1250/821/806 741/823/808 213/824/809 779/822/807
f 778/820/805 211/825/810 741/823/808 1250/821/806
f 170/683/672 780/826/811 1251/827/812 699/682/671
f 699/682/671 1251/827/812 778/820/805 183/679/668
f 1251/827/812 755/828/813 211/825/810 778/820/805
f 780/826/811 198/829/814 755/828/813 1251/827/812
f 185/678/667 779/822/807 1252/830/815 686/686/675
f 686/686/675 1252/830/815 781/831/816 186/687/676
f 1252/830/815 742/832/817 214/833/818 781/831/816
f 779/822/807 213/824/809 742/832/817 1252/830/815
f 169/665/654 776/811/796 1253/834/819 673/690/679
f 673/690/679 1253/834/819 782/835/820 171/691/680
f 1253/834/819 729/836/821 199/837/822 782/835/820
f 776/811/796 197/813/798 729/836/821 1253/834/819
f 191/638/627 770/786/771 1254/838/823 700/694/683
f 700/694/683 1254/838/823 765/768/755 176/695/684
f 1254/838/823 756/839/824 204/773/760 765/768/755
f 770/786/771 219/788/773 756/839/824 1254/838/823
f 186/687/676 781/831/816 1255/840/825 687/698/687
f 687/698/687 1255/840/825 757/742/729 187/699/688
f 1255/840/825 743/841/826 215/747/734 757/742/729
f 781/831/816 214/833/818 743/841/826 1255/840/825
f 171/691/680 782/835/820 1256/842/827 674/702/691
f 674/702/691 1256/842/827 783/843/828 172/703/692
f 1256/842/827 730/844/829 200/845/830 783/843/828
f 782/835/820 199/837/822 730/844/829 1256/842/827
f 188/707/696 784/846/831 1257/847/832 688/706/695
f 688/706/695 1257/847/832 777/816/801 184/673/662
f 1257/847/832 744/848/833 212/819/804 777/816/801
f 784/846/831 216/849/834 744/848/833 1257/847/832
f 172/703/692 783/843/828 1258/850/835 675/710/699
f 675/710/699 1258/850/835 763/760/747 173/711/700
f 1258/850/835 731/851/836 201/763/750 763/760/747
f 783/843/828 200/845/830 731/851/836 1258/850/835
f 189/715/704 758/744/731 1259/852/837 689/714/703
f 689/714/703 1259/852/837 784/846/831 188/707/696
f 1259/852/837 745/853/838 216/849/834 784/846/831
f 758/744/731 217/746/733 745/853/838 1259/852/837
f 174/719/708 760/750/737 1260/854/839 676/718/707
f 676/718/707 1260/854/839 780/826/811 170/683/672
f 1260/854/839 732/855/840 198/829/814 780/826/811
f 760/750/737 202/752/739 732/855/840 1260/854/839
f 201/763/750 813/856/841 1261/857/842 734/762/749
f 734/762/749 1261/857/842 814/858/843 203/753/740
f 1261/857/842 790/859/844 231/860/845 814/858/843
f 813/856/841 229/861/846 790/859/844 1261/857/842
f 220/758/745 815/862/847 1262/863/848 748/766/753
f 748/766/753 1262/863/848 816/864/849 221/767/754
f 1262/863/848 804/865/850 249/866/851 816/864/849
f 815/862/847 248/867/852 804/865/850 1262/863/848
f 204/773/760 817/868/853 1263/869/854 735/771/758
f 735/771/758 1263/869/854 818/870/855 206/772/759
f 1263/869/854 791/871/856 234/872/857 818/870/855
f 817/868/853 232/873/858 791/871/856 1263/869/854
f 221/767/754 816/864/849 1264/874/859 749/776/763
f 749/776/763 1264/874/859 819/875/860 222/777/764
f 1264/874/859 805/876/861 250/877/862 819/875/860
f 816/864/849 249/866/851 805/876/861 1264/874/859
f 206/783/759 818/878/855 1265/879/863 736/781/767
f 736/781/767 1265/879/863 820/880/864 207/782/768
f 1265/879/863 792/881/865 235/882/866 820/880/864
f 818/878/855 234/883/857 792/881/865 1265/879/863
f 223/789/774 821/884/867 1266/885/868 750/787/772
f 750/787/772 1266/885/868 822/886/869 219/788/773
f 1266/885/868 806/887/870 247/888/871 822/886/869
f 821/884/867 251/889/872 806/887/870 1266/885/868
f 207/782/768 820/880/864 1267/890/873 737/792/777
f 737/792/777 1267/890/873 823/891/874 208/793/778
f 1267/890/873 793/892/875 236/893/876 823/891/874
f 820/880/864 235/882/866 793/892/875 1267/890/873
f 224/797/782 824/894/877 1268/895/878 751/796/781
f 751/796/781 1268/895/878 821/884/867 223/789/774
f 1268/895/878 807/896/879 251/889/872 821/884/867
f 824/894/877 252/897/880 807/896/879 1268/895/878
f 209/803/788 825/898/881 1269/899/882 738/801/786
f 738/801/786 1269/899/882 826/900/883 205/802/787
f 1269/899/882 794/901/884 233/902/885 826/900/883
f 825/898/881 237/903/886 794/901/884 1269/899/882
f 222/777/764 819/875/860 1270/904/887 752/805/790
f 752/805/790 1270/904/887 824/894/877 224/797/782
f 1270/904/887 808/905/888 252/897/880 824/894/877
f 819/875/860 250/877/862 808/905/888 1270/904/887
f 210/809/794 827/906/889 1271/907/890 739/808/793
f 739/808/793 1271/907/890 825/898/881 209/803/788
f 1271/907/890 795/908/891 237/903/886 825/898/881
f 827/906/889 238/909/892 795/908/891 1271/907/890
f 205/802/787 826/900/883 1272/910/893 753/812/797
f 753/812/797 1272/910/893 828/911/894 197/813/798
f 1272/910/893 809/912/895 225/913/896 828/911/894
f 826/900/883 233/902/885 809/912/895 1272/910/893
f 208/793/778 823/891/874 1273/914/897 740/815/800
f 740/815/800 1273/914/897 827/906/889 210/809/794
f 1273/914/897 796/915/898 238/909/892 827/906/889
f 823/891/874 236/893/876 796/915/898 1273/914/897
f 212/819/804 829/916/899 1274/917/900 754/818/803
f 754/818/803 1274/917/900 830/918/901 218/759/746
f 1274/917/900 810/919/902 246/920/903 830/918/901
f 829/916/899 240/921/904 810/919/902 1274/917/900
f 211/825/810 831/922/905 1275/923/906 741/823/808
f 741/823/808 1275/923/906 832/924/907 213/824/809
f 1275/923/906 797/925/908 241/926/909 832/924/907
f 831/922/905 239/927/910 797/925/908 1275/923/906
f 198/829/814 833/928/911 1276/929/912 755/828/813
f 755/828/813 1276/929/912 831/922/905 211/825/810
f 1276/929/912 811/930/913 239/927/910 831/922/905
f 833/928/911 226/931/914 811/930/913 1276/929/912
f 213/824/809 832/924/907 1277/932/915 742/832/817
f 742/832/817 1277/932/915 834/933/916 214/833/818
f 1277/932/915 798/934/917 242/935/918 834/933/916
f 832/924/907 241/926/909 798/934/917 1277/932/915
f 197/813/798 828/911/894 1278/936/919 729/836/821
f 729/836/821 1278/936/919 835/937/920 199/837/822
f 1278/936/919 785/938/921 227/939/922 835/937/920
f 828/911/894 225/913/896 785/938/921 1278/936/919
f 219/788/773 822/886/869 1279/940/923 756/839/824
f 756/839/824 1279/940/923 817/868/853 204/773/760
f 1279/940/923 812/941/924 232/873/858 817/868/853
f 822/886/869 247/888/871 812/941/924 1279/940/923
f 214/833/818 834/933/916 1280/942/925 743/841/826
f 743/841/826 1280/942/925 836/943/926 215/747/734
f 1280/942/925 799/944/927 243/945/928 836/943/926
f 834/933/916 242/935/918 799/944/927 1280/942/925
f 199/837/822 835/937/920 1281/946/929 730/844/829
f 730/844/829 1281/946/929 837/947/930 200/845/830
f 1281/946/929 786/948/931 228/949/932 837/947/930
f 835/937/920 227/939/922 786/948/931 1281/946/929
f 216/849/834 838/950/933 1282/951/934 744/848/833
f 744/848/833 1282/951/934 829/916/899 212/819/804
f 1282/951/934 800/952/935 240/921/904 829/916/899
f 838/950/933 244/953/936 800/952/935 1282/951/934
f 200/845/830 837/947/930 1283/954/937 731/851/836
f 731/851/836 1283/954/937 813/856/841 201/763/750
f 1283/954/937 787/955/938 229/861/846 813/856/841
f 837/947/930 228/949/932 787/955/938 1283/954/937
f 217/746/733 839/956/939 1284/957/940 745/853/838
f 745/853/838 1284/957/940 838/950/933 216/849/834
f 1284/957/940 801/958/941 244/953/936 838/950/933
f 839/956/939 245/959/942 801/958/941 1284/957/940
f 202/752/739 840/960/943 1285/961/944 732/855/840
f 732/855/840 1285/961/944 833/928/911 198/829/814
f 1285/961/944 788/962/945 226/931/914 833/928/911
f 840/960/943 230/963/946 788/962/945 1285/961/944
f 215/747/734 836/943/926 1286/964/947 746/745/732
f 746/745/732 1286/964/947 839/956/939 217/746/733
f 1286/964/947 802/965/948 245/959/942 839/956/939
f 836/943/926 243/945/928 802/965/948 1286/964/947
f 203/753/740 814/858/843 1287/966/949 733/751/738
f 733/751/738 1287/966/949 840/960/943 202/752/739
f 1287/966/949 789/967/950 230/963/946 840/960/943
f 814/858/843 231/860/845 789/967/950 1287/966/949
f 218/759/746 830/918/901 1288/968/951 747/757/744
f 747/757/744 1288/968/951 815/862/847 220/758/745
f 1288/968/951 803/969/952 248/867/852 815/862/847
f 830/918/901 246/920/903 803/969/952 1288/968/951
f 245/959/942 869/970/953 1289/971/954 801/958/941
f 801/958/941 1289/971/954 870/972/955 244/953/936
f 1289/971/954 857/973/956 272/974/957 870/972/955
f 869/970/953 273/975/958 857/973/956 1289/971/954
f 230/963/946 871/976/959 1290/977/960 788/962/945
f 788/962/945 1290/977/960 872/978/961 226/931/914
f 1290/977/960 844/979/962 254/980/963 872/978/961
f 871/976/959 258/981/964 844/979/962 1290/977/960
f 243/945/928 873/982/965 1291/983/966 802/965/948
f 802/965/948 1291/983/966 869/970/953 245/959/942
f 1291/983/966 858/984/967 273/975/958 869/970/953
f 873/982/965 271/985/968 858/984/967 1291/983/966
f 231/860/845 874/986/969 1292/987/970 789/967/950
f 789/967/950 1292/987/970 871/976/959 230/963/946
f 1292/987/970 845/988/971 258/981/964 871/976/959
f 874/986/969 259/989/972 845/988/971 1292/987/970
f 246/920/903 875/990/973 1293/991/974 803/969/952
f 803/969/952 1293/991/974 876/992/975 248/867/852
f 1293/991/974 859/993/976 276/994/977 876/992/975
f 875/990/973 274/995/978 859/993/976 1293/991/974
f 229/861/846 877/996/979 1294/997/980 790/859/844
f 790/859/844 1294/997/980 874/986/969 231/860/845
f 1294/997/980 846/998/981 259/989/972 874/986/969
f 877/996/979 257/999/982 846/998/981 1294/997/980
f 248/867/852 876/992/975 1295/1000/983 804/865/850
f 804/865/850 1295/1000/983 878/1001/984 249/866/851
f 1295/1000/983 860/1002/985 277/1003/986 878/1001/984
f 876/992/975 276/994/977 860/1002/985 1295/1000/983
f 232/873/858 879/1004/987 1296/1005/988 791/871/856
f 791/871/856 1296/1005/988 880/1006/989 234/872/857
f 1296/1005/988 847/1007/990 262/1008/991 880/1006/989
f 879/1004/987 260/1009/992 847/1007/990 1296/1005/988
f 249/866/851 878/1001/984 1297/1010/993 805/876/861
f 805/876/861 1297/1010/993 881/1011/994 250/877/862
f 1297/1010/993 861/1012/995 278/1013/996 881/1011/994
f 878/1001/984 277/1003/986 861/1012/995 1297/1010/993
f 234/883/857 880/1014/989 1298/1015/997 792/881/865
f 792/881/865 1298/1015/997 882/1016/998 235/882/866
f 1298/1015/997 848/1017/999 263/1018/1000 882/1016/998
f 880/1014/989 262/1019/991 848/1017/999 1298/1015/997
f 251/889/872 883/1020/1001 1299/1021/1002 806/887/870
f 806/887/870 1299/1021/1002 884/1022/1003 247/888/871
f 1299/1021/1002 862/1023/1004 275/1024/1005 884/1022/1003
f 883/1020/1001 279/1025/1006 862/1023/1004 1299/1021/1002
f 235/882/866 882/1016/998 1300/1026/1007 793/892/875
f 793/892/875 1300/1026/1007 885/1027/1008 236/893/876
f 1300/1026/1007 849/1028/1009 264/1029/1010 885/1027/1008
f 882/1016/998 263/1018/1000 849/1028/1009 1300/1026/1007
f 252/897/880 886/1030/1011 1301/1031/1012 807/896/879
f 807/896/879 1301/1031/1012 883/1020/1001 251/889/872
f 1301/1031/1012 863/1032/1013 279/1025/1006 883/1020/1001
f 886/1030/1011 280/1033/1014 863/1032/1013 1301/1031/1012
f 237/903/886 887/1034/1015 1302/1035/1016 794/901/884
f 794/901/884 1302/1035/1016 888/1036/1017 233/902/885
f 1302/1035/1016 850/1037/1018 261/1038/1019 888/1036/1017
f 887/1034/1015 265/1039/1020 850/1037/1018 1302/1035/1016
f 250/877/862 881/1011/994 1303/1040/1021 808/905/888
f 808/905/888 1303/1040/1021 886/1030/1011 252/897/880
f 1303/1040/1021 864/1041/1022 280/1033/1014 886/1030/1011
f 881/1011/994 278/1013/996 864/1041/1022 1303/1040/1021
f 238/909/892 889/1042/1023 1304/1043/1024 795/908/891
f 795/908/891 1304/1043/1024 887/1034/1015 237/903/886
f 1304/1043/1024 851/1044/1025 265/1039/1020 887/1034/1015
f 889/1042/1023 266/1045/1026 851/1044/1025 1304/1043/1024
f 233/902/885 888/1036/1017 1305/1046/1027 809/912/895
f 809/912/895 1305/1046/1027 890/1047/1028 225/913/896
f 1305/1046/1027 865/1048/1029 253/1049/1030 890/1047/1028
f 888/1036/1017 261/1038/1019 865/1048/1029 1305/1046/1027
f 236/893/876 885/1027/1008 1306/1050/1031 796/915/898
f 796/915/898 1306/1050/1031 889/1042/1023 238/909/892
f 1306/1050/1031 852/1051/1032 266/1045/1026 889/1042/1023
f 885/1027/1008 264/1029/1010 852/1051/1032 1306/1050/1031
f 240/921/904 891/1052/1033 1307/1053/1034 810/919/902
f 810/919/902 1307/1053/1034 875/990/973 246/920/903
f 1307/1053/1034 866/1054/1035 274/995/978 875/990/973
f 891/1052/1033 268/1055/1036 866/1054/1035 1307/1053/1034
f 239/927/910 892/1056/1037 1308/1057/1038 797/925/908
f 797/925/908 1308/1057/1038 893/1058/1039 241/926/909
f 1308/1057/1038 853/1059/1040 269/1060/1041 893/1058/1039
f 892/1056/1037 267/1061/1042 853/1059/1040 1308/1057/1038
f 226/931/914 872/978/961 1309/1062/1043 811/930/913
f 811/930/913 1309/1062/1043 892/1056/1037 239/927/910
f 1309/1062/1043 867/1063/1044 267/1061/1042 892/1056/1037
f 872/978/961 254/980/963 867/1063/1044 1309/1062/1043
f 241/926/909 893/1058/1039 1310/1064/1045 798/934/917
f 798/934/917 1310/1064/1045 894/1065/1046 242/935/918
f 1310/1064/1045 854/1066/1047 270/1067/1048 894/1065/1046
f 893/1058/1039 269/1060/1041 854/1066/1047 1310/1064/1045
f 225/913/896 890/1047/1028 1311/1068/1049 785/938/921
f 785/938/921 1311/1068/1049 895/1069/1050 227/939/922
f 1311/1068/1049 841/1070/1051 255/1071/1052 895/1069/1050
f 890/1047/1028 253/1049/1030 841/1070/1051 1311/1068/1049
f 247/888/871 884/1022/1003 1312/1072/1053 812/941/924
f 812/941/924 1312/1072/1053 879/1004/987 232/873/858
f 1312/1072/1053 868/1073/1054 260/1009/992 879/1004/987
f 884/1022/1003 275/1024/1005 868/1073/1054 1312/1072/1053
f 242/935/918 894/1065/1046 1313/1074/1055 799/944/927
f 799/944/927 1313/1074/1055 873/982/965 243/945/928
f 1313/1074/1055 855/1075/1056 271/985/968 873/982/965
f 894/1065/1046 270/1067/1048 855/1075/1056 1313/1074/1055
f 227/939/922 895/1069/1050 1314/1076/1057 786/948/931
f 786/948/931 1314/1076/1057 896/1077/1058 228/949/932
f 1314/1076/1057 842/1078/1059 256/1079/1060 896/1077/1058
f 895/1069/1050 255/1071/1052 842/1078/1059 1314/1076/1057
f 244/953/936 870/972/955 1315/1080/1061 800/952/935
f 800/952/935 1315/1080/1061 891/1052/1033 240/921/904
f 1315/1080/1061 856/1081/1062 268/1055/1036 891/1052/1033
f 870/972/955 272/974/957 856/1081/1062 1315/1080/1061
f 228/949/932 896/1077/1058 1316/1082/1063 787/955/938
f 787/955/938 1316/1082/1063 877/996/979 229/861/846
f 1316/1082/1063 843/1083/1064 257/999/982 877/996/979
f 896/1077/1058 256/1079/1060 843/1083/1064 1316/1082/1063
f 275/1024/1005 925/1084/1065 1317/1085/1066 868/1073/1054
f 868/1073/1054 1317/1085/1066 926/1086/1067 260/1009/992
f 1317/1085/1066 924/1087/1068 288/1088/1069 926/1086/1067
f 925/1084/1065 303/1089/1070 924/1087/1068 1317/1085/1066
f 270/1067/1048 927/1090/1071 1318/1091/1072 855/1075/1056
f 855/1075/1056 1318/1091/1072 928/1092/1073 271/985/968
f 1318/1091/1072 911/1093/1074 299/1094/1075 928/1092/1073
f 927/1090/1071 298/1095/1076 911/1093/1074 1318/1091/1072
f 255/1071/1052 929/1096/1077 1319/1097/1078 842/1078/1059
f 842/1078/1059 1319/1097/1078 930/1098/1079 256/1079/1060
f 1319/1097/1078 898/1099/1080 284/1100/1081 930/1098/1079
f 929/1096/1077 283/1101/1082 898/1099/1080 1319/1097/1078
f 272/974/957 931/1102/1083 1320/1103/1084 856/1081/1062
f 856/1081/1062 1320/1103/1084 932/1104/1085 268/1055/1036
f 1320/1103/1084 912/1105/1086 296/1106/1087 932/1104/1085
f 931/1102/1083 300/1107/1088 912/1105/1086 1320/1103/1084
f 256/1079/1060 930/1098/1079 1321/1108/1089 843/1083/1064
f 843/1083/1064 1321/1108/1089 933/1109/1090 257/999/982
f 1321/1108/1089 899/1110/1091 285/1111/1092 933/1109/1090
f 930/1098/1079 284/1100/1081 899/1110/1091 1321/1108/1089
f 273/975/958 934/1112/1093 1322/1113/1094 857/973/956
f 857/973/956 1322/1113/1094 931/1102/1083 272/974/957
f 1322/1113/1094 913/1114/1095 300/1107/1088 931/1102/1083
f 934/1112/1093 301/1115/1096 913/1114/1095 1322/1113/1094
f 258/981/964 935/1116/1097 1323/1117/1098 844/979/962
f 844/979/962 1323/1117/1098 936/1118/1099 254/980/963
f 1323/1117/1098 900/1119/1100 282/1120/1101 936/1118/1099
f 935/1116/1097 286/1121/1102 900/1119/1100 1323/1117/1098
f 271/985/968 928/1092/1073 1324/1122/1103 858/984/967
f 858/984/967 1324/1122/1103 934/1112/1093 273/975/958
f 1324/1122/1103 914/1123/1104 301/1115/1096 934/1112/1093
f 928/1092/1073 299/1094/1075 914/1123/1104 1324/1122/1103
f 259/989/972 937/1124/1105 1325/1125/1106 845/988/971
f 845/988/971 1325/1125/1106 935/1116/1097 258/981/964
f 1325/1125/1106 901/1126/1107 286/1121/1102 935/1116/1097
f 937/1124/1105 287/1127/1108 901/1126/1107 1325/1125/1106
f 274/995/978 938/1128/1109 1326/1129/1110 859/993/976
f 859/993/976 1326/1129/1110 939/1130/1111 276/994/977
f 1326/1129/1110 915/1131/1112 304/1132/1113 939/1130/1111
f 938/1128/1109 302/1133/1114 915/1131/1112 1326/1129/1110
f 257/999/982 933/1109/1090 1327/1134/1115 846/998/981
f 846/998/981 1327/1134/1115 937/1124/1105 259/989/972
f 1327/1134/1115 902/1135/1116 287/1127/1108 937/1124/1105
f 933/1109/1090 285/1111/1092 902/1135/1116 1327/1134/1115
f 276/994/977 939/1130/1111 1328/1136/1117 860/1002/985
f 860/1002/985 1328/1136/1117 940/1137/1118 277/1003/986
f 1328/1136/1117 916/1138/1119 305/1139/1120 940/1137/1118
f 939/1130/1111 304/1132/1113 916/1138/1119 1328/1136/1117
f 260/1009/992 926/1086/1067 1329/1140/1121 847/1007/990
f 847/1007/990 1329/1140/1121 941/1141/1122 262/1008/991
f 1329/1140/1121 903/1142/1123 290/1143/1124 941/1141/1122
f 926/1086/1067 288/1088/1069 903/1142/1123 1329/1140/1121
f 277/1003/986 940/1137/1118 1330/1144/1125 861/1012/995
f 861/1012/995 1330/1144/1125 942/1145/1126 278/1013/996
f 1330/1144/1125 917/1146/1127 306/1147/1128 942/1145/1126
f 940/1137/1118 305/1139/1120 917/1146/1127 1330/1144/1125
f 262/1019/991 941/1148/1122 1331/1149/1129 848/1017/999
f 848/1017/999 1331/1149/1129 943/1150/1130 263/1018/1000
f 1331/1149/1129 904/1151/1131 291/1152/1132 943/1150/1130
f 941/1148/1122 290/1153/1124 904/1151/1131 1331/1149/1129
f 279/1025/1006 944/1154/1133 1332/1155/1134 862/1023/1004
f 862/1023/1004 1332/1155/1134 925/1084/1065 275/1024/1005
f 1332/1155/1134 918/1156/1135 303/1089/1070 925/1084/1065
f 944/1154/1133 307/1157/1136 918/1156/1135 1332/1155/1134
f 263/1018/1000 943/1150/1130 1333/1158/1137 849/1028/1009
f 849/1028/1009 1333/1158/1137 945/1159/1138 264/1029/1010
f 1333/1158/1137 905/1160/1139 292/1161/1140 945/1159/1138
f 943/1150/1130 291/1152/1132 905/1160/1139 1333/1158/1137
f 280/1033/1014 946/1162/1141 1334/1163/1142 863/1032/1013
f 863/1032/1013 1334/1163/1142 944/1154/1133 279/1025/1006
f 1334/1163/1142 919/1164/1143 307/1157/1136 944/1154/1133
f 946/1162/1141 308/1165/1144 919/1164/1143 1334/1163/1142
f 265/1039/1020 947/1166/1145 1335/1167/1146 850/1037/1018
f 850/1037/1018 1335/1167/1146 948/1168/1147 261/1038/1019
f 1335/1167/1146 906/1169/1148 289/1170/1149 948/1168/1147
f 947/1166/1145 293/1171/1150 906/1169/1148 1335/1167/1146
f 278/1013/996 942/1145/1126 1336/1172/1151 864/1041/1022
f 864/1041/1022 1336/1172/1151 946/1162/1141 280/1033/1014
f 1336/1172/1151 920/1173/1152 308/1165/1144 946/1162/1141
f 942/1145/1126 306/1147/1128 920/1173/1152 1336/1172/1151
f 266/1045/1026 949/1174/1153 1337/1175/1154 851/1044/1025
f 851/1044/1025 1337/1175/1154 947/1166/1145 265/1039/1020
f 1337/1175/1154 907/1176/1155 293/1171/1150 947/1166/1145
f 949/1174/1153 294/1177/1156 907/1176/1155 1337/1175/1154
f 261/1038/1019 948/1168/1147 1338/1178/1157 865/1048/1029
f 865/1048/1029 1338/1178/1157 950/1179/1158 253/1049/1030
f 1338/1178/1157 921/1180/1159 281/1181/1160 950/1179/1158
f 948/1168/1147 289/1170/1149 921/1180/1159 1338/1178/1157
f 264/1029/1010 945/1159/1138 1339/1182/1161 852/1051/1032
f 852/1051/1032 1339/1182/1161 949/1174/1153 266/1045/1026
f 1339/1182/1161 908/1183/1162 294/1177/1156 949/1174/1153
f 945/1159/1138 292/1161/1140 908/1183/1162 1339/1182/1161
f 268/1055/1036 932/1104/1085 1340/1184/1163 866/1054/1035
f 866/1054/1035 1340/1184/1163 938/1128/1109 274/995/978
f 1340/1184/1163 922/1185/1164 302/1133/1114 938/1128/1109
f 932/1104/1085 296/1106/1087 922/1185/1164 1340/1184/1163
f 267/1061/1042 951/1186/1165 1341/1187/1166 853/1059/1040
f 853/1059/1040 1341/1187/1166 952/1188/1167 269/1060/1041
f 1341/1187/1166 909/1189/1168 297/1190/1169 952/1188/1167
f 951/1186/1165 295/1191/1170 909/1189/1168 1341/1187/1166
f 254/980/963 936/1118/1099 1342/1192/1171 867/1063/1044
f 867/1063/1044 1342/1192/1171 951/1186/1165 267/1061/1042
f 1342/1192/1171 923/1193/1172 295/1191/1170 951/1186/1165
f 936/1118/1099 282/1120/1101 923/1193/1172 1342/1192/1171
f 269/1060/1041 952/1188/1167 1343/1194/1173 854/1066/1047
f 854/1066/1047 1343/1194/1173 927/1090/1071 270/1067/1048
f 1343/1194/1173 910/1195/1174 298/1095/1076 927/1090/1071
f 952/1188/1167 297/1190/1169 910/1195/1174 1343/1194/1173
f 253/1049/1030 950/1179/1158 1344/1196/1175 841/1070/1051
f 841/1070/1051 1344/1196/1175 929/1096/1077 255/1071/1052
f 1344/1196/1175 897/1197/1176 283/1101/1082 929/1096/1077
f 950/1179/1158 281/1181/1160 897/1197/1176 1344/1196/1175
f 307/1157/1136 981/1198/1177 1345/1199/1178 918/1156/1135
f 918/1156/1135 1345/1199/1178 982/1200/1179 303/1089/1070
f 1345/1199/1178 974/1201/1180 331/1202/1181 982/1200/1179
f 981/1198/1177 335/1203/1182 974/1201/1180 1345/1199/1178
f 291/1152/1132 983/1204/1183 1346/1205/1184 905/1160/1139
f 905/1160/1139 1346/1205/1184 984/1206/1185 292/1161/1140
f 1346/1205/1184 961/1207/1186 320/1208/1187 984/1206/1185
f 983/1204/1183 319/1209/1188 961/1207/1186 1346/1205/1184
f 308/1165/1144 985/1210/1189 1347/1211/1190 919/1164/1143
f 919/1164/1143 1347/1211/1190 981/1198/1177 307/1157/1136
f 1347/1211/1190 975/1212/1191 335/1203/1182 981/1198/1177
f 985/1210/1189 336/1213/1192 975/1212/1191 1347/1211/1190
f 293/1171/1150 986/1214/1193 1348/1215/1194 906/1169/1148
f 906/1169/1148 1348/1215/1194 987/1216/1195 289/1170/1149
f 1348/1215/1194 962/1217/1196 317/1218/1197 987/1216/1195
f 986/1214/1193 321/1219/1198 962/1217/1196 1348/1215/1194
f 306/1147/1128 988/1220/1199 1349/1221/1200 920/1173/1152
f 920/1173/1152 1349/1221/1200 985/1210/1189 308/1165/1144
f 1349/1221/1200 976/1222/1201 336/1213/1192 985/1210/1189
f 988/1220/1199 334/1223/1202 976/1222/1201 1349/1221/1200
f 294/1177/1156 989/1224/1203 1350/1225/1204 907/1176/1155
f 907/1176/1155 1350/1225/1204 986/1214/1193 293/1171/1150
f 1350/1225/1204 963/1226/1205 321/1219/1198 986/1214/1193
f 989/1224/1203 322/1227/1206 963/1226/1205 1350/1225/1204
f 289/1170/1149 987/1216/1195 1351/1228/1207 921/1180/1159
f 921/1180/1159 1351/1228/1207 990/1229/1208 281/1181/1160
f 1351/1228/1207 977/1230/1209 309/1231/1210 990/1229/1208
f 987/1216/1195 317/1218/1197 977/1230/1209 1351/1228/1207
f 292/1161/1140 984/1206/1185 1352/1232/1211 908/1183/1162
f 908/1183/1162 1352/1232/1211 989/1224/1203 294/1177/1156
f 1352/1232/1211 964/1233/1212 322/1227/1206 989/1224/1203
f 984/1206/1185 320/1208/1187 964/1233/1212 1352/1232/1211
f 296/1106/1087 991/1234/1213 1353/1235/1214 922/1185/1164
f 922/1185/1164 1353/1235/1214 992/1236/1215 302/1133/1114
f 1353/1235/1214 978/1237/1216 330/1238/1217 992/1236/1215
f 991/1234/1213 324/1239/1218 978/1237/1216 1353/1235/1214
f 295/1191/1170 993/1240/1219 1354/1241/1220 909/1189/1168
f 909/1189/1168 1354/1241/1220 994/1242/1221 297/1190/1169
f 1354/1241/1220 965/1243/1222 325/1244/1223 994/1242/1221
f 993/1240/1219 323/1245/1224 965/1243/1222 1354/1241/1220
f 282/1120/1101 995/1246/1225 1355/1247/1226 923/1193/1172
f 923/1193/1172 1355/1247/1226 993/1240/1219 295/1191/1170
f 1355/1247/1226 979/1248/1227 323/1245/1224 993/1240/1219
f 995/1246/1225 310/1249/1228 979/1248/1227 1355/1247/1226
f 297/1190/1169 994/1242/1221 1356/1250/1229 910/1195/1174
f 910/1195/1174 1356/1250/1229 996/1251/1230 298/1095/1076
f 1356/1250/1229 966/1252/1231 326/1253/1232 996/1251/1230
f 994/1242/1221 325/1244/1223 966/1252/1231 1356/1250/1229
f 281/1181/1160 990/1229/1208 1357/1254/1233 897/1197/1176
f 897/1197/1176 1357/1254/1233 997/1255/1234 283/1101/1082
f 1357/1254/1233 953/1256/1235 311/1257/1236 997/1255/1234
f 990/1229/1208 309/1231/1210 953/1256/1235 1357/1254/1233
f 303/1089/1070 982/1200/1179 1358/1258/1237 924/1087/1068
f 924/1087/1068 1358/1258/1237 998/1259/1238 288/1088/1069
f 1358/1258/1237 980/1260/1239 316/1261/1240 998/1259/1238
f 982/1200/1179 331/1202/1181 980/1260/1239 1358/1258/1237
f 298/1095/1076 996/1251/1230 1359/1262/1241 911/1093/1074
f 911/1093/1074 1359/1262/1241 999/1263/1242 299/1094/1075
f 1359/1262/1241 967/1264/1243 327/1265/1244 999/1263/1242
f 996/1251/1230 326/1253/1232 967/1264/1243 1359/1262/1241
f 283/1101/1082 997/1255/1234 1360/1266/1245 898/1099/1080
f 898/1099/1080 1360/1266/1245 1000/1267/1246 284/1100/1081
f 1360/1266/1245 954/1268/1247 312/1269/1248 1000/1267/1246
f 997/1255/1234 311/1257/1236 954/1268/1247 1360/1266/1245
f 300/1107/1088 1001/1270/1249 1361/1271/1250 912/1105/1086
f 912/1105/1086 1361/1271/1250 991/1234/1213 296/1106/1087
f 1361/1271/1250 968/1272/1251 324/1239/1218 991/1234/1213
f 1001/1270/1249 328/1273/1252 968/1272/1251 1361/1271/1250
f 284/1100/1081 1000/1267/1246 1362/1274/1253 899/1110/1091
f 899/1110/1091 1362/1274/1253 1002/1275/1254 285/1111/1092
f 1362/1274/1253 955/1276/1255 313/1277/1256 1002/1275/1254
f 1000/1267/1246 312/1269/1248 955/1276/1255 1362/1274/1253
f 301/1115/1096 1003/1278/1257 1363/1279/1258 913/1114/1095
f 913/1114/1095 1363/1279/1258 1001/1270/1249 300/1107/1088
f 1363/1279/1258 969/1280/1259 328/1273/1252 1001/1270/1249
f 1003/1278/1257 329/1281/1260 969/1280/1259 1363/1279/1258
f 286/1121/1102 1004/1282/1261 1364/1283/1262 900/1119/1100
f 900/1119/1100 1364/1283/1262 995/1246/1225 282/1120/1101
f 1364/1283/1262 956/1284/1263 310/1249/1228 995/1246/1225
f 1004/1282/1261 314/1285/1264 956/1284/1263 1364/1283/1262
f 299/1094/1075 999/1263/1242 1365/1286/1265 914/1123/1104
f 914/1123/1104 1365/1286/1265 1003/1278/1257 301/1115/1096
f 1365/1286/1265 970/1287/1266 329/1281/1260 1003/1278/1257
f 999/1263/1242 327/1265/1244 970/1287/1266 1365/1286/1265
f 287/1127/1108 1005/1288/1267 1366/1289/1268 901/1126/1107
f 901/1126/1107 1366/1289/1268 1004/1282/1261 286/1121/1102
f 1366/1289/1268 957/1290/1269 314/1285/1264 1004/1282/1261
f 1005/1288/1267 315/1291/1270 957/1290/1269 1366/1289/1268
f 302/1133/1114 992/1236/1215 1367/1292/1271 915/1131/1112
f 915/1131/1112 1367/1292/1271 1006/1293/1272 304/1132/1113
f 1367/1292/1271 971/1294/1273 332/1295/1274 1006/1293/1272
f 992/1236/1215 330/1238/1217 971/1294/1273 1367/1292/1271
f 285/1111/1092 1002/1275/1254 1368/1296/1275 902/1135/1116
f 902/1135/1116 1368/1296/1275 1005/1288/1267 287/1127/1108
f 1368/1296/1275 958/1297/1276 315/1291/1270 1005/1288/1267
f 1002/1275/1254 313/1277/1256 958/1297/1276 1368/1296/1275
f 304/1132/1113 1006/1293/1272 1369/1298/1277 916/1138/1119
f 916/1138/1119 1369/1298/1277 1007/1299/1278 305/1139/1120
f 1369/1298/1277 972/1300/1279 333/1301/1280 1007/1299/1278
f 1006/1293/1272 332/1295/1274 972/1300/1279 1369/1298/1277
f 288/1088/1069 998/1259/1238 1370/1302/1281 903/1142/1123
f 903/1142/1123 1370/1302/1281 1008/1303/1282 290/1143/1124
f 1370/1302/1281 959/1304/1283 318/1305/1284 1008/1303/1282
f 998/1259/1238 316/1261/1240 959/1304/1283 1370/1302/1281
f 305/1139/1120 1007/1299/1278 1371/1306/1285 917/1146/1127
f 917/1146/1127 1371/1306/1285 988/1220/1199 306/1147/1128
f 1371/1306/1285 973/1307/1286 334/1223/1202 988/1220/1199
f 1007/1299/1278 333/1301/1280 973/1307/1286 1371/1306/1285
f 290/1153/1124 1008/1308/1282 1372/1309/1287 904/1151/1131
f 904/1151/1131 1372/1309/1287 983/1204/1183 291/1152/1132
f 1372/1309/1287 960/1310/1288 319/1209/1188 983/1204/1183
f 1008/1308/1282 318/1311/1284 960/1310/1288 1372/1309/1287
f 313/1277/1256 1037/1312/1289 1373/1313/1290 958/1297/1276
f 958/1297/1276 1373/1313/1290 1038/1314/1291 315/1291/1270
f 1373/1315/1290 1014/1316/1292 343/1317/1293 1038/1318/1291
f 1037/1319/1289 341/1320/1294 1014/1316/1292 1373/1315/1290
f 332/1295/1274 1039/1321/1295 1374/1322/1296 972/1300/1279
f 972/1300/1279 1374/1322/1296 1040/1323/1297 333/1301/1280
f 1374/1324/1296 1028/1325/1298 361/1326/1299 1040/1327/1297
f 1039/1328/1295 360/1329/1300 1028/1325/1298 1374/1324/1296
f 316/1261/1240 1041/1330/1301 1375/1331/1302 959/1304/1283
f 959/1304/1283 1375/1331/1302 1042/1332/1303 318/1305/1284
f 1375/1333/1302 1015/1334/1304 346/1335/1305 1042/1336/1303
f 1041/1337/1301 344/1338/1306 1015/1334/1304 1375/1333/1302
f 333/1301/1280 1040/1323/1297 1376/1339/1307 973/1307/1286
f 973/1307/1286 1376/1339/1307 1043/1340/1308 334/1223/1202
f 1376/1341/1307 1029/1342/1309 362/1343/1310 1043/1344/1308
f 1040/1327/1297 361/1326/1299 1029/1342/1309 1376/1341/1307
f 318/1311/1284 1042/1345/1303 1377/1346/1311 960/1310/1288
f 960/1310/1288 1377/1346/1311 1044/1347/1312 319/1209/1188
f 1377/1348/1311 1016/1349/1313 347/1350/1314 1044/1351/1312
f 1042/1336/1303 346/1335/1305 1016/1349/1313 1377/1348/1311
f 335/1203/1182 1045/1352/1315 1378/1353/1316 974/1201/1180
f 974/1201/1180 1378/1353/1316 1046/1354/1317 331/1202/1181
f 1378/1355/1316 1030/1356/1318 359/1357/1319 1046/1358/1317
f 1045/1359/1315 363/1360/1320 1030/1356/1318 1378/1355/1316
f 319/1209/1188 1044/1347/1312 1379/1361/1321 961/1207/1186
f 961/1207/1186 1379/1361/1321 1047/1362/1322 320/1208/1187
f 1379/1363/1321 1017/1364/1323 348/1365/1324 1047/1366/1322
f 1044/1351/1312 347/1350/1314 1017/1364/1323 1379/1363/1321
f 336/1213/1192 1048/1367/1325 1380/1368/1326 975/1212/1191
f 975/1212/1191 1380/1368/1326 1045/1352/1315 335/1203/1182
f 1380/1369/1326 1031/1370/1327 363/1360/1320 1045/1359/1315
f 1048/1371/1325 364/1372/1328 1031/1370/1327 1380/1369/1326
f 321/1219/1198 1049/1373/1329 1381/1374/1330 962/1217/1196
f 962/1217/1196 1381/1374/1330 1050/1375/1331 317/1218/1197
f 1381/1376/1330 1018/1377/1332 345/1378/1333 1050/1379/1331
f 1049/1380/1329 349/1381/1334 1018/1377/1332 1381/1376/1330
f 334/1223/1202 1043/1340/1308 1382/1382/1335 976/1222/1201
f 976/1222/1201 1382/1382/1335 1048/1367/1325 336/1213/1192
f 1382/1383/1335 1032/1384/1336 364/1372/1328 1048/1371/1325
f 1043/1344/1308 362/1343/1310 1032/1384/1336 1382/1383/1335
f 322/1227/1206 1051/1385/1337 1383/1386/1338 963/1226/1205
f 963/1226/1205 1383/1386/1338 1049/1373/1329 321/1219/1198
f 1383/1387/1338 1019/1388/1339 349/1381/1334 1049/1380/1329
f 1051/1389/1337 350/1390/1340 1019/1388/1339 1383/1387/1338
f 317/1218/1197 1050/1375/1331 1384/1391/1341 977/1230/1209
f 977/1230/1209 1384/1391/1341 1052/1392/1342 309/1231/1210
f 1384/1393/1341 1033/1394/1343 337/1395/1344 1052/1396/1342
f 1050/1379/1331 345/1378/1333 1033/1394/1343 1384/1393/1341
f 320/1208/1187 1047/1362/1322 1385/1397/1345 964/1233/1212
f 964/1233/1212 1385/1397/1345 1051/1385/1337 322/1227/1206
f 1385/1398/1345 1020/1399/1346 350/1390/1340 1051/1389/1337
f 1047/1366/1322 348/1365/1324 1020/1399/1346 1385/1398/1345
f 324/1239/1218 1053/1400/1347 1386/1401/1348 978/1237/1216
f 978/1237/1216 1386/1401/1348 1054/1402/1349 330/1238/1217
f 1386/1403/1348 1034/1404/1350 358/1405/1351 1054/1406/1349
f 1053/1407/1347 352/1408/1352 1034/1404/1350 1386/1403/1348
f 323/1245/1224 1055/1409/1353 1387/1410/1354 965/1243/1222
f 965/1243/1222 1387/1410/1354 1056/1411/1355 325/1244/1223
f 1387/1412/1354 1021/1413/1356 353/1414/1357 1056/1415/1355
f 1055/1416/1353 351/1417/1358 1021/1413/1356 1387/1412/1354
f 310/1249/1228 1057/1418/1359 1388/1419/1360 979/1248/1227
f 979/1248/1227 1388/1419/1360 1055/1409/1353 323/1245/1224
f 1388/1420/1360 1035/1421/1361 351/1417/1358 1055/1416/1353
f 1057/1422/1359 338/1423/1362 1035/1421/1361 1388/1420/1360
f 325/1244/1223 1056/1411/1355 1389/1424/1363 966/1252/1231
f 966/1252/1231 1389/1424/1363 1058/1425/1364 326/1253/1232
f 1389/1426/1363 1022/1427/1365 354/1428/1366 1058/1429/1364
f 1056/1415/1355 353/1414/1357 1022/1427/1365 1389/1426/1363
f 309/1231/1210 1052/1392/1342 1390/1430/1367 953/1256/1235
f 953/1256/1235 1390/1430/1367 1059/1431/1368 311/1257/1236
f 1390/1432/1367 1009/1433/1369 339/1434/1370 1059/1435/1368
f 1052/1396/1342 337/1395/1344 1009/1433/1369 1390/1432/1367
f 331/1202/1181 1046/1354/1317 1391/1436/1371 980/1260/1239
f 980/1260/1239 1391/1436/1371 1041/1330/1301 316/1261/1240
f 1391/1437/1371 1036/1438/1372 344/1338/1306 1041/1337/1301
f 1046/1358/1317 359/1357/1319 1036/1438/1372 1391/1437/1371
f 326/1253/1232 1058/1425/1364 1392/1439/1373 967/1264/1243
f 967/1264/1243 1392/1439/1373 1060/1440/1374 327/1265/1244
f 1392/1441/1373 1023/1442/1375 355/1443/1376 1060/1444/1374
f 1058/1429/1364 354/1428/1366 1023/1442/1375 1392/1441/1373
f 311/1257/1236 1059/1431/1368 1393/1445/1377 954/1268/1247
f 954/1268/1247 1393/1445/1377 1061/1446/1378 312/1269/1248
f 1393/1447/1377 1010/1448/1379 340/1449/1380 1061/1450/1378
f 1059/1435/1368 339/1434/1370 1010/1448/1379 1393/1447/1377
f 328/1273/1252 1062/1451/1381 1394/1452/1382 968/1272/1251
f 968/1272/1251 1394/1452/1382 1053/1400/1347 324/1239/1218
f 1394/1453/1382 1024/1454/1383 352/1408/1352 1053/1407/1347
f 1062/1455/1381 356/1456/1384 1024/1454/1383 1394/1453/1382
f 312/1269/1248 1061/1446/1378 1395/1457/1385 955/1276/1255
f 955/1276/1255 1395/1457/1385 1037/1312/1289 313/1277/1256
f 1395/1458/1385 1011/1459/1386 341/1320/1294 1037/1319/1289
f 1061/1450/1378 340/1449/1380 1011/1459/1386 1395/1458/1385
f 329/1281/1260 1063/1460/1387 1396/1461/1388 969/1280/1259
f 969/1280/1259 1396/1461/1388 1062/1451/1381 328/1273/1252
f 1396/1462/1388 1025/1463/1389 356/1456/1384 1062/1455/1381
f 1063/1464/1387 357/1465/1390 1025/1463/1389 1396/1462/1388
f 314/1285/1264 1064/1466/1391 1397/1467/1392 956/1284/1263
f 956/1284/1263 1397/1467/1392 1057/1418/1359 310/1249/1228
f 1397/1468/1392 1012/1469/1393 338/1423/1362 1057/1422/1359
f 1064/1470/1391 342/1471/1394 1012/1469/1393 1397/1468/1392
f 327/1265/1244 1060/1440/1374 1398/1472/1395 970/1287/1266
f 970/1287/1266 1398/1472/1395 1063/1460/1387 329/1281/1260
f 1398/1473/1395 1026/1474/1396 357/1465/1390 1063/1464/1387
f 1060/1444/1374 355/1443/1376 1026/1474/1396 1398/1473/1395
f 315/1291/1270 1038/1314/1291 1399/1475/1397 957/1290/1269
f 957/1290/1269 1399/1475/1397 1064/1466/1391 314/1285/1264
f 1399/1476/1397 1013/1477/1398 342/1471/1394 1064/1470/1391
f 1038/1318/1291 343/1317/1293 1013/1477/1398 1399/1476/1397
f 330/1238/1217 1054/1402/1349 1400/1478/1399 971/1294/1273
f 971/1294/1273 1400/1478/1399 1039/1321/1295 332/1295/1274
f 1400/1479/1399 1027/1480/1400 360/1329/1300 1039/1328/1295
f 1054/1406/1349 358/1405/1351 1027/1480/1400 1400/1479/1399
f 337/1395/1344 1033/1394/1343 1401/1481/1401 1009/1433/1369
f 339/1434/1370 1009/1433/1369 1401/1481/1401 1010/1448/1379
f 340/1449/1380 1010/1448/1379 1401/1481/1401 1011/1459/1386
f 341/1320/1294 1011/1459/1386 1401/1481/1401 1014/1316/1292
f 343/1317/1293 1014/1316/1292 1401/1481/1401 1013/1477/1398
f 342/1471/1394 1013/1477/1398 1401/1481/1401 1012/1469/1393
f 338/1423/1362 1012/1469/1393 1401/1481/1401 1035/1421/1361
f 351/1417/1358 1035/1421/1361 1401/1481/1401 1021/1413/1356
f 353/1414/1357 1021/1413/1356 1401/1481/1401 1022/1427/1365
f 354/1428/1366 1022/1427/1365 1401/1481/1401 1023/1442/1375
f 355/1443/1376 1023/1442/1375 1401/1481/1401 1026/1474/1396
f 357/1465/1390 1026/1474/1396 1401/1481/1401 1025/1463/1389
f 356/1456/1384 1025/1463/1389 1401/1481/1401 1024/1454/1383
f 352/1408/1352 1024/1454/1383 1401/1481/1401 1034/1404/1350
f 358/1405/1351 1034/1404/1350 1401/1481/1401 1027/1480/1400
f 360/1329/1300 1027/1480/1400 1401/1481/1401 1028/1325/1298
f 361/1326/1299 1028/1325/1298 1401/1481/1401 1029/1342/1309
f 362/1343/1310 1029/1342/1309 1401/1481/1401 1032/1384/1336
f 364/1372/1328 1032/1384/1336 1401/1481/1401 1031/1370/1327
f 363/1360/1320 1031/1370/1327 1401/1481/1401 1030/1356/1318
f 359/1357/1319 1030/1356/1318 1401/1481/1401 1036/1438/1372
f 344/1338/1306 1036/1438/1372 1401/1481/1401 1015/1334/1304
f 346/1335/1305 1015/1334/1304 1401/1481/1401 1016/1349/1313
f 347/1350/1314 1016/1349/1313 1401/1481/1401 1017/1364/1323
f 348/1365/1324 1017/1364/1323 1401/1481/1401 1020/1399/1346
f 350/1390/1340 1020/1399/1346 1401/1481/1401 1019/1388/1339
f 349/1381/1334 1019/1388/1339 1401/1481/1401 1018/1377/1332
f 345/1378/1333 1018/1377/1332 1401/1481/1401 1033/1394/1343
f 1441/1482/1402 1404/1483/1403 1476/1484/1404 1513/1485/1405
f 1402/1486/1406 1405/1487/1407 1409/1488/1408 1408/1489/1409
f 1405/1487/1407 1406/1490/1410 1410/1491/1411 1409/1488/1408
f 1406/1490/1410 1407/1492/1412 1411/1493/1413 1410/1491/1411
f 1408/1489/1409 1409/1488/1408 1413/1494/1414 1412/1495/1415
f 1409/1488/1408 1410/1491/1411 1414/1496/1416 1413/1494/1414
f 1410/1491/1411 1411/1493/1413 1415/1497/1417 1414/1496/1416
f 1412/1495/1415 1413/1494/1414 1434/1498/1418 1430/1499/1419
f 1413/1494/1414 1414/1496/1416 1438/1500/1420 1434/1498/1418
f 1414/1496/1416 1415/1497/1417 1416/1501/1421 1438/1500/1420
f 1403/1502/1422 1417/1503/1423 1421/1504/1424 1420/1505/1425
f 1417/1503/1423 1418/1506/1426 1422/1507/1427 1421/1504/1424
f 1418/1506/1426 1419/1508/1428 1423/1509/1429 1422/1507/1427
f 1420/1505/1425 1421/1504/1424 1425/1510/1430 1424/1511/1431
f 1421/1504/1424 1422/1507/1427 1426/1512/1432 1425/1510/1430
f 1422/1507/1427 1423/1509/1429 1427/1513/1433 1426/1512/1432
f 1424/1511/1431 1425/1510/1430 1411/1493/1413 1407/1492/1412
f 1425/1510/1430 1426/1512/1432 1415/1497/1417 1411/1493/1413
f 1426/1512/1432 1427/1513/1433 1416/1501/1421 1415/1497/1417
f 1404/1483/1403 1428/1514/1434 1432/1515/1435 1431/1516/1436
f 1428/1514/1434 1429/1517/1437 1433/1518/1438 1432/1515/1435
f 1429/1517/1437 1430/1499/1419 1434/1498/1418 1433/1518/1438
f 1431/1516/1436 1432/1515/1435 1436/1519/1439 1435/1520/1440
f 1432/1515/1435 1433/1518/1438 1437/1521/1441 1436/1519/1439
f 1433/1518/1438 1434/1498/1418 1438/1500/1420 1437/1521/1441
f 1435/1520/1440 1436/1519/1439 1423/1509/1429 1419/1508/1428
f 1436/1519/1439 1437/1521/1441 1427/1513/1433 1423/1509/1429
f 1437/1521/1441 1438/1500/1420 1416/1501/1421 1427/1513/1433
f 1439/1522/1442 1442/1523/1443 1446/1524/1444 1445/1525/1445
f 1442/1523/1443 1443/1526/1446 1447/1527/1447 1446/1524/1444
f 1443/1526/1446 1444/1528/1448 1448/1529/1449 1447/1527/1447
f 1445/1525/1445 1446/1524/1444 1450/1530/1450 1449/1531/1451
f 1446/1524/1444 1447/1527/1447 1451/1532/1452 1450/1530/1450
f 1447/1527/1447 1448/1529/1449 1452/1533/1453 1451/1532/1452
f 1449/1531/1451 1450/1530/1450 1471/1534/1454 1467/1535/1455
f 1450/1530/1450 1451/1532/1452 1475/1536/1456 1471/1534/1454
f 1451/1532/1452 1452/1533/1453 1453/1537/1457 1475/1536/1456
f 1440/1538/1458 1454/1539/1459 1458/1540/1460 1457/1541/1461
f 1454/1539/1459 1455/1542/1462 1459/1543/1463 1458/1540/1460
f 1455/1542/1462 1456/1544/1464 1460/1545/1465 1459/1543/1463
f 1457/1541/1461 1458/1540/1460 1462/1546/1466 1461/1547/1467
f 1458/1540/1460 1459/1543/1463 1463/1548/1468 1462/1546/1466
f 1459/1543/1463 1460/1545/1465 1464/1549/1469 1463/1548/1468
f 1461/1547/1467 1462/1546/1466 1448/1529/1449 1444/1528/1448
f 1462/1546/1466 1463/1548/1468 1452/1533/1453 1448/1529/1449
f 1463/1548/1468 1464/1549/1469 1453/1537/1457 1452/1533/1453
f 1441/1482/1402 1465/1550/1470 1469/1551/1471 1468/1552/1472
f 1465/1550/1470 1466/1553/1473 1470/1554/1474 1469/1551/1471
f 1466/1553/1473 1467/1535/1455 1471/1534/1454 1470/1554/1474
f 1468/1552/1472 1469/1551/1471 1473/1555/1475 1472/1556/1476
f 1469/1551/1471 1470/1554/1474 1474/1557/1477 1473/1555/1475
f 1470/1554/1474 1471/1534/1454 1475/1536/1456 1474/1557/1477
f 1472/1556/1476 1473/1555/1475 1460/1545/1465 1456/1544/1464
f 1473/1555/1475 1474/1557/1477 1464/1549/1469 1460/1545/1465
f 1474/1557/1477 1475/1536/1456 1453/1537/1457 1464/1549/1469
f 1476/1558/1404 1479/1559/1478 1483/1560/1479 1482/1561/1480
f 1479/1559/1478 1480/1562/1481 1484/1563/1482 1483/1560/1479
f 1480/1562/1481 1481/1564/1483 1485/1565/1484 1484/1563/1482
f 1482/1561/1480 1483/1560/1479 1487/1566/1485 1486/1567/1486
f 1483/1560/1479 1484/1563/1482 1488/1568/1487 1487/1566/1485
f 1484/1563/1482 1485/1565/1484 1489/1569/1488 1488/1568/1487
f 1486/1567/1486 1487/1566/1485 1508/1570/1489 1504/1571/1490
f 1487/1566/1485 1488/1568/1487 1512/1572/1491 1508/1570/1489
f 1488/1568/1487 1489/1569/1488 1490/1573/1492 1512/1572/1491
f 1477/1574/1493 1491/1575/1494 1495/1576/1495 1494/1577/1496
f 1491/1575/1494 1492/1578/1497 1496/1579/1498 1495/1576/1495
f 1492/1578/1497 1493/1580/1499 1497/1581/1500 1496/1579/1498
f 1494/1577/1496 1495/1576/1495 1499/1582/1501 1498/1583/1502
f 1495/1576/1495 1496/1579/1498 1500/1584/1503 1499/1582/1501
f 1496/1579/1498 1497/1581/1500 1501/1585/1504 1500/1584/1503
f 1498/1583/1502 1499/1582/1501 1485/1565/1484 1481/1564/1483
f 1499/1582/1501 1500/1584/1503 1489/1569/1488 1485/1565/1484
f 1500/1584/1503 1501/1585/1504 1490/1573/1492 1489/1569/1488
f 1478/1586/1505 1502/1587/1506 1506/1588/1507 1505/1589/1508
f 1502/1587/1506 1503/1590/1509 1507/1591/1510 1506/1588/1507
f 1503/1590/1509 1504/1571/1490 1508/1570/1489 1507/1591/1510
f 1505/1589/1508 1506/1588/1507 1510/1592/1511 1509/1593/1512
f 1506/1588/1507 1507/1591/1510 1511/1594/1513 1510/1592/1511
f 1507/1591/1510 1508/1570/1489 1512/1572/1491 1511/1594/1513
f 1509/1593/1512 1510/1592/1511 1497/1581/1500 1493/1580/1499
f 1510/1592/1511 1511/1594/1513 1501/1585/1504 1497/1581/1500
f 1511/1594/1513 1512/1572/1491 1490/1573/1492 1501/1585/1504
f 1513/1595/1405 1516/1596/1514 1520/1597/1515 1519/1598/1516
f 1516/1596/1514 1517/1599/1517 1521/1600/1518 1520/1597/1515
f 1517/1599/1517 1518/1601/1519 1522/1602/1520 1521/1600/1518
f 1519/1598/1516 1520/1597/1515 1524/1603/1521 1523/1604/1522
f 1520/1597/1515 1521/1600/1518 1525/1605/1523 1524/1603/1521
f 1521/1600/1518 1522/1602/1520 1526/1606/1524 1525/1605/1523
f 1523/1604/1522 1524/1603/1521 1545/1607/1525 1541/1608/1526
f 1524/1603/1521 1525/1605/1523 1549/1609/1527 1545/1607/1525
f 1525/1605/1523 1526/1606/1524 1527/1610/1528 1549/1609/1527
f 1514/1611/1529 1528/1612/1530 1532/1613/1531 1531/1614/1532
f 1528/1612/1530 1529/1615/1533 1533/1616/1534 1532/1613/1531
f 1529/1615/1533 1530/1617/1535 1534/1618/1536 1533/1616/1534
f 1531/1614/1532 1532/1613/1531 1536/1619/1537 1535/1620/1538
f 1532/1613/1531 1533/1616/1534 1537/1621/1539 1536/1619/1537
f 1533/1616/1534 1534/1618/1536 1538/1622/1540 1537/1621/1539
f 1535/1620/1538 1536/1619/1537 1522/1602/1520 1518/1601/1519
f 1536/1619/1537 1537/1621/1539 1526/1606/1524 1522/1602/1520
f 1537/1621/1539 1538/1622/1540 1527/1610/1528 1526/1606/1524
f 1515/1623/1541 1539/1624/1542 1543/1625/1543 1542/1626/1544
f 1539/1624/1542 1540/1627/1545 1544/1628/1546 1543/1625/1543
f 1540/1627/1545 1541/1608/1526 1545/1607/1525 1544/1628/1546
f 1542/1626/1544 1543/1625/1543 1547/1629/1547 1546/1630/1548
f 1543/1625/1543 1544/1628/1546 1548/1631/1549 1547/1629/1547
f 1544/1628/1546 1545/1607/1525 1549/1609/1527 1548/1631/1549
f 1546/1630/1548 1547/1629/1547 1534/1618/1536 1530/1617/1535
f 1547/1629/1547 1548/1631/1549 1538/1622/1540 1534/1618/1536
f 1548/1631/1549 1549/1609/1527 1527/1610/1528 1538/1622/1540
f 1404/1483/1403 1441/1482/1402 1468/1552/1472 1428/1514/1434
f 1428/1514/1434 1468/1552/1472 1472/1556/1476 1429/1517/1437
f 1429/1517/1437 1472/1556/1476 1456/1544/1464 1430/1499/1419
f 1430/1499/1419 1456/1544/1464 1455/1542/1462 1412/1495/1415
f 1412/1495/1415 1455/1542/1462 1454/1539/1459 1408/1489/1409
f 1408/1489/1409 1454/1539/1459 1440/1538/1458 1402/1486/1406
f 1478/1586/1505 1514/1611/1529 1531/1614/1532 1502/1587/1506
f 1502/1587/1506 1531/1614/1532 1535/1620/1538 1503/1590/1509
f 1503/1590/1509 1535/1620/1538 1518/1601/1519 1504/1571/1490
f 1504/1571/1490 1518/1601/1519 1517/1599/1517 1486/1567/1486
f 1486/1567/1486 1517/1599/1517 1516/1596/1514 1482/1561/1480
f 1482/1561/1480 1516/1596/1514 1513/1595/1405 1476/1558/1404
f 1403/1502/1422 1477/1632/1493 1494/1633/1496 1417/1503/1423
f 1417/1503/1423 1494/1633/1496 1498/1634/1502 1418/1506/1426
f 1418/1506/1426 1498/1634/1502 1481/1635/1483 1419/1508/1428
f 1419/1508/1428 1481/1635/1483 1480/1636/1481 1435/1520/1440
f 1435/1520/1440 1480/1636/1481 1479/1637/1478 1431/1516/1436
f 1431/1516/1436 1479/1637/1478 1476/1484/1404 1404/1483/1403
f 1515/1638/1541 1439/1522/1442 1445/1525/1445 1539/1639/1542
f 1539/1639/1542 1445/1525/1445 1449/1531/1451 1540/1640/1545
f 1540/1640/1545 1449/1531/1451 1467/1535/1455 1541/1641/1526
f 1541/1641/1526 1467/1535/1455 1466/1553/1473 1523/1642/1522
f 1523/1642/1522 1466/1553/1473 1465/1550/1470 1519/1643/1516
f 1519/1643/1516 1465/1550/1470 1441/1482/1402 1513/1485/1405
f 1443/1644/1446 1442/1645/1443 1559/1646/1550 1560/1647/1551
f 1424/1648/1431 1407/1649/1412 1554/1650/1552 1556/1651/1553
f 1405/1652/1407 1402/1653/1406 1550/1654/1554 1552/1655/1555
f 1542/1656/1544 1546/1657/1548 1577/1658/1556 1576/1659/1557
f 1529/1660/1533 1528/1661/1530 1573/1662/1558 1574/1663/1559
f 1444/1664/1448 1443/1644/1446 1560/1647/1551 1561/1665/1560
f 1457/1666/1461 1461/1667/1467 1563/1668/1561 1562/1669/1562
f 1402/1653/1406 1440/1670/1458 1558/1671/1563 1550/1654/1554
f 1491/1672/1494 1477/1673/1493 1564/1674/1564 1566/1675/1565
f 1406/1676/1410 1405/1652/1407 1552/1655/1555 1553/1677/1566
f 1514/1678/1529 1478/1679/1505 1565/1680/1567 1571/1681/1568
f 1439/1682/1442 1515/1683/1541 1572/1684/1569 1557/1685/1570
f 1530/1686/1535 1529/1660/1533 1574/1663/1559 1575/1687/1571
f 1505/1688/1508 1509/1689/1512 1570/1690/1572 1569/1691/1573
f 1515/1692/1541 1542/1656/1544 1576/1659/1557 1572/1693/1569
f 1492/1694/1497 1491/1672/1494 1566/1675/1565 1567/1695/1574
f 1440/1670/1458 1457/1666/1461 1562/1669/1562 1558/1671/1563
f 1407/1649/1412 1406/1676/1410 1553/1677/1566 1554/1650/1552
f 1420/1696/1425 1424/1648/1431 1556/1651/1553 1555/1697/1575
f 1546/1657/1548 1530/1686/1535 1575/1687/1571 1577/1658/1556
f 1493/1698/1499 1492/1694/1497 1567/1695/1574 1568/1699/1576
f 1478/1679/1505 1505/1688/1508 1569/1691/1573 1565/1680/1567
f 1461/1667/1467 1444/1664/1448 1561/1665/1560 1563/1668/1561
f 1442/1645/1443 1439/1682/1442 1557/1685/1570 1559/1646/1550
f 1403/1700/1422 1420/1696/1425 1555/1697/1575 1551/1701/1577
f 1477/1702/1493 1403/1700/1422 1551/1701/1577 1564/1703/1564
f 1509/1689/1512 1493/1698/1499 1568/1699/1576 1570/1690/1572
f 1528/1661/1530 1514/1678/1529 1571/1681/1568 1573/1662/1558
f 1572/1704/1569 1576/1705/1557 1604/1706/1578 1600/1707/1579
f 1561/1708/1560 1560/1709/1551 1588/1710/1580 1589/1711/1581
f 1576/1705/1557 1577/1712/1556 1605/1713/1582 1604/1706/1578
f 1558/1714/1563 1562/1715/1562 1590/1716/1583 1586/1717/1584
f 1577/1712/1556 1575/1718/1571 1603/1719/1585 1605/1713/1582
f 1562/1715/1562 1563/1720/1561 1591/1721/1586 1590/1716/1583
f 1550/1722/1554 1558/1714/1563 1586/1717/1584 1578/1723/1587
f 1563/1720/1561 1561/1708/1560 1589/1711/1581 1591/1721/1586
f 1571/1724/1568 1565/1725/1567 1593/1726/1588 1599/1727/1589
f 1566/1728/1565 1564/1729/1564 1592/1730/1590 1594/1731/1591
f 1564/1732/1564 1551/1733/1577 1579/1734/1592 1592/1735/1590
f 1567/1736/1574 1566/1728/1565 1594/1731/1591 1595/1737/1593
f 1552/1738/1555 1550/1722/1554 1578/1723/1587 1580/1739/1594
f 1557/1740/1570 1572/1741/1569 1600/1742/1579 1585/1743/1595
f 1568/1744/1576 1567/1736/1574 1595/1737/1593 1596/1745/1596
f 1553/1746/1566 1552/1738/1555 1580/1739/1594 1581/1747/1597
f 1565/1725/1567 1569/1748/1573 1597/1749/1598 1593/1726/1588
f 1554/1750/1552 1553/1746/1566 1581/1747/1597 1582/1751/1599
f 1569/1748/1573 1570/1752/1572 1598/1753/1600 1597/1749/1598
f 1551/1733/1577 1555/1754/1575 1583/1755/1601 1579/1734/1592
f 1570/1752/1572 1568/1744/1576 1596/1745/1596 1598/1753/1600
f 1555/1754/1575 1556/1756/1553 1584/1757/1602 1583/1755/1601
f 1573/1758/1558 1571/1724/1568 1599/1727/1589 1601/1759/1603
f 1556/1756/1553 1554/1750/1552 1582/1751/1599 1584/1757/1602
f 1574/1760/1559 1573/1758/1558 1601/1759/1603 1602/1761/1604
f 1559/1762/1550 1557/1740/1570 1585/1743/1595 1587/1763/1605
f 1575/1718/1571 1574/1760/1559 1602/1761/1604 1603/1719/1585
f 1560/1709/1551 1559/1762/1550 1587/1763/1605 1588/1710/1580
f 1598/1764/1600 1596/1765/1596 1624/1766/1606 1626/1767/1607
f 1583/1768/1601 1584/1769/1602 1612/1770/1608 1611/1771/1609
f 1601/1772/1603 1599/1773/1589 1627/1774/1610 1629/1775/1611
f 1584/1769/1602 1582/1776/1599 1610/1777/1612 1612/1770/1608
f 1602/1778/1604 1601/1772/1603 1629/1775/1611 1630/1779/1613
f 1587/1780/1605 1585/1781/1595 1613/1782/1614 1615/1783/1615
f 1603/1784/1585 1602/1778/1604 1630/1779/1613 1631/1785/1616
f 1588/1786/1580 1587/1780/1605 1615/1783/1615 1616/1787/1617
f 1600/1788/1579 1604/1789/1578 1632/1790/1618 1628/1791/1619
f 1589/1792/1581 1588/1786/1580 1616/1787/1617 1617/1793/1620
f 1604/1789/1578 1605/1794/1582 1633/1795/1621 1632/1790/1618
f 1586/1796/1584 1590/1797/1583 1618/1798/1622 1614/1799/1623
f 1605/1794/1582 1603/1784/1585 1631/1785/1616 1633/1795/1621
f 1590/1797/1583 1591/1800/1586 1619/1801/1624 1618/1798/1622
f 1578/1802/1587 1586/1796/1584 1614/1799/1623 1606/1803/1625
f 1591/1800/1586 1589/1792/1581 1617/1793/1620 1619/1801/1624
f 1599/1773/1589 1593/1804/1588 1621/1805/1626 1627/1774/1610
f 1594/1806/1591 1592/1807/1590 1620/1808/1627 1622/1809/1628
f 1592/1810/1590 1579/1811/1592 1607/1812/1629 1620/1813/1627
f 1595/1814/1593 1594/1806/1591 1622/1809/1628 1623/1815/1630
f 1580/1816/1594 1578/1802/1587 1606/1803/1625 1608/1817/1631
f 1585/1781/1595 1600/1818/1579 1628/1819/1619 1613/1782/1614
f 1596/1765/1596 1595/1814/1593 1623/1815/1630 1624/1766/1606
f 1581/1820/1597 1580/1816/1594 1608/1817/1631 1609/1821/1632
f 1593/1804/1588 1597/1822/1598 1625/1823/1633 1621/1805/1626
f 1582/1776/1599 1581/1820/1597 1609/1821/1632 1610/1777/1612
f 1597/1822/1598 1598/1764/1600 1626/1767/1607 1625/1823/1633
f 1579/1811/1592 1583/1768/1601 1611/1771/1609 1607/1812/1629
f 1610/1824/1612 1609/1825/1632 1637/1826/1634 1638/1827/1635
f 1625/1828/1633 1626/1829/1607 1654/1830/1636 1653/1831/1637
f 1607/1832/1629 1611/1833/1609 1639/1834/1638 1635/1835/1639
f 1626/1829/1607 1624/1836/1606 1652/1837/1640 1654/1830/1636
f 1611/1833/1609 1612/1838/1608 1640/1839/1641 1639/1834/1638
f 1629/1840/1611 1627/1841/1610 1655/1842/1642 1657/1843/1643
f 1612/1838/1608 1610/1824/1612 1638/1827/1635 1640/1839/1641
f 1630/1844/1613 1629/1840/1611 1657/1843/1643 1658/1845/1644
f 1615/1846/1615 1613/1847/1614 1641/1848/1645 1643/1849/1646
f 1631/1850/1616 1630/1844/1613 1658/1845/1644 1659/1851/1647
f 1616/1852/1617 1615/1846/1615 1643/1849/1646 1644/1853/1648
f 1628/1854/1619 1632/1855/1618 1660/1856/1649 1656/1857/1650
f 1617/1858/1620 1616/1852/1617 1644/1853/1648 1645/1859/1651
f 1632/1855/1618 1633/1860/1621 1661/1861/1652 1660/1856/1649
f 1614/1862/1623 1618/1863/1622 1646/1864/1653 1642/1865/1654
f 1633/1860/1621 1631/1850/1616 1659/1851/1647 1661/1861/1652
f 1618/1863/1622 1619/1866/1624 1647/1867/1655 1646/1864/1653
f 1606/1868/1625 1614/1862/1623 1642/1865/1654 1634/1869/1656
f 1619/1866/1624 1617/1858/1620 1645/1859/1651 1647/1867/1655
f 1627/1841/1610 1621/1870/1626 1649/1871/1657 1655/1842/1642
f 1622/1872/1628 1620/1873/1627 1648/1874/1658 1650/1875/1659
f 1620/1876/1627 1607/1832/1629 1635/1835/1639 1648/1877/1658
f 1623/1878/1630 1622/1872/1628 1650/1875/1659 1651/1879/1660
f 1608/1880/1631 1606/1868/1625 1634/1869/1656 1636/1881/1661
f 1613/1847/1614 1628/1882/1619 1656/1883/1650 1641/1848/1645
f 1624/1836/1606 1623/1878/1630 1651/1879/1660 1652/1837/1640
f 1609/1825/1632 1608/1880/1631 1636/1881/1661 1637/1826/1634
f 1621/1870/1626 1625/1828/1633 1653/1831/1637 1649/1871/1657
f 2039/1884/1662 3088/1885/1663 4180/1886/1664 4006/1887/1665
f 3088/1885/1663 2035/1888/1666 4002/1889/1667 4180/1886/1664
f 4180/1886/1664 4002/1889/1667 2370/1890/1668 3654/1891/1669
f 4006/1887/1665 4180/1886/1664 3654/1891/1669 2374/1892/1670
f 1996/1893/1671 3026/1894/1672 4181/1895/1673 3986/1896/1674
f 3026/1894/1672 1987/1897/1675 3984/1898/1676 4181/1895/1673
f 4181/1895/1673 3984/1898/1676 2322/1899/1677 3594/1900/1678
f 3986/1896/1674 4181/1895/1673 3594/1900/1678 2329/1901/1679
f 2055/1902/1680 3142/1903/1681 4182/1904/1682 4012/1905/1683
f 3142/1903/1681 2064/1906/1684 4013/1907/1682 4182/1904/1682
f 4182/1904/1682 4013/1907/1682 2397/1908/1685 3705/1909/1686
f 4012/1905/1683 4182/1904/1682 3705/1909/1686 2390/1910/1687
f 1983/1911/1688 2998/1912/1689 4183/1913/1690 3982/1914/1691
f 2998/1912/1689 1979/1915/1692 3974/1916/1693 4183/1913/1690
f 4183/1913/1690 3974/1916/1693 2314/1917/1694 3564/1918/1695
f 3982/1914/1691 4183/1913/1690 3564/1918/1695 2318/1919/1696
f 2048/1920/1697 3112/1921/1698 4184/1922/1699 4004/1923/1700
f 3112/1921/1698 2052/1924/1701 4010/1925/1702 4184/1922/1699
f 4184/1922/1699 4010/1925/1702 2385/1926/1703 3677/1927/1704
f 4004/1923/1700 4184/1922/1699 3677/1927/1704 2381/1928/1705
f 2007/1929/1706 3036/1930/1707 4185/1931/1708 3988/1932/1709
f 3036/1930/1707 2000/1933/1710 3967/1934/1711 4185/1931/1708
f 4185/1931/1708 3967/1934/1711 2333/1935/1712 3599/1936/1713
f 3988/1932/1709 4185/1931/1708 3599/1936/1713 2342/1937/1714
f 1947/1938/1715 2970/1939/1716 4186/1940/1717 3962/1941/1718
f 2970/1939/1716 1964/1942/1719 3963/1943/1720 4186/1940/1717
f 4186/1940/1717 3963/1943/1720 2297/1944/1721 3533/1945/1722
f 3962/1941/1718 4186/1940/1717 3533/1945/1722 2282/1946/1723
f 1992/1947/1724 3022/1948/1725 4187/1949/1726 3980/1950/1727
f 3022/1948/1725 1996/1893/1671 3986/1896/1674 4187/1949/1726
f 4187/1949/1726 3986/1896/1674 2329/1901/1679 3587/1951/1728
f 3980/1950/1727 4187/1949/1726 3587/1951/1728 2325/1952/1729
f 1729/1953/1730 2596/1954/1731 4188/1955/1732 3993/1956/1733
f 2596/1954/1731 1738/1957/1734 3994/1958/1735 4188/1955/1732
f 4188/1955/1732 3994/1958/1735 2019/1959/1736 3052/1960/1737
f 3993/1956/1733 4188/1955/1732 3052/1960/1737 2004/1961/1738
f 2003/1962/1739 3060/1963/1740 4189/1964/1741 3990/1965/1742
f 3060/1963/1740 2020/1966/1743 3991/1967/1744 4189/1964/1741
f 4189/1964/1741 3991/1967/1744 2353/1968/1745 3623/1969/1746
f 3990/1965/1742 4189/1964/1741 3623/1969/1746 2338/1970/1747
f 1732/1971/1748 2593/1972/1749 4190/1973/1750 3965/1974/1751
f 2593/1972/1749 1741/1975/1752 3966/1976/1753 4190/1973/1750
f 4190/1973/1750 3966/1976/1753 1963/1977/1754 2962/1978/1755
f 3965/1974/1751 4190/1973/1750 2962/1978/1755 1948/1979/1756
f 2015/1980/1757 3050/1981/1758 4191/1982/1759 3998/1983/1760
f 3050/1981/1758 2011/1984/1761 3996/1985/1762 4191/1982/1759
f 4191/1982/1759 3996/1985/1762 2346/1986/1763 3616/1987/1764
f 3998/1983/1760 4191/1982/1759 3616/1987/1764 2350/1988/1765
f 1944/1989/1766 3120/1990/1767 4192/1991/1768 3957/1992/1769
f 3120/1990/1767 1975/1993/1770 3960/1994/1771 4192/1991/1768
f 4192/1991/1768 3960/1994/1771 2310/1995/1772 3688/1996/1773
f 3957/1992/1769 4192/1991/1768 3688/1996/1773 2277/1997/1774
f 1975/1993/1770 3015/1998/1775 4193/1999/1776 3960/1994/1771
f 3015/1998/1775 1992/1947/1724 3980/1950/1727 4193/1999/1776
f 4193/1999/1776 3980/1950/1727 2325/1952/1729 3578/2000/1777
f 3960/1994/1771 4193/1999/1776 3578/2000/1777 2310/1995/1772
f 2024/2001/1778 3071/2002/1779 4194/2003/1780 4000/2004/1781
f 3071/2002/1779 2015/1980/1757 3998/1983/1760 4194/2003/1780
f 4194/2003/1780 3998/1983/1760 2350/1988/1765 3639/2005/1782
f 4000/2004/1781 4194/2003/1780 3639/2005/1782 2357/2006/1783
f 1959/2007/1784 2960/2008/1785 4195/2009/1786 3970/2010/1787
f 2960/2008/1785 1955/2011/1788 3968/2012/1789 4195/2009/1786
f 4195/2009/1786 3968/2012/1789 2290/2013/1790 3526/2014/1791
f 3970/2010/1787 4195/2009/1786 3526/2014/1791 2294/2015/1792
f 2028/2016/1793 3124/2017/1794 4196/2018/1795 3995/2019/1796
f 3124/2017/1794 2003/1962/1739 3990/1965/1742 4196/2018/1795
f 4196/2018/1795 3990/1965/1742 2338/1970/1747 3692/2020/1797
f 3995/2019/1796 4196/2018/1795 3692/2020/1797 2361/2021/1798
f 1968/2022/1799 2981/2023/1800 4197/2024/1801 3972/2025/1802
f 2981/2023/1800 1959/2007/1784 3970/2010/1787 4197/2024/1801
f 4197/2024/1801 3970/2010/1787 2294/2015/1792 3549/2026/1803
f 3972/2025/1802 4197/2024/1801 3549/2026/1803 2301/2027/1804
f 2035/1888/1666 3081/2028/1805 4198/2029/1806 4002/1889/1667
f 3081/2028/1805 2028/2016/1793 3995/2019/1796 4198/2029/1806
f 4198/2029/1806 3995/2019/1796 2361/2021/1798 3644/2030/1807
f 4002/1889/1667 4198/2029/1806 3644/2030/1807 2370/1890/1668
f 2000/1933/1710 3128/2031/1808 4199/2032/1809 3967/1934/1711
f 3128/2031/1808 1947/1938/1715 3962/1941/1718 4199/2032/1809
f 4199/2032/1809 3962/1941/1718 2282/1946/1723 3696/2033/1810
f 3967/1934/1711 4199/2032/1809 3696/2033/1810 2333/1935/1712
f 2020/1966/1743 3067/2034/1811 4200/2035/1812 3991/1967/1744
f 3067/2034/1811 2024/2001/1778 4000/2004/1781 4200/2035/1812
f 4200/2035/1812 4000/2004/1781 2357/2006/1783 3632/2036/1813
f 3991/1967/1744 4200/2035/1812 3632/2036/1813 2353/1968/1745
f 1979/2037/1692 2991/2038/1814 4201/2039/1815 3974/2040/1693
f 2991/2038/1814 1972/2041/1816 3975/2042/1817 4201/2039/1815
f 4201/2039/1815 3975/2042/1817 2305/2043/1818 3554/2044/1819
f 3974/2040/1693 4201/2039/1815 3554/2044/1819 2314/2045/1694
f 2031/2046/1820 3105/2047/1821 4202/2048/1822 3978/2049/1823
f 3105/2047/1821 2048/1920/1697 4004/1923/1700 4202/2048/1822
f 4202/2048/1822 4004/1923/1700 2381/1928/1705 3668/2050/1824
f 3978/2049/1823 4202/2048/1822 3668/2050/1824 2366/2051/1825
f 1964/1942/1719 2977/2052/1826 4203/2053/1827 3963/1943/1720
f 2977/2052/1826 1968/2022/1799 3972/2025/1802 4203/2053/1827
f 4203/2053/1827 3972/2025/1802 2301/2027/1804 3542/2054/1828
f 3963/1943/1720 4203/2053/1827 3542/2054/1828 2297/1944/1721
f 2043/2055/1829 3095/2056/1830 4204/2057/1831 4008/2058/1832
f 3095/2056/1830 2039/1884/1662 4006/1887/1665 4204/2057/1831
f 4204/2057/1831 4006/1887/1665 2374/1892/1670 3661/2059/1833
f 4008/2058/1832 4204/2057/1831 3661/2059/1833 2378/2060/1834
f 1972/2041/1816 3132/2061/1835 4205/2062/1836 3975/2042/1817
f 3132/2061/1835 2031/2046/1820 3978/2049/1823 4205/2062/1836
f 4205/2062/1836 3978/2049/1823 2366/2051/1825 3700/2063/1837
f 3975/2042/1817 4205/2062/1836 3700/2063/1837 2305/2043/1818
f 2052/1924/1701 3116/2064/1838 4206/2065/1839 4010/1925/1702
f 3116/2064/1838 2043/2055/1829 4008/2058/1832 4206/2065/1839
f 4206/2065/1839 4008/2058/1832 2378/2060/1834 3684/2066/1840
f 4010/1925/1702 4206/2065/1839 3684/2066/1840 2385/1926/1703
f 1987/1897/1675 3005/2067/1841 4207/2068/1842 3984/1898/1676
f 3005/2067/1841 1983/1911/1688 3982/1914/1691 4207/2068/1842
f 4207/2068/1842 3982/1914/1691 2318/1919/1696 3571/2069/1843
f 3984/1898/1676 4207/2068/1842 3571/2069/1843 2322/1899/1677
f 2072/2070/1844 3177/2071/1845 4208/2072/1846 4026/2073/1847
f 3177/2071/1845 2079/2074/1848 4028/2075/1847 4208/2072/1846
f 4208/2072/1846 4028/2075/1847 2414/2076/1849 3745/2077/1850
f 4026/2073/1847 4208/2072/1846 3745/2077/1850 2405/2078/1851
f 2139/2079/1852 3277/2080/1853 4209/2081/1854 4050/2082/1855
f 3277/2080/1853 2148/2083/1856 4058/2084/1857 4209/2081/1854
f 4209/2081/1854 4058/2084/1857 2481/2085/1858 3840/2086/1859
f 4050/2082/1855 4209/2081/1854 3840/2086/1859 2474/2087/1860
f 2060/2088/1861 3324/2089/1862 4210/2090/1863 4019/2091/1864
f 3324/2089/1862 2111/2092/1865 4022/2093/1847 4210/2090/1863
f 4210/2090/1863 4022/2093/1847 2446/2094/1866 3892/2095/1867
f 4019/2091/1864 4210/2090/1863 3892/2095/1867 2393/2096/1868
f 2135/2097/1869 3263/2098/1870 4211/2099/1871 4056/2100/1872
f 3263/2098/1870 2131/2101/1873 4046/2102/1872 4211/2099/1871
f 4211/2099/1871 4046/2102/1872 2466/2103/1874 3829/2104/1875
f 4056/2100/1872 4211/2099/1871 3829/2104/1875 2470/2105/1876
f 2083/2106/1877 3187/2107/1878 4212/2108/1879 4030/2109/1880
f 3187/2107/1878 2092/2110/1881 4031/2111/1879 4212/2108/1879
f 4212/2108/1879 4031/2111/1879 2425/2112/1882 3750/2113/1883
f 4030/2109/1880 4212/2108/1879 3750/2113/1883 2418/2114/1884
f 2159/2115/1885 3301/2116/1886 4213/2117/1887 4060/2118/1880
f 3301/2116/1886 2144/2119/1888 4035/2120/1889 4213/2117/1887
f 4213/2117/1887 4035/2120/1889 2477/2121/1890 3864/2122/1891
f 4060/2118/1880 4213/2117/1887 3864/2122/1891 2494/2123/1892
f 2079/2074/1848 3173/2124/1893 4214/2125/1894 4028/2075/1847
f 3173/2124/1893 2075/2126/1895 4018/2127/1896 4214/2125/1894
f 4214/2125/1894 4018/2127/1896 2410/2128/1897 3739/2129/1898
f 4028/2075/1847 4214/2125/1894 3739/2129/1898 2414/2076/1849
f 2152/2130/1899 3291/2131/1900 4215/2132/1879 4062/2133/1901
f 3291/2131/1900 2156/2134/1902 4064/2135/1903 4215/2132/1879
f 4215/2132/1879 4064/2135/1903 2489/2136/1904 3856/2137/1905
f 4062/2133/1901 4215/2132/1879 3856/2137/1905 2485/2138/1906
f 2144/2119/1888 3328/2139/1907 4216/2140/1889 4035/2120/1889
f 3328/2139/1907 2083/2106/1877 4030/2109/1880 4216/2140/1889
f 4216/2140/1889 4030/2109/1880 2418/2114/1884 3896/2141/1908
f 4035/2120/1889 4216/2140/1889 3896/2141/1908 2477/2121/1890
f 2156/2134/1902 3312/2142/1909 4217/2143/1910 4064/2135/1903
f 3312/2142/1909 2163/2144/1911 4066/2145/1887 4217/2143/1910
f 4217/2143/1910 4066/2145/1887 2498/2146/1912 3880/2147/1913
f 4064/2135/1903 4217/2143/1910 3880/2147/1913 2489/2136/1904
f 2096/2148/1914 3201/2149/1915 4218/2150/1889 4038/2151/1916
f 3201/2149/1915 2100/2152/1917 4040/2153/1889 4218/2150/1889
f 4218/2150/1889 4040/2153/1889 2433/2154/1918 3766/2155/1919
f 4038/2151/1916 4218/2150/1889 3766/2155/1919 2429/2156/1920
f 2148/2083/1856 3284/2157/1921 4219/2158/1922 4058/2084/1857
f 3284/2157/1921 2152/2130/1899 4062/2133/1901 4219/2158/1922
f 4219/2158/1922 4062/2133/1901 2485/2138/1906 3849/2159/1923
f 4058/2084/1857 4219/2158/1922 3849/2159/1923 2481/2085/1858
f 2100/2152/1917 3222/2160/1924 4220/2161/1901 4040/2153/1889
f 3222/2160/1924 2107/2162/1925 4042/2163/1926 4220/2161/1901
f 4220/2161/1901 4042/2163/1926 2442/2164/1927 3790/2165/1928
f 4040/2153/1889 4220/2161/1901 3790/2165/1928 2433/2154/1918
f 2176/2166/1929 4068/2167/1930 4221/2168/1931 3338/2169/1932
f 4068/2167/1930 1819/2170/1933 2714/2171/1934 4221/2168/1931
f 4221/2168/1931 2714/2171/1934 1812/2172/1935 4069/2173/1936
f 3338/2169/1932 4221/2168/1931 4069/2173/1936 2167/2174/1937
f 2092/2175/1881 3194/2176/1938 4222/2177/1889 4031/2178/1879
f 3194/2176/1938 2096/2148/1914 4038/2151/1916 4222/2177/1889
f 4222/2177/1889 4038/2151/1916 2429/2156/1920 3759/2179/1939
f 4031/2178/1879 4222/2177/1889 3759/2179/1939 2425/2180/1882
f 2163/2144/1911 3308/2181/1940 4223/2182/1889 4066/2145/1887
f 3308/2181/1940 2159/2115/1885 4060/2118/1880 4223/2182/1889
f 4223/2182/1889 4060/2118/1880 2494/2123/1892 3874/2183/1941
f 4066/2145/1887 4223/2182/1889 3874/2183/1941 2498/2146/1912
f 2111/2092/1865 3232/2184/1942 4224/2185/1943 4022/2093/1847
f 3232/2184/1942 2120/2186/1944 4044/2187/1872 4224/2185/1943
f 4224/2185/1943 4044/2187/1872 2453/2188/1945 3795/2189/1946
f 4022/2093/1847 4224/2185/1943 3795/2189/1946 2446/2094/1866
f 1701/2190/1947 2561/2191/1948 4225/2192/1949 4015/2193/1950
f 2561/2191/1948 1704/2194/1951 4016/2195/1952 4225/2192/1949
f 4225/2192/1949 4016/2195/1952 2063/2196/1953 3134/2197/1954
f 4015/2193/1950 4225/2192/1949 3134/2197/1954 2056/2198/1955
f 2107/2162/1925 3218/2199/1956 4226/2200/1957 4042/2163/1926
f 3218/2199/1956 2103/2201/1958 4036/2202/1959 4226/2200/1957
f 4226/2200/1957 4036/2202/1959 2438/2203/1960 3784/2204/1961
f 4042/2163/1926 4226/2200/1957 3784/2204/1961 2442/2164/1927
f 2120/2205/1944 3239/2206/1962 4227/2207/1963 4044/2208/1872
f 3239/2206/1962 2124/2209/1964 4052/2210/1896 4227/2207/1963
f 4227/2207/1963 4052/2210/1896 2457/2211/1965 3804/2212/1966
f 4044/2208/1872 4227/2207/1963 3804/2212/1966 2453/2213/1945
f 2131/2101/1873 3256/2214/1967 4228/2215/1872 4046/2102/1872
f 3256/2214/1967 2116/2216/1968 4047/2217/1682 4228/2215/1872
f 4228/2215/1872 4047/2217/1682 2449/2218/1969 3819/2219/1970
f 4046/2102/1872 4228/2215/1872 3819/2219/1970 2466/2103/1874
f 2064/1906/1684 3149/2220/1971 4229/2221/1683 4013/1907/1682
f 3149/2220/1971 2068/2222/1972 4024/2223/1922 4229/2221/1683
f 4229/2221/1683 4024/2223/1922 2401/2224/1973 3714/2225/1974
f 4013/1907/1682 4229/2221/1683 3714/2225/1974 2397/1908/1685
f 2124/2209/1964 3246/2226/1975 4230/2227/1943 4052/2210/1896
f 3246/2226/1975 2128/2228/1976 4054/2229/1943 4230/2227/1943
f 4230/2227/1943 4054/2229/1943 2461/2230/1977 3811/2231/1978
f 4052/2210/1896 4230/2227/1943 3811/2231/1978 2457/2211/1965
f 2088/2232/1979 3316/2233/1980 4231/2234/1682 4017/2235/1981
f 3316/2233/1980 2055/1902/1680 4012/1905/1683 4231/2234/1682
f 4231/2234/1682 4012/1905/1683 2390/1910/1687 3884/2236/1982
f 4017/2235/1981 4231/2234/1682 3884/2236/1982 2421/2237/1983
f 1711/2238/1984 2576/2239/1985 4232/2240/1986 4033/2241/1987
f 2576/2239/1985 1695/2242/1988 4034/2243/1989 4232/2240/1986
f 4232/2240/1986 4034/2243/1989 2091/2244/1990 3179/2245/1991
f 4033/2241/1987 4232/2240/1986 3179/2245/1991 2084/2246/1992
f 2128/2228/1976 3267/2247/1993 4233/2248/1994 4054/2229/1943
f 3267/2247/1993 2135/2097/1869 4056/2100/1872 4233/2248/1994
f 4233/2248/1994 4056/2100/1872 2470/2105/1876 3835/2249/1995
f 4054/2229/1943 4233/2248/1994 3835/2249/1995 2461/2230/1977
f 2068/2222/1972 3156/2250/1996 4234/2251/1682 4024/2223/1922
f 3156/2250/1996 2072/2070/1844 4026/2073/1847 4234/2251/1682
f 4234/2251/1682 4026/2073/1847 2405/2078/1851 3721/2252/1997
f 4024/2223/1922 4234/2251/1682 3721/2252/1997 2401/2224/1973
f 2116/2216/1968 3320/2253/1998 4235/2254/1682 4047/2217/1682
f 3320/2253/1998 2139/2079/1852 4050/2082/1855 4235/2254/1682
f 4235/2254/1682 4050/2082/1855 2474/2087/1860 3888/2255/1999
f 4047/2217/1682 4235/2254/1682 3888/2255/1999 2449/2218/1969
f 1916/2256/2000 2925/2257/2001 4236/2258/2002 3939/2259/2003
f 2925/2257/2001 1891/2260/2004 3934/2261/2005 4236/2258/2002
f 4236/2258/2002 3934/2261/2005 1729/1953/1730 2604/2262/2006
f 3939/2259/2003 4236/2258/2002 2604/2262/2006 1728/2263/2007
f 1847/2264/2008 2758/2265/2009 4237/2266/2010 3914/2267/2011
f 2758/2265/2009 1843/2268/2012 3912/2269/2013 4237/2266/2010
f 4237/2266/2010 3912/2269/2013 1737/2270/2014 2595/2271/2015
f 3914/2267/2011 4237/2266/2010 2595/2271/2015 1739/2272/2016
f 1912/2273/2017 2872/2274/2018 4238/2275/2019 3944/2276/2020
f 2872/2274/2018 1903/2277/2021 3942/2278/2022 4238/2275/2019
f 4238/2275/2019 3942/2278/2022 1736/2279/2023 2592/2280/2024
f 3944/2276/2020 4238/2275/2019 2592/2280/2024 1740/2281/2025
f 1859/2282/2026 2795/2283/2027 4239/2284/2028 3921/2285/2029
f 2795/2283/2027 1868/2286/2030 3922/2287/2031 4239/2284/2028
f 4239/2284/2028 3922/2287/2031 1674/2288/2032 2533/2289/2033
f 3921/2285/2029 4239/2284/2028 2533/2289/2033 1673/2290/2034
f 1832/2291/2035 2921/2292/2036 4240/2293/2037 3901/2294/2038
f 2921/2292/2036 1863/2295/2039 3905/2296/2040 4240/2293/2037
f 4240/2293/2037 3905/2296/2040 1723/2297/2041 2606/2298/2042
f 3901/2294/2038 4240/2293/2037 2606/2298/2042 1727/2299/2043
f 1903/2277/2021 2848/2300/2044 4241/2301/2045 3942/2278/2022
f 2848/2300/2044 1899/2302/2046 3940/2303/2047 4241/2301/2045
f 4241/2301/2045 3940/2303/2047 1733/2304/2048 2598/2305/2049
f 3942/2278/2022 4241/2301/2045 2598/2305/2049 1736/2279/2023
f 1851/2306/2050 2774/2307/2051 4242/2308/2052 3910/2309/2053
f 2774/2307/2051 1836/2310/2054 3908/2311/2055 4242/2308/2052
f 4242/2308/2052 3908/2311/2055 1667/2312/2056 2539/2313/2057
f 3910/2309/2053 4242/2308/2052 2539/2313/2057 1666/2314/2058
f 1891/2260/2004 2856/2315/2059 4243/2316/2060 3934/2261/2005
f 2856/2315/2059 1908/2317/2061 3935/2318/2062 4243/2316/2060
f 4243/2316/2060 3935/2318/2062 1738/1957/1734 2596/1954/1731
f 3934/2261/2005 4243/2316/2060 2596/1954/1731 1729/1953/1730
f 1907/2319/2063 2864/2320/2064 4244/2321/2065 3938/2322/2066
f 2864/2320/2064 1892/2323/2067 3936/2324/2068 4244/2321/2065
f 4244/2321/2065 3936/2324/2068 1685/2325/2069 2514/2326/2070
f 3938/2322/2066 4244/2321/2065 2514/2326/2070 1665/2327/2071
f 1880/2328/2072 2821/2329/2073 4245/2330/2074 3924/2331/2075
f 2821/2329/2073 1884/2332/2076 3930/2333/2077 4245/2330/2074
f 4245/2330/2074 3930/2333/2077 1726/2334/2078 2607/2335/2079
f 3924/2331/2075 4245/2330/2074 2607/2335/2079 1724/2336/2080
f 1831/2337/2081 2750/2338/2082 4246/2339/2083 3903/2340/2084
f 2750/2338/2082 1840/2341/2085 3904/2342/2086 4246/2339/2083
f 4246/2339/2083 3904/2342/2086 1689/2343/2087 2518/2344/2088
f 3903/2340/2084 4246/2339/2083 2518/2344/2088 1684/2345/2089
f 1895/2346/2090 2832/2347/2091 4247/2348/2092 3932/2349/2093
f 2832/2347/2091 1888/2350/2094 3911/2351/2095 4247/2348/2092
f 4247/2348/2092 3911/2351/2095 1731/2352/2096 2603/2353/2097
f 3932/2349/2093 4247/2348/2092 2603/2353/2097 1730/2354/2098
f 1936/2355/2099 2911/2356/2100 4248/2357/2101 3948/2358/2102
f 2911/2356/2100 1940/2359/2103 3954/2360/2104 4248/2357/2101
f 4248/2357/2101 3954/2360/2104 1722/2361/2105 2610/2362/2106
f 3948/2358/2102 4248/2357/2101 2610/2362/2106 1719/2363/2107
f 1871/2364/2108 2796/2365/2109 4249/2366/2110 3926/2367/2111
f 2796/2365/2109 1867/2368/2112 3918/2369/2113 4249/2366/2110
f 4249/2366/2110 3918/2369/2113 1745/2370/2114 2585/2371/2115
f 3926/2367/2111 4249/2366/2110 2585/2371/2115 1721/2372/2116
f 1951/2373/2117 2946/2374/2118 4250/2375/2119 3956/2376/2120
f 2946/2374/2118 1944/1989/1766 3957/1992/1769 4250/2375/2119
f 4250/2375/2119 3957/1992/1769 2277/1997/1774 3509/2377/2121
f 3956/2376/2120 4250/2375/2119 3509/2377/2121 2286/2378/2122
f 1884/2332/2076 2827/2379/2123 4251/2380/2124 3930/2333/2077
f 2827/2379/2123 1875/2381/2125 3928/2382/2126 4251/2380/2124
f 4251/2380/2124 3928/2382/2126 1720/2383/2127 2605/2384/2128
f 3930/2333/2077 4251/2380/2124 2605/2384/2128 1726/2334/2078
f 1927/2385/2129 2886/2386/2130 4252/2387/2131 3950/2388/2132
f 2886/2386/2130 1923/2389/2133 3946/2390/2134 4252/2387/2131
f 4252/2387/2131 3946/2390/2134 1743/2391/2135 2588/2392/2136
f 3950/2388/2132 4252/2387/2131 2588/2392/2136 1744/2393/2137
f 1875/2381/2125 2803/2394/2138 4253/2395/2139 3928/2382/2126
f 2803/2394/2138 1871/2364/2108 3926/2367/2111 4253/2395/2139
f 4253/2395/2139 3926/2367/2111 1721/2372/2116 2611/2396/2140
f 3928/2382/2126 4253/2395/2139 2611/2396/2140 1720/2383/2127
f 1940/2359/2103 2917/2397/2141 4254/2398/2142 3954/2360/2104
f 2917/2397/2141 1931/2399/2143 3952/2400/2144 4254/2398/2142
f 4254/2398/2142 3952/2400/2144 1725/2401/2145 2608/2402/2146
f 3954/2360/2104 4254/2398/2142 2608/2402/2146 1722/2361/2105
f 1860/2403/2147 2933/2404/2148 4255/2405/2149 3919/2406/2150
f 2933/2404/2148 1919/2407/2151 3923/2408/2152 4255/2405/2149
f 4255/2405/2149 3923/2408/2152 1718/2409/2153 2599/2410/2154
f 3919/2406/2150 4255/2405/2149 2599/2410/2154 1735/2411/2155
f 1931/2399/2143 2893/2412/2156 4256/2413/2157 3952/2400/2144
f 2893/2412/2156 1927/2385/2129 3950/2388/2132 4256/2413/2157
f 4256/2413/2157 3950/2388/2132 1744/2393/2137 2586/2414/2158
f 3952/2400/2144 4256/2413/2157 2586/2414/2158 1725/2401/2145
f 1852/2415/2159 2776/2416/2160 4257/2417/2161 3907/2418/2162
f 2776/2416/2160 1856/2419/2163 3916/2420/2164 4257/2417/2161
f 4257/2417/2161 3916/2420/2164 1742/2421/2165 2591/2422/2166
f 3907/2418/2162 4257/2417/2161 2591/2422/2166 1741/1975/1752
f 1919/2407/2151 2901/2423/2167 4258/2424/2168 3923/2408/2152
f 2901/2423/2167 1936/2355/2099 3948/2358/2102 4258/2424/2168
f 4258/2424/2168 3948/2358/2102 1719/2363/2107 2612/2425/2169
f 3923/2408/2152 4258/2424/2168 2612/2425/2169 1718/2409/2153
f 1867/2426/2112 2787/2427/2170 4259/2428/2171 3918/2429/2113
f 2787/2427/2170 1860/2403/2147 3919/2406/2150 4259/2428/2171
f 4259/2428/2171 3919/2406/2150 1735/2411/2155 2587/2430/2172
f 3918/2429/2113 4259/2428/2171 2587/2430/2172 1745/2431/2114
f 1908/2317/2061 2866/2432/2173 4260/2433/2174 3935/2318/2062
f 2866/2432/2173 1912/2273/2017 3944/2276/2020 4260/2433/2174
f 4260/2433/2174 3944/2276/2020 1740/2281/2025 2594/2434/2175
f 3935/2318/2062 4260/2433/2174 2594/2434/2175 1738/1957/1734
f 1888/2350/2094 2929/2435/2176 4261/2436/2177 3911/2351/2095
f 2929/2435/2176 1835/2437/2178 3906/2438/2179 4261/2436/2177
f 4261/2436/2177 3906/2438/2179 1732/1971/1748 2602/2439/2180
f 3911/2351/2095 4261/2436/2177 2602/2439/2180 1731/2352/2096
f 1923/2389/2133 2877/2440/2181 4262/2441/2182 3946/2390/2134
f 2877/2440/2181 1916/2256/2000 3939/2259/2003 4262/2441/2182
f 4262/2441/2182 3939/2259/2003 1728/2263/2007 2590/2442/2183
f 3946/2390/2134 4262/2441/2182 2590/2442/2183 1743/2391/2135
f 1856/2419/2163 2782/2443/2184 4263/2444/2185 3916/2420/2164
f 2782/2443/2184 1847/2264/2008 3914/2267/2011 4263/2444/2185
f 4263/2444/2185 3914/2267/2011 1739/2272/2016 2589/2445/2186
f 3916/2420/2164 4263/2444/2185 2589/2445/2186 1742/2421/2165
f 1665/2327/2071 2514/2326/2070 4264/2446/2187 2543/2447/2188
f 2514/2326/2070 1685/2325/2069 2512/2448/2189 4264/2446/2187
f 4264/2446/2187 2512/2448/2189 1716/2449/2190 2557/2450/2191
f 2543/2447/2188 4264/2446/2187 2557/2450/2191 1691/2451/2192
f 1689/2343/2087 2515/2452/2193 4265/2453/2194 2556/2454/2195
f 2515/2452/2193 1662/2455/2196 2501/2456/2197 4265/2453/2194
f 4265/2453/2194 2501/2456/2197 1705/2457/2198 2558/2458/2199
f 2556/2454/2195 4265/2453/2194 2558/2458/2199 1704/2194/1951
f 1688/2459/2200 2516/2460/2201 4266/2461/2202 2555/2462/2203
f 2516/2460/2201 1668/2463/2204 2504/2464/2205 4266/2461/2202
f 4266/2461/2202 2504/2464/2205 1708/2465/2206 2559/2466/2207
f 2555/2462/2203 4266/2461/2202 2559/2466/2207 1703/2467/2208
f 1678/2468/2209 2517/2469/2210 4267/2470/2211 2550/2471/2212
f 2517/2469/2210 1673/2290/2034 2507/2472/2213 4267/2470/2211
f 4267/2470/2211 2507/2472/2213 1711/2238/1984 2560/2473/2214
f 2550/2471/2212 4267/2470/2211 2560/2473/2214 1698/2474/2215
f 1684/2345/2089 2518/2344/2088 4268/2475/2216 2553/2476/2217
f 2518/2344/2088 1689/2343/2087 2556/2454/2195 4268/2475/2216
f 4268/2475/2216 2556/2454/2195 1704/2194/1951 2561/2191/1948
f 2553/2476/2217 4268/2475/2216 2561/2191/1948 1701/2190/1947
f 1687/2477/2218 2519/2478/2219 4269/2479/2220 2554/2480/2221
f 2519/2478/2219 1688/2459/2200 2555/2462/2203 4269/2479/2220
f 4269/2479/2220 2555/2462/2203 1703/2467/2208 2562/2481/2222
f 2554/2480/2221 4269/2479/2220 2562/2481/2222 1702/2482/2223
f 1667/2312/2056 2520/2483/2224 4270/2484/2225 2544/2485/2226
f 2520/2483/2224 1686/2486/2227 2513/2487/2228 4270/2484/2225
f 4270/2484/2225 2513/2487/2228 1717/2488/2229 2563/2489/2230
f 2544/2485/2226 4270/2484/2225 2563/2489/2230 1692/2490/2231
f 1686/2486/2227 2521/2491/2232 4271/2492/2233 2513/2487/2228
f 2521/2491/2232 1687/2493/2218 2554/2494/2221 4271/2492/2233
f 4271/2492/2233 2554/2494/2221 1702/2495/2223 2564/2496/2234
f 2513/2487/2228 4271/2492/2233 2564/2496/2234 1717/2488/2229
f 1685/2325/2069 2522/2497/2235 4272/2498/2236 2512/2448/2189
f 2522/2497/2235 1670/2499/2237 2506/2500/2238 4272/2498/2236
f 4272/2498/2236 2506/2500/2238 1710/2501/2239 2565/2502/2240
f 2512/2448/2189 4272/2498/2236 2565/2502/2240 1716/2449/2190
f 1679/2503/2241 2523/2504/2242 4273/2505/2243 2551/2506/2244
f 2523/2504/2242 1683/2507/2245 2511/2508/2246 4273/2505/2243
f 4273/2505/2243 2511/2508/2246 1715/2509/2247 2566/2510/2248
f 2551/2506/2244 4273/2505/2243 2566/2510/2248 1699/2511/2249
f 1682/2512/2250 2524/2513/2251 4274/2514/2252 2552/2515/2253
f 2524/2513/2251 1684/2345/2089 2553/2476/2217 4274/2514/2252
f 4274/2514/2252 2553/2476/2217 1701/2190/1947 2567/2516/2254
f 2552/2515/2253 4274/2514/2252 2567/2516/2254 1700/2517/2255
f 1683/2507/2245 2525/2518/2256 4275/2519/2257 2511/2508/2246
f 2525/2518/2256 1681/2520/2258 2510/2521/2259 4275/2519/2257
f 4275/2519/2257 2510/2521/2259 1714/2522/2260 2568/2523/2261
f 2511/2508/2246 4275/2519/2257 2568/2523/2261 1715/2509/2247
f 1675/2524/2262 2526/2525/2263 4276/2526/2264 2548/2527/2265
f 2526/2525/2263 1680/2528/2266 2509/2529/2267 4276/2526/2264
f 4276/2526/2264 2509/2529/2267 1713/2530/2268 2569/2531/2269
f 2548/2527/2265 4276/2526/2264 2569/2531/2269 1696/2532/2270
f 1681/2520/2258 2527/2533/2271 4277/2534/2272 2510/2521/2259
f 2527/2533/2271 1682/2512/2250 2552/2515/2253 4277/2534/2272
f 4277/2534/2272 2552/2515/2253 1700/2517/2255 2570/2535/2273
f 2510/2521/2259 4277/2534/2272 2570/2535/2273 1714/2522/2260
f 1680/2528/2266 2528/2536/2274 4278/2537/2275 2509/2529/2267
f 2528/2536/2274 1677/2538/2276 2508/2539/2277 4278/2537/2275
f 4278/2537/2275 2508/2539/2277 1712/2540/2278 2571/2541/2279
f 2509/2529/2267 4278/2537/2275 2571/2541/2279 1713/2530/2268
f 1676/2542/2280 2529/2543/2281 4279/2544/2282 2549/2545/2283
f 2529/2543/2281 1679/2503/2241 2551/2506/2244 4279/2544/2282
f 4279/2544/2282 2551/2506/2244 1699/2511/2249 2572/2546/2284
f 2549/2545/2283 4279/2544/2282 2572/2546/2284 1697/2547/2285
f 1677/2538/2276 2530/2548/2286 4280/2549/2287 2508/2539/2277
f 2530/2548/2286 1678/2468/2209 2550/2471/2212 4280/2549/2287
f 4280/2549/2287 2550/2471/2212 1698/2474/2215 2573/2550/2288
f 2508/2539/2277 4280/2549/2287 2573/2550/2288 1712/2540/2278
f 1674/2551/2032 2531/2552/2289 4281/2553/2290 2547/2554/2291
f 2531/2552/2289 1676/2542/2280 2549/2545/2283 4281/2553/2290
f 4281/2553/2290 2549/2545/2283 1697/2547/2285 2574/2555/2292
f 2547/2554/2291 4281/2553/2290 2574/2555/2292 1695/2556/1988
f 1672/2557/2293 2532/2558/2294 4282/2559/2295 2546/2560/2296
f 2532/2558/2294 1675/2524/2262 2548/2527/2265 4282/2559/2295
f 4282/2559/2295 2548/2527/2265 1696/2532/2270 2575/2561/2297
f 2546/2560/2296 4282/2559/2295 2575/2561/2297 1694/2562/2298
f 1673/2290/2034 2533/2289/2033 4283/2563/2299 2507/2472/2213
f 2533/2289/2033 1674/2288/2032 2547/2564/2291 4283/2563/2299
f 4283/2563/2299 2547/2564/2291 1695/2242/1988 2576/2239/1985
f 2507/2472/2213 4283/2563/2299 2576/2239/1985 1711/2238/1984
f 1671/2565/2300 2534/2566/2301 4284/2567/2302 2545/2568/2303
f 2534/2566/2301 1672/2557/2293 2546/2560/2296 4284/2567/2302
f 4284/2567/2302 2546/2560/2296 1694/2562/2298 2577/2569/2304
f 2545/2568/2303 4284/2567/2302 2577/2569/2304 1693/2570/2305
f 1663/2571/2306 2535/2572/2307 4285/2573/2308 2542/2574/2309
f 2535/2572/2307 1669/2575/2310 2505/2576/2311 4285/2573/2308
f 4285/2573/2308 2505/2576/2311 1709/2577/2312 2578/2578/2313
f 2542/2574/2309 4285/2573/2308 2578/2578/2313 1690/2579/2314
f 1670/2499/2237 2536/2580/2315 4286/2581/2316 2506/2500/2238
f 2536/2580/2315 1671/2565/2300 2545/2568/2303 4286/2581/2316
f 4286/2581/2316 2545/2568/2303 1693/2570/2305 2579/2582/2315
f 2506/2500/2238 4286/2581/2316 2579/2582/2315 1710/2501/2239
f 1669/2575/2310 2537/2583/2317 4287/2584/2318 2505/2576/2311
f 2537/2583/2317 1666/2314/2058 2503/2585/2319 4287/2584/2318
f 4287/2584/2318 2503/2585/2319 1707/2586/2320 2580/2587/2321
f 2505/2576/2311 4287/2584/2318 2580/2587/2321 1709/2577/2312
f 1668/2463/2204 2538/2588/2322 4288/2589/2323 2504/2464/2205
f 2538/2588/2322 1664/2590/2324 2502/2591/2325 4288/2589/2323
f 4288/2589/2323 2502/2591/2325 1706/2592/2326 2581/2593/2327
f 2504/2464/2205 4288/2589/2323 2581/2593/2327 1708/2465/2206
f 1666/2314/2058 2539/2313/2057 4289/2594/2328 2503/2585/2319
f 2539/2313/2057 1667/2312/2056 2544/2485/2226 4289/2594/2328
f 4289/2594/2328 2544/2485/2226 1692/2490/2231 2582/2595/2329
f 2503/2585/2319 4289/2594/2328 2582/2595/2329 1707/2586/2320
f 1664/2590/2324 2540/2596/2330 4290/2597/2331 2502/2591/2325
f 2540/2596/2330 1665/2327/2071 2543/2447/2188 4290/2597/2331
f 4290/2597/2331 2543/2447/2188 1691/2451/2192 2583/2598/2332
f 2502/2591/2325 4290/2597/2331 2583/2598/2332 1706/2592/2326
f 1662/2455/2196 2541/2599/2333 4291/2600/2334 2501/2456/2197
f 2541/2599/2333 1663/2571/2306 2542/2574/2309 4291/2600/2334
f 4291/2600/2334 2542/2574/2309 1690/2579/2314 2584/2601/2335
f 2501/2456/2197 4291/2600/2334 2584/2601/2335 1705/2457/2198
f 1868/2602/2030 2802/2603/2336 4292/2604/2337 3922/2605/2031
f 2802/2603/2336 1872/2606/2338 3927/2607/2339 4292/2604/2337
f 4292/2604/2337 3927/2607/2339 1676/2542/2280 2531/2552/2289
f 3922/2605/2031 4292/2604/2337 2531/2552/2289 1674/2551/2032
f 1928/2608/2340 2899/2609/2341 4293/2610/2342 3951/2611/2343
f 2899/2609/2341 1932/2612/2344 3953/2613/2345 4293/2610/2342
f 4293/2610/2342 3953/2613/2345 1675/2524/2262 2532/2558/2294
f 3951/2611/2343 4293/2610/2342 2532/2558/2294 1672/2557/2293
f 1920/2614/2346 2936/2615/2347 4294/2616/2348 3920/2617/2349
f 2936/2615/2347 1859/2282/2026 3921/2285/2029 4294/2616/2348
f 4294/2616/2348 3921/2285/2029 1673/2290/2034 2517/2469/2210
f 3920/2617/2349 4294/2616/2348 2517/2469/2210 1678/2468/2209
f 1924/2618/2350 2892/2619/2351 4295/2620/2352 3947/2621/2353
f 2892/2619/2351 1928/2608/2340 3951/2611/2343 4295/2620/2352
f 4295/2620/2352 3951/2611/2343 1672/2557/2293 2534/2566/2301
f 3947/2621/2353 4295/2620/2352 2534/2566/2301 1671/2565/2300
f 1848/2622/2354 2785/2623/2355 4296/2624/2356 3915/2625/2357
f 2785/2623/2355 1855/2626/2358 3917/2627/2359 4296/2624/2356
f 4296/2624/2356 3917/2627/2359 1669/2575/2310 2535/2572/2307
f 3915/2625/2357 4296/2624/2356 2535/2572/2307 1663/2571/2306
f 1915/2628/2360 2885/2629/2361 4297/2630/2362 3937/2631/2363
f 2885/2629/2361 1924/2618/2350 3947/2621/2353 4297/2630/2362
f 4297/2630/2362 3947/2621/2353 1671/2565/2300 2536/2580/2315
f 3937/2631/2363 4297/2630/2362 2536/2580/2315 1670/2499/2237
f 1855/2626/2358 2781/2632/2364 4298/2633/2365 3917/2627/2359
f 2781/2632/2364 1851/2306/2050 3910/2309/2053 4298/2633/2365
f 4298/2633/2365 3910/2309/2053 1666/2314/2058 2537/2583/2317
f 3917/2627/2359 4298/2633/2365 2537/2583/2317 1669/2575/2310
f 1904/2634/2366 2875/2635/2367 4299/2636/2368 3943/2637/2369
f 2875/2635/2367 1911/2638/2370 3945/2639/2371 4299/2636/2368
f 4299/2636/2368 3945/2639/2371 1664/2590/2324 2538/2588/2322
f 3943/2637/2369 4299/2636/2368 2538/2588/2322 1668/2463/2204
f 1836/2310/2054 2932/2640/2372 4300/2641/2373 3908/2311/2055
f 2932/2640/2372 1887/2642/2374 3909/2643/2375 4300/2641/2373
f 4300/2641/2373 3909/2643/2375 1686/2486/2227 2520/2483/2224
f 3908/2311/2055 4300/2641/2373 2520/2483/2224 1667/2312/2056
f 1911/2638/2370 2871/2644/2376 4301/2645/2377 3945/2639/2371
f 2871/2644/2376 1907/2319/2063 3938/2322/2066 4301/2645/2377
f 4301/2645/2377 3938/2322/2066 1665/2327/2071 2540/2596/2330
f 3945/2639/2371 4301/2645/2377 2540/2596/2330 1664/2590/2324
f 1844/2646/2378 2764/2647/2379 4302/2648/2380 3913/2649/2381
f 2764/2647/2379 1848/2622/2354 3915/2625/2357 4302/2648/2380
f 4302/2648/2380 3915/2625/2357 1663/2571/2306 2541/2599/2333
f 3913/2649/2381 4302/2648/2380 2541/2599/2333 1662/2455/2196
f 1892/2323/2067 2928/2650/2382 4303/2651/2383 3936/2324/2068
f 2928/2650/2382 1915/2628/2360 3937/2631/2363 4303/2651/2383
f 4303/2651/2383 3937/2631/2363 1670/2499/2237 2522/2497/2235
f 3936/2324/2068 4303/2651/2383 2522/2497/2235 1685/2325/2069
f 1840/2341/2085 2757/2652/2384 4304/2653/2385 3904/2342/2086
f 2757/2652/2384 1844/2646/2378 3913/2649/2381 4304/2653/2385
f 4304/2653/2385 3913/2649/2381 1662/2455/2196 2515/2452/2193
f 3904/2342/2086 4304/2653/2385 2515/2452/2193 1689/2343/2087
f 1900/2654/2386 2854/2655/2387 4305/2656/2388 3941/2657/2389
f 2854/2655/2387 1904/2634/2366 3943/2637/2369 4305/2656/2388
f 4305/2656/2388 3943/2637/2369 1668/2463/2204 2516/2460/2201
f 3941/2657/2389 4305/2656/2388 2516/2460/2201 1688/2459/2200
f 1863/2295/2039 2811/2658/2390 4306/2659/2391 3905/2296/2040
f 2811/2658/2390 1880/2328/2072 3924/2331/2075 4306/2659/2391
f 4306/2659/2391 3924/2331/2075 1724/2336/2080 2609/2660/2392
f 3905/2296/2040 4306/2659/2391 2609/2660/2392 1723/2297/2041
f 1864/2661/2393 2924/2662/2394 4307/2663/2395 3902/2664/2396
f 2924/2662/2394 1831/2337/2081 3903/2340/2084 4307/2663/2395
f 4307/2663/2395 3903/2340/2084 1684/2345/2089 2524/2513/2251
f 3902/2664/2396 4307/2663/2395 2524/2513/2251 1682/2512/2250
f 1896/2665/2397 2847/2666/2398 4308/2667/2399 3933/2668/2400
f 2847/2666/2398 1900/2654/2386 3941/2657/2389 4308/2667/2399
f 4308/2667/2399 3941/2657/2389 1688/2459/2200 2519/2478/2219
f 3933/2668/2400 4308/2667/2399 2519/2478/2219 1687/2477/2218
f 1843/2268/2012 2751/2669/2401 4309/2670/2402 3912/2269/2013
f 2751/2669/2401 1839/2671/2403 3900/2672/2404 4309/2670/2402
f 4309/2670/2402 3900/2672/2404 1734/2673/2405 2597/2674/2406
f 3912/2269/2013 4309/2670/2402 2597/2674/2406 1737/2270/2014
f 1887/2642/2374 2840/2675/2407 4310/2676/2408 3909/2643/2375
f 2840/2675/2407 1896/2677/2397 3933/2678/2400 4310/2676/2408
f 4310/2676/2408 3933/2678/2400 1687/2493/2218 2521/2491/2232
f 3909/2643/2375 4310/2676/2408 2521/2491/2232 1686/2486/2227
f 1899/2302/2046 2841/2679/2409 4311/2680/2410 3940/2303/2047
f 2841/2679/2409 1895/2681/2090 3932/2682/2093 4311/2680/2410
f 4311/2680/2410 3932/2682/2093 1730/2683/2098 2601/2684/2411
f 3940/2303/2047 4311/2680/2410 2601/2684/2411 1733/2304/2048
f 1876/2685/2412 2830/2686/2413 4312/2687/2414 3929/2688/2415
f 2830/2686/2413 1883/2689/2416 3931/2690/2417 4312/2687/2414
f 4312/2687/2414 3931/2690/2417 1683/2507/2245 2523/2504/2242
f 3929/2688/2415 4312/2687/2414 2523/2504/2242 1679/2503/2241
f 1835/2437/2178 2766/2691/2418 4313/2692/2419 3906/2438/2179
f 2766/2691/2418 1852/2415/2159 3907/2418/2162 4313/2692/2419
f 4313/2692/2419 3907/2418/2162 1741/1975/1752 2593/1972/1749
f 3906/2438/2179 4313/2692/2419 2593/1972/1749 1732/1971/1748
f 1883/2689/2416 2826/2693/2420 4314/2694/2421 3931/2690/2417
f 2826/2693/2420 1879/2695/2422 3925/2696/2423 4314/2694/2421
f 4314/2694/2421 3925/2696/2423 1681/2520/2258 2525/2518/2256
f 3931/2690/2417 4314/2694/2421 2525/2518/2256 1683/2507/2245
f 1932/2612/2344 2920/2697/2424 4315/2698/2425 3953/2613/2345
f 2920/2697/2424 1939/2699/2426 3955/2700/2427 4315/2698/2425
f 4315/2698/2425 3955/2700/2427 1680/2528/2266 2526/2525/2263
f 3953/2613/2345 4315/2698/2425 2526/2525/2263 1675/2524/2262
f 1879/2695/2422 2819/2701/2428 4316/2702/2429 3925/2696/2423
f 2819/2701/2428 1864/2661/2393 3902/2664/2396 4316/2702/2429
f 4316/2702/2429 3902/2664/2396 1682/2512/2250 2527/2533/2271
f 3925/2696/2423 4316/2702/2429 2527/2533/2271 1681/2520/2258
f 1939/2699/2426 2916/2703/2430 4317/2704/2431 3955/2700/2427
f 2916/2703/2430 1935/2705/2432 3949/2706/2433 4317/2704/2431
f 4317/2704/2431 3949/2706/2433 1677/2538/2276 2528/2536/2274
f 3955/2700/2427 4317/2704/2431 2528/2536/2274 1680/2528/2266
f 1872/2606/2338 2809/2707/2434 4318/2708/2435 3927/2607/2339
f 2809/2707/2434 1876/2685/2412 3929/2688/2415 4318/2708/2435
f 4318/2708/2435 3929/2688/2415 1679/2503/2241 2529/2543/2281
f 3927/2607/2339 4318/2708/2435 2529/2543/2281 1676/2542/2280
f 1935/2705/2432 2909/2709/2436 4319/2710/2437 3949/2706/2433
f 2909/2709/2436 1920/2614/2346 3920/2617/2349 4319/2710/2437
f 4319/2710/2437 3920/2617/2349 1678/2468/2209 2530/2548/2286
f 3949/2706/2433 4319/2710/2437 2530/2548/2286 1677/2538/2276
f 1829/2711/2438 4149/2712/2439 4320/2713/2440 2702/2714/2441
f 4149/2712/2439 2373/2715/2442 3659/2716/2443 4320/2713/2440
f 4320/2713/2440 3659/2716/2443 2369/2717/2444 4147/2718/2445
f 2702/2714/2441 4320/2713/2440 4147/2718/2445 1828/2719/2446
f 1811/2720/2447 4139/2721/2448 4321/2722/2449 2719/2723/2450
f 4139/2721/2448 2330/2724/2451 3597/2725/2452 4321/2722/2449
f 4321/2722/2449 3597/2725/2452 2321/2726/2453 4138/2727/2454
f 2719/2723/2450 4321/2722/2449 4138/2727/2454 1805/2728/2455
f 1786/2729/2456 4152/2730/2457 4322/2731/2458 2675/2732/2459
f 4152/2730/2457 2389/2733/2460 3713/2734/2461 4322/2731/2458
f 4322/2731/2458 3713/2734/2461 2398/2735/2462 4153/2736/2463
f 2675/2732/2459 4322/2731/2458 4153/2736/2463 1789/2737/2464
f 1806/2738/2465 4137/2739/2466 4323/2740/2467 2699/2741/2468
f 4137/2739/2466 2317/2742/2469 3569/2743/2470 4323/2740/2467
f 4323/2740/2467 3569/2743/2470 2313/2744/2471 4133/2745/2472
f 2699/2741/2468 4323/2740/2467 4133/2745/2472 1830/2746/2473
f 1804/2747/2474 4148/2748/2475 4324/2749/2476 2724/2750/2477
f 4148/2748/2475 2382/2751/2478 3683/2752/2479 4324/2749/2476
f 4324/2749/2476 3683/2752/2479 2386/2753/2480 4151/2754/2481
f 2724/2750/2477 4324/2749/2476 4151/2754/2481 1807/2755/2482
f 1815/2756/2483 4140/2757/2484 4325/2758/2485 2717/2759/2486
f 4140/2757/2484 2341/2760/2487 3607/2761/2488 4325/2758/2485
f 4325/2758/2485 3607/2761/2488 2334/2762/2489 4129/2763/2490
f 2717/2759/2486 4325/2758/2485 4129/2763/2490 1816/2764/2491
f 1817/2765/2492 4127/2766/2493 4326/2767/2494 2707/2768/2495
f 4127/2766/2493 2281/2769/2496 3541/2770/2497 4326/2767/2494
f 4326/2767/2494 3541/2770/2497 2298/2771/2498 4128/2772/2499
f 2707/2768/2495 4326/2767/2494 4128/2772/2499 1826/2773/2500
f 1809/2774/2501 4136/2775/2502 4327/2776/2503 2721/2777/2504
f 4136/2775/2502 2326/2778/2505 3593/2779/2506 4327/2776/2503
f 4327/2776/2503 3593/2779/2506 2330/2724/2451 4139/2721/2448
f 2721/2777/2504 4327/2776/2503 4139/2721/2448 1811/2720/2447
f 1818/2780/2507 4144/2781/2508 4328/2782/2509 2715/2783/2510
f 4144/2781/2508 2345/2784/2511 3614/2785/2512 4328/2782/2509
f 4328/2782/2509 3614/2785/2512 2341/2786/2487 4140/2787/2484
f 2715/2783/2510 4328/2782/2509 4140/2787/2484 1815/2788/2483
f 1814/2789/2513 4141/2790/2514 4329/2791/2515 2710/2792/2516
f 4141/2790/2514 2337/2793/2517 3631/2794/2518 4329/2791/2515
f 4329/2791/2515 3631/2794/2518 2354/2795/2519 4142/2796/2520
f 2710/2792/2516 4329/2791/2515 4142/2796/2520 1823/2797/2521
f 1822/2798/2522 4130/2799/2523 4330/2800/2524 2711/2801/2525
f 4130/2799/2523 2289/2802/2526 3524/2803/2527 4330/2800/2524
f 4330/2800/2524 3524/2803/2527 2285/2804/2528 4124/2805/2529
f 2711/2801/2525 4330/2800/2524 4124/2805/2529 1819/2170/1933
f 1821/2806/2530 4145/2807/2531 4331/2808/2532 2712/2809/2533
f 4145/2807/2531 2349/2810/2534 3621/2811/2535 4331/2808/2532
f 4331/2808/2532 3621/2811/2535 2345/2784/2511 4144/2781/2508
f 2712/2809/2533 4331/2808/2532 4144/2781/2508 1818/2780/2507
f 1812/2172/1935 4125/2812/2536 4332/2813/2537 2720/2814/2538
f 4125/2812/2536 2278/2815/2539 3691/2816/2540 4332/2813/2537
f 4332/2813/2537 3691/2816/2540 2309/2817/2541 4126/2818/2542
f 2720/2814/2538 4332/2813/2537 4126/2818/2542 1808/2819/2543
f 1808/2819/2543 4126/2818/2542 4333/2820/2544 2723/2821/2545
f 4126/2818/2542 2309/2817/2541 3586/2822/2546 4333/2820/2544
f 4333/2820/2544 3586/2822/2546 2326/2778/2505 4136/2775/2502
f 2723/2821/2545 4333/2820/2544 4136/2775/2502 1809/2774/2501
f 1825/2823/2547 4146/2824/2548 4334/2825/2549 2706/2826/2550
f 4146/2824/2548 2358/2827/2551 3642/2828/2552 4334/2825/2549
f 4334/2825/2549 3642/2828/2552 2349/2810/2534 4145/2807/2531
f 2706/2826/2550 4334/2825/2549 4145/2807/2531 1821/2806/2530
f 1824/2829/2553 4131/2830/2554 4335/2831/2555 2709/2832/2556
f 4131/2830/2554 2293/2833/2557 3531/2834/2558 4335/2831/2555
f 4335/2831/2555 3531/2834/2558 2289/2802/2526 4130/2799/2523
f 2709/2832/2556 4335/2831/2555 4130/2799/2523 1822/2798/2522
f 1813/2835/2559 4143/2836/2560 4336/2837/2561 2718/2838/2562
f 4143/2836/2560 2362/2839/2563 3695/2840/2564 4336/2837/2561
f 4336/2837/2561 3695/2840/2564 2337/2793/2517 4141/2790/2514
f 2718/2838/2562 4336/2837/2561 4141/2790/2514 1814/2789/2513
f 1827/2841/2565 4132/2842/2566 4337/2843/2567 2703/2844/2568
f 4132/2842/2566 2302/2845/2569 3552/2846/2570 4337/2843/2567
f 4337/2843/2567 3552/2846/2570 2293/2833/2557 4131/2830/2554
f 2703/2844/2568 4337/2843/2567 4131/2830/2554 1824/2829/2553
f 1828/2719/2446 4147/2718/2445 4338/2847/2571 2704/2848/2572
f 4147/2718/2445 2369/2717/2444 3652/2849/2573 4338/2847/2571
f 4338/2847/2571 3652/2849/2573 2362/2839/2563 4143/2836/2560
f 2704/2848/2572 4338/2847/2571 4143/2836/2560 1813/2835/2559
f 1816/2764/2491 4129/2763/2490 4339/2850/2574 2716/2851/2575
f 4129/2763/2490 2334/2762/2489 3699/2852/2576 4339/2850/2574
f 4339/2850/2574 3699/2852/2576 2281/2769/2496 4127/2766/2493
f 2716/2851/2575 4339/2850/2574 4127/2766/2493 1817/2765/2492
f 1823/2797/2521 4142/2796/2520 4340/2853/2577 2708/2854/2578
f 4142/2796/2520 2354/2795/2519 3638/2855/2579 4340/2853/2577
f 4340/2853/2577 3638/2855/2579 2358/2827/2551 4146/2824/2548
f 2708/2854/2578 4340/2853/2577 4146/2824/2548 1825/2823/2547
f 1830/2856/2473 4133/2857/2472 4341/2858/2580 2701/2859/2581
f 4133/2857/2472 2313/2860/2471 3562/2861/2582 4341/2858/2580
f 4341/2858/2580 3562/2861/2582 2306/2862/2583 4134/2863/2584
f 2701/2859/2581 4341/2858/2580 4134/2863/2584 1820/2864/2585
f 1803/2865/2586 4135/2866/2587 4342/2867/2588 2726/2868/2589
f 4135/2866/2587 2365/2869/2590 3676/2870/2591 4342/2867/2588
f 4342/2867/2588 3676/2870/2591 2382/2751/2478 4148/2748/2475
f 2726/2868/2589 4342/2867/2588 4148/2748/2475 1804/2747/2474
f 1826/2773/2500 4128/2772/2499 4343/2871/2592 2705/2872/2593
f 4128/2772/2499 2298/2771/2498 3548/2873/2594 4343/2871/2592
f 4343/2871/2592 3548/2873/2594 2302/2845/2569 4132/2842/2566
f 2705/2872/2593 4343/2871/2592 4132/2842/2566 1827/2841/2565
f 1810/2874/2595 4150/2875/2596 4344/2876/2597 2700/2877/2598
f 4150/2875/2596 2377/2878/2599 3666/2879/2600 4344/2876/2597
f 4344/2876/2597 3666/2879/2600 2373/2715/2442 4149/2712/2439
f 2700/2877/2598 4344/2876/2597 4149/2712/2439 1829/2711/2438
f 1820/2864/2585 4134/2863/2584 4345/2880/2601 2713/2881/2602
f 4134/2863/2584 2306/2862/2583 3703/2882/2603 4345/2880/2601
f 4345/2880/2601 3703/2882/2603 2365/2869/2590 4135/2866/2587
f 2713/2881/2602 4345/2880/2601 4135/2866/2587 1803/2865/2586
f 1807/2755/2482 4151/2754/2481 4346/2883/2604 2722/2884/2605
f 4151/2754/2481 2386/2753/2480 3687/2885/2606 4346/2883/2604
f 4346/2883/2604 3687/2885/2606 2377/2878/2599 4150/2875/2596
f 2722/2884/2605 4346/2883/2604 4150/2875/2596 1810/2874/2595
f 1805/2728/2455 4138/2727/2454 4347/2886/2607 2725/2887/2608
f 4138/2727/2454 2321/2726/2453 3576/2888/2609 4347/2886/2607
f 4347/2886/2607 3576/2888/2609 2317/2742/2469 4137/2739/2466
f 2725/2887/2608 4347/2886/2607 4137/2739/2466 1806/2738/2465
f 1775/2889/2610 4159/2890/2611 4348/2891/2612 2692/2892/2613
f 4159/2890/2611 2406/2893/2614 3748/2894/2615 4348/2891/2612
f 4348/2891/2612 3748/2894/2615 2413/2895/2616 4160/2896/2617
f 2692/2892/2613 4348/2891/2612 4160/2896/2617 1794/2897/2618
f 1795/2898/2619 4171/2899/2620 4349/2900/2621 2693/2901/2622
f 4171/2899/2620 2473/2902/2623 3848/2903/2624 4349/2900/2621
f 4349/2900/2621 3848/2903/2624 2482/2904/2625 4175/2905/2626
f 2693/2901/2622 4349/2900/2621 4175/2905/2626 1778/2906/2627
f 1777/2907/2628 4156/2908/2629 4350/2909/2630 2677/2910/2631
f 4156/2908/2629 2394/2911/2632 3895/2912/2633 4350/2909/2630
f 4350/2909/2630 3895/2912/2633 2445/2913/2634 4157/2914/2635
f 2677/2910/2631 4350/2909/2630 4157/2914/2635 1802/2915/2636
f 1791/2916/2637 4174/2917/2638 4351/2918/2639 2697/2919/2640
f 4174/2917/2638 2469/2920/2641 3834/2921/2642 4351/2918/2639
f 4351/2918/2639 3834/2921/2642 2465/2922/2643 4169/2923/2644
f 2697/2919/2640 4351/2918/2639 4169/2923/2644 1776/2924/2645
f 1796/2925/2646 4161/2926/2647 4352/2927/2648 2690/2928/2649
f 4161/2926/2647 2417/2929/2650 3758/2930/2651 4352/2927/2648
f 4352/2927/2648 3758/2930/2651 2426/2931/2652 4162/2932/2653
f 2690/2928/2649 4352/2927/2648 4162/2932/2653 1780/2933/2654
f 1797/2934/2655 4176/2935/2656 4353/2936/2657 2687/2937/2658
f 4176/2935/2656 2493/2938/2659 3872/2939/2660 4353/2936/2657
f 4353/2936/2657 3872/2939/2660 2478/2940/2661 4163/2941/2662
f 2687/2937/2658 4353/2936/2657 4163/2941/2662 1783/2942/2663
f 1794/2897/2618 4160/2896/2617 4354/2943/2664 2694/2944/2665
f 4160/2896/2617 2413/2895/2616 3744/2945/2666 4354/2943/2664
f 4354/2943/2664 3744/2945/2666 2409/2946/2667 4155/2947/2668
f 2694/2944/2665 4354/2943/2664 4155/2947/2668 1792/2948/2669
f 1779/2949/2670 4177/2950/2671 4355/2951/2672 2689/2952/2673
f 4177/2950/2671 2486/2953/2674 3862/2954/2675 4355/2951/2672
f 4355/2951/2672 3862/2954/2675 2490/2955/2676 4178/2956/2677
f 2689/2952/2673 4355/2951/2672 4178/2956/2677 1781/2957/2678
f 1783/2942/2663 4163/2941/2662 4356/2958/2679 2674/2959/2680
f 4163/2941/2662 2478/2940/2661 3899/2960/2681 4356/2958/2679
f 4356/2958/2679 3899/2960/2681 2417/2929/2650 4161/2926/2647
f 2674/2959/2680 4356/2958/2679 4161/2926/2647 1796/2925/2646
f 1781/2957/2678 4178/2956/2677 4357/2961/2682 2683/2962/2683
f 4178/2956/2677 2490/2955/2676 3883/2963/2684 4357/2961/2682
f 4357/2961/2682 3883/2963/2684 2497/2964/2685 4179/2965/2686
f 2683/2962/2683 4357/2961/2682 4179/2965/2686 1798/2966/2687
f 1782/2967/2688 4165/2968/2689 4358/2969/2690 2686/2970/2691
f 4165/2968/2689 2430/2971/2692 3772/2972/2693 4358/2969/2690
f 4358/2969/2690 3772/2972/2693 2434/2973/2694 4166/2974/2695
f 2686/2970/2691 4358/2969/2690 4166/2974/2695 1784/2975/2696
f 1778/2906/2627 4175/2905/2626 4359/2976/2697 2691/2977/2698
f 4175/2905/2626 2482/2904/2625 3855/2978/2699 4359/2976/2697
f 4359/2976/2697 3855/2978/2699 2486/2953/2674 4177/2950/2671
f 2691/2977/2698 4359/2976/2697 4177/2950/2671 1779/2949/2670
f 1784/2975/2696 4166/2974/2695 4360/2979/2700 2680/2980/2701
f 4166/2974/2695 2434/2973/2694 3793/2981/2702 4360/2979/2700
f 4360/2979/2700 3793/2981/2702 2441/2982/2703 4167/2983/2704
f 2680/2980/2701 4360/2979/2700 4167/2983/2704 1800/2984/2705
f 1780/2985/2654 4162/2986/2653 4361/2987/2706 2688/2988/2707
f 4162/2986/2653 2426/2989/2652 3765/2990/2708 4361/2987/2706
f 4361/2987/2706 3765/2990/2708 2430/2971/2692 4165/2968/2689
f 2688/2988/2707 4361/2987/2706 4165/2968/2689 1782/2967/2688
f 1798/2966/2687 4179/2965/2686 4362/2991/2709 2685/2992/2710
f 4179/2965/2686 2497/2964/2685 3879/2993/2711 4362/2991/2709
f 4362/2991/2709 3879/2993/2711 2493/2938/2659 4176/2935/2656
f 2685/2992/2710 4362/2991/2709 4176/2935/2656 1797/2934/2655
f 1802/2915/2636 4157/2914/2635 4363/2994/2712 2678/2995/2713
f 4157/2914/2635 2445/2913/2634 3803/2996/2714 4363/2994/2712
f 4363/2994/2712 3803/2996/2714 2454/2997/2715 4168/2998/2716
f 2678/2995/2713 4363/2994/2712 4168/2998/2716 1787/2999/2717
f 1792/2948/2669 4155/2947/2668 4364/3000/2718 2696/3001/2719
f 4155/2947/2668 2409/2946/2667 3737/3002/2720 4364/3000/2718
f 4364/3000/2718 3737/3002/2720 2394/2911/2632 4156/2908/2629
f 2696/3001/2719 4364/3000/2718 4156/2908/2629 1777/2907/2628
f 1800/2984/2705 4167/2983/2704 4365/3003/2721 2682/3004/2722
f 4167/2983/2704 2441/2982/2703 3789/3005/2723 4365/3003/2721
f 4365/3003/2721 3789/3005/2723 2437/3006/2724 4164/3007/2725
f 2682/3004/2722 4365/3003/2721 4164/3007/2725 1799/3008/2726
f 1787/3009/2717 4168/3010/2716 4366/3011/2727 2676/3012/2728
f 4168/3010/2716 2454/3013/2715 3810/3014/2729 4366/3011/2727
f 4366/3011/2727 3810/3014/2729 2458/3015/2730 4172/3016/2731
f 2676/3012/2728 4366/3011/2727 4172/3016/2731 1788/3017/2732
f 1776/2924/2645 4169/2923/2644 4367/3018/2733 2671/3019/2734
f 4169/2923/2644 2465/2922/2643 3827/3020/2735 4367/3018/2733
f 4367/3018/2733 3827/3020/2735 2450/3021/2736 4170/3022/2737
f 2671/3019/2734 4367/3018/2733 4170/3022/2737 1801/3023/2738
f 1789/2737/2464 4153/2736/2463 4368/3024/2739 2672/3025/2740
f 4153/2736/2463 2398/2735/2462 3720/3026/2741 4368/3024/2739
f 4368/3024/2739 3720/3026/2741 2402/3027/2742 4158/3028/2743
f 2672/3025/2740 4368/3024/2739 4158/3028/2743 1790/3029/2744
f 1788/3017/2732 4172/3016/2731 4369/3030/2745 2673/3031/2746
f 4172/3016/2731 2458/3015/2730 3817/3032/2747 4369/3030/2745
f 4369/3030/2745 3817/3032/2747 2462/3033/2748 4173/3034/2749
f 2673/3031/2746 4369/3030/2745 4173/3034/2749 1793/3035/2750
f 1785/3036/2751 4154/3037/2752 4370/3038/2753 2681/3039/2754
f 4154/3037/2752 2422/3040/2755 3887/3041/2756 4370/3038/2753
f 4370/3038/2753 3887/3041/2756 2389/2733/2460 4152/2730/2457
f 2681/3039/2754 4370/3038/2753 4152/2730/2457 1786/2729/2456
f 1799/3008/2726 4164/3007/2725 4371/3042/2757 2684/3043/2758
f 4164/3007/2725 2437/3006/2724 3782/3044/2759 4371/3042/2757
f 4371/3042/2757 3782/3044/2759 2422/3040/2755 4154/3037/2752
f 2684/3043/2758 4371/3042/2757 4154/3037/2752 1785/3036/2751
f 1793/3035/2750 4173/3034/2749 4372/3045/2760 2695/3046/2761
f 4173/3034/2749 2462/3033/2748 3838/3047/2762 4372/3045/2760
f 4372/3045/2760 3838/3047/2762 2469/2920/2641 4174/2917/2638
f 2695/3046/2761 4372/3045/2760 4174/2917/2638 1791/2916/2637
f 1790/3029/2744 4158/3028/2743 4373/3048/2763 2698/3049/2764
f 4158/3028/2743 2402/3027/2742 3727/3050/2765 4373/3048/2763
f 4373/3048/2763 3727/3050/2765 2406/2893/2614 4159/2890/2611
f 2698/3049/2764 4373/3048/2763 4159/2890/2611 1775/2889/2610
f 1801/3023/2738 4170/3022/2737 4374/3051/2766 2679/3052/2767
f 4170/3022/2737 2450/3021/2736 3891/3053/2768 4374/3051/2766
f 4374/3051/2766 3891/3053/2768 2473/2902/2623 4171/2899/2620
f 2679/3052/2767 4374/3051/2766 4171/2899/2620 1795/2898/2619
f 2249/3054/2769 4105/3055/2770 4375/3056/2771 3499/3057/2772
f 4105/3055/2770 1813/2835/2559 2718/2838/2562 4375/3056/2771
f 4375/3056/2771 2718/2838/2562 1814/2789/2513 4101/3058/2773
f 3499/3057/2772 4375/3056/2771 4101/3058/2773 2229/3059/2774
f 2184/3060/2775 4082/3061/2776 4376/3062/2777 3352/3063/2778
f 4082/3061/2776 1824/2829/2553 2709/2832/2556 4376/3062/2777
f 4376/3062/2777 2709/2832/2556 1822/2798/2522 4080/3064/2779
f 3352/3063/2778 4376/3062/2777 4080/3064/2779 2180/3065/2780
f 1746/3066/2781 2627/3067/2782 4377/3068/2783 4107/3069/2784
f 1772/3070/2785 2633/3071/2786 4377/3068/2783 2627/3067/2782
f 1773/3072/2787 4109/3073/2788 4377/3068/2783 2633/3071/2786
f 2232/3074/2789 2734/3075/2790 4377/3068/2783 4109/3073/2788
f 2234/3076/2791 4107/3069/2784 4377/3068/2783 2734/3075/2790
f 2195/3077/2792 4087/3078/2793 4378/3079/2794 3507/3080/2795
f 4087/3078/2793 1820/2864/2585 2713/2881/2602 4378/3079/2794
f 4378/3079/2794 2713/2881/2602 1803/2865/2586 4090/3081/2796
f 3507/3080/2795 4378/3079/2794 4090/3081/2796 2254/3082/2797
f 2172/3083/2798 4074/3084/2799 4379/3085/2800 3362/3086/2801
f 4074/3084/2799 1817/2765/2492 2707/2768/2495 4379/3085/2800
f 4379/3085/2800 2707/2768/2495 1826/2773/2500 4075/3087/2802
f 3362/3086/2801 4379/3085/2800 4075/3087/2802 2187/3088/2803
f 2238/3089/2804 4111/3090/2805 4380/3091/2806 3425/3092/2807
f 4111/3090/2805 1821/2806/2530 2712/2809/2533 4380/3091/2806
f 4380/3091/2806 2712/2809/2533 1818/2780/2507 4108/3093/2808
f 3425/3092/2807 4380/3091/2806 4108/3093/2808 2233/3094/2809
f 2180/3065/2780 4080/3064/2779 4381/3095/2810 3345/3096/2811
f 4080/3064/2779 1822/2798/2522 2711/2801/2525 4381/3095/2810
f 4381/3095/2810 2711/2801/2525 1819/2170/1933 4068/2167/1930
f 3345/3096/2811 4381/3095/2810 4068/2167/1930 2176/2166/1929
f 2229/3059/2774 4101/3058/2773 4382/3097/2812 3435/3098/2813
f 4101/3058/2773 1814/2789/2513 2710/2792/2516 4382/3097/2812
f 4382/3097/2812 2710/2792/2516 1823/2797/2521 4102/3099/2814
f 3435/3098/2813 4382/3097/2812 4102/3099/2814 2241/3100/2815
f 2234/3101/2791 2738/3102/2816 4383/3103/2817 4107/3104/2784
f 2233/3094/2809 4108/3093/2808 4383/3103/2817 2738/3102/2816
f 1818/2780/2507 2715/2783/2510 4383/3103/2817 4108/3093/2808
f 1815/2788/2483 2613/3105/2818 4383/3103/2817 2715/2783/2510
f 1746/3106/2781 4107/3104/2784 4383/3103/2817 2613/3105/2818
f 2215/3107/2819 4092/3108/2820 4384/3109/2821 3414/3110/2822
f 4092/3108/2820 1809/2774/2501 2721/2777/2504 4384/3109/2821
f 4384/3109/2821 2721/2777/2504 1811/2720/2447 4098/3111/2823
f 3414/3110/2822 4384/3109/2821 4098/3111/2823 2219/3112/2824
f 2167/2174/1937 4069/2173/1936 4385/3113/2825 3495/3114/2826
f 4069/2173/1936 1812/2172/1935 2720/2814/2538 4385/3113/2825
f 4385/3113/2825 2720/2814/2538 1808/2819/2543 4072/3115/2827
f 3495/3114/2826 4385/3113/2825 4072/3115/2827 2200/3116/2828
f 1746/3117/2781 2613/3118/2818 4386/3119/2829 4100/3120/2830
f 1815/2756/2483 2717/2759/2486 4386/3119/2829 2613/3118/2818
f 1816/2764/2491 4078/3121/2831 4386/3119/2829 2717/2759/2486
f 2223/3122/2832 2727/3123/2833 4386/3119/2829 4078/3121/2831
f 2225/3124/2834 4100/3120/2830 4386/3119/2829 2727/3123/2833
f 2269/3125/2835 4116/3126/2836 4387/3127/2837 3487/3128/2838
f 4116/3126/2836 1804/2747/2474 2724/2750/2477 4387/3127/2837
f 4387/3127/2837 2724/2750/2477 1807/2755/2482 4122/3129/2839
f 3487/3128/2838 4387/3127/2837 4122/3129/2839 2273/3130/2840
f 2208/3131/2841 4094/3132/2842 4388/3133/2843 3390/3134/2844
f 4094/3132/2842 1806/2738/2465 2699/2741/2468 4388/3133/2843
f 4388/3133/2843 2699/2741/2468 1830/2746/2473 4086/3135/2845
f 3390/3134/2844 4388/3133/2843 4086/3135/2845 2204/3136/2846
f 1819/2170/1933 4124/2805/2529 4389/3137/2847 2714/2171/1934
f 4124/2805/2529 2285/2804/2528 3517/3138/2848 4389/3137/2847
f 4389/3137/2847 3517/3138/2848 2278/2815/2539 4125/2812/2536
f 2714/2171/1934 4389/3137/2847 4125/2812/2536 1812/2172/1935
f 2219/3112/2824 4098/3111/2823 4390/3139/2849 3418/3140/2850
f 4098/3111/2823 1811/2720/2447 2719/2723/2450 4390/3139/2849
f 4390/3139/2849 2719/2723/2450 1805/2728/2455 4096/3141/2851
f 3418/3140/2850 4390/3139/2849 4096/3141/2851 2212/3142/2852
f 2262/3143/2853 4118/3144/2854 4391/3145/2855 3463/3146/2856
f 4118/3144/2854 1829/2711/2438 2702/2714/2441 4391/3145/2855
f 4391/3145/2855 2702/2714/2441 1828/2719/2446 4114/3147/2857
f 3463/3146/2856 4391/3145/2855 4114/3147/2857 2258/3148/2858
f 2212/3142/2852 4096/3141/2851 4392/3149/2859 3397/3150/2860
f 4096/3141/2851 1805/2728/2455 2725/2887/2608 4392/3149/2859
f 4392/3149/2859 2725/2887/2608 1806/2738/2465 4094/3132/2842
f 3397/3150/2860 4392/3149/2859 4094/3132/2842 2208/3131/2841
f 2273/3130/2840 4122/3129/2839 4393/3151/2861 3491/3152/2862
f 4122/3129/2839 1807/2755/2482 2722/2884/2605 4393/3151/2861
f 4393/3151/2861 2722/2884/2605 1810/2874/2595 4120/3153/2863
f 3491/3152/2862 4393/3151/2861 4120/3153/2863 2266/3154/2864
f 2200/3116/2828 4072/3115/2827 4394/3155/2865 3407/3156/2866
f 4072/3115/2827 1808/2819/2543 2723/2821/2545 4394/3155/2865
f 4394/3155/2865 2723/2821/2545 1809/2774/2501 4092/3108/2820
f 3407/3156/2866 4394/3155/2865 4092/3108/2820 2215/3107/2819
f 2266/3154/2864 4120/3153/2863 4395/3157/2867 3470/3158/2868
f 4120/3153/2863 1810/2874/2595 2700/2877/2598 4395/3157/2867
f 4395/3157/2867 2700/2877/2598 1829/2711/2438 4118/3144/2854
f 3470/3158/2868 4395/3157/2867 4118/3144/2854 2262/3143/2853
f 2187/3088/2803 4075/3087/2802 4396/3159/2869 3369/3160/2870
f 4075/3087/2802 1826/2773/2500 2705/2872/2593 4396/3159/2869
f 4396/3159/2869 2705/2872/2593 1827/2841/2565 4084/3161/2871
f 3369/3160/2870 4396/3159/2869 4084/3161/2871 2191/3162/2872
f 2254/3082/2797 4090/3081/2796 4397/3163/2873 3480/3164/2874
f 4090/3081/2796 1803/2865/2586 2726/2868/2589 4397/3163/2873
f 4397/3163/2873 2726/2868/2589 1804/2747/2474 4116/3126/2836
f 3480/3164/2874 4397/3163/2873 4116/3126/2836 2269/3125/2835
f 2204/3165/2846 4086/3166/2845 4398/3167/2875 3383/3168/2876
f 4086/3166/2845 1830/2856/2473 2701/2859/2581 4398/3167/2875
f 4398/3167/2875 2701/2859/2581 1820/2864/2585 4087/3078/2793
f 3383/3168/2876 4398/3167/2875 4087/3078/2793 2195/3077/2792
f 2241/3100/2815 4102/3099/2814 4399/3169/2877 3442/3170/2878
f 4102/3099/2814 1823/2797/2521 2708/2854/2578 4399/3169/2877
f 4399/3169/2877 2708/2854/2578 1825/2823/2547 4112/3171/2879
f 3442/3170/2878 4399/3169/2877 4112/3171/2879 2245/3172/2880
f 2223/3122/2832 4078/3121/2831 4400/3173/2881 3503/3174/2882
f 4078/3121/2831 1816/2764/2491 2716/2851/2575 4400/3173/2881
f 4400/3173/2881 2716/2851/2575 1817/2765/2492 4074/3084/2799
f 3503/3174/2882 4400/3173/2881 4074/3084/2799 2172/3083/2798
f 2258/3148/2858 4114/3147/2857 4401/3175/2883 3456/3176/2884
f 4114/3147/2857 1828/2719/2446 2704/2848/2572 4401/3175/2883
f 4401/3175/2883 2704/2848/2572 1813/2835/2559 4105/3055/2770
f 3456/3176/2884 4401/3175/2883 4105/3055/2770 2249/3054/2769
f 2191/3162/2872 4084/3161/2871 4402/3177/2885 3373/3178/2886
f 4084/3161/2871 1827/2841/2565 2703/2844/2568 4402/3177/2885
f 4402/3177/2885 2703/2844/2568 1824/2829/2553 4082/3061/2776
f 3373/3178/2886 4402/3177/2885 4082/3061/2776 2184/3060/2775
f 1750/3179/2887 2657/3180/2888 4403/3181/2889 2628/3182/2890
f 2657/3180/2888 1776/2924/2645 2671/3019/2734 4403/3181/2889
f 4403/3181/2889 2671/3019/2734 1801/3023/2738 2625/3183/2891
f 2628/3182/2890 4403/3181/2889 2625/3183/2891 1770/3184/2892
f 1774/3185/2893 2670/3186/2894 4404/3187/2895 2629/3188/2896
f 2670/3186/2894 1789/2737/2464 2672/3025/2740 4404/3187/2895
f 4404/3187/2895 2672/3025/2740 1790/3029/2744 2614/3189/2897
f 2629/3188/2896 4404/3187/2895 2614/3189/2897 1747/3190/2898
f 1773/3072/2787 2669/3191/2899 4405/3192/2900 2630/3193/2901
f 2669/3191/2899 1788/3017/2732 2673/3031/2746 4405/3192/2900
f 4405/3192/2900 2673/3031/2746 1793/3035/2750 2617/3194/2902
f 2630/3193/2901 4405/3192/2900 2617/3194/2902 1753/3195/2903
f 1763/3196/2904 2664/3197/2905 4406/3198/2906 2631/3199/2907
f 2664/3197/2905 1783/2942/2663 2674/2959/2680 4406/3198/2906
f 4406/3198/2906 2674/2959/2680 1796/2925/2646 2620/3200/2908
f 2631/3199/2907 4406/3198/2906 2620/3200/2908 1758/3201/2909
f 1769/3202/2910 2667/3203/2911 4407/3204/2912 2632/3205/2913
f 2667/3203/2911 1786/2729/2456 2675/2732/2459 4407/3204/2912
f 4407/3204/2912 2675/2732/2459 1789/2737/2464 2670/3186/2894
f 2632/3205/2913 4407/3204/2912 2670/3186/2894 1774/3185/2893
f 1772/3070/2785 2668/3206/2914 4408/3207/2915 2633/3071/2786
f 2668/3206/2914 1787/3009/2717 2676/3012/2728 4408/3207/2915
f 4408/3207/2915 2676/3012/2728 1788/3017/2732 2669/3191/2899
f 2633/3071/2786 4408/3207/2915 2669/3191/2899 1773/3072/2787
f 1752/3208/2916 2658/3209/2917 4409/3210/2918 2634/3211/2919
f 2658/3209/2917 1777/2907/2628 2677/2910/2631 4409/3210/2918
f 4409/3210/2918 2677/2910/2631 1802/2915/2636 2626/3212/2920
f 2634/3211/2919 4409/3210/2918 2626/3212/2920 1771/3213/2921
f 1771/3213/2921 2626/3212/2920 4410/3214/2922 2635/3215/2923
f 2626/3212/2920 1802/2915/2636 2678/2995/2713 4410/3214/2922
f 4410/3214/2922 2678/2995/2713 1787/2999/2717 2668/3216/2914
f 2635/3215/2923 4410/3214/2922 2668/3216/2914 1772/3217/2785
f 1770/3184/2892 2625/3183/2891 4411/3218/2924 2636/3219/2925
f 2625/3183/2891 1801/3023/2738 2679/3052/2767 4411/3218/2924
f 4411/3218/2924 2679/3052/2767 1795/2898/2619 2619/3220/2926
f 2636/3219/2925 4411/3218/2924 2619/3220/2926 1755/3221/2927
f 1764/3222/2928 2665/3223/2929 4412/3224/2930 2637/3225/2931
f 2665/3223/2929 1784/2975/2696 2680/2980/2701 4412/3224/2930
f 4412/3224/2930 2680/2980/2701 1800/2984/2705 2624/3226/2932
f 2637/3225/2931 4412/3224/2930 2624/3226/2932 1768/3227/2933
f 1767/3228/2934 2666/3229/2935 4413/3230/2936 2638/3231/2937
f 2666/3229/2935 1785/3036/2751 2681/3039/2754 4413/3230/2936
f 4413/3230/2936 2681/3039/2754 1786/2729/2456 2667/3203/2911
f 2638/3231/2937 4413/3230/2936 2667/3203/2911 1769/3202/2910
f 1768/3227/2933 2624/3226/2932 4414/3232/2938 2639/3233/2939
f 2624/3226/2932 1800/2984/2705 2682/3004/2722 4414/3232/2938
f 4414/3232/2938 2682/3004/2722 1799/3008/2726 2623/3234/2940
f 2639/3233/2939 4414/3232/2938 2623/3234/2940 1766/3235/2941
f 1760/3236/2942 2662/3237/2943 4415/3238/2944 2640/3239/2945
f 2662/3237/2943 1781/2957/2678 2683/2962/2683 4415/3238/2944
f 4415/3238/2944 2683/2962/2683 1798/2966/2687 2622/3240/2946
f 2640/3239/2945 4415/3238/2944 2622/3240/2946 1765/3241/2947
f 1766/3235/2941 2623/3234/2940 4416/3242/2948 2641/3243/2949
f 2623/3234/2940 1799/3008/2726 2684/3043/2758 4416/3242/2948
f 4416/3242/2948 2684/3043/2758 1785/3036/2751 2666/3229/2935
f 2641/3243/2949 4416/3242/2948 2666/3229/2935 1767/3228/2934
f 1765/3241/2947 2622/3240/2946 4417/3244/2950 2642/3245/2951
f 2622/3240/2946 1798/2966/2687 2685/2992/2710 4417/3244/2950
f 4417/3244/2950 2685/2992/2710 1797/2934/2655 2621/3246/2952
f 2642/3245/2951 4417/3244/2950 2621/3246/2952 1762/3247/2953
f 1761/3248/2954 2663/3249/2955 4418/3250/2956 2643/3251/2957
f 2663/3249/2955 1782/2967/2688 2686/2970/2691 4418/3250/2956
f 4418/3250/2956 2686/2970/2691 1784/2975/2696 2665/3223/2929
f 2643/3251/2957 4418/3250/2956 2665/3223/2929 1764/3222/2928
f 1762/3247/2953 2621/3246/2952 4419/3252/2958 2644/3253/2959
f 2621/3246/2952 1797/2934/2655 2687/2937/2658 4419/3252/2958
f 4419/3252/2958 2687/2937/2658 1783/2942/2663 2664/3197/2905
f 2644/3253/2959 4419/3252/2958 2664/3197/2905 1763/3196/2904
f 1759/3254/2960 2661/3255/2961 4420/3256/2962 2645/3257/2963
f 2661/3255/2961 1780/2985/2654 2688/2988/2707 4420/3256/2962
f 4420/3256/2962 2688/2988/2707 1782/2967/2688 2663/3249/2955
f 2645/3257/2963 4420/3256/2962 2663/3249/2955 1761/3248/2954
f 1757/3258/2964 2660/3259/2965 4421/3260/2966 2646/3261/2967
f 2660/3259/2965 1779/2949/2670 2689/2952/2673 4421/3260/2966
f 4421/3260/2966 2689/2952/2673 1781/2957/2678 2662/3237/2943
f 2646/3261/2967 4421/3260/2966 2662/3237/2943 1760/3236/2942
f 1758/3201/2909 2620/3200/2908 4422/3262/2968 2647/3263/2969
f 2620/3200/2908 1796/2925/2646 2690/2928/2649 4422/3262/2968
f 4422/3262/2968 2690/2928/2649 1780/2933/2654 2661/3264/2961
f 2647/3263/2969 4422/3262/2968 2661/3264/2961 1759/3265/2960
f 1756/3266/2970 2659/3267/2971 4423/3268/2972 2648/3269/2973
f 2659/3267/2971 1778/2906/2627 2691/2977/2698 4423/3268/2972
f 4423/3268/2972 2691/2977/2698 1779/2949/2670 2660/3259/2965
f 2648/3269/2973 4423/3268/2972 2660/3259/2965 1757/3258/2964
f 1748/3270/2974 2656/3271/2975 4424/3272/2976 2649/3273/2977
f 2656/3271/2975 1775/2889/2610 2692/2892/2613 4424/3272/2976
f 4424/3272/2976 2692/2892/2613 1794/2897/2618 2618/3274/2978
f 2649/3273/2977 4424/3272/2976 2618/3274/2978 1754/3275/2979
f 1755/3221/2927 2619/3220/2926 4425/3276/2980 2650/3277/2981
f 2619/3220/2926 1795/2898/2619 2693/2901/2622 4425/3276/2980
f 4425/3276/2980 2693/2901/2622 1778/2906/2627 2659/3267/2971
f 2650/3277/2981 4425/3276/2980 2659/3267/2971 1756/3266/2970
f 1754/3275/2979 2618/3274/2978 4426/3278/2982 2651/3279/2983
f 2618/3274/2978 1794/2897/2618 2694/2944/2665 4426/3278/2982
f 4426/3278/2982 2694/2944/2665 1792/2948/2669 2616/3280/2984
f 2651/3279/2983 4426/3278/2982 2616/3280/2984 1751/3281/2985
f 1753/3195/2903 2617/3194/2902 4427/3282/2986 2652/3283/2987
f 2617/3194/2902 1793/3035/2750 2695/3046/2761 4427/3282/2986
f 4427/3282/2986 2695/3046/2761 1791/2916/2637 2615/3284/2988
f 2652/3283/2987 4427/3282/2986 2615/3284/2988 1749/3285/2989
f 1751/3281/2985 2616/3280/2984 4428/3286/2990 2653/3287/2991
f 2616/3280/2984 1792/2948/2669 2696/3001/2719 4428/3286/2990
f 4428/3286/2990 2696/3001/2719 1777/2907/2628 2658/3209/2917
f 2653/3287/2991 4428/3286/2990 2658/3209/2917 1752/3208/2916
f 1749/3285/2989 2615/3284/2988 4429/3288/2992 2654/3289/2993
f 2615/3284/2988 1791/2916/2637 2697/2919/2640 4429/3288/2992
f 4429/3288/2992 2697/2919/2640 1776/2924/2645 2657/3180/2888
f 2654/3289/2993 4429/3288/2992 2657/3180/2888 1750/3179/2887
f 1747/3190/2898 2614/3189/2897 4430/3290/2994 2655/3291/2995
f 2614/3189/2897 1790/3029/2744 2698/3049/2764 4430/3290/2994
f 4430/3290/2994 2698/3049/2764 1775/2889/2610 2656/3271/2975
f 2655/3291/2995 4430/3290/2994 2656/3271/2975 1748/3270/2974
f 2203/3292/2996 4091/3293/2997 4431/3294/2998 3384/3295/2999
f 4091/3293/2997 1759/3254/2960 2645/3257/2963 4431/3294/2998
f 4431/3294/2998 2645/3257/2963 1761/3248/2954 4095/3296/3000
f 3384/3295/2999 4431/3294/2998 4095/3296/3000 2207/3297/3001
f 2261/3298/3002 4119/3299/3003 4432/3300/3004 3464/3301/3005
f 4119/3299/3003 1757/3258/2964 2646/3261/2967 4432/3300/3004
f 4432/3300/3004 2646/3261/2967 1760/3236/2942 4121/3302/3006
f 3464/3301/3005 4432/3300/3004 4121/3302/3006 2265/3303/3007
f 2253/3304/3008 4088/3305/3009 4433/3306/3010 3504/3307/3011
f 4088/3305/3009 1763/3196/2904 2631/3199/2907 4433/3306/3010
f 4433/3306/3010 2631/3199/2907 1758/3201/2909 4089/3308/3012
f 3504/3307/3011 4433/3306/3010 4089/3308/3012 2196/3309/3013
f 2257/3310/3014 4115/3311/3015 4434/3312/3016 3457/3313/3017
f 4115/3311/3015 1756/3266/2970 2648/3269/2973 4434/3312/3016
f 4434/3312/3016 2648/3269/2973 1757/3258/2964 4119/3299/3003
f 3457/3313/3017 4434/3312/3016 4119/3299/3003 2261/3298/3002
f 2183/3314/3018 4083/3315/3019 4435/3316/3020 3370/3317/3021
f 4083/3315/3019 1748/3270/2974 2649/3273/2977 4435/3316/3020
f 4435/3316/3020 2649/3273/2977 1754/3275/2979 4085/3318/3022
f 3370/3317/3021 4435/3316/3020 4085/3318/3022 2192/3319/3023
f 2250/3320/3024 4106/3321/3025 4436/3322/3026 3448/3323/3027
f 4106/3321/3025 1755/3221/2927 2650/3277/2981 4436/3322/3026
f 4436/3322/3026 2650/3277/2981 1756/3266/2970 4115/3311/3015
f 3448/3323/3027 4436/3322/3026 4115/3311/3015 2257/3310/3014
f 2192/3319/3023 4085/3318/3022 4437/3324/3028 3364/3325/3029
f 4085/3318/3022 1754/3275/2979 2651/3279/2983 4437/3324/3028
f 4437/3324/3028 2651/3279/2983 1751/3281/2985 4076/3326/3030
f 3364/3325/3029 4437/3324/3028 4076/3326/3030 2188/3327/3031
f 2237/3328/3032 4110/3329/3033 4438/3330/3034 3443/3331/3035
f 4110/3329/3033 1753/3195/2903 2652/3283/2987 4438/3330/3034
f 4438/3330/3034 2652/3283/2987 1749/3285/2989 4113/3332/3036
f 3443/3331/3035 4438/3330/3034 4113/3332/3036 2246/3333/3037
f 2188/3327/3031 4076/3326/3030 4439/3334/3038 3354/3335/3039
f 4076/3326/3030 1751/3281/2985 2653/3287/2991 4439/3334/3038
f 4439/3334/3038 2653/3287/2991 1752/3208/2916 4077/3336/3040
f 3354/3335/3039 4439/3334/3038 4077/3336/3040 2171/3337/3041
f 2246/3333/3037 4113/3332/3036 4440/3338/3042 3437/3339/3043
f 4113/3332/3036 1749/3285/2989 2654/3289/2993 4440/3338/3042
f 4440/3338/3042 2654/3289/2993 1750/3179/2887 4103/3340/3044
f 3437/3339/3043 4440/3338/3042 4103/3340/3044 2242/3341/3045
f 2179/3342/3046 4081/3343/3047 4441/3344/3048 3346/3345/3049
f 4081/3343/3047 1747/3190/2898 2655/3291/2995 4441/3344/3048
f 4441/3344/3048 2655/3291/2995 1748/3270/2974 4083/3315/3019
f 3346/3345/3049 4441/3344/3048 4083/3315/3019 2183/3314/3018
f 2242/3341/3045 4103/3340/3044 4442/3346/3050 3427/3347/3051
f 4103/3340/3044 1750/3179/2887 2628/3182/2890 4442/3346/3050
f 4442/3346/3050 2628/3182/2890 1770/3184/2892 4104/3348/3052
f 3427/3347/3051 4442/3346/3050 4104/3348/3052 2228/3349/3053
f 2175/3350/3054 4073/3351/3055 4443/3352/3056 3339/3353/3057
f 4073/3351/3055 1774/3185/2893 2629/3188/2896 4443/3352/3056
f 4443/3352/3056 2629/3188/2896 1747/3190/2898 4081/3343/3047
f 3339/3353/3057 4443/3352/3056 4081/3343/3047 2179/3342/3046
f 2245/3172/2880 4112/3171/2879 4444/3354/3058 3446/3355/3059
f 4112/3171/2879 1825/2823/2547 2706/2826/2550 4444/3354/3058
f 4444/3354/3058 2706/2826/2550 1821/2806/2530 4111/3090/2805
f 3446/3355/3059 4444/3354/3058 4111/3090/2805 2238/3089/2804
f 2196/3309/3013 4089/3308/3012 4445/3356/3060 3375/3357/3061
f 4089/3308/3012 1758/3201/2909 2647/3263/2969 4445/3356/3060
f 4445/3356/3060 2647/3263/2969 1759/3265/2960 4091/3358/2997
f 3375/3357/3061 4445/3356/3060 4091/3358/2997 2203/3359/2996
f 2199/3360/3062 4070/3361/3063 4446/3362/3064 3492/3363/3065
f 4070/3361/3063 1767/3228/2934 2638/3231/2937 4446/3362/3064
f 4446/3362/3064 2638/3231/2937 1769/3202/2910 4071/3364/3066
f 3492/3363/3065 4446/3362/3064 4071/3364/3066 2168/3365/3067
f 2232/3074/2789 4109/3073/2788 4447/3366/3068 3419/3367/3069
f 4109/3073/2788 1773/3072/2787 2630/3193/2901 4447/3366/3068
f 4447/3366/3068 2630/3193/2901 1753/3195/2903 4110/3329/3033
f 3419/3367/3069 4447/3366/3068 4110/3329/3033 2237/3328/3032
f 2171/3337/3041 4077/3336/3040 4448/3368/3070 3500/3369/3071
f 4077/3336/3040 1752/3208/2916 2634/3211/2919 4448/3368/3070
f 4448/3368/3070 2634/3211/2919 1771/3213/2921 4079/3370/3072
f 3500/3369/3071 4448/3368/3070 4079/3370/3072 2224/3371/3073
f 2225/3372/2834 2731/3373/3074 4449/3374/3075 4100/3375/2830
f 2224/3371/3073 4079/3370/3072 4449/3374/3075 2731/3373/3074
f 1771/3213/2921 2635/3215/2923 4449/3374/3075 4079/3370/3072
f 1772/3217/2785 2627/3376/2782 4449/3374/3075 2635/3215/2923
f 1746/3377/2781 4100/3375/2830 4449/3374/3075 2627/3376/2782
f 2228/3349/3053 4104/3348/3052 4450/3378/3076 3496/3379/3077
f 4104/3348/3052 1770/3184/2892 2636/3219/2925 4450/3378/3076
f 4450/3378/3076 2636/3219/2925 1755/3221/2927 4106/3321/3025
f 3496/3379/3077 4450/3378/3076 4106/3321/3025 2250/3320/3024
f 2211/3380/3078 4097/3381/3079 4451/3382/3080 3415/3383/3081
f 4097/3381/3079 1764/3222/2928 2637/3225/2931 4451/3382/3080
f 4451/3382/3080 2637/3225/2931 1768/3227/2933 4099/3384/3082
f 3415/3383/3081 4451/3382/3080 4099/3384/3082 2220/3385/3083
f 2168/3365/3067 4071/3364/3066 4452/3386/3084 3330/3387/3085
f 4071/3364/3066 1769/3202/2910 2632/3205/2913 4452/3386/3084
f 4452/3386/3084 2632/3205/2913 1774/3185/2893 4073/3351/3055
f 3330/3387/3085 4452/3386/3084 4073/3351/3055 2175/3350/3054
f 2220/3385/3083 4099/3384/3082 4453/3388/3086 3409/3389/3087
f 4099/3384/3082 1768/3227/2933 2639/3233/2939 4453/3388/3086
f 4453/3388/3086 2639/3233/2939 1766/3235/2941 4093/3390/3088
f 3409/3389/3087 4453/3388/3086 4093/3390/3088 2216/3391/3089
f 2265/3303/3007 4121/3302/3006 4454/3392/3090 3488/3393/3091
f 4121/3302/3006 1760/3236/2942 2640/3239/2945 4454/3392/3090
f 4454/3392/3090 2640/3239/2945 1765/3241/2947 4123/3394/3092
f 3488/3393/3091 4454/3392/3090 4123/3394/3092 2274/3395/3093
f 2216/3391/3089 4093/3390/3088 4455/3396/3094 3399/3397/3095
f 4093/3390/3088 1766/3235/2941 2641/3243/2949 4455/3396/3094
f 4455/3396/3094 2641/3243/2949 1767/3228/2934 4070/3361/3063
f 3399/3397/3095 4455/3396/3094 4070/3361/3063 2199/3360/3062
f 2274/3395/3093 4123/3394/3092 4456/3398/3096 3482/3399/3097
f 4123/3394/3092 1765/3241/2947 2642/3245/2951 4456/3398/3096
f 4456/3398/3096 2642/3245/2951 1762/3247/2953 4117/3400/3098
f 3482/3399/3097 4456/3398/3096 4117/3400/3098 2270/3401/3099
f 2207/3297/3001 4095/3296/3000 4457/3402/3100 3391/3403/3101
f 4095/3296/3000 1761/3248/2954 2643/3251/2957 4457/3402/3100
f 4457/3402/3100 2643/3251/2957 1764/3222/2928 4097/3381/3079
f 3391/3403/3101 4457/3402/3100 4097/3381/3079 2211/3380/3078
f 2270/3401/3099 4117/3400/3098 4458/3404/3102 3472/3405/3103
f 4117/3400/3098 1762/3247/2953 2644/3253/2959 4458/3404/3102
f 4458/3404/3102 2644/3253/2959 1763/3196/2904 4088/3305/3009
f 3472/3405/3103 4458/3404/3102 4088/3305/3009 2253/3304/3008
f 1734/2673/2405 2600/3406/3104 4459/3407/3105 3958/3408/3106
f 2600/3406/3104 1727/2299/2043 3959/3409/3107 4459/3407/3105
f 4459/3407/3105 3959/3409/3107 1943/3410/3108 2938/3411/3109
f 3958/3408/3106 4459/3407/3105 2938/3411/3109 1952/3412/3110
f 1737/2270/2014 2597/2674/2406 4460/3413/3111 3969/3414/3112
f 2597/2674/2406 1734/2673/2405 3958/3408/3106 4460/3413/3111
f 4460/3413/3111 3958/3408/3106 1952/3412/3110 2948/3415/3113
f 3969/3414/3112 4460/3413/3111 2948/3415/3113 1956/3416/3114
f 1739/2272/2016 2595/2271/2015 4461/3417/3115 3971/3418/3116
f 2595/2271/2015 1737/2270/2014 3969/3414/3112 4461/3417/3115
f 4461/3417/3115 3969/3414/3112 1956/3416/3114 2955/3419/3117
f 3971/3418/3116 4461/3417/3115 2955/3419/3117 1960/3420/3118
f 1731/2352/2096 2602/2439/2180 4462/3421/3119 3964/3422/3120
f 2602/2439/2180 1732/1971/1748 3965/1974/1751 4462/3421/3119
f 4462/3421/3119 3965/1974/1751 1948/1979/1756 3125/3423/3121
f 3964/3422/3120 4462/3421/3119 3125/3423/3121 1999/3424/3122
f 1741/1975/1752 2591/2422/2166 4463/3425/3123 3966/1976/1753
f 2591/2422/2166 1742/2421/2165 3973/3426/3124 4463/3425/3123
f 4463/3425/3123 3973/3426/3124 1967/3427/3125 2971/3428/3126
f 3966/1976/1753 4463/3425/3123 2971/3428/3126 1963/1977/1754
f 1742/2421/2165 2589/2445/2186 4464/3429/3127 3973/3426/3124
f 2589/2445/2186 1739/2272/2016 3971/3418/3116 4464/3429/3127
f 4464/3429/3127 3971/3418/3116 1960/3420/3118 2978/3430/3128
f 3973/3426/3124 4464/3429/3127 2978/3430/3128 1967/3427/3125
f 1745/2431/2114 2587/2430/2172 4465/3431/3129 3976/3432/3130
f 2587/2430/2172 1735/2411/2155 3977/3433/3131 4465/3431/3129
f 4465/3431/3129 3977/3433/3131 1971/3434/3132 2983/3435/3133
f 3976/3432/3130 4465/3431/3129 2983/3435/3133 1980/3436/3134
f 1721/2372/2116 2585/2371/2115 4466/3437/3135 3983/3438/3136
f 2585/2371/2115 1745/2370/2114 3976/3439/3130 4466/3437/3135
f 4466/3437/3135 3976/3439/3130 1980/3440/3134 2993/3441/3137
f 3983/3438/3136 4466/3437/3135 2993/3441/3137 1984/3442/3138
f 1720/2383/2127 2611/2396/2140 4467/3443/3139 3985/3444/3140
f 2611/2396/2140 1721/2372/2116 3983/3438/3136 4467/3443/3139
f 4467/3443/3139 3983/3438/3136 1984/3442/3138 3000/3445/3141
f 3985/3444/3140 4467/3443/3139 3000/3445/3141 1988/3446/3142
f 1723/2297/2041 2609/2660/2392 4468/3447/3143 3961/3448/3144
f 2609/2660/2392 1724/2336/2080 3981/3449/3145 4468/3447/3143
f 4468/3447/3143 3981/3449/3145 1991/3450/3146 3007/3451/3147
f 3961/3448/3144 4468/3447/3143 3007/3451/3147 1976/3452/3148
f 1724/2336/2080 2607/2335/2079 4469/3453/3149 3981/3449/3145
f 2607/2335/2079 1726/2334/2078 3987/3454/3150 4469/3453/3149
f 4469/3453/3149 3987/3454/3150 1995/3455/3151 3016/3456/3152
f 3981/3449/3145 4469/3453/3149 3016/3456/3152 1991/3450/3146
f 1726/2334/2078 2605/2384/2128 4470/3457/3153 3987/3454/3150
f 2605/2384/2128 1720/2383/2127 3985/3444/3140 4470/3457/3153
f 4470/3457/3153 3985/3444/3140 1988/3446/3142 3023/3458/3154
f 3987/3454/3150 4470/3457/3153 3023/3458/3154 1995/3455/3151
f 1730/2354/2098 2603/2353/2097 4471/3459/3155 3989/3460/3156
f 2603/2353/2097 1731/2352/2096 3964/3422/3120 4471/3459/3155
f 4471/3459/3155 3964/3422/3120 1999/3424/3122 3028/3461/3157
f 3989/3460/3156 4471/3459/3155 3028/3461/3157 2008/3462/3158
f 1733/2304/2048 2601/2684/2411 4472/3463/3159 3997/3464/3160
f 2601/2684/2411 1730/2683/2098 3989/3465/3156 4472/3463/3159
f 4472/3463/3159 3989/3465/3156 2008/3466/3158 3038/3467/3161
f 3997/3464/3160 4472/3463/3159 3038/3467/3161 2012/3468/3162
f 1736/2279/2023 2598/2305/2049 4473/3469/3163 3999/3470/3164
f 2598/2305/2049 1733/2304/2048 3997/3464/3160 4473/3469/3163
f 4473/3469/3163 3997/3464/3160 2012/3468/3162 3045/3471/3165
f 3999/3470/3164 4473/3469/3163 3045/3471/3165 2016/3472/3166
f 1728/2263/2007 2604/2262/2006 4474/3473/3167 3992/3474/3168
f 2604/2262/2006 1729/1953/1730 3993/1956/1733 4474/3473/3167
f 4474/3473/3167 3993/1956/1733 2004/1961/1738 3121/3475/3169
f 3992/3474/3168 4474/3473/3167 3121/3475/3169 2027/3476/3170
f 1738/1957/1734 2594/2434/2175 4475/3477/3171 3994/1958/1735
f 2594/2434/2175 1740/2281/2025 4001/3478/3172 4475/3477/3171
f 4475/3477/3171 4001/3478/3172 2023/3479/3173 3061/3480/3174
f 3994/1958/1735 4475/3477/3171 3061/3480/3174 2019/1959/1736
f 1740/2281/2025 2592/2280/2024 4476/3481/3175 4001/3478/3172
f 2592/2280/2024 1736/2279/2023 3999/3470/3164 4476/3481/3175
f 4476/3481/3175 3999/3470/3164 2016/3472/3166 3068/3482/3176
f 4001/3478/3172 4476/3481/3175 3068/3482/3176 2023/3479/3173
f 1743/2391/2135 2590/2442/2183 4477/3483/3177 4003/3484/3178
f 2590/2442/2183 1728/2263/2007 3992/3474/3168 4477/3483/3177
f 4477/3483/3177 3992/3474/3168 2027/3476/3170 3073/3485/3179
f 4003/3484/3178 4477/3483/3177 3073/3485/3179 2036/3486/3180
f 1744/2393/2137 2588/2392/2136 4478/3487/3181 4007/3488/3182
f 2588/2392/2136 1743/2391/2135 4003/3484/3178 4478/3487/3181
f 4478/3487/3181 4003/3484/3178 2036/3486/3180 3083/3489/3183
f 4007/3488/3182 4478/3487/3181 3083/3489/3183 2040/3490/3184
f 1725/2401/2145 2586/2414/2158 4479/3491/3185 4009/3492/3186
f 2586/2414/2158 1744/2393/2137 4007/3488/3182 4479/3491/3185
f 4479/3491/3185 4007/3488/3182 2040/3490/3184 3090/3493/3187
f 4009/3492/3186 4479/3491/3185 3090/3493/3187 2044/3494/3188
f 1718/2409/2153 2612/2425/2169 4480/3495/3189 3979/3496/3190
f 2612/2425/2169 1719/2363/2107 4005/3497/3191 4480/3495/3189
f 4480/3495/3189 4005/3497/3191 2047/3498/3192 3097/3499/3193
f 3979/3496/3190 4480/3495/3189 3097/3499/3193 2032/3500/3194
f 1719/2363/2107 2610/2362/2106 4481/3501/3195 4005/3497/3191
f 2610/2362/2106 1722/2361/2105 4011/3502/3196 4481/3501/3195
f 4481/3501/3195 4011/3502/3196 2051/3503/3197 3106/3504/3198
f 4005/3497/3191 4481/3501/3195 3106/3504/3198 2047/3498/3192
f 1722/2361/2105 2608/2402/2146 4482/3505/3199 4011/3502/3196
f 2608/2402/2146 1725/2401/2145 4009/3492/3186 4482/3505/3199
f 4482/3505/3199 4009/3492/3186 2044/3494/3188 3113/3506/3200
f 4011/3502/3196 4482/3505/3199 3113/3506/3200 2051/3503/3197
f 1727/2299/2043 2606/2298/2042 4483/3507/3201 3959/3409/3107
f 2606/2298/2042 1723/2297/2041 3961/3448/3144 4483/3507/3201
f 4483/3507/3201 3961/3448/3144 1976/3452/3148 3117/3508/3202
f 3959/3409/3107 4483/3507/3201 3117/3508/3202 1943/3410/3108
f 2011/1984/1761 3043/3509/3203 4484/3510/3204 3996/1985/1762
f 3043/3509/3203 2007/3511/1706 3988/3512/1709 4484/3510/3204
f 4484/3510/3204 3988/3512/1709 2342/3513/1714 3609/3514/3205
f 3996/1985/1762 4484/3510/3204 3609/3514/3205 2346/1986/1763
f 1955/2011/1788 2953/3515/3206 4485/3516/3207 3968/2012/1789
f 2953/3515/3206 1951/2373/2117 3956/2376/2120 4485/3516/3207
f 4485/3516/3207 3956/2376/2120 2286/2378/2122 3519/3517/3208
f 3968/2012/1789 4485/3516/3207 3519/3517/3208 2290/2013/1790
f 1735/2411/2155 2599/2410/2154 4486/3518/3209 3977/3433/3131
f 2599/2410/2154 1718/2409/2153 3979/3496/3190 4486/3518/3209
f 4486/3518/3209 3979/3496/3190 2032/3500/3194 3129/3519/3210
f 3977/3433/3131 4486/3518/3209 3129/3519/3210 1971/3434/3132
f 1700/2517/2255 2567/2516/2254 4487/3520/3211 4014/3521/3212
f 2567/2516/2254 1701/2190/1947 4015/2193/1950 4487/3520/3211
f 4487/3520/3211 4015/2193/1950 2056/2198/1955 3313/3522/3213
f 4014/3521/3212 4487/3520/3211 3313/3522/3213 2087/3523/3214
f 1704/2194/1951 2558/2458/2199 4488/3524/3215 4016/2195/1952
f 2558/2458/2199 1705/2457/2198 4025/3525/3216 4488/3524/3215
f 4488/3524/3215 4025/3525/3216 2067/3526/3217 3143/3527/3218
f 4016/2195/1952 4488/3524/3215 3143/3527/3218 2063/2196/1953
f 1705/2457/2198 2584/2601/2335 4489/3528/3219 4025/3525/3216
f 2584/2601/2335 1690/2579/2314 4027/3529/3220 4489/3528/3219
f 4489/3528/3219 4027/3529/3220 2071/3530/3221 3150/3531/3222
f 4025/3525/3216 4489/3528/3219 3150/3531/3222 2067/3526/3217
f 1707/2586/2320 2582/2595/2329 4490/3532/3223 4020/3533/3224
f 2582/2595/2329 1692/2490/2231 4021/3534/3225 4490/3532/3223
f 4490/3532/3223 4021/3534/3225 2059/3535/3226 3158/3536/3227
f 4020/3533/3224 4490/3532/3223 3158/3536/3227 2076/3537/3228
f 1709/2577/2312 2580/2587/2321 4491/3538/3229 4029/3539/3230
f 2580/2587/2321 1707/2586/2320 4020/3533/3224 4491/3538/3229
f 4491/3538/3229 4020/3533/3224 2076/3537/3228 3168/3540/3231
f 4029/3539/3230 4491/3538/3229 3168/3540/3231 2080/3541/3232
f 1690/2579/2314 2578/2578/2313 4492/3542/3233 4027/3529/3220
f 2578/2578/2313 1709/2577/2312 4029/3539/3230 4492/3542/3233
f 4492/3542/3233 4029/3539/3230 2080/3541/3232 3174/3543/3234
f 4027/3529/3220 4492/3542/3233 3174/3543/3234 2071/3530/3221
f 1698/2474/2215 2560/2473/2214 4493/3544/3235 4032/3545/3236
f 2560/2473/2214 1711/2238/1984 4033/2241/1987 4493/3544/3235
f 4493/3544/3235 4033/2241/1987 2084/2246/1992 3325/3546/3237
f 4032/3545/3236 4493/3544/3235 3325/3546/3237 2143/3547/3238
f 1695/2556/1988 2574/2555/2292 4494/3548/3239 4034/3549/1989
f 2574/2555/2292 1697/2547/2285 4039/3550/3240 4494/3548/3239
f 4494/3548/3239 4039/3550/3240 2095/3551/3241 3188/3552/3242
f 4034/3549/1989 4494/3548/3239 3188/3552/3242 2091/3553/1990
f 1697/2547/2285 2572/2546/2284 4495/3554/3243 4039/3550/3240
f 2572/2546/2284 1699/2511/2249 4041/3555/3244 4495/3554/3243
f 4495/3554/3243 4041/3555/3244 2099/3556/3245 3195/3557/3246
f 4039/3550/3240 4495/3554/3243 3195/3557/3246 2095/3551/3241
f 1714/2522/2260 2570/2535/2273 4496/3558/3247 4037/3559/3248
f 2570/2535/2273 1700/2517/2255 4014/3521/3212 4496/3558/3247
f 4496/3558/3247 4014/3521/3212 2087/3523/3214 3203/3560/3249
f 4037/3559/3248 4496/3558/3247 3203/3560/3249 2104/3561/3250
f 1715/2509/2247 2568/2523/2261 4497/3562/3251 4043/3563/3252
f 2568/2523/2261 1714/2522/2260 4037/3559/3248 4497/3562/3251
f 4497/3562/3251 4037/3559/3248 2104/3561/3250 3213/3564/3253
f 4043/3563/3252 4497/3562/3251 3213/3564/3253 2108/3565/3254
f 1699/2511/2249 2566/2510/2248 4498/3566/3255 4041/3555/3244
f 2566/2510/2248 1715/2509/2247 4043/3563/3252 4498/3566/3255
f 4498/3566/3255 4043/3563/3252 2108/3565/3254 3219/3567/3256
f 4041/3555/3244 4498/3566/3255 3219/3567/3256 2099/3556/3245
f 1717/2488/2229 2564/2496/2234 4499/3568/3257 4023/3569/3258
f 2564/2496/2234 1702/2495/2223 4045/3570/3259 4499/3568/3257
f 4499/3568/3257 4045/3570/3259 2119/3571/3260 3224/3572/3261
f 4023/3569/3258 4499/3568/3257 3224/3572/3261 2112/3573/3262
f 1702/2482/2223 2562/2481/2222 4500/3574/3263 4045/3575/3259
f 2562/2481/2222 1703/2467/2208 4053/3576/3264 4500/3574/3263
f 4500/3574/3263 4053/3576/3264 2123/3577/3265 3233/3578/3266
f 4045/3575/3259 4500/3574/3263 3233/3578/3266 2119/3579/3260
f 1703/2467/2208 2559/2466/2207 4501/3580/3267 4053/3576/3264
f 2559/2466/2207 1708/2465/2206 4055/3581/3268 4501/3580/3267
f 4501/3580/3267 4055/3581/3268 2127/3582/3269 3240/3583/3270
f 4053/3576/3264 4501/3580/3267 3240/3583/3270 2123/3577/3265
f 1691/2451/2192 2557/2450/2191 4502/3584/3271 4048/3585/3272
f 2557/2450/2191 1716/2449/2190 4049/3586/3273 4502/3584/3271
f 4502/3584/3271 4049/3586/3273 2115/3587/3274 3248/3588/3275
f 4048/3585/3272 4502/3584/3271 3248/3588/3275 2132/3589/3276
f 1706/2592/2326 2583/2598/2332 4503/3590/3277 4057/3591/3278
f 2583/2598/2332 1691/2451/2192 4048/3585/3272 4503/3590/3277
f 4503/3590/3277 4048/3585/3272 2132/3589/3276 3258/3592/3279
f 4057/3591/3278 4503/3590/3277 3258/3592/3279 2136/3593/3280
f 1708/2465/2206 2581/2593/2327 4504/3594/3281 4055/3581/3268
f 2581/2593/2327 1706/2592/2326 4057/3591/3278 4504/3594/3281
f 4504/3594/3281 4057/3591/3278 2136/3593/3280 3264/3595/3282
f 4055/3581/3268 4504/3594/3281 3264/3595/3282 2127/3582/3269
f 1710/2501/2239 2579/2582/2315 4505/3596/3283 4051/3597/3284
f 2579/2582/2315 1693/2570/2305 4059/3598/3285 4505/3596/3283
f 4505/3596/3283 4059/3598/3285 2147/3599/3286 3269/3600/3287
f 4051/3597/3284 4505/3596/3283 3269/3600/3287 2140/3601/3288
f 1693/2570/2305 2577/2569/2304 4506/3602/3289 4059/3598/3285
f 2577/2569/2304 1694/2562/2298 4063/3603/3290 4506/3602/3289
f 4506/3602/3289 4063/3603/3290 2151/3604/3291 3278/3605/3292
f 4059/3598/3285 4506/3602/3289 3278/3605/3292 2147/3599/3286
f 1694/2562/2298 2575/2561/2297 4507/3606/3293 4063/3603/3290
f 2575/2561/2297 1696/2532/2270 4065/3607/3294 4507/3606/3293
f 4507/3606/3293 4065/3607/3294 2155/3608/3295 3285/3609/3296
f 4063/3603/3290 4507/3606/3293 3285/3609/3296 2151/3604/3291
f 1712/2540/2278 2573/2550/2288 4508/3610/3297 4061/3611/3298
f 2573/2550/2288 1698/2474/2215 4032/3545/3236 4508/3610/3297
f 4508/3610/3297 4032/3545/3236 2143/3547/3238 3293/3612/3299
f 4061/3611/3298 4508/3610/3297 3293/3612/3299 2160/3613/3300
f 1713/2530/2268 2571/2541/2279 4509/3614/3301 4067/3615/3302
f 2571/2541/2279 1712/2540/2278 4061/3611/3298 4509/3614/3301
f 4509/3614/3301 4061/3611/3298 2160/3613/3300 3303/3616/3303
f 4067/3615/3302 4509/3614/3301 3303/3616/3303 2164/3617/3304
f 1696/2532/2270 2569/2531/2269 4510/3618/3305 4065/3607/3294
f 2569/2531/2269 1713/2530/2268 4067/3615/3302 4510/3618/3305
f 4510/3618/3305 4067/3615/3302 2164/3617/3304 3309/3619/3306
f 4065/3607/3294 4510/3618/3305 3309/3619/3306 2155/3608/3295
f 2075/2126/1895 3166/3620/3307 4511/3621/1847 4018/2127/1896
f 3166/3620/3307 2060/2088/1861 4019/2091/1864 4511/3621/1847
f 4511/3621/1847 4019/2091/1864 2393/2096/1868 3729/3622/3308
f 4018/2127/1896 4511/3621/1847 3729/3622/3308 2410/2128/1897
f 1716/2449/2190 2565/2502/2240 4512/3623/3309 4049/3586/3273
f 2565/2502/2240 1710/2501/2239 4051/3597/3284 4512/3623/3309
f 4512/3623/3309 4051/3597/3284 2140/3601/3288 3317/3624/3310
f 4049/3586/3273 4512/3623/3309 3317/3624/3310 2115/3587/3274
f 1692/2490/2231 2563/2489/2230 4513/3625/3311 4021/3534/3225
f 2563/2489/2230 1717/2488/2229 4023/3569/3258 4513/3625/3311
f 4513/3625/3311 4023/3569/3258 2112/3573/3262 3321/3626/3312
f 4021/3534/3225 4513/3625/3311 3321/3626/3312 2059/3535/3226
f 2103/2201/1958 3211/3627/3313 4514/3628/3314 4036/2202/1959
f 3211/3627/3313 2088/2232/1979 4017/2235/1981 4514/3628/3314
f 4514/3628/3314 4017/2235/1981 2421/2237/1983 3774/3629/3315
f 4036/2202/1959 4514/3628/3314 3774/3629/3315 2438/2203/1960
f 2223/3122/2832 2728/3630/3316 4515/3631/3317 2727/3123/2833
f 2226/3632/3318 2732/3633/3319 4515/3631/3317 2728/3630/3316
f 2225/3124/2834 2727/3123/2833 4515/3631/3317 2732/3633/3319
f 2226/3634/3318 2729/3635/3320 4516/3636/3321 2732/3637/3319
f 2227/3638/3322 2733/3639/3323 4516/3636/3321 2729/3635/3320
f 2225/3372/2834 2732/3637/3319 4516/3636/3321 2733/3639/3323
f 2227/3638/3322 2730/3640/3324 4517/3641/3325 2733/3639/3323
f 2224/3371/3073 2731/3373/3074 4517/3641/3325 2730/3640/3324
f 2225/3372/2834 2733/3639/3323 4517/3641/3325 2731/3373/3074
f 2232/3074/2789 2735/3642/3326 4518/3643/3327 2734/3075/2790
f 2235/3644/3328 2739/3645/3329 4518/3643/3327 2735/3642/3326
f 2234/3076/2791 2734/3075/2790 4518/3643/3327 2739/3645/3329
f 2235/3644/3328 2736/3646/3330 4519/3647/3331 2739/3645/3329
f 2236/3648/3332 2740/3649/3333 4519/3647/3331 2736/3646/3330
f 2234/3076/2791 2739/3645/3329 4519/3647/3331 2740/3649/3333
f 2236/3650/3332 2737/3651/3334 4520/3652/3335 2740/3653/3333
f 2233/3094/2809 2738/3102/2816 4520/3652/3335 2737/3651/3334
f 2234/3101/2791 2740/3653/3333 4520/3652/3335 2738/3102/2816
f 1832/2291/2035 2742/3654/3336 4521/3655/3337 2741/3656/3338
f 2742/3654/3336 1839/2671/2403 2743/3657/3339 4521/3655/3337
f 4521/3655/3337 2743/3657/3339 1841/3658/3340 2744/3659/3341
f 2741/3656/3338 4521/3655/3337 2744/3659/3341 1834/3660/3342
f 1834/3660/3342 2744/3659/3341 4522/3661/3343 2745/3662/3344
f 2744/3659/3341 1841/3658/3340 2746/3663/3345 4522/3661/3343
f 4522/3661/3343 2746/3663/3345 1842/3664/3346 2747/3665/3347
f 2745/3662/3344 4522/3661/3343 2747/3665/3347 1833/3666/3348
f 1833/3666/3348 2747/3665/3347 4523/3667/3349 2748/3668/3350
f 2747/3665/3347 1842/3664/3346 2749/3669/3351 4523/3667/3349
f 4523/3667/3349 2749/3669/3351 1840/2341/2085 2750/2338/2082
f 2748/3668/3350 4523/3667/3349 2750/2338/2082 1831/2337/2081
f 1839/2671/2403 2751/2669/2401 4524/3670/3352 2743/3657/3339
f 2751/2669/2401 1843/2268/2012 2752/3671/3353 4524/3670/3352
f 4524/3670/3352 2752/3671/3353 1845/3672/3354 2753/3673/3355
f 2743/3657/3339 4524/3670/3352 2753/3673/3355 1841/3658/3340
f 1841/3658/3340 2753/3673/3355 4525/3674/3356 2746/3663/3345
f 2753/3673/3355 1845/3672/3354 2754/3675/3357 4525/3674/3356
f 4525/3674/3356 2754/3675/3357 1846/3676/3358 2755/3677/3359
f 2746/3663/3345 4525/3674/3356 2755/3677/3359 1842/3664/3346
f 1842/3664/3346 2755/3677/3359 4526/3678/3360 2749/3669/3351
f 2755/3677/3359 1846/3676/3358 2756/3679/3361 4526/3678/3360
f 4526/3678/3360 2756/3679/3361 1844/2646/2378 2757/2652/2384
f 2749/3669/3351 4526/3678/3360 2757/2652/2384 1840/2341/2085
f 1843/2268/2012 2758/2265/2009 4527/3680/3362 2752/3671/3353
f 2758/2265/2009 1847/2264/2008 2759/3681/3363 4527/3680/3362
f 4527/3680/3362 2759/3681/3363 1849/3682/3364 2760/3683/3365
f 2752/3671/3353 4527/3680/3362 2760/3683/3365 1845/3672/3354
f 1845/3672/3354 2760/3683/3365 4528/3684/3366 2754/3675/3357
f 2760/3683/3365 1849/3682/3364 2761/3685/3367 4528/3684/3366
f 4528/3684/3366 2761/3685/3367 1850/3686/3368 2762/3687/3369
f 2754/3675/3357 4528/3684/3366 2762/3687/3369 1846/3676/3358
f 1846/3676/3358 2762/3687/3369 4529/3688/3370 2756/3679/3361
f 2762/3687/3369 1850/3686/3368 2763/3689/3371 4529/3688/3370
f 4529/3688/3370 2763/3689/3371 1848/2622/2354 2764/2647/2379
f 2756/3679/3361 4529/3688/3370 2764/2647/2379 1844/2646/2378
f 1852/2415/2159 2766/2691/2418 4530/3690/3372 2765/3691/3373
f 2766/2691/2418 1835/2437/2178 2767/3692/3374 4530/3690/3372
f 4530/3690/3372 2767/3692/3374 1837/3693/3375 2768/3694/3376
f 2765/3691/3373 4530/3690/3372 2768/3694/3376 1854/3695/3377
f 1854/3695/3377 2768/3694/3376 4531/3696/3378 2769/3697/3379
f 2768/3694/3376 1837/3693/3375 2770/3698/3380 4531/3696/3378
f 4531/3696/3378 2770/3698/3380 1838/3699/3381 2771/3700/3382
f 2769/3697/3379 4531/3696/3378 2771/3700/3382 1853/3701/3383
f 1853/3701/3383 2771/3700/3382 4532/3702/3384 2772/3703/3385
f 2771/3700/3382 1838/3699/3381 2773/3704/3386 4532/3702/3384
f 4532/3702/3384 2773/3704/3386 1836/2310/2054 2774/2307/2051
f 2772/3703/3385 4532/3702/3384 2774/2307/2051 1851/2306/2050
f 1856/2419/2163 2776/2416/2160 4533/3705/3387 2775/3706/3388
f 2776/2416/2160 1852/2415/2159 2765/3691/3373 4533/3705/3387
f 4533/3705/3387 2765/3691/3373 1854/3695/3377 2777/3707/3389
f 2775/3706/3388 4533/3705/3387 2777/3707/3389 1858/3708/3390
f 1858/3708/3390 2777/3707/3389 4534/3709/3391 2778/3710/3392
f 2777/3707/3389 1854/3695/3377 2769/3697/3379 4534/3709/3391
f 4534/3709/3391 2769/3697/3379 1853/3701/3383 2779/3711/3393
f 2778/3710/3392 4534/3709/3391 2779/3711/3393 1857/3712/3394
f 1857/3712/3394 2779/3711/3393 4535/3713/3395 2780/3714/3396
f 2779/3711/3393 1853/3701/3383 2772/3703/3385 4535/3713/3395
f 4535/3713/3395 2772/3703/3385 1851/2306/2050 2781/2632/2364
f 2780/3714/3396 4535/3713/3395 2781/2632/2364 1855/2626/2358
f 1847/2264/2008 2782/2443/2184 4536/3715/3397 2759/3681/3363
f 2782/2443/2184 1856/2419/2163 2775/3706/3388 4536/3715/3397
f 4536/3715/3397 2775/3706/3388 1858/3708/3390 2783/3716/3398
f 2759/3681/3363 4536/3715/3397 2783/3716/3398 1849/3682/3364
f 1849/3682/3364 2783/3716/3398 4537/3717/3399 2761/3685/3367
f 2783/3716/3398 1858/3708/3390 2778/3710/3392 4537/3717/3399
f 4537/3717/3399 2778/3710/3392 1857/3712/3394 2784/3718/3400
f 2761/3685/3367 4537/3717/3399 2784/3718/3400 1850/3686/3368
f 1850/3686/3368 2784/3718/3400 4538/3719/3401 2763/3689/3371
f 2784/3718/3400 1857/3712/3394 2780/3714/3396 4538/3719/3401
f 4538/3719/3401 2780/3714/3396 1855/2626/2358 2785/2623/2355
f 2763/3689/3371 4538/3719/3401 2785/2623/2355 1848/2622/2354
f 1860/2403/2147 2787/2427/2170 4539/3720/3402 2786/3721/3403
f 2787/2427/2170 1867/2426/2112 2788/3722/3404 4539/3720/3402
f 4539/3720/3402 2788/3722/3404 1869/3723/3405 2789/3724/3406
f 2786/3721/3403 4539/3720/3402 2789/3724/3406 1862/3725/3407
f 1862/3725/3407 2789/3724/3406 4540/3726/3408 2790/3727/3409
f 2789/3724/3406 1869/3723/3405 2791/3728/3410 4540/3726/3408
f 4540/3726/3408 2791/3728/3410 1870/3729/3411 2792/3730/3412
f 2790/3727/3409 4540/3726/3408 2792/3730/3412 1861/3731/3413
f 1861/3731/3413 2792/3730/3412 4541/3732/3414 2793/3733/3415
f 2792/3730/3412 1870/3729/3411 2794/3734/3416 4541/3732/3414
f 4541/3732/3414 2794/3734/3416 1868/2286/2030 2795/2283/2027
f 2793/3733/3415 4541/3732/3414 2795/2283/2027 1859/2282/2026
f 1867/2368/2112 2796/2365/2109 4542/3735/3417 2788/3736/3404
f 2796/2365/2109 1871/2364/2108 2797/3737/3418 4542/3735/3417
f 4542/3735/3417 2797/3737/3418 1873/3738/3419 2798/3739/3420
f 2788/3736/3404 4542/3735/3417 2798/3739/3420 1869/3740/3405
f 1869/3740/3405 2798/3739/3420 4543/3741/3421 2791/3742/3410
f 2798/3739/3420 1873/3738/3419 2799/3743/3422 4543/3741/3421
f 4543/3741/3421 2799/3743/3422 1874/3744/3423 2800/3745/3424
f 2791/3742/3410 4543/3741/3421 2800/3745/3424 1870/3746/3411
f 1870/3746/3411 2800/3745/3424 4544/3747/3425 2794/3748/3416
f 2800/3745/3424 1874/3744/3423 2801/3749/3426 4544/3747/3425
f 4544/3747/3425 2801/3749/3426 1872/2606/2338 2802/2603/2336
f 2794/3748/3416 4544/3747/3425 2802/2603/2336 1868/2602/2030
f 1871/2364/2108 2803/2394/2138 4545/3750/3427 2797/3737/3418
f 2803/2394/2138 1875/2381/2125 2804/3751/3428 4545/3750/3427
f 4545/3750/3427 2804/3751/3428 1877/3752/3429 2805/3753/3430
f 2797/3737/3418 4545/3750/3427 2805/3753/3430 1873/3738/3419
f 1873/3738/3419 2805/3753/3430 4546/3754/3431 2799/3743/3422
f 2805/3753/3430 1877/3752/3429 2806/3755/3432 4546/3754/3431
f 4546/3754/3431 2806/3755/3432 1878/3756/3433 2807/3757/3434
f 2799/3743/3422 4546/3754/3431 2807/3757/3434 1874/3744/3423
f 1874/3744/3423 2807/3757/3434 4547/3758/3435 2801/3749/3426
f 2807/3757/3434 1878/3756/3433 2808/3759/3436 4547/3758/3435
f 4547/3758/3435 2808/3759/3436 1876/2685/2412 2809/2707/2434
f 2801/3749/3426 4547/3758/3435 2809/2707/2434 1872/2606/2338
f 1880/2328/2072 2811/2658/2390 4548/3760/3437 2810/3761/3438
f 2811/2658/2390 1863/2295/2039 2812/3762/3439 4548/3760/3437
f 4548/3760/3437 2812/3762/3439 1865/3763/3440 2813/3764/3441
f 2810/3761/3438 4548/3760/3437 2813/3764/3441 1882/3765/3442
f 1882/3765/3442 2813/3764/3441 4549/3766/3443 2814/3767/3444
f 2813/3764/3441 1865/3763/3440 2815/3768/3445 4549/3766/3443
f 4549/3766/3443 2815/3768/3445 1866/3769/3446 2816/3770/3447
f 2814/3767/3444 4549/3766/3443 2816/3770/3447 1881/3771/3448
f 1881/3771/3448 2816/3770/3447 4550/3772/3449 2817/3773/3450
f 2816/3770/3447 1866/3769/3446 2818/3774/3451 4550/3772/3449
f 4550/3772/3449 2818/3774/3451 1864/2661/2393 2819/2701/2428
f 2817/3773/3450 4550/3772/3449 2819/2701/2428 1879/2695/2422
f 1884/2332/2076 2821/2329/2073 4551/3775/3452 2820/3776/3453
f 2821/2329/2073 1880/2328/2072 2810/3761/3438 4551/3775/3452
f 4551/3775/3452 2810/3761/3438 1882/3765/3442 2822/3777/3454
f 2820/3776/3453 4551/3775/3452 2822/3777/3454 1886/3778/3455
f 1886/3778/3455 2822/3777/3454 4552/3779/3456 2823/3780/3457
f 2822/3777/3454 1882/3765/3442 2814/3767/3444 4552/3779/3456
f 4552/3779/3456 2814/3767/3444 1881/3771/3448 2824/3781/3458
f 2823/3780/3457 4552/3779/3456 2824/3781/3458 1885/3782/3459
f 1885/3782/3459 2824/3781/3458 4553/3783/3460 2825/3784/3461
f 2824/3781/3458 1881/3771/3448 2817/3773/3450 4553/3783/3460
f 4553/3783/3460 2817/3773/3450 1879/2695/2422 2826/2693/2420
f 2825/3784/3461 4553/3783/3460 2826/2693/2420 1883/2689/2416
f 1875/2381/2125 2827/2379/2123 4554/3785/3462 2804/3751/3428
f 2827/2379/2123 1884/2332/2076 2820/3776/3453 4554/3785/3462
f 4554/3785/3462 2820/3776/3453 1886/3778/3455 2828/3786/3463
f 2804/3751/3428 4554/3785/3462 2828/3786/3463 1877/3752/3429
f 1877/3752/3429 2828/3786/3463 4555/3787/3464 2806/3755/3432
f 2828/3786/3463 1886/3778/3455 2823/3780/3457 4555/3787/3464
f 4555/3787/3464 2823/3780/3457 1885/3782/3459 2829/3788/3465
f 2806/3755/3432 4555/3787/3464 2829/3788/3465 1878/3756/3433
f 1878/3756/3433 2829/3788/3465 4556/3789/3466 2808/3759/3436
f 2829/3788/3465 1885/3782/3459 2825/3784/3461 4556/3789/3466
f 4556/3789/3466 2825/3784/3461 1883/2689/2416 2830/2686/2413
f 2808/3759/3436 4556/3789/3466 2830/2686/2413 1876/2685/2412
f 1888/2350/2094 2832/2347/2091 4557/3790/3467 2831/3791/3468
f 2832/2347/2091 1895/2346/2090 2833/3792/3469 4557/3790/3467
f 4557/3790/3467 2833/3792/3469 1897/3793/3470 2834/3794/3471
f 2831/3791/3468 4557/3790/3467 2834/3794/3471 1890/3795/3472
f 1890/3795/3472 2834/3794/3471 4558/3796/3473 2835/3797/3474
f 2834/3794/3471 1897/3793/3470 2836/3798/3475 4558/3796/3473
f 4558/3796/3473 2836/3798/3475 1898/3799/3476 2837/3800/3477
f 2835/3797/3474 4558/3796/3473 2837/3800/3477 1889/3801/3478
f 1889/3801/3478 2837/3800/3477 4559/3802/3479 2838/3803/3480
f 2837/3800/3477 1898/3799/3476 2839/3804/3481 4559/3802/3479
f 4559/3802/3479 2839/3804/3481 1896/2677/2397 2840/2675/2407
f 2838/3803/3480 4559/3802/3479 2840/2675/2407 1887/2642/2374
f 1895/2681/2090 2841/2679/2409 4560/3805/3482 2833/3806/3469
f 2841/2679/2409 1899/2302/2046 2842/3807/3483 4560/3805/3482
f 4560/3805/3482 2842/3807/3483 1901/3808/3484 2843/3809/3485
f 2833/3806/3469 4560/3805/3482 2843/3809/3485 1897/3810/3470
f 1897/3810/3470 2843/3809/3485 4561/3811/3486 2836/3812/3475
f 2843/3809/3485 1901/3808/3484 2844/3813/3487 4561/3811/3486
f 4561/3811/3486 2844/3813/3487 1902/3814/3488 2845/3815/3489
f 2836/3812/3475 4561/3811/3486 2845/3815/3489 1898/3816/3476
f 1898/3816/3476 2845/3815/3489 4562/3817/3490 2839/3818/3481
f 2845/3815/3489 1902/3814/3488 2846/3819/3491 4562/3817/3490
f 4562/3817/3490 2846/3819/3491 1900/2654/2386 2847/2666/2398
f 2839/3818/3481 4562/3817/3490 2847/2666/2398 1896/2665/2397
f 1899/2302/2046 2848/2300/2044 4563/3820/3492 2842/3807/3483
f 2848/2300/2044 1903/2277/2021 2849/3821/3493 4563/3820/3492
f 4563/3820/3492 2849/3821/3493 1905/3822/3494 2850/3823/3495
f 2842/3807/3483 4563/3820/3492 2850/3823/3495 1901/3808/3484
f 1901/3808/3484 2850/3823/3495 4564/3824/3496 2844/3813/3487
f 2850/3823/3495 1905/3822/3494 2851/3825/3497 4564/3824/3496
f 4564/3824/3496 2851/3825/3497 1906/3826/3498 2852/3827/3499
f 2844/3813/3487 4564/3824/3496 2852/3827/3499 1902/3814/3488
f 1902/3814/3488 2852/3827/3499 4565/3828/3500 2846/3819/3491
f 2852/3827/3499 1906/3826/3498 2853/3829/3501 4565/3828/3500
f 4565/3828/3500 2853/3829/3501 1904/2634/2366 2854/2655/2387
f 2846/3819/3491 4565/3828/3500 2854/2655/2387 1900/2654/2386
f 1908/2317/2061 2856/2315/2059 4566/3830/3502 2855/3831/3503
f 2856/2315/2059 1891/2260/2004 2857/3832/3504 4566/3830/3502
f 4566/3830/3502 2857/3832/3504 1893/3833/3505 2858/3834/3506
f 2855/3831/3503 4566/3830/3502 2858/3834/3506 1910/3835/3507
f 1910/3835/3507 2858/3834/3506 4567/3836/3508 2859/3837/3509
f 2858/3834/3506 1893/3833/3505 2860/3838/3510 4567/3836/3508
f 4567/3836/3508 2860/3838/3510 1894/3839/3511 2861/3840/3512
f 2859/3837/3509 4567/3836/3508 2861/3840/3512 1909/3841/3513
f 1909/3841/3513 2861/3840/3512 4568/3842/3514 2862/3843/3515
f 2861/3840/3512 1894/3839/3511 2863/3844/3516 4568/3842/3514
f 4568/3842/3514 2863/3844/3516 1892/2323/2067 2864/2320/2064
f 2862/3843/3515 4568/3842/3514 2864/2320/2064 1907/2319/2063
f 1912/2273/2017 2866/2432/2173 4569/3845/3517 2865/3846/3518
f 2866/2432/2173 1908/2317/2061 2855/3831/3503 4569/3845/3517
f 4569/3845/3517 2855/3831/3503 1910/3835/3507 2867/3847/3519
f 2865/3846/3518 4569/3845/3517 2867/3847/3519 1914/3848/3520
f 1914/3848/3520 2867/3847/3519 4570/3849/3521 2868/3850/3522
f 2867/3847/3519 1910/3835/3507 2859/3837/3509 4570/3849/3521
f 4570/3849/3521 2859/3837/3509 1909/3841/3513 2869/3851/3523
f 2868/3850/3522 4570/3849/3521 2869/3851/3523 1913/3852/3524
f 1913/3852/3524 2869/3851/3523 4571/3853/3525 2870/3854/3526
f 2869/3851/3523 1909/3841/3513 2862/3843/3515 4571/3853/3525
f 4571/3853/3525 2862/3843/3515 1907/2319/2063 2871/2644/2376
f 2870/3854/3526 4571/3853/3525 2871/2644/2376 1911/2638/2370
f 1903/2277/2021 2872/2274/2018 4572/3855/3527 2849/3821/3493
f 2872/2274/2018 1912/2273/2017 2865/3846/3518 4572/3855/3527
f 4572/3855/3527 2865/3846/3518 1914/3848/3520 2873/3856/3528
f 2849/3821/3493 4572/3855/3527 2873/3856/3528 1905/3822/3494
f 1905/3822/3494 2873/3856/3528 4573/3857/3529 2851/3825/3497
f 2873/3856/3528 1914/3848/3520 2868/3850/3522 4573/3857/3529
f 4573/3857/3529 2868/3850/3522 1913/3852/3524 2874/3858/3530
f 2851/3825/3497 4573/3857/3529 2874/3858/3530 1906/3826/3498
f 1906/3826/3498 2874/3858/3530 4574/3859/3531 2853/3829/3501
f 2874/3858/3530 1913/3852/3524 2870/3854/3526 4574/3859/3531
f 4574/3859/3531 2870/3854/3526 1911/2638/2370 2875/2635/2367
f 2853/3829/3501 4574/3859/3531 2875/2635/2367 1904/2634/2366
f 1916/2256/2000 2877/2440/2181 4575/3860/3532 2876/3861/3533
f 2877/2440/2181 1923/2389/2133 2878/3862/3534 4575/3860/3532
f 4575/3860/3532 2878/3862/3534 1925/3863/3535 2879/3864/3536
f 2876/3861/3533 4575/3860/3532 2879/3864/3536 1918/3865/3537
f 1918/3865/3537 2879/3864/3536 4576/3866/3538 2880/3867/3539
f 2879/3864/3536 1925/3863/3535 2881/3868/3540 4576/3866/3538
f 4576/3866/3538 2881/3868/3540 1926/3869/3541 2882/3870/3542
f 2880/3867/3539 4576/3866/3538 2882/3870/3542 1917/3871/3543
f 1917/3871/3543 2882/3870/3542 4577/3872/3544 2883/3873/3545
f 2882/3870/3542 1926/3869/3541 2884/3874/3546 4577/3872/3544
f 4577/3872/3544 2884/3874/3546 1924/2618/2350 2885/2629/2361
f 2883/3873/3545 4577/3872/3544 2885/2629/2361 1915/2628/2360
f 1923/2389/2133 2886/2386/2130 4578/3875/3547 2878/3862/3534
f 2886/2386/2130 1927/2385/2129 2887/3876/3548 4578/3875/3547
f 4578/3875/3547 2887/3876/3548 1929/3877/3549 2888/3878/3550
f 2878/3862/3534 4578/3875/3547 2888/3878/3550 1925/3863/3535
f 1925/3863/3535 2888/3878/3550 4579/3879/3551 2881/3868/3540
f 2888/3878/3550 1929/3877/3549 2889/3880/3552 4579/3879/3551
f 4579/3879/3551 2889/3880/3552 1930/3881/3553 2890/3882/3554
f 2881/3868/3540 4579/3879/3551 2890/3882/3554 1926/3869/3541
f 1926/3869/3541 2890/3882/3554 4580/3883/3555 2884/3874/3546
f 2890/3882/3554 1930/3881/3553 2891/3884/3556 4580/3883/3555
f 4580/3883/3555 2891/3884/3556 1928/2608/2340 2892/2619/2351
f 2884/3874/3546 4580/3883/3555 2892/2619/2351 1924/2618/2350
f 1927/2385/2129 2893/2412/2156 4581/3885/3557 2887/3876/3548
f 2893/2412/2156 1931/2399/2143 2894/3886/3558 4581/3885/3557
f 4581/3885/3557 2894/3886/3558 1933/3887/3559 2895/3888/3560
f 2887/3876/3548 4581/3885/3557 2895/3888/3560 1929/3877/3549
f 1929/3877/3549 2895/3888/3560 4582/3889/3561 2889/3880/3552
f 2895/3888/3560 1933/3887/3559 2896/3890/3562 4582/3889/3561
f 4582/3889/3561 2896/3890/3562 1934/3891/3563 2897/3892/3564
f 2889/3880/3552 4582/3889/3561 2897/3892/3564 1930/3881/3553
f 1930/3881/3553 2897/3892/3564 4583/3893/3565 2891/3884/3556
f 2897/3892/3564 1934/3891/3563 2898/3894/3566 4583/3893/3565
f 4583/3893/3565 2898/3894/3566 1932/2612/2344 2899/2609/2341
f 2891/3884/3556 4583/3893/3565 2899/2609/2341 1928/2608/2340
f 1936/2355/2099 2901/2423/2167 4584/3895/3567 2900/3896/3568
f 2901/2423/2167 1919/2407/2151 2902/3897/3569 4584/3895/3567
f 4584/3895/3567 2902/3897/3569 1921/3898/3570 2903/3899/3571
f 2900/3896/3568 4584/3895/3567 2903/3899/3571 1938/3900/3572
f 1938/3900/3572 2903/3899/3571 4585/3901/3573 2904/3902/3574
f 2903/3899/3571 1921/3898/3570 2905/3903/3575 4585/3901/3573
f 4585/3901/3573 2905/3903/3575 1922/3904/3576 2906/3905/3577
f 2904/3902/3574 4585/3901/3573 2906/3905/3577 1937/3906/3578
f 1937/3906/3578 2906/3905/3577 4586/3907/3579 2907/3908/3580
f 2906/3905/3577 1922/3904/3576 2908/3909/3581 4586/3907/3579
f 4586/3907/3579 2908/3909/3581 1920/2614/2346 2909/2709/2436
f 2907/3908/3580 4586/3907/3579 2909/2709/2436 1935/2705/2432
f 1940/2359/2103 2911/2356/2100 4587/3910/3582 2910/3911/3583
f 2911/2356/2100 1936/2355/2099 2900/3896/3568 4587/3910/3582
f 4587/3910/3582 2900/3896/3568 1938/3900/3572 2912/3912/3584
f 2910/3911/3583 4587/3910/3582 2912/3912/3584 1942/3913/3585
f 1942/3913/3585 2912/3912/3584 4588/3914/3586 2913/3915/3587
f 2912/3912/3584 1938/3900/3572 2904/3902/3574 4588/3914/3586
f 4588/3914/3586 2904/3902/3574 1937/3906/3578 2914/3916/3588
f 2913/3915/3587 4588/3914/3586 2914/3916/3588 1941/3917/3589
f 1941/3917/3589 2914/3916/3588 4589/3918/3590 2915/3919/3591
f 2914/3916/3588 1937/3906/3578 2907/3908/3580 4589/3918/3590
f 4589/3918/3590 2907/3908/3580 1935/2705/2432 2916/2703/2430
f 2915/3919/3591 4589/3918/3590 2916/2703/2430 1939/2699/2426
f 1931/2399/2143 2917/2397/2141 4590/3920/3592 2894/3886/3558
f 2917/2397/2141 1940/2359/2103 2910/3911/3583 4590/3920/3592
f 4590/3920/3592 2910/3911/3583 1942/3913/3585 2918/3921/3593
f 2894/3886/3558 4590/3920/3592 2918/3921/3593 1933/3887/3559
f 1933/3887/3559 2918/3921/3593 4591/3922/3594 2896/3890/3562
f 2918/3921/3593 1942/3913/3585 2913/3915/3587 4591/3922/3594
f 4591/3922/3594 2913/3915/3587 1941/3917/3589 2919/3923/3595
f 2896/3890/3562 4591/3922/3594 2919/3923/3595 1934/3891/3563
f 1934/3891/3563 2919/3923/3595 4592/3924/3596 2898/3894/3566
f 2919/3923/3595 1941/3917/3589 2915/3919/3591 4592/3924/3596
f 4592/3924/3596 2915/3919/3591 1939/2699/2426 2920/2697/2424
f 2898/3894/3566 4592/3924/3596 2920/2697/2424 1932/2612/2344
f 1863/2295/2039 2921/2292/2036 4593/3925/3597 2812/3762/3439
f 2921/2292/2036 1832/2291/2035 2741/3656/3338 4593/3925/3597
f 4593/3925/3597 2741/3656/3338 1834/3660/3342 2922/3926/3598
f 2812/3762/3439 4593/3925/3597 2922/3926/3598 1865/3763/3440
f 1865/3763/3440 2922/3926/3598 4594/3927/3599 2815/3768/3445
f 2922/3926/3598 1834/3660/3342 2745/3662/3344 4594/3927/3599
f 4594/3927/3599 2745/3662/3344 1833/3666/3348 2923/3928/3600
f 2815/3768/3445 4594/3927/3599 2923/3928/3600 1866/3769/3446
f 1866/3769/3446 2923/3928/3600 4595/3929/3601 2818/3774/3451
f 2923/3928/3600 1833/3666/3348 2748/3668/3350 4595/3929/3601
f 4595/3929/3601 2748/3668/3350 1831/2337/2081 2924/2662/2394
f 2818/3774/3451 4595/3929/3601 2924/2662/2394 1864/2661/2393
f 1891/2260/2004 2925/2257/2001 4596/3930/3602 2857/3832/3504
f 2925/2257/2001 1916/2256/2000 2876/3861/3533 4596/3930/3602
f 4596/3930/3602 2876/3861/3533 1918/3865/3537 2926/3931/3603
f 2857/3832/3504 4596/3930/3602 2926/3931/3603 1893/3833/3505
f 1893/3833/3505 2926/3931/3603 4597/3932/3604 2860/3838/3510
f 2926/3931/3603 1918/3865/3537 2880/3867/3539 4597/3932/3604
f 4597/3932/3604 2880/3867/3539 1917/3871/3543 2927/3933/3605
f 2860/3838/3510 4597/3932/3604 2927/3933/3605 1894/3839/3511
f 1894/3839/3511 2927/3933/3605 4598/3934/3606 2863/3844/3516
f 2927/3933/3605 1917/3871/3543 2883/3873/3545 4598/3934/3606
f 4598/3934/3606 2883/3873/3545 1915/2628/2360 2928/2650/2382
f 2863/3844/3516 4598/3934/3606 2928/2650/2382 1892/2323/2067
f 1835/2437/2178 2929/2435/2176 4599/3935/3607 2767/3692/3374
f 2929/2435/2176 1888/2350/2094 2831/3791/3468 4599/3935/3607
f 4599/3935/3607 2831/3791/3468 1890/3795/3472 2930/3936/3608
f 2767/3692/3374 4599/3935/3607 2930/3936/3608 1837/3693/3375
f 1837/3693/3375 2930/3936/3608 4600/3937/3609 2770/3698/3380
f 2930/3936/3608 1890/3795/3472 2835/3797/3474 4600/3937/3609
f 4600/3937/3609 2835/3797/3474 1889/3801/3478 2931/3938/3610
f 2770/3698/3380 4600/3937/3609 2931/3938/3610 1838/3699/3381
f 1838/3699/3381 2931/3938/3610 4601/3939/3611 2773/3704/3386
f 2931/3938/3610 1889/3801/3478 2838/3803/3480 4601/3939/3611
f 4601/3939/3611 2838/3803/3480 1887/2642/2374 2932/2640/2372
f 2773/3704/3386 4601/3939/3611 2932/2640/2372 1836/2310/2054
f 1919/2407/2151 2933/2404/2148 4602/3940/3612 2902/3897/3569
f 2933/2404/2148 1860/2403/2147 2786/3721/3403 4602/3940/3612
f 4602/3940/3612 2786/3721/3403 1862/3725/3407 2934/3941/3613
f 2902/3897/3569 4602/3940/3612 2934/3941/3613 1921/3898/3570
f 1921/3898/3570 2934/3941/3613 4603/3942/3614 2905/3903/3575
f 2934/3941/3613 1862/3725/3407 2790/3727/3409 4603/3942/3614
f 4603/3942/3614 2790/3727/3409 1861/3731/3413 2935/3943/3615
f 2905/3903/3575 4603/3942/3614 2935/3943/3615 1922/3904/3576
f 1922/3904/3576 2935/3943/3615 4604/3944/3616 2908/3909/3581
f 2935/3943/3615 1861/3731/3413 2793/3733/3415 4604/3944/3616
f 4604/3944/3616 2793/3733/3415 1859/2282/2026 2936/2615/2347
f 2908/3909/3581 4604/3944/3616 2936/2615/2347 1920/2614/2346
f 1952/3412/3110 2938/3411/3109 4605/3945/3617 2937/3946/3618
f 2938/3411/3109 1943/3410/3108 2939/3947/3619 4605/3945/3617
f 4605/3945/3617 2939/3947/3619 1945/3948/3620 2940/3949/3621
f 2937/3946/3618 4605/3945/3617 2940/3949/3621 1954/3950/3622
f 1954/3951/3622 2940/3952/3621 4606/3953/3623 2941/3954/3624
f 2940/3952/3621 1945/3955/3620 2942/3956/3625 4606/3953/3623
f 4606/3953/3623 2942/3956/3625 1946/3957/3626 2943/3958/3627
f 2941/3954/3624 4606/3953/3623 2943/3958/3627 1953/3959/3628
f 1953/3959/3628 2943/3958/3627 4607/3960/3629 2944/3961/3630
f 2943/3958/3627 1946/3957/3626 2945/3962/3631 4607/3960/3629
f 4607/3960/3629 2945/3962/3631 1944/1989/1766 2946/2374/2118
f 2944/3961/3630 4607/3960/3629 2946/2374/2118 1951/2373/2117
f 1956/3416/3114 2948/3415/3113 4608/3963/3632 2947/3964/3633
f 2948/3415/3113 1952/3412/3110 2937/3946/3618 4608/3963/3632
f 4608/3963/3632 2937/3946/3618 1954/3950/3622 2949/3965/3634
f 2947/3964/3633 4608/3963/3632 2949/3965/3634 1958/3966/3635
f 1958/3967/3635 2949/3968/3634 4609/3969/3636 2950/3970/3637
f 2949/3968/3634 1954/3951/3622 2941/3954/3624 4609/3969/3636
f 4609/3969/3636 2941/3954/3624 1953/3959/3628 2951/3971/3638
f 2950/3970/3637 4609/3969/3636 2951/3971/3638 1957/3972/3639
f 1957/3972/3639 2951/3971/3638 4610/3973/3640 2952/3974/3641
f 2951/3971/3638 1953/3959/3628 2944/3961/3630 4610/3973/3640
f 4610/3973/3640 2944/3961/3630 1951/2373/2117 2953/3515/3206
f 2952/3974/3641 4610/3973/3640 2953/3515/3206 1955/2011/1788
f 1960/3420/3118 2955/3419/3117 4611/3975/3642 2954/3976/3643
f 2955/3419/3117 1956/3416/3114 2947/3964/3633 4611/3975/3642
f 4611/3975/3642 2947/3964/3633 1958/3966/3635 2956/3977/3644
f 2954/3976/3643 4611/3975/3642 2956/3977/3644 1962/3978/3645
f 1962/3979/3645 2956/3980/3644 4612/3981/3646 2957/3982/3647
f 2956/3980/3644 1958/3967/3635 2950/3970/3637 4612/3981/3646
f 4612/3981/3646 2950/3970/3637 1957/3972/3639 2958/3983/3648
f 2957/3982/3647 4612/3981/3646 2958/3983/3648 1961/3984/3649
f 1961/3984/3649 2958/3983/3648 4613/3985/3650 2959/3986/3651
f 2958/3983/3648 1957/3972/3639 2952/3974/3641 4613/3985/3650
f 4613/3985/3650 2952/3974/3641 1955/2011/1788 2960/2008/1785
f 2959/3986/3651 4613/3985/3650 2960/2008/1785 1959/2007/1784
f 1948/1979/1756 2962/1978/1755 4614/3987/3652 2961/3988/3653
f 2962/1978/1755 1963/1977/1754 2963/3989/3654 4614/3987/3652
f 4614/3987/3652 2963/3989/3654 1965/3990/3655 2964/3991/3656
f 2961/3988/3653 4614/3987/3652 2964/3991/3656 1950/3992/3657
f 1950/3993/3657 2964/3994/3656 4615/3995/3658 2965/3996/3659
f 2964/3994/3656 1965/3997/3655 2966/3998/3660 4615/3995/3658
f 4615/3995/3658 2966/3998/3660 1966/3999/3661 2967/4000/3662
f 2965/3996/3659 4615/3995/3658 2967/4000/3662 1949/4001/3663
f 1949/4001/3663 2967/4000/3662 4616/4002/3664 2968/4003/3665
f 2967/4000/3662 1966/3999/3661 2969/4004/3666 4616/4002/3664
f 4616/4002/3664 2969/4004/3666 1964/1942/1719 2970/1939/1716
f 2968/4003/3665 4616/4002/3664 2970/1939/1716 1947/1938/1715
f 1963/1977/1754 2971/3428/3126 4617/4005/3667 2963/3989/3654
f 2971/3428/3126 1967/3427/3125 2972/4006/3668 4617/4005/3667
f 4617/4005/3667 2972/4006/3668 1969/4007/3669 2973/4008/3670
f 2963/3989/3654 4617/4005/3667 2973/4008/3670 1965/3990/3655
f 1965/3997/3655 2973/4009/3670 4618/4010/3671 2966/3998/3660
f 2973/4009/3670 1969/4011/3669 2974/4012/3672 4618/4010/3671
f 4618/4010/3671 2974/4012/3672 1970/4013/3673 2975/4014/3674
f 2966/3998/3660 4618/4010/3671 2975/4014/3674 1966/3999/3661
f 1966/3999/3661 2975/4014/3674 4619/4015/3675 2969/4004/3666
f 2975/4014/3674 1970/4013/3673 2976/4016/3676 4619/4015/3675
f 4619/4015/3675 2976/4016/3676 1968/2022/1799 2977/2052/1826
f 2969/4004/3666 4619/4015/3675 2977/2052/1826 1964/1942/1719
f 1967/3427/3125 2978/3430/3128 4620/4017/3677 2972/4006/3668
f 2978/3430/3128 1960/3420/3118 2954/3976/3643 4620/4017/3677
f 4620/4017/3677 2954/3976/3643 1962/3978/3645 2979/4018/3678
f 2972/4006/3668 4620/4017/3677 2979/4018/3678 1969/4007/3669
f 1969/4011/3669 2979/4019/3678 4621/4020/3679 2974/4012/3672
f 2979/4019/3678 1962/3979/3645 2957/3982/3647 4621/4020/3679
f 4621/4020/3679 2957/3982/3647 1961/3984/3649 2980/4021/3680
f 2974/4012/3672 4621/4020/3679 2980/4021/3680 1970/4013/3673
f 1970/4013/3673 2980/4021/3680 4622/4022/3681 2976/4016/3676
f 2980/4021/3680 1961/3984/3649 2959/3986/3651 4622/4022/3681
f 4622/4022/3681 2959/3986/3651 1959/2007/1784 2981/2023/1800
f 2976/4016/3676 4622/4022/3681 2981/2023/1800 1968/2022/1799
f 1980/3436/3134 2983/3435/3133 4623/4023/3682 2982/4024/3683
f 2983/3435/3133 1971/3434/3132 2984/4025/3684 4623/4023/3682
f 4623/4023/3682 2984/4025/3684 1973/4026/3685 2985/4027/3686
f 2982/4024/3683 4623/4023/3682 2985/4027/3686 1982/4028/3687
f 1982/4029/3687 2985/4030/3686 4624/4031/3688 2986/4032/3689
f 2985/4030/3686 1973/4033/3685 2987/4034/3690 4624/4031/3688
f 4624/4031/3688 2987/4034/3690 1974/4035/3691 2988/4036/3692
f 2986/4032/3689 4624/4031/3688 2988/4036/3692 1981/4037/3693
f 1981/4037/3693 2988/4036/3692 4625/4038/3694 2989/4039/3695
f 2988/4036/3692 1974/4035/3691 2990/4040/3696 4625/4038/3694
f 4625/4038/3694 2990/4040/3696 1972/2041/1816 2991/2038/1814
f 2989/4039/3695 4625/4038/3694 2991/2038/1814 1979/2037/1692
f 1984/3442/3138 2993/3441/3137 4626/4041/3697 2992/4042/3698
f 2993/3441/3137 1980/3440/3134 2982/4043/3683 4626/4041/3697
f 4626/4041/3697 2982/4043/3683 1982/4044/3687 2994/4045/3699
f 2992/4042/3698 4626/4041/3697 2994/4045/3699 1986/4046/3700
f 1986/4047/3700 2994/4048/3699 4627/4049/3701 2995/4050/3702
f 2994/4048/3699 1982/4051/3687 2986/4052/3689 4627/4049/3701
f 4627/4049/3701 2986/4052/3689 1981/4053/3693 2996/4054/3703
f 2995/4050/3702 4627/4049/3701 2996/4054/3703 1985/4055/3704
f 1985/4055/3704 2996/4054/3703 4628/4056/3705 2997/4057/3706
f 2996/4054/3703 1981/4053/3693 2989/4058/3695 4628/4056/3705
f 4628/4056/3705 2989/4058/3695 1979/1915/1692 2998/1912/1689
f 2997/4057/3706 4628/4056/3705 2998/1912/1689 1983/1911/1688
f 1988/3446/3142 3000/3445/3141 4629/4059/3707 2999/4060/3708
f 3000/3445/3141 1984/3442/3138 2992/4042/3698 4629/4059/3707
f 4629/4059/3707 2992/4042/3698 1986/4046/3700 3001/4061/3709
f 2999/4060/3708 4629/4059/3707 3001/4061/3709 1990/4062/3710
f 1990/4063/3710 3001/4064/3709 4630/4065/3711 3002/4066/3712
f 3001/4064/3709 1986/4047/3700 2995/4050/3702 4630/4065/3711
f 4630/4065/3711 2995/4050/3702 1985/4055/3704 3003/4067/3713
f 3002/4066/3712 4630/4065/3711 3003/4067/3713 1989/4068/3714
f 1989/4068/3714 3003/4067/3713 4631/4069/3715 3004/4070/3716
f 3003/4067/3713 1985/4055/3704 2997/4057/3706 4631/4069/3715
f 4631/4069/3715 2997/4057/3706 1983/1911/1688 3005/2067/1841
f 3004/4070/3716 4631/4069/3715 3005/2067/1841 1987/1897/1675
f 1976/3452/3148 3007/3451/3147 4632/4071/3717 3006/4072/3718
f 3007/3451/3147 1991/3450/3146 3008/4073/3719 4632/4071/3717
f 4632/4071/3717 3008/4073/3719 1993/4074/3720 3009/4075/3721
f 3006/4072/3718 4632/4071/3717 3009/4075/3721 1978/4076/3722
f 1978/4077/3722 3009/4078/3721 4633/4079/3723 3010/4080/3724
f 3009/4078/3721 1993/4081/3720 3011/4082/3725 4633/4079/3723
f 4633/4079/3723 3011/4082/3725 1994/4083/3726 3012/4084/3727
f 3010/4080/3724 4633/4079/3723 3012/4084/3727 1977/4085/3728
f 1977/4085/3728 3012/4084/3727 4634/4086/3729 3013/4087/3730
f 3012/4084/3727 1994/4083/3726 3014/4088/3731 4634/4086/3729
f 4634/4086/3729 3014/4088/3731 1992/1947/1724 3015/1998/1775
f 3013/4087/3730 4634/4086/3729 3015/1998/1775 1975/1993/1770
f 1991/3450/3146 3016/3456/3152 4635/4089/3732 3008/4073/3719
f 3016/3456/3152 1995/3455/3151 3017/4090/3733 4635/4089/3732
f 4635/4089/3732 3017/4090/3733 1997/4091/3734 3018/4092/3735
f 3008/4073/3719 4635/4089/3732 3018/4092/3735 1993/4074/3720
f 1993/4081/3720 3018/4093/3735 4636/4094/3736 3011/4082/3725
f 3018/4093/3735 1997/4095/3734 3019/4096/3737 4636/4094/3736
f 4636/4094/3736 3019/4096/3737 1998/4097/3738 3020/4098/3739
f 3011/4082/3725 4636/4094/3736 3020/4098/3739 1994/4083/3726
f 1994/4083/3726 3020/4098/3739 4637/4099/3740 3014/4088/3731
f 3020/4098/3739 1998/4097/3738 3021/4100/3741 4637/4099/3740
f 4637/4099/3740 3021/4100/3741 1996/1893/1671 3022/1948/1725
f 3014/4088/3731 4637/4099/3740 3022/1948/1725 1992/1947/1724
f 1995/3455/3151 3023/3458/3154 4638/4101/3742 3017/4090/3733
f 3023/3458/3154 1988/3446/3142 2999/4060/3708 4638/4101/3742
f 4638/4101/3742 2999/4060/3708 1990/4062/3710 3024/4102/3743
f 3017/4090/3733 4638/4101/3742 3024/4102/3743 1997/4091/3734
f 1997/4095/3734 3024/4103/3743 4639/4104/3744 3019/4096/3737
f 3024/4103/3743 1990/4063/3710 3002/4066/3712 4639/4104/3744
f 4639/4104/3744 3002/4066/3712 1989/4068/3714 3025/4105/3745
f 3019/4096/3737 4639/4104/3744 3025/4105/3745 1998/4097/3738
f 1998/4097/3738 3025/4105/3745 4640/4106/3746 3021/4100/3741
f 3025/4105/3745 1989/4068/3714 3004/4070/3716 4640/4106/3746
f 4640/4106/3746 3004/4070/3716 1987/1897/1675 3026/1894/1672
f 3021/4100/3741 4640/4106/3746 3026/1894/1672 1996/1893/1671
f 2008/3462/3158 3028/3461/3157 4641/4107/3747 3027/4108/3748
f 3028/3461/3157 1999/3424/3122 3029/4109/3749 4641/4107/3747
f 4641/4107/3747 3029/4109/3749 2001/4110/3750 3030/4111/3751
f 3027/4108/3748 4641/4107/3747 3030/4111/3751 2010/4112/3752
f 2010/4113/3752 3030/4114/3751 4642/4115/3753 3031/4116/3754
f 3030/4114/3751 2001/4117/3750 3032/4118/3755 4642/4115/3753
f 4642/4115/3753 3032/4118/3755 2002/4119/3756 3033/4120/3757
f 3031/4116/3754 4642/4115/3753 3033/4120/3757 2009/4121/3758
f 2009/4121/3758 3033/4120/3757 4643/4122/3759 3034/4123/3760
f 3033/4120/3757 2002/4119/3756 3035/4124/3761 4643/4122/3759
f 4643/4122/3759 3035/4124/3761 2000/1933/1710 3036/1930/1707
f 3034/4123/3760 4643/4122/3759 3036/1930/1707 2007/1929/1706
f 2012/3468/3162 3038/3467/3161 4644/4125/3762 3037/4126/3763
f 3038/3467/3161 2008/3466/3158 3027/4127/3748 4644/4125/3762
f 4644/4125/3762 3027/4127/3748 2010/4128/3752 3039/4129/3764
f 3037/4126/3763 4644/4125/3762 3039/4129/3764 2014/4130/3765
f 2014/4131/3765 3039/4132/3764 4645/4133/3766 3040/4134/3767
f 3039/4132/3764 2010/4135/3752 3031/4136/3754 4645/4133/3766
f 4645/4133/3766 3031/4136/3754 2009/4137/3758 3041/4138/3768
f 3040/4134/3767 4645/4133/3766 3041/4138/3768 2013/4139/3769
f 2013/4139/3769 3041/4138/3768 4646/4140/3770 3042/4141/3771
f 3041/4138/3768 2009/4137/3758 3034/4142/3760 4646/4140/3770
f 4646/4140/3770 3034/4142/3760 2007/3511/1706 3043/3509/3203
f 3042/4141/3771 4646/4140/3770 3043/3509/3203 2011/1984/1761
f 2016/3472/3166 3045/3471/3165 4647/4143/3772 3044/4144/3773
f 3045/3471/3165 2012/3468/3162 3037/4126/3763 4647/4143/3772
f 4647/4143/3772 3037/4126/3763 2014/4130/3765 3046/4145/3774
f 3044/4144/3773 4647/4143/3772 3046/4145/3774 2018/4146/3775
f 2018/4147/3775 3046/4148/3774 4648/4149/3776 3047/4150/3777
f 3046/4148/3774 2014/4131/3765 3040/4134/3767 4648/4149/3776
f 4648/4149/3776 3040/4134/3767 2013/4139/3769 3048/4151/3778
f 3047/4150/3777 4648/4149/3776 3048/4151/3778 2017/4152/3779
f 2017/4152/3779 3048/4151/3778 4649/4153/3780 3049/4154/3781
f 3048/4151/3778 2013/4139/3769 3042/4141/3771 4649/4153/3780
f 4649/4153/3780 3042/4141/3771 2011/1984/1761 3050/1981/1758
f 3049/4154/3781 4649/4153/3780 3050/1981/1758 2015/1980/1757
f 2004/1961/1738 3052/1960/1737 4650/4155/3782 3051/4156/3783
f 3052/1960/1737 2019/1959/1736 3053/4157/3784 4650/4155/3782
f 4650/4155/3782 3053/4157/3784 2021/4158/3785 3054/4159/3786
f 3051/4156/3783 4650/4155/3782 3054/4159/3786 2006/4160/3787
f 2006/4161/3787 3054/4162/3786 4651/4163/3788 3055/4164/3789
f 3054/4162/3786 2021/4165/3785 3056/4166/3790 4651/4163/3788
f 4651/4163/3788 3056/4166/3790 2022/4167/3791 3057/4168/3792
f 3055/4164/3789 4651/4163/3788 3057/4168/3792 2005/4169/3793
f 2005/4169/3793 3057/4168/3792 4652/4170/3794 3058/4171/3795
f 3057/4168/3792 2022/4167/3791 3059/4172/3796 4652/4170/3794
f 4652/4170/3794 3059/4172/3796 2020/1966/1743 3060/1963/1740
f 3058/4171/3795 4652/4170/3794 3060/1963/1740 2003/1962/1739
f 2019/1959/1736 3061/3480/3174 4653/4173/3797 3053/4157/3784
f 3061/3480/3174 2023/3479/3173 3062/4174/3798 4653/4173/3797
f 4653/4173/3797 3062/4174/3798 2025/4175/3799 3063/4176/3800
f 3053/4157/3784 4653/4173/3797 3063/4176/3800 2021/4158/3785
f 2021/4165/3785 3063/4177/3800 4654/4178/3801 3056/4166/3790
f 3063/4177/3800 2025/4179/3799 3064/4180/3802 4654/4178/3801
f 4654/4178/3801 3064/4180/3802 2026/4181/3803 3065/4182/3804
f 3056/4166/3790 4654/4178/3801 3065/4182/3804 2022/4167/3791
f 2022/4167/3791 3065/4182/3804 4655/4183/3805 3059/4172/3796
f 3065/4182/3804 2026/4181/3803 3066/4184/3806 4655/4183/3805
f 4655/4183/3805 3066/4184/3806 2024/2001/1778 3067/2034/1811
f 3059/4172/3796 4655/4183/3805 3067/2034/1811 2020/1966/1743
f 2023/3479/3173 3068/3482/3176 4656/4185/3807 3062/4174/3798
f 3068/3482/3176 2016/3472/3166 3044/4144/3773 4656/4185/3807
f 4656/4185/3807 3044/4144/3773 2018/4146/3775 3069/4186/3808
f 3062/4174/3798 4656/4185/3807 3069/4186/3808 2025/4175/3799
f 2025/4179/3799 3069/4187/3808 4657/4188/3809 3064/4180/3802
f 3069/4187/3808 2018/4147/3775 3047/4150/3777 4657/4188/3809
f 4657/4188/3809 3047/4150/3777 2017/4152/3779 3070/4189/3810
f 3064/4180/3802 4657/4188/3809 3070/4189/3810 2026/4181/3803
f 2026/4181/3803 3070/4189/3810 4658/4190/3811 3066/4184/3806
f 3070/4189/3810 2017/4152/3779 3049/4154/3781 4658/4190/3811
f 4658/4190/3811 3049/4154/3781 2015/1980/1757 3071/2002/1779
f 3066/4184/3806 4658/4190/3811 3071/2002/1779 2024/2001/1778
f 2036/3486/3180 3073/3485/3179 4659/4191/3812 3072/4192/3813
f 3073/3485/3179 2027/3476/3170 3074/4193/3814 4659/4191/3812
f 4659/4191/3812 3074/4193/3814 2029/4194/3815 3075/4195/3816
f 3072/4192/3813 4659/4191/3812 3075/4195/3816 2038/4196/3817
f 2038/4197/3817 3075/4198/3816 4660/4199/3818 3076/4200/3819
f 3075/4198/3816 2029/4201/3815 3077/4202/3820 4660/4199/3818
f 4660/4199/3818 3077/4202/3820 2030/4203/3821 3078/4204/3822
f 3076/4200/3819 4660/4199/3818 3078/4204/3822 2037/4205/3823
f 2037/4205/3823 3078/4204/3822 4661/4206/3824 3079/4207/3825
f 3078/4204/3822 2030/4203/3821 3080/4208/3826 4661/4206/3824
f 4661/4206/3824 3080/4208/3826 2028/2016/1793 3081/2028/1805
f 3079/4207/3825 4661/4206/3824 3081/2028/1805 2035/1888/1666
f 2040/3490/3184 3083/3489/3183 4662/4209/3827 3082/4210/3828
f 3083/3489/3183 2036/3486/3180 3072/4192/3813 4662/4209/3827
f 4662/4209/3827 3072/4192/3813 2038/4196/3817 3084/4211/3829
f 3082/4210/3828 4662/4209/3827 3084/4211/3829 2042/4212/3830
f 2042/4213/3830 3084/4214/3829 4663/4215/3831 3085/4216/3832
f 3084/4214/3829 2038/4197/3817 3076/4200/3819 4663/4215/3831
f 4663/4215/3831 3076/4200/3819 2037/4205/3823 3086/4217/3833
f 3085/4216/3832 4663/4215/3831 3086/4217/3833 2041/4218/3834
f 2041/4218/3834 3086/4217/3833 4664/4219/3835 3087/4220/3836
f 3086/4217/3833 2037/4205/3823 3079/4207/3825 4664/4219/3835
f 4664/4219/3835 3079/4207/3825 2035/1888/1666 3088/1885/1663
f 3087/4220/3836 4664/4219/3835 3088/1885/1663 2039/1884/1662
f 2044/3494/3188 3090/3493/3187 4665/4221/3837 3089/4222/3838
f 3090/3493/3187 2040/3490/3184 3082/4210/3828 4665/4221/3837
f 4665/4221/3837 3082/4210/3828 2042/4212/3830 3091/4223/3839
f 3089/4222/3838 4665/4221/3837 3091/4223/3839 2046/4224/3840
f 2046/4225/3840 3091/4226/3839 4666/4227/3841 3092/4228/3842
f 3091/4226/3839 2042/4213/3830 3085/4216/3832 4666/4227/3841
f 4666/4227/3841 3085/4216/3832 2041/4218/3834 3093/4229/3843
f 3092/4228/3842 4666/4227/3841 3093/4229/3843 2045/4230/3844
f 2045/4230/3844 3093/4229/3843 4667/4231/3845 3094/4232/3846
f 3093/4229/3843 2041/4218/3834 3087/4220/3836 4667/4231/3845
f 4667/4231/3845 3087/4220/3836 2039/1884/1662 3095/2056/1830
f 3094/4232/3846 4667/4231/3845 3095/2056/1830 2043/2055/1829
f 2032/3500/3194 3097/3499/3193 4668/4233/3847 3096/4234/3848
f 3097/3499/3193 2047/3498/3192 3098/4235/3849 4668/4233/3847
f 4668/4233/3847 3098/4235/3849 2049/4236/3850 3099/4237/3851
f 3096/4234/3848 4668/4233/3847 3099/4237/3851 2034/4238/3852
f 2034/4239/3852 3099/4240/3851 4669/4241/3853 3100/4242/3854
f 3099/4240/3851 2049/4243/3850 3101/4244/3855 4669/4241/3853
f 4669/4241/3853 3101/4244/3855 2050/4245/3856 3102/4246/3857
f 3100/4242/3854 4669/4241/3853 3102/4246/3857 2033/4247/3858
f 2033/4247/3858 3102/4246/3857 4670/4248/3859 3103/4249/3860
f 3102/4246/3857 2050/4245/3856 3104/4250/3861 4670/4248/3859
f 4670/4248/3859 3104/4250/3861 2048/1920/1697 3105/2047/1821
f 3103/4249/3860 4670/4248/3859 3105/2047/1821 2031/2046/1820
f 2047/3498/3192 3106/3504/3198 4671/4251/3862 3098/4235/3849
f 3106/3504/3198 2051/3503/3197 3107/4252/3863 4671/4251/3862
f 4671/4251/3862 3107/4252/3863 2053/4253/3864 3108/4254/3865
f 3098/4235/3849 4671/4251/3862 3108/4254/3865 2049/4236/3850
f 2049/4243/3850 3108/4255/3865 4672/4256/3866 3101/4244/3855
f 3108/4255/3865 2053/4257/3864 3109/4258/3867 4672/4256/3866
f 4672/4256/3866 3109/4258/3867 2054/4259/3868 3110/4260/3869
f 3101/4244/3855 4672/4256/3866 3110/4260/3869 2050/4245/3856
f 2050/4245/3856 3110/4260/3869 4673/4261/3870 3104/4250/3861
f 3110/4260/3869 2054/4259/3868 3111/4262/3871 4673/4261/3870
f 4673/4261/3870 3111/4262/3871 2052/1924/1701 3112/1921/1698
f 3104/4250/3861 4673/4261/3870 3112/1921/1698 2048/1920/1697
f 2051/3503/3197 3113/3506/3200 4674/4263/3872 3107/4252/3863
f 3113/3506/3200 2044/3494/3188 3089/4222/3838 4674/4263/3872
f 4674/4263/3872 3089/4222/3838 2046/4224/3840 3114/4264/3873
f 3107/4252/3863 4674/4263/3872 3114/4264/3873 2053/4253/3864
f 2053/4257/3864 3114/4265/3873 4675/4266/3874 3109/4258/3867
f 3114/4265/3873 2046/4225/3840 3092/4228/3842 4675/4266/3874
f 4675/4266/3874 3092/4228/3842 2045/4230/3844 3115/4267/3875
f 3109/4258/3867 4675/4266/3874 3115/4267/3875 2054/4259/3868
f 2054/4259/3868 3115/4267/3875 4676/4268/3876 3111/4262/3871
f 3115/4267/3875 2045/4230/3844 3094/4232/3846 4676/4268/3876
f 4676/4268/3876 3094/4232/3846 2043/2055/1829 3116/2064/1838
f 3111/4262/3871 4676/4268/3876 3116/2064/1838 2052/1924/1701
f 1943/3410/3108 3117/3508/3202 4677/4269/3877 2939/3947/3619
f 3117/3508/3202 1976/3452/3148 3006/4072/3718 4677/4269/3877
f 4677/4269/3877 3006/4072/3718 1978/4076/3722 3118/4270/3878
f 2939/3947/3619 4677/4269/3877 3118/4270/3878 1945/3948/3620
f 1945/3955/3620 3118/4271/3878 4678/4272/3879 2942/3956/3625
f 3118/4271/3878 1978/4077/3722 3010/4080/3724 4678/4272/3879
f 4678/4272/3879 3010/4080/3724 1977/4085/3728 3119/4273/3880
f 2942/3956/3625 4678/4272/3879 3119/4273/3880 1946/3957/3626
f 1946/3957/3626 3119/4273/3880 4679/4274/3881 2945/3962/3631
f 3119/4273/3880 1977/4085/3728 3013/4087/3730 4679/4274/3881
f 4679/4274/3881 3013/4087/3730 1975/1993/1770 3120/1990/1767
f 2945/3962/3631 4679/4274/3881 3120/1990/1767 1944/1989/1766
f 2027/3476/3170 3121/3475/3169 4680/4275/3882 3074/4193/3814
f 3121/3475/3169 2004/1961/1738 3051/4156/3783 4680/4275/3882
f 4680/4275/3882 3051/4156/3783 2006/4160/3787 3122/4276/3883
f 3074/4193/3814 4680/4275/3882 3122/4276/3883 2029/4194/3815
f 2029/4201/3815 3122/4277/3883 4681/4278/3884 3077/4202/3820
f 3122/4277/3883 2006/4161/3787 3055/4164/3789 4681/4278/3884
f 4681/4278/3884 3055/4164/3789 2005/4169/3793 3123/4279/3885
f 3077/4202/3820 4681/4278/3884 3123/4279/3885 2030/4203/3821
f 2030/4203/3821 3123/4279/3885 4682/4280/3886 3080/4208/3826
f 3123/4279/3885 2005/4169/3793 3058/4171/3795 4682/4280/3886
f 4682/4280/3886 3058/4171/3795 2003/1962/1739 3124/2017/1794
f 3080/4208/3826 4682/4280/3886 3124/2017/1794 2028/2016/1793
f 1999/3424/3122 3125/3423/3121 4683/4281/3887 3029/4109/3749
f 3125/3423/3121 1948/1979/1756 2961/3988/3653 4683/4281/3887
f 4683/4281/3887 2961/3988/3653 1950/3992/3657 3126/4282/3888
f 3029/4109/3749 4683/4281/3887 3126/4282/3888 2001/4110/3750
f 2001/4117/3750 3126/4283/3888 4684/4284/3889 3032/4118/3755
f 3126/4283/3888 1950/3993/3657 2965/3996/3659 4684/4284/3889
f 4684/4284/3889 2965/3996/3659 1949/4001/3663 3127/4285/3890
f 3032/4118/3755 4684/4284/3889 3127/4285/3890 2002/4119/3756
f 2002/4119/3756 3127/4285/3890 4685/4286/3891 3035/4124/3761
f 3127/4285/3890 1949/4001/3663 2968/4003/3665 4685/4286/3891
f 4685/4286/3891 2968/4003/3665 1947/1938/1715 3128/2031/1808
f 3035/4124/3761 4685/4286/3891 3128/2031/1808 2000/1933/1710
f 1971/3434/3132 3129/3519/3210 4686/4287/3892 2984/4025/3684
f 3129/3519/3210 2032/3500/3194 3096/4234/3848 4686/4287/3892
f 4686/4287/3892 3096/4234/3848 2034/4238/3852 3130/4288/3893
f 2984/4025/3684 4686/4287/3892 3130/4288/3893 1973/4026/3685
f 1973/4033/3685 3130/4289/3893 4687/4290/3894 2987/4034/3690
f 3130/4289/3893 2034/4239/3852 3100/4242/3854 4687/4290/3894
f 4687/4290/3894 3100/4242/3854 2033/4247/3858 3131/4291/3895
f 2987/4034/3690 4687/4290/3894 3131/4291/3895 1974/4035/3691
f 1974/4035/3691 3131/4291/3895 4688/4292/3896 2990/4040/3696
f 3131/4291/3895 2033/4247/3858 3103/4249/3860 4688/4292/3896
f 4688/4292/3896 3103/4249/3860 2031/2046/1820 3132/2061/1835
f 2990/4040/3696 4688/4292/3896 3132/2061/1835 1972/2041/1816
f 2056/2198/1955 3134/2197/1954 4689/4293/3897 3133/4294/3898
f 3134/2197/1954 2063/2196/1953 3135/4295/3899 4689/4293/3897
f 4689/4293/3897 3135/4295/3899 2065/4296/3900 3136/4297/3901
f 3133/4294/3898 4689/4293/3897 3136/4297/3901 2058/4298/3902
f 2058/4298/3902 3136/4297/3901 4690/4299/3903 3137/4300/3904
f 3136/4297/3901 2065/4296/3900 3138/4301/3905 4690/4299/3903
f 4690/4299/3903 3138/4301/3905 2066/4302/3906 3139/4303/3907
f 3137/4300/3904 4690/4299/3903 3139/4303/3907 2057/4304/3908
f 2057/4304/3908 3139/4303/3907 4691/4305/3909 3140/4306/3910
f 3139/4303/3907 2066/4302/3906 3141/4307/3911 4691/4305/3909
f 4691/4305/3909 3141/4307/3911 2064/1906/1684 3142/1903/1681
f 3140/4306/3910 4691/4305/3909 3142/1903/1681 2055/1902/1680
f 2063/2196/1953 3143/3527/3218 4692/4308/3912 3135/4295/3899
f 3143/3527/3218 2067/3526/3217 3144/4309/3913 4692/4308/3912
f 4692/4308/3912 3144/4309/3913 2069/4310/3914 3145/4311/3915
f 3135/4295/3899 4692/4308/3912 3145/4311/3915 2065/4296/3900
f 2065/4296/3900 3145/4311/3915 4693/4312/3916 3138/4301/3905
f 3145/4311/3915 2069/4310/3914 3146/4313/3917 4693/4312/3916
f 4693/4312/3916 3146/4313/3917 2070/4314/3918 3147/4315/3919
f 3138/4301/3905 4693/4312/3916 3147/4315/3919 2066/4302/3906
f 2066/4302/3906 3147/4315/3919 4694/4316/3920 3141/4307/3911
f 3147/4315/3919 2070/4314/3918 3148/4317/3921 4694/4316/3920
f 4694/4316/3920 3148/4317/3921 2068/2222/1972 3149/2220/1971
f 3141/4307/3911 4694/4316/3920 3149/2220/1971 2064/1906/1684
f 2067/3526/3217 3150/3531/3222 4695/4318/3922 3144/4309/3913
f 3150/3531/3222 2071/3530/3221 3151/4319/3923 4695/4318/3922
f 4695/4318/3922 3151/4319/3923 2073/4320/3924 3152/4321/3925
f 3144/4309/3913 4695/4318/3922 3152/4321/3925 2069/4310/3914
f 2069/4310/3914 3152/4321/3925 4696/4322/3926 3146/4313/3917
f 3152/4321/3925 2073/4320/3924 3153/4323/3927 4696/4322/3926
f 4696/4322/3926 3153/4323/3927 2074/4324/3928 3154/4325/3929
f 3146/4313/3917 4696/4322/3926 3154/4325/3929 2070/4314/3918
f 2070/4314/3918 3154/4325/3929 4697/4326/3930 3148/4317/3921
f 3154/4325/3929 2074/4324/3928 3155/4327/3931 4697/4326/3930
f 4697/4326/3930 3155/4327/3931 2072/2070/1844 3156/2250/1996
f 3148/4317/3921 4697/4326/3930 3156/2250/1996 2068/2222/1972
f 2076/3537/3228 3158/3536/3227 4698/4328/3932 3157/4329/3933
f 3158/3536/3227 2059/3535/3226 3159/4330/3934 4698/4328/3932
f 4698/4328/3932 3159/4330/3934 2061/4331/3935 3160/4332/3936
f 3157/4329/3933 4698/4328/3932 3160/4332/3936 2078/4333/3937
f 2078/4333/3937 3160/4332/3936 4699/4334/3938 3161/4335/3939
f 3160/4332/3936 2061/4331/3935 3162/4336/3940 4699/4334/3938
f 4699/4334/3938 3162/4336/3940 2062/4337/3941 3163/4338/3942
f 3161/4335/3939 4699/4334/3938 3163/4338/3942 2077/4339/3943
f 2077/4339/3943 3163/4338/3942 4700/4340/3944 3164/4341/3945
f 3163/4338/3942 2062/4337/3941 3165/4342/3946 4700/4340/3944
f 4700/4340/3944 3165/4342/3946 2060/2088/1861 3166/3620/3307
f 3164/4341/3945 4700/4340/3944 3166/3620/3307 2075/2126/1895
f 2080/3541/3232 3168/3540/3231 4701/4343/3947 3167/4344/3948
f 3168/3540/3231 2076/3537/3228 3157/4329/3933 4701/4343/3947
f 4701/4343/3947 3157/4329/3933 2078/4333/3937 3169/4345/3949
f 3167/4344/3948 4701/4343/3947 3169/4345/3949 2082/4346/3950
f 2082/4346/3950 3169/4345/3949 4702/4347/3951 3170/4348/3952
f 3169/4345/3949 2078/4333/3937 3161/4335/3939 4702/4347/3951
f 4702/4347/3951 3161/4335/3939 2077/4339/3943 3171/4349/3953
f 3170/4348/3952 4702/4347/3951 3171/4349/3953 2081/4350/3954
f 2081/4350/3954 3171/4349/3953 4703/4351/3955 3172/4352/3956
f 3171/4349/3953 2077/4339/3943 3164/4341/3945 4703/4351/3955
f 4703/4351/3955 3164/4341/3945 2075/2126/1895 3173/2124/1893
f 3172/4352/3956 4703/4351/3955 3173/2124/1893 2079/2074/1848
f 2071/3530/3221 3174/3543/3234 4704/4353/3957 3151/4319/3923
f 3174/3543/3234 2080/3541/3232 3167/4344/3948 4704/4353/3957
f 4704/4353/3957 3167/4344/3948 2082/4346/3950 3175/4354/3958
f 3151/4319/3923 4704/4353/3957 3175/4354/3958 2073/4320/3924
f 2073/4320/3924 3175/4354/3958 4705/4355/3959 3153/4323/3927
f 3175/4354/3958 2082/4346/3950 3170/4348/3952 4705/4355/3959
f 4705/4355/3959 3170/4348/3952 2081/4350/3954 3176/4356/3960
f 3153/4323/3927 4705/4355/3959 3176/4356/3960 2074/4324/3928
f 2074/4324/3928 3176/4356/3960 4706/4357/3961 3155/4327/3931
f 3176/4356/3960 2081/4350/3954 3172/4352/3956 4706/4357/3961
f 4706/4357/3961 3172/4352/3956 2079/2074/1848 3177/2071/1845
f 3155/4327/3931 4706/4357/3961 3177/2071/1845 2072/2070/1844
f 2084/2246/1992 3179/2245/1991 4707/4358/3962 3178/4359/3963
f 3179/2245/1991 2091/2244/1990 3180/4360/3964 4707/4358/3962
f 4707/4358/3962 3180/4360/3964 2093/4361/3965 3181/4362/3966
f 3178/4359/3963 4707/4358/3962 3181/4362/3966 2086/4363/3967
f 2086/4363/3967 3181/4362/3966 4708/4364/3968 3182/4365/3969
f 3181/4362/3966 2093/4361/3965 3183/4366/3970 4708/4364/3968
f 4708/4364/3968 3183/4366/3970 2094/4367/3971 3184/4368/3972
f 3182/4365/3969 4708/4364/3968 3184/4368/3972 2085/4369/3973
f 2085/4369/3973 3184/4368/3972 4709/4370/3974 3185/4371/3975
f 3184/4368/3972 2094/4367/3971 3186/4372/3976 4709/4370/3974
f 4709/4370/3974 3186/4372/3976 2092/2110/1881 3187/2107/1878
f 3185/4371/3975 4709/4370/3974 3187/2107/1878 2083/2106/1877
f 2091/3553/1990 3188/3552/3242 4710/4373/3977 3180/4374/3964
f 3188/3552/3242 2095/3551/3241 3189/4375/3978 4710/4373/3977
f 4710/4373/3977 3189/4375/3978 2097/4376/3979 3190/4377/3980
f 3180/4374/3964 4710/4373/3977 3190/4377/3980 2093/4378/3965
f 2093/4378/3965 3190/4377/3980 4711/4379/3981 3183/4380/3970
f 3190/4377/3980 2097/4376/3979 3191/4381/3982 4711/4379/3981
f 4711/4379/3981 3191/4381/3982 2098/4382/3983 3192/4383/3984
f 3183/4380/3970 4711/4379/3981 3192/4383/3984 2094/4384/3971
f 2094/4384/3971 3192/4383/3984 4712/4385/3985 3186/4386/3976
f 3192/4383/3984 2098/4382/3983 3193/4387/3986 4712/4385/3985
f 4712/4385/3985 3193/4387/3986 2096/2148/1914 3194/2176/1938
f 3186/4386/3976 4712/4385/3985 3194/2176/1938 2092/2175/1881
f 2095/3551/3241 3195/3557/3246 4713/4388/3987 3189/4375/3978
f 3195/3557/3246 2099/3556/3245 3196/4389/3988 4713/4388/3987
f 4713/4388/3987 3196/4389/3988 2101/4390/3989 3197/4391/3990
f 3189/4375/3978 4713/4388/3987 3197/4391/3990 2097/4376/3979
f 2097/4376/3979 3197/4391/3990 4714/4392/3991 3191/4381/3982
f 3197/4391/3990 2101/4390/3989 3198/4393/3992 4714/4392/3991
f 4714/4392/3991 3198/4393/3992 2102/4394/3993 3199/4395/3994
f 3191/4381/3982 4714/4392/3991 3199/4395/3994 2098/4382/3983
f 2098/4382/3983 3199/4395/3994 4715/4396/3995 3193/4387/3986
f 3199/4395/3994 2102/4394/3993 3200/4397/3996 4715/4396/3995
f 4715/4396/3995 3200/4397/3996 2100/2152/1917 3201/2149/1915
f 3193/4387/3986 4715/4396/3995 3201/2149/1915 2096/2148/1914
f 2104/3561/3250 3203/3560/3249 4716/4398/3997 3202/4399/3998
f 3203/3560/3249 2087/3523/3214 3204/4400/3999 4716/4398/3997
f 4716/4398/3997 3204/4400/3999 2089/4401/4000 3205/4402/4001
f 3202/4399/3998 4716/4398/3997 3205/4402/4001 2106/4403/4002
f 2106/4403/4002 3205/4402/4001 4717/4404/4003 3206/4405/4004
f 3205/4402/4001 2089/4401/4000 3207/4406/4005 4717/4404/4003
f 4717/4404/4003 3207/4406/4005 2090/4407/4006 3208/4408/4007
f 3206/4405/4004 4717/4404/4003 3208/4408/4007 2105/4409/4008
f 2105/4409/4008 3208/4408/4007 4718/4410/4009 3209/4411/4010
f 3208/4408/4007 2090/4407/4006 3210/4412/4011 4718/4410/4009
f 4718/4410/4009 3210/4412/4011 2088/2232/1979 3211/3627/3313
f 3209/4411/4010 4718/4410/4009 3211/3627/3313 2103/2201/1958
f 2108/3565/3254 3213/3564/3253 4719/4413/4012 3212/4414/4013
f 3213/3564/3253 2104/3561/3250 3202/4399/3998 4719/4413/4012
f 4719/4413/4012 3202/4399/3998 2106/4403/4002 3214/4415/4014
f 3212/4414/4013 4719/4413/4012 3214/4415/4014 2110/4416/4015
f 2110/4416/4015 3214/4415/4014 4720/4417/4016 3215/4418/4017
f 3214/4415/4014 2106/4403/4002 3206/4405/4004 4720/4417/4016
f 4720/4417/4016 3206/4405/4004 2105/4409/4008 3216/4419/4018
f 3215/4418/4017 4720/4417/4016 3216/4419/4018 2109/4420/4019
f 2109/4420/4019 3216/4419/4018 4721/4421/4020 3217/4422/4021
f 3216/4419/4018 2105/4409/4008 3209/4411/4010 4721/4421/4020
f 4721/4421/4020 3209/4411/4010 2103/2201/1958 3218/2199/1956
f 3217/4422/4021 4721/4421/4020 3218/2199/1956 2107/2162/1925
f 2099/3556/3245 3219/3567/3256 4722/4423/4022 3196/4389/3988
f 3219/3567/3256 2108/3565/3254 3212/4414/4013 4722/4423/4022
f 4722/4423/4022 3212/4414/4013 2110/4416/4015 3220/4424/4023
f 3196/4389/3988 4722/4423/4022 3220/4424/4023 2101/4390/3989
f 2101/4390/3989 3220/4424/4023 4723/4425/4024 3198/4393/3992
f 3220/4424/4023 2110/4416/4015 3215/4418/4017 4723/4425/4024
f 4723/4425/4024 3215/4418/4017 2109/4420/4019 3221/4426/4025
f 3198/4393/3992 4723/4425/4024 3221/4426/4025 2102/4394/3993
f 2102/4394/3993 3221/4426/4025 4724/4427/4026 3200/4397/3996
f 3221/4426/4025 2109/4420/4019 3217/4422/4021 4724/4427/4026
f 4724/4427/4026 3217/4422/4021 2107/2162/1925 3222/2160/1924
f 3200/4397/3996 4724/4427/4026 3222/2160/1924 2100/2152/1917
f 2112/3573/3262 3224/3572/3261 4725/4428/4027 3223/4429/4028
f 3224/3572/3261 2119/3571/3260 3225/4430/4029 4725/4428/4027
f 4725/4428/4027 3225/4430/4029 2121/4431/4030 3226/4432/4031
f 3223/4429/4028 4725/4428/4027 3226/4432/4031 2114/4433/4032
f 2114/4433/4032 3226/4432/4031 4726/4434/4033 3227/4435/4034
f 3226/4432/4031 2121/4431/4030 3228/4436/4035 4726/4434/4033
f 4726/4434/4033 3228/4436/4035 2122/4437/4036 3229/4438/4037
f 3227/4435/4034 4726/4434/4033 3229/4438/4037 2113/4439/4038
f 2113/4439/4038 3229/4438/4037 4727/4440/4039 3230/4441/4040
f 3229/4438/4037 2122/4437/4036 3231/4442/4041 4727/4440/4039
f 4727/4440/4039 3231/4442/4041 2120/2186/1944 3232/2184/1942
f 3230/4441/4040 4727/4440/4039 3232/2184/1942 2111/2092/1865
f 2119/3579/3260 3233/3578/3266 4728/4443/4042 3225/4444/4029
f 3233/3578/3266 2123/3577/3265 3234/4445/4043 4728/4443/4042
f 4728/4443/4042 3234/4445/4043 2125/4446/4044 3235/4447/4045
f 3225/4444/4029 4728/4443/4042 3235/4447/4045 2121/4448/4030
f 2121/4448/4030 3235/4447/4045 4729/4449/4046 3228/4450/4035
f 3235/4447/4045 2125/4446/4044 3236/4451/4047 4729/4449/4046
f 4729/4449/4046 3236/4451/4047 2126/4452/4048 3237/4453/4049
f 3228/4450/4035 4729/4449/4046 3237/4453/4049 2122/4454/4036
f 2122/4454/4036 3237/4453/4049 4730/4455/4050 3231/4456/4041
f 3237/4453/4049 2126/4452/4048 3238/4457/4051 4730/4455/4050
f 4730/4455/4050 3238/4457/4051 2124/2209/1964 3239/2206/1962
f 3231/4456/4041 4730/4455/4050 3239/2206/1962 2120/2205/1944
f 2123/3577/3265 3240/3583/3270 4731/4458/4052 3234/4445/4043
f 3240/3583/3270 2127/3582/3269 3241/4459/4053 4731/4458/4052
f 4731/4458/4052 3241/4459/4053 2129/4460/4054 3242/4461/4055
f 3234/4445/4043 4731/4458/4052 3242/4461/4055 2125/4446/4044
f 2125/4446/4044 3242/4461/4055 4732/4462/4056 3236/4451/4047
f 3242/4461/4055 2129/4460/4054 3243/4463/4057 4732/4462/4056
f 4732/4462/4056 3243/4463/4057 2130/4464/4058 3244/4465/4059
f 3236/4451/4047 4732/4462/4056 3244/4465/4059 2126/4452/4048
f 2126/4452/4048 3244/4465/4059 4733/4466/4060 3238/4457/4051
f 3244/4465/4059 2130/4464/4058 3245/4467/4061 4733/4466/4060
f 4733/4466/4060 3245/4467/4061 2128/2228/1976 3246/2226/1975
f 3238/4457/4051 4733/4466/4060 3246/2226/1975 2124/2209/1964
f 2132/3589/3276 3248/3588/3275 4734/4468/4062 3247/4469/4063
f 3248/3588/3275 2115/3587/3274 3249/4470/4064 4734/4468/4062
f 4734/4468/4062 3249/4470/4064 2117/4471/4065 3250/4472/4066
f 3247/4469/4063 4734/4468/4062 3250/4472/4066 2134/4473/4067
f 2134/4473/4067 3250/4472/4066 4735/4474/4068 3251/4475/4069
f 3250/4472/4066 2117/4471/4065 3252/4476/4070 4735/4474/4068
f 4735/4474/4068 3252/4476/4070 2118/4477/4071 3253/4478/4072
f 3251/4475/4069 4735/4474/4068 3253/4478/4072 2133/4479/4073
f 2133/4479/4073 3253/4478/4072 4736/4480/4074 3254/4481/4075
f 3253/4478/4072 2118/4477/4071 3255/4482/4076 4736/4480/4074
f 4736/4480/4074 3255/4482/4076 2116/2216/1968 3256/2214/1967
f 3254/4481/4075 4736/4480/4074 3256/2214/1967 2131/2101/1873
f 2136/3593/3280 3258/3592/3279 4737/4483/4077 3257/4484/4078
f 3258/3592/3279 2132/3589/3276 3247/4469/4063 4737/4483/4077
f 4737/4483/4077 3247/4469/4063 2134/4473/4067 3259/4485/4079
f 3257/4484/4078 4737/4483/4077 3259/4485/4079 2138/4486/4080
f 2138/4486/4080 3259/4485/4079 4738/4487/4081 3260/4488/4082
f 3259/4485/4079 2134/4473/4067 3251/4475/4069 4738/4487/4081
f 4738/4487/4081 3251/4475/4069 2133/4479/4073 3261/4489/4083
f 3260/4488/4082 4738/4487/4081 3261/4489/4083 2137/4490/4084
f 2137/4490/4084 3261/4489/4083 4739/4491/4085 3262/4492/4086
f 3261/4489/4083 2133/4479/4073 3254/4481/4075 4739/4491/4085
f 4739/4491/4085 3254/4481/4075 2131/2101/1873 3263/2098/1870
f 3262/4492/4086 4739/4491/4085 3263/2098/1870 2135/2097/1869
f 2127/3582/3269 3264/3595/3282 4740/4493/4087 3241/4459/4053
f 3264/3595/3282 2136/3593/3280 3257/4484/4078 4740/4493/4087
f 4740/4493/4087 3257/4484/4078 2138/4486/4080 3265/4494/4088
f 3241/4459/4053 4740/4493/4087 3265/4494/4088 2129/4460/4054
f 2129/4460/4054 3265/4494/4088 4741/4495/4089 3243/4463/4057
f 3265/4494/4088 2138/4486/4080 3260/4488/4082 4741/4495/4089
f 4741/4495/4089 3260/4488/4082 2137/4490/4084 3266/4496/4090
f 3243/4463/4057 4741/4495/4089 3266/4496/4090 2130/4464/4058
f 2130/4464/4058 3266/4496/4090 4742/4497/4091 3245/4467/4061
f 3266/4496/4090 2137/4490/4084 3262/4492/4086 4742/4497/4091
f 4742/4497/4091 3262/4492/4086 2135/2097/1869 3267/2247/1993
f 3245/4467/4061 4742/4497/4091 3267/2247/1993 2128/2228/1976
f 2140/3601/3288 3269/3600/3287 4743/4498/4092 3268/4499/4093
f 3269/3600/3287 2147/3599/3286 3270/4500/4094 4743/4498/4092
f 4743/4498/4092 3270/4500/4094 2149/4501/4095 3271/4502/4096
f 3268/4499/4093 4743/4498/4092 3271/4502/4096 2142/4503/4097
f 2142/4503/4097 3271/4502/4096 4744/4504/4098 3272/4505/4099
f 3271/4502/4096 2149/4501/4095 3273/4506/4100 4744/4504/4098
f 4744/4504/4098 3273/4506/4100 2150/4507/4101 3274/4508/4102
f 3272/4505/4099 4744/4504/4098 3274/4508/4102 2141/4509/4103
f 2141/4509/4103 3274/4508/4102 4745/4510/4104 3275/4511/4105
f 3274/4508/4102 2150/4507/4101 3276/4512/4106 4745/4510/4104
f 4745/4510/4104 3276/4512/4106 2148/2083/1856 3277/2080/1853
f 3275/4511/4105 4745/4510/4104 3277/2080/1853 2139/2079/1852
f 2147/3599/3286 3278/3605/3292 4746/4513/4107 3270/4500/4094
f 3278/3605/3292 2151/3604/3291 3279/4514/4108 4746/4513/4107
f 4746/4513/4107 3279/4514/4108 2153/4515/4109 3280/4516/4110
f 3270/4500/4094 4746/4513/4107 3280/4516/4110 2149/4501/4095
f 2149/4501/4095 3280/4516/4110 4747/4517/4111 3273/4506/4100
f 3280/4516/4110 2153/4515/4109 3281/4518/4112 4747/4517/4111
f 4747/4517/4111 3281/4518/4112 2154/4519/4113 3282/4520/4114
f 3273/4506/4100 4747/4517/4111 3282/4520/4114 2150/4507/4101
f 2150/4507/4101 3282/4520/4114 4748/4521/4115 3276/4512/4106
f 3282/4520/4114 2154/4519/4113 3283/4522/4116 4748/4521/4115
f 4748/4521/4115 3283/4522/4116 2152/2130/1899 3284/2157/1921
f 3276/4512/4106 4748/4521/4115 3284/2157/1921 2148/2083/1856
f 2151/3604/3291 3285/3609/3296 4749/4523/4117 3279/4514/4108
f 3285/3609/3296 2155/3608/3295 3286/4524/4118 4749/4523/4117
f 4749/4523/4117 3286/4524/4118 2157/4525/4119 3287/4526/4120
f 3279/4514/4108 4749/4523/4117 3287/4526/4120 2153/4515/4109
f 2153/4515/4109 3287/4526/4120 4750/4527/4121 3281/4518/4112
f 3287/4526/4120 2157/4525/4119 3288/4528/4122 4750/4527/4121
f 4750/4527/4121 3288/4528/4122 2158/4529/4123 3289/4530/4124
f 3281/4518/4112 4750/4527/4121 3289/4530/4124 2154/4519/4113
f 2154/4519/4113 3289/4530/4124 4751/4531/4125 3283/4522/4116
f 3289/4530/4124 2158/4529/4123 3290/4532/4126 4751/4531/4125
f 4751/4531/4125 3290/4532/4126 2156/2134/1902 3291/2131/1900
f 3283/4522/4116 4751/4531/4125 3291/2131/1900 2152/2130/1899
f 2160/3613/3300 3293/3612/3299 4752/4533/4127 3292/4534/4128
f 3293/3612/3299 2143/3547/3238 3294/4535/4129 4752/4533/4127
f 4752/4533/4127 3294/4535/4129 2145/4536/4130 3295/4537/4131
f 3292/4534/4128 4752/4533/4127 3295/4537/4131 2162/4538/4132
f 2162/4538/4132 3295/4537/4131 4753/4539/4133 3296/4540/4134
f 3295/4537/4131 2145/4536/4130 3297/4541/4135 4753/4539/4133
f 4753/4539/4133 3297/4541/4135 2146/4542/4136 3298/4543/4137
f 3296/4540/4134 4753/4539/4133 3298/4543/4137 2161/4544/4138
f 2161/4544/4138 3298/4543/4137 4754/4545/4139 3299/4546/4140
f 3298/4543/4137 2146/4542/4136 3300/4547/4141 4754/4545/4139
f 4754/4545/4139 3300/4547/4141 2144/2119/1888 3301/2116/1886
f 3299/4546/4140 4754/4545/4139 3301/2116/1886 2159/2115/1885
f 2164/3617/3304 3303/3616/3303 4755/4548/4142 3302/4549/4143
f 3303/3616/3303 2160/3613/3300 3292/4534/4128 4755/4548/4142
f 4755/4548/4142 3292/4534/4128 2162/4538/4132 3304/4550/4144
f 3302/4549/4143 4755/4548/4142 3304/4550/4144 2166/4551/4145
f 2166/4551/4145 3304/4550/4144 4756/4552/4146 3305/4553/4147
f 3304/4550/4144 2162/4538/4132 3296/4540/4134 4756/4552/4146
f 4756/4552/4146 3296/4540/4134 2161/4544/4138 3306/4554/4148
f 3305/4553/4147 4756/4552/4146 3306/4554/4148 2165/4555/4149
f 2165/4555/4149 3306/4554/4148 4757/4556/4150 3307/4557/4151
f 3306/4554/4148 2161/4544/4138 3299/4546/4140 4757/4556/4150
f 4757/4556/4150 3299/4546/4140 2159/2115/1885 3308/2181/1940
f 3307/4557/4151 4757/4556/4150 3308/2181/1940 2163/2144/1911
f 2155/3608/3295 3309/3619/3306 4758/4558/4152 3286/4524/4118
f 3309/3619/3306 2164/3617/3304 3302/4549/4143 4758/4558/4152
f 4758/4558/4152 3302/4549/4143 2166/4551/4145 3310/4559/4153
f 3286/4524/4118 4758/4558/4152 3310/4559/4153 2157/4525/4119
f 2157/4525/4119 3310/4559/4153 4759/4560/4154 3288/4528/4122
f 3310/4559/4153 2166/4551/4145 3305/4553/4147 4759/4560/4154
f 4759/4560/4154 3305/4553/4147 2165/4555/4149 3311/4561/4155
f 3288/4528/4122 4759/4560/4154 3311/4561/4155 2158/4529/4123
f 2158/4529/4123 3311/4561/4155 4760/4562/4156 3290/4532/4126
f 3311/4561/4155 2165/4555/4149 3307/4557/4151 4760/4562/4156
f 4760/4562/4156 3307/4557/4151 2163/2144/1911 3312/2142/1909
f 3290/4532/4126 4760/4562/4156 3312/2142/1909 2156/2134/1902
f 2087/3523/3214 3313/3522/3213 4761/4563/4157 3204/4400/3999
f 3313/3522/3213 2056/2198/1955 3133/4294/3898 4761/4563/4157
f 4761/4563/4157 3133/4294/3898 2058/4298/3902 3314/4564/4158
f 3204/4400/3999 4761/4563/4157 3314/4564/4158 2089/4401/4000
f 2089/4401/4000 3314/4564/4158 4762/4565/4159 3207/4406/4005
f 3314/4564/4158 2058/4298/3902 3137/4300/3904 4762/4565/4159
f 4762/4565/4159 3137/4300/3904 2057/4304/3908 3315/4566/4160
f 3207/4406/4005 4762/4565/4159 3315/4566/4160 2090/4407/4006
f 2090/4407/4006 3315/4566/4160 4763/4567/4161 3210/4412/4011
f 3315/4566/4160 2057/4304/3908 3140/4306/3910 4763/4567/4161
f 4763/4567/4161 3140/4306/3910 2055/1902/1680 3316/2233/1980
f 3210/4412/4011 4763/4567/4161 3316/2233/1980 2088/2232/1979
f 2115/3587/3274 3317/3624/3310 4764/4568/4162 3249/4470/4064
f 3317/3624/3310 2140/3601/3288 3268/4499/4093 4764/4568/4162
f 4764/4568/4162 3268/4499/4093 2142/4503/4097 3318/4569/4163
f 3249/4470/4064 4764/4568/4162 3318/4569/4163 2117/4471/4065
f 2117/4471/4065 3318/4569/4163 4765/4570/4164 3252/4476/4070
f 3318/4569/4163 2142/4503/4097 3272/4505/4099 4765/4570/4164
f 4765/4570/4164 3272/4505/4099 2141/4509/4103 3319/4571/4165
f 3252/4476/4070 4765/4570/4164 3319/4571/4165 2118/4477/4071
f 2118/4477/4071 3319/4571/4165 4766/4572/4166 3255/4482/4076
f 3319/4571/4165 2141/4509/4103 3275/4511/4105 4766/4572/4166
f 4766/4572/4166 3275/4511/4105 2139/2079/1852 3320/2253/1998
f 3255/4482/4076 4766/4572/4166 3320/2253/1998 2116/2216/1968
f 2059/3535/3226 3321/3626/3312 4767/4573/4167 3159/4330/3934
f 3321/3626/3312 2112/3573/3262 3223/4429/4028 4767/4573/4167
f 4767/4573/4167 3223/4429/4028 2114/4433/4032 3322/4574/4168
f 3159/4330/3934 4767/4573/4167 3322/4574/4168 2061/4331/3935
f 2061/4331/3935 3322/4574/4168 4768/4575/4169 3162/4336/3940
f 3322/4574/4168 2114/4433/4032 3227/4435/4034 4768/4575/4169
f 4768/4575/4169 3227/4435/4034 2113/4439/4038 3323/4576/4170
f 3162/4336/3940 4768/4575/4169 3323/4576/4170 2062/4337/3941
f 2062/4337/3941 3323/4576/4170 4769/4577/4171 3165/4342/3946
f 3323/4576/4170 2113/4439/4038 3230/4441/4040 4769/4577/4171
f 4769/4577/4171 3230/4441/4040 2111/2092/1865 3324/2089/1862
f 3165/4342/3946 4769/4577/4171 3324/2089/1862 2060/2088/1861
f 2143/3547/3238 3325/3546/3237 4770/4578/4172 3294/4535/4129
f 3325/3546/3237 2084/2246/1992 3178/4359/3963 4770/4578/4172
f 4770/4578/4172 3178/4359/3963 2086/4363/3967 3326/4579/4173
f 3294/4535/4129 4770/4578/4172 3326/4579/4173 2145/4536/4130
f 2145/4536/4130 3326/4579/4173 4771/4580/4174 3297/4541/4135
f 3326/4579/4173 2086/4363/3967 3182/4365/3969 4771/4580/4174
f 4771/4580/4174 3182/4365/3969 2085/4369/3973 3327/4581/4175
f 3297/4541/4135 4771/4580/4174 3327/4581/4175 2146/4542/4136
f 2146/4542/4136 3327/4581/4175 4772/4582/4176 3300/4547/4141
f 3327/4581/4175 2085/4369/3973 3185/4371/3975 4772/4582/4176
f 4772/4582/4176 3185/4371/3975 2083/2106/1877 3328/2139/1907
f 3300/4547/4141 4772/4582/4176 3328/2139/1907 2144/2119/1888
f 2168/3365/3067 3330/3387/3085 4773/4583/4177 3329/4584/4178
f 3330/3387/3085 2175/3350/3054 3331/4585/4179 4773/4583/4177
f 4773/4583/4177 3331/4585/4179 2177/4586/4180 3332/4587/4181
f 3329/4584/4178 4773/4583/4177 3332/4587/4181 2170/4588/4182
f 2170/4588/4182 3332/4587/4181 4774/4589/4183 3333/4590/4184
f 3332/4587/4181 2177/4586/4180 3334/4591/4185 4774/4589/4183
f 4774/4589/4183 3334/4591/4185 2178/4592/4186 3335/4593/4187
f 3333/4590/4184 4774/4589/4183 3335/4593/4187 2169/4594/4188
f 2169/4595/4188 3335/4596/4187 4775/4597/4189 3336/4598/4190
f 3335/4596/4187 2178/4599/4186 3337/4600/4191 4775/4597/4189
f 4775/4597/4189 3337/4600/4191 2176/2166/1929 3338/2169/1932
f 3336/4598/4190 4775/4597/4189 3338/2169/1932 2167/2174/1937
f 2175/3350/3054 3339/3353/3057 4776/4601/4192 3331/4585/4179
f 3339/3353/3057 2179/3342/3046 3340/4602/4193 4776/4601/4192
f 4776/4601/4192 3340/4602/4193 2181/4603/4194 3341/4604/4195
f 3331/4585/4179 4776/4601/4192 3341/4604/4195 2177/4586/4180
f 2177/4586/4180 3341/4604/4195 4777/4605/4196 3334/4591/4185
f 3341/4604/4195 2181/4603/4194 3342/4606/4197 4777/4605/4196
f 4777/4605/4196 3342/4606/4197 2182/4607/4198 3343/4608/4199
f 3334/4591/4185 4777/4605/4196 3343/4608/4199 2178/4592/4186
f 2178/4599/4186 3343/4609/4199 4778/4610/4200 3337/4600/4191
f 3343/4609/4199 2182/4611/4198 3344/4612/4201 4778/4610/4200
f 4778/4610/4200 3344/4612/4201 2180/3065/2780 3345/3096/2811
f 3337/4600/4191 4778/4610/4200 3345/3096/2811 2176/2166/1929
f 2179/3342/3046 3346/3345/3049 4779/4613/4202 3340/4602/4193
f 3346/3345/3049 2183/3314/3018 3347/4614/4203 4779/4613/4202
f 4779/4613/4202 3347/4614/4203 2185/4615/4204 3348/4616/4205
f 3340/4602/4193 4779/4613/4202 3348/4616/4205 2181/4603/4194
f 2181/4603/4194 3348/4616/4205 4780/4617/4206 3342/4606/4197
f 3348/4616/4205 2185/4615/4204 3349/4618/4207 4780/4617/4206
f 4780/4617/4206 3349/4618/4207 2186/4619/4208 3350/4620/4209
f 3342/4606/4197 4780/4617/4206 3350/4620/4209 2182/4607/4198
f 2182/4611/4198 3350/4621/4209 4781/4622/4210 3344/4612/4201
f 3350/4621/4209 2186/4623/4208 3351/4624/4211 4781/4622/4210
f 4781/4622/4210 3351/4624/4211 2184/3060/2775 3352/3063/2778
f 3344/4612/4201 4781/4622/4210 3352/3063/2778 2180/3065/2780
f 2188/3327/3031 3354/3335/3039 4782/4625/4212 3353/4626/4213
f 3354/3335/3039 2171/3337/3041 3355/4627/4214 4782/4625/4212
f 4782/4625/4212 3355/4627/4214 2173/4628/4215 3356/4629/4216
f 3353/4626/4213 4782/4625/4212 3356/4629/4216 2190/4630/4217
f 2190/4630/4217 3356/4629/4216 4783/4631/4218 3357/4632/4219
f 3356/4629/4216 2173/4628/4215 3358/4633/4220 4783/4631/4218
f 4783/4631/4218 3358/4633/4220 2174/4634/4221 3359/4635/4222
f 3357/4632/4219 4783/4631/4218 3359/4635/4222 2189/4636/4223
f 2189/4637/4223 3359/4638/4222 4784/4639/4224 3360/4640/4225
f 3359/4638/4222 2174/4641/4221 3361/4642/4226 4784/4639/4224
f 4784/4639/4224 3361/4642/4226 2172/3083/2798 3362/3086/2801
f 3360/4640/4225 4784/4639/4224 3362/3086/2801 2187/3088/2803
f 2192/3319/3023 3364/3325/3029 4785/4643/4227 3363/4644/4228
f 3364/3325/3029 2188/3327/3031 3353/4626/4213 4785/4643/4227
f 4785/4643/4227 3353/4626/4213 2190/4630/4217 3365/4645/4229
f 3363/4644/4228 4785/4643/4227 3365/4645/4229 2194/4646/4230
f 2194/4646/4230 3365/4645/4229 4786/4647/4231 3366/4648/4232
f 3365/4645/4229 2190/4630/4217 3357/4632/4219 4786/4647/4231
f 4786/4647/4231 3357/4632/4219 2189/4636/4223 3367/4649/4233
f 3366/4648/4232 4786/4647/4231 3367/4649/4233 2193/4650/4234
f 2193/4651/4234 3367/4652/4233 4787/4653/4235 3368/4654/4236
f 3367/4652/4233 2189/4637/4223 3360/4640/4225 4787/4653/4235
f 4787/4653/4235 3360/4640/4225 2187/3088/2803 3369/3160/2870
f 3368/4654/4236 4787/4653/4235 3369/3160/2870 2191/3162/2872
f 2183/3314/3018 3370/3317/3021 4788/4655/4237 3347/4614/4203
f 3370/3317/3021 2192/3319/3023 3363/4644/4228 4788/4655/4237
f 4788/4655/4237 3363/4644/4228 2194/4646/4230 3371/4656/4238
f 3347/4614/4203 4788/4655/4237 3371/4656/4238 2185/4615/4204
f 2185/4615/4204 3371/4656/4238 4789/4657/4239 3349/4618/4207
f 3371/4656/4238 2194/4646/4230 3366/4648/4232 4789/4657/4239
f 4789/4657/4239 3366/4648/4232 2193/4650/4234 3372/4658/4240
f 3349/4618/4207 4789/4657/4239 3372/4658/4240 2186/4619/4208
f 2186/4623/4208 3372/4659/4240 4790/4660/4241 3351/4624/4211
f 3372/4659/4240 2193/4651/4234 3368/4654/4236 4790/4660/4241
f 4790/4660/4241 3368/4654/4236 2191/3162/2872 3373/3178/2886
f 3351/4624/4211 4790/4660/4241 3373/3178/2886 2184/3060/2775
f 2196/3309/3013 3375/3357/3061 4791/4661/4242 3374/4662/4243
f 3375/3357/3061 2203/3359/2996 3376/4663/4244 4791/4661/4242
f 4791/4661/4242 3376/4663/4244 2205/4664/4245 3377/4665/4246
f 3374/4662/4243 4791/4661/4242 3377/4665/4246 2198/4666/4247
f 2198/4666/4247 3377/4665/4246 4792/4667/4248 3378/4668/4249
f 3377/4665/4246 2205/4664/4245 3379/4669/4250 4792/4667/4248
f 4792/4667/4248 3379/4669/4250 2206/4670/4251 3380/4671/4252
f 3378/4668/4249 4792/4667/4248 3380/4671/4252 2197/4672/4253
f 2197/4673/4253 3380/4674/4252 4793/4675/4254 3381/4676/4255
f 3380/4674/4252 2206/4677/4251 3382/4678/4256 4793/4675/4254
f 4793/4675/4254 3382/4678/4256 2204/3165/2846 3383/3168/2876
f 3381/4676/4255 4793/4675/4254 3383/3168/2876 2195/3077/2792
f 2203/3292/2996 3384/3295/2999 4794/4679/4257 3376/4680/4244
f 3384/3295/2999 2207/3297/3001 3385/4681/4258 4794/4679/4257
f 4794/4679/4257 3385/4681/4258 2209/4682/4259 3386/4683/4260
f 3376/4680/4244 4794/4679/4257 3386/4683/4260 2205/4684/4245
f 2205/4684/4245 3386/4683/4260 4795/4685/4261 3379/4686/4250
f 3386/4683/4260 2209/4682/4259 3387/4687/4262 4795/4685/4261
f 4795/4685/4261 3387/4687/4262 2210/4688/4263 3388/4689/4264
f 3379/4686/4250 4795/4685/4261 3388/4689/4264 2206/4690/4251
f 2206/4691/4251 3388/4692/4264 4796/4693/4265 3382/4694/4256
f 3388/4692/4264 2210/4695/4263 3389/4696/4266 4796/4693/4265
f 4796/4693/4265 3389/4696/4266 2208/3131/2841 3390/3134/2844
f 3382/4694/4256 4796/4693/4265 3390/3134/2844 2204/3136/2846
f 2207/3297/3001 3391/3403/3101 4797/4697/4267 3385/4681/4258
f 3391/3403/3101 2211/3380/3078 3392/4698/4268 4797/4697/4267
f 4797/4697/4267 3392/4698/4268 2213/4699/4269 3393/4700/4270
f 3385/4681/4258 4797/4697/4267 3393/4700/4270 2209/4682/4259
f 2209/4682/4259 3393/4700/4270 4798/4701/4271 3387/4687/4262
f 3393/4700/4270 2213/4699/4269 3394/4702/4272 4798/4701/4271
f 4798/4701/4271 3394/4702/4272 2214/4703/4273 3395/4704/4274
f 3387/4687/4262 4798/4701/4271 3395/4704/4274 2210/4688/4263
f 2210/4695/4263 3395/4705/4274 4799/4706/4275 3389/4696/4266
f 3395/4705/4274 2214/4707/4273 3396/4708/4276 4799/4706/4275
f 4799/4706/4275 3396/4708/4276 2212/3142/2852 3397/3150/2860
f 3389/4696/4266 4799/4706/4275 3397/3150/2860 2208/3131/2841
f 2216/3391/3089 3399/3397/3095 4800/4709/4277 3398/4710/4278
f 3399/3397/3095 2199/3360/3062 3400/4711/4279 4800/4709/4277
f 4800/4709/4277 3400/4711/4279 2201/4712/4280 3401/4713/4281
f 3398/4710/4278 4800/4709/4277 3401/4713/4281 2218/4714/4282
f 2218/4714/4282 3401/4713/4281 4801/4715/4283 3402/4716/4284
f 3401/4713/4281 2201/4712/4280 3403/4717/4285 4801/4715/4283
f 4801/4715/4283 3403/4717/4285 2202/4718/4286 3404/4719/4287
f 3402/4716/4284 4801/4715/4283 3404/4719/4287 2217/4720/4288
f 2217/4721/4288 3404/4722/4287 4802/4723/4289 3405/4724/4290
f 3404/4722/4287 2202/4725/4286 3406/4726/4291 4802/4723/4289
f 4802/4723/4289 3406/4726/4291 2200/3116/2828 3407/3156/2866
f 3405/4724/4290 4802/4723/4289 3407/3156/2866 2215/3107/2819
f 2220/3385/3083 3409/3389/3087 4803/4727/4292 3408/4728/4293
f 3409/3389/3087 2216/3391/3089 3398/4710/4278 4803/4727/4292
f 4803/4727/4292 3398/4710/4278 2218/4714/4282 3410/4729/4294
f 3408/4728/4293 4803/4727/4292 3410/4729/4294 2222/4730/4295
f 2222/4730/4295 3410/4729/4294 4804/4731/4296 3411/4732/4297
f 3410/4729/4294 2218/4714/4282 3402/4716/4284 4804/4731/4296
f 4804/4731/4296 3402/4716/4284 2217/4720/4288 3412/4733/4298
f 3411/4732/4297 4804/4731/4296 3412/4733/4298 2221/4734/4299
f 2221/4735/4299 3412/4736/4298 4805/4737/4300 3413/4738/4301
f 3412/4736/4298 2217/4721/4288 3405/4724/4290 4805/4737/4300
f 4805/4737/4300 3405/4724/4290 2215/3107/2819 3414/3110/2822
f 3413/4738/4301 4805/4737/4300 3414/3110/2822 2219/3112/2824
f 2211/3380/3078 3415/3383/3081 4806/4739/4302 3392/4698/4268
f 3415/3383/3081 2220/3385/3083 3408/4728/4293 4806/4739/4302
f 4806/4739/4302 3408/4728/4293 2222/4730/4295 3416/4740/4303
f 3392/4698/4268 4806/4739/4302 3416/4740/4303 2213/4699/4269
f 2213/4699/4269 3416/4740/4303 4807/4741/4304 3394/4702/4272
f 3416/4740/4303 2222/4730/4295 3411/4732/4297 4807/4741/4304
f 4807/4741/4304 3411/4732/4297 2221/4734/4299 3417/4742/4305
f 3394/4702/4272 4807/4741/4304 3417/4742/4305 2214/4703/4273
f 2214/4707/4273 3417/4743/4305 4808/4744/4306 3396/4708/4276
f 3417/4743/4305 2221/4735/4299 3413/4738/4301 4808/4744/4306
f 4808/4744/4306 3413/4738/4301 2219/3112/2824 3418/3140/2850
f 3396/4708/4276 4808/4744/4306 3418/3140/2850 2212/3142/2852
f 2232/3074/2789 3419/3367/3069 4809/4745/4307 2735/3642/3326
f 3419/3367/3069 2237/3328/3032 3420/4746/4308 4809/4745/4307
f 4809/4745/4307 3420/4746/4308 2239/4747/4309 3421/4748/4310
f 2735/3642/3326 4809/4745/4307 3421/4748/4310 2235/3644/3328
f 2235/3644/3328 3421/4748/4310 4810/4749/4311 2736/3646/3330
f 3421/4748/4310 2239/4747/4309 3422/4750/4312 4810/4749/4311
f 4810/4749/4311 3422/4750/4312 2240/4751/4313 3423/4752/4314
f 2736/3646/3330 4810/4749/4311 3423/4752/4314 2236/3648/3332
f 2236/3650/3332 3423/4753/4314 4811/4754/4315 2737/3651/3334
f 3423/4753/4314 2240/4755/4313 3424/4756/4316 4811/4754/4315
f 4811/4754/4315 3424/4756/4316 2238/3089/2804 3425/3092/2807
f 2737/3651/3334 4811/4754/4315 3425/3092/2807 2233/3094/2809
f 2242/3341/3045 3427/3347/3051 4812/4757/4317 3426/4758/4318
f 3427/3347/3051 2228/3349/3053 3428/4759/4319 4812/4757/4317
f 4812/4757/4317 3428/4759/4319 2230/4760/4320 3429/4761/4321
f 3426/4758/4318 4812/4757/4317 3429/4761/4321 2244/4762/4322
f 2244/4762/4322 3429/4761/4321 4813/4763/4323 3430/4764/4324
f 3429/4761/4321 2230/4760/4320 3431/4765/4325 4813/4763/4323
f 4813/4763/4323 3431/4765/4325 2231/4766/4326 3432/4767/4327
f 3430/4764/4324 4813/4763/4323 3432/4767/4327 2243/4768/4328
f 2243/4769/4328 3432/4770/4327 4814/4771/4329 3433/4772/4330
f 3432/4770/4327 2231/4773/4326 3434/4774/4331 4814/4771/4329
f 4814/4771/4329 3434/4774/4331 2229/3059/2774 3435/3098/2813
f 3433/4772/4330 4814/4771/4329 3435/3098/2813 2241/3100/2815
f 2246/3333/3037 3437/3339/3043 4815/4775/4332 3436/4776/4333
f 3437/3339/3043 2242/3341/3045 3426/4758/4318 4815/4775/4332
f 4815/4775/4332 3426/4758/4318 2244/4762/4322 3438/4777/4334
f 3436/4776/4333 4815/4775/4332 3438/4777/4334 2248/4778/4335
f 2248/4778/4335 3438/4777/4334 4816/4779/4336 3439/4780/4337
f 3438/4777/4334 2244/4762/4322 3430/4764/4324 4816/4779/4336
f 4816/4779/4336 3430/4764/4324 2243/4768/4328 3440/4781/4338
f 3439/4780/4337 4816/4779/4336 3440/4781/4338 2247/4782/4339
f 2247/4783/4339 3440/4784/4338 4817/4785/4340 3441/4786/4341
f 3440/4784/4338 2243/4769/4328 3433/4772/4330 4817/4785/4340
f 4817/4785/4340 3433/4772/4330 2241/3100/2815 3442/3170/2878
f 3441/4786/4341 4817/4785/4340 3442/3170/2878 2245/3172/2880
f 2237/3328/3032 3443/3331/3035 4818/4787/4342 3420/4746/4308
f 3443/3331/3035 2246/3333/3037 3436/4776/4333 4818/4787/4342
f 4818/4787/4342 3436/4776/4333 2248/4778/4335 3444/4788/4343
f 3420/4746/4308 4818/4787/4342 3444/4788/4343 2239/4747/4309
f 2239/4747/4309 3444/4788/4343 4819/4789/4344 3422/4750/4312
f 3444/4788/4343 2248/4778/4335 3439/4780/4337 4819/4789/4344
f 4819/4789/4344 3439/4780/4337 2247/4782/4339 3445/4790/4345
f 3422/4750/4312 4819/4789/4344 3445/4790/4345 2240/4751/4313
f 2240/4755/4313 3445/4791/4345 4820/4792/4346 3424/4756/4316
f 3445/4791/4345 2247/4783/4339 3441/4786/4341 4820/4792/4346
f 4820/4792/4346 3441/4786/4341 2245/3172/2880 3446/3355/3059
f 3424/4756/4316 4820/4792/4346 3446/3355/3059 2238/3089/2804
f 2250/3320/3024 3448/3323/3027 4821/4793/4347 3447/4794/4348
f 3448/3323/3027 2257/3310/3014 3449/4795/4349 4821/4793/4347
f 4821/4793/4347 3449/4795/4349 2259/4796/4350 3450/4797/4351
f 3447/4794/4348 4821/4793/4347 3450/4797/4351 2252/4798/4352
f 2252/4798/4352 3450/4797/4351 4822/4799/4353 3451/4800/4354
f 3450/4797/4351 2259/4796/4350 3452/4801/4355 4822/4799/4353
f 4822/4799/4353 3452/4801/4355 2260/4802/4356 3453/4803/4357
f 3451/4800/4354 4822/4799/4353 3453/4803/4357 2251/4804/4358
f 2251/4805/4358 3453/4806/4357 4823/4807/4359 3454/4808/4360
f 3453/4806/4357 2260/4809/4356 3455/4810/4361 4823/4807/4359
f 4823/4807/4359 3455/4810/4361 2258/3148/2858 3456/3176/2884
f 3454/4808/4360 4823/4807/4359 3456/3176/2884 2249/3054/2769
f 2257/3310/3014 3457/3313/3017 4824/4811/4362 3449/4795/4349
f 3457/3313/3017 2261/3298/3002 3458/4812/4363 4824/4811/4362
f 4824/4811/4362 3458/4812/4363 2263/4813/4364 3459/4814/4365
f 3449/4795/4349 4824/4811/4362 3459/4814/4365 2259/4796/4350
f 2259/4796/4350 3459/4814/4365 4825/4815/4366 3452/4801/4355
f 3459/4814/4365 2263/4813/4364 3460/4816/4367 4825/4815/4366
f 4825/4815/4366 3460/4816/4367 2264/4817/4368 3461/4818/4369
f 3452/4801/4355 4825/4815/4366 3461/4818/4369 2260/4802/4356
f 2260/4809/4356 3461/4819/4369 4826/4820/4370 3455/4810/4361
f 3461/4819/4369 2264/4821/4368 3462/4822/4371 4826/4820/4370
f 4826/4820/4370 3462/4822/4371 2262/3143/2853 3463/3146/2856
f 3455/4810/4361 4826/4820/4370 3463/3146/2856 2258/3148/2858
f 2261/3298/3002 3464/3301/3005 4827/4823/4372 3458/4812/4363
f 3464/3301/3005 2265/3303/3007 3465/4824/4373 4827/4823/4372
f 4827/4823/4372 3465/4824/4373 2267/4825/4374 3466/4826/4375
f 3458/4812/4363 4827/4823/4372 3466/4826/4375 2263/4813/4364
f 2263/4813/4364 3466/4826/4375 4828/4827/4376 3460/4816/4367
f 3466/4826/4375 2267/4825/4374 3467/4828/4377 4828/4827/4376
f 4828/4827/4376 3467/4828/4377 2268/4829/4378 3468/4830/4379
f 3460/4816/4367 4828/4827/4376 3468/4830/4379 2264/4817/4368
f 2264/4821/4368 3468/4831/4379 4829/4832/4380 3462/4822/4371
f 3468/4831/4379 2268/4833/4378 3469/4834/4381 4829/4832/4380
f 4829/4832/4380 3469/4834/4381 2266/3154/2864 3470/3158/2868
f 3462/4822/4371 4829/4832/4380 3470/3158/2868 2262/3143/2853
f 2270/3401/3099 3472/3405/3103 4830/4835/4382 3471/4836/4383
f 3472/3405/3103 2253/3304/3008 3473/4837/4384 4830/4835/4382
f 4830/4835/4382 3473/4837/4384 2255/4838/4385 3474/4839/4386
f 3471/4836/4383 4830/4835/4382 3474/4839/4386 2272/4840/4387
f 2272/4840/4387 3474/4839/4386 4831/4841/4388 3475/4842/4389
f 3474/4839/4386 2255/4838/4385 3476/4843/4390 4831/4841/4388
f 4831/4841/4388 3476/4843/4390 2256/4844/4391 3477/4845/4392
f 3475/4842/4389 4831/4841/4388 3477/4845/4392 2271/4846/4393
f 2271/4847/4393 3477/4848/4392 4832/4849/4394 3478/4850/4395
f 3477/4848/4392 2256/4851/4391 3479/4852/4396 4832/4849/4394
f 4832/4849/4394 3479/4852/4396 2254/3082/2797 3480/3164/2874
f 3478/4850/4395 4832/4849/4394 3480/3164/2874 2269/3125/2835
f 2274/3395/3093 3482/3399/3097 4833/4853/4397 3481/4854/4398
f 3482/3399/3097 2270/3401/3099 3471/4836/4383 4833/4853/4397
f 4833/4853/4397 3471/4836/4383 2272/4840/4387 3483/4855/4399
f 3481/4854/4398 4833/4853/4397 3483/4855/4399 2276/4856/4400
f 2276/4856/4400 3483/4855/4399 4834/4857/4401 3484/4858/4402
f 3483/4855/4399 2272/4840/4387 3475/4842/4389 4834/4857/4401
f 4834/4857/4401 3475/4842/4389 2271/4846/4393 3485/4859/4403
f 3484/4858/4402 4834/4857/4401 3485/4859/4403 2275/4860/4404
f 2275/4861/4404 3485/4862/4403 4835/4863/4405 3486/4864/4406
f 3485/4862/4403 2271/4847/4393 3478/4850/4395 4835/4863/4405
f 4835/4863/4405 3478/4850/4395 2269/3125/2835 3487/3128/2838
f 3486/4864/4406 4835/4863/4405 3487/3128/2838 2273/3130/2840
f 2265/3303/3007 3488/3393/3091 4836/4865/4407 3465/4824/4373
f 3488/3393/3091 2274/3395/3093 3481/4854/4398 4836/4865/4407
f 4836/4865/4407 3481/4854/4398 2276/4856/4400 3489/4866/4408
f 3465/4824/4373 4836/4865/4407 3489/4866/4408 2267/4825/4374
f 2267/4825/4374 3489/4866/4408 4837/4867/4409 3467/4828/4377
f 3489/4866/4408 2276/4856/4400 3484/4858/4402 4837/4867/4409
f 4837/4867/4409 3484/4858/4402 2275/4860/4404 3490/4868/4410
f 3467/4828/4377 4837/4867/4409 3490/4868/4410 2268/4829/4378
f 2268/4833/4378 3490/4869/4410 4838/4870/4411 3469/4834/4381
f 3490/4869/4410 2275/4861/4404 3486/4864/4406 4838/4870/4411
f 4838/4870/4411 3486/4864/4406 2273/3130/2840 3491/3152/2862
f 3469/4834/4381 4838/4870/4411 3491/3152/2862 2266/3154/2864
f 2199/3360/3062 3492/3363/3065 4839/4871/4412 3400/4711/4279
f 3492/3363/3065 2168/3365/3067 3329/4584/4178 4839/4871/4412
f 4839/4871/4412 3329/4584/4178 2170/4588/4182 3493/4872/4413
f 3400/4711/4279 4839/4871/4412 3493/4872/4413 2201/4712/4280
f 2201/4712/4280 3493/4872/4413 4840/4873/4414 3403/4717/4285
f 3493/4872/4413 2170/4588/4182 3333/4590/4184 4840/4873/4414
f 4840/4873/4414 3333/4590/4184 2169/4594/4188 3494/4874/4415
f 3403/4717/4285 4840/4873/4414 3494/4874/4415 2202/4718/4286
f 2202/4725/4286 3494/4875/4415 4841/4876/4416 3406/4726/4291
f 3494/4875/4415 2169/4595/4188 3336/4598/4190 4841/4876/4416
f 4841/4876/4416 3336/4598/4190 2167/2174/1937 3495/3114/2826
f 3406/4726/4291 4841/4876/4416 3495/3114/2826 2200/3116/2828
f 2228/3349/3053 3496/3379/3077 4842/4877/4417 3428/4759/4319
f 3496/3379/3077 2250/3320/3024 3447/4794/4348 4842/4877/4417
f 4842/4877/4417 3447/4794/4348 2252/4798/4352 3497/4878/4418
f 3428/4759/4319 4842/4877/4417 3497/4878/4418 2230/4760/4320
f 2230/4760/4320 3497/4878/4418 4843/4879/4419 3431/4765/4325
f 3497/4878/4418 2252/4798/4352 3451/4800/4354 4843/4879/4419
f 4843/4879/4419 3451/4800/4354 2251/4804/4358 3498/4880/4420
f 3431/4765/4325 4843/4879/4419 3498/4880/4420 2231/4766/4326
f 2231/4773/4326 3498/4881/4420 4844/4882/4421 3434/4774/4331
f 3498/4881/4420 2251/4805/4358 3454/4808/4360 4844/4882/4421
f 4844/4882/4421 3454/4808/4360 2249/3054/2769 3499/3057/2772
f 3434/4774/4331 4844/4882/4421 3499/3057/2772 2229/3059/2774
f 2171/3337/3041 3500/3369/3071 4845/4883/4422 3355/4627/4214
f 3500/3369/3071 2224/3371/3073 2730/3640/3324 4845/4883/4422
f 4845/4883/4422 2730/3640/3324 2227/3638/3322 3501/4884/4423
f 3355/4627/4214 4845/4883/4422 3501/4884/4423 2173/4628/4215
f 2173/4628/4215 3501/4884/4423 4846/4885/4424 3358/4633/4220
f 3501/4884/4423 2227/3638/3322 2729/3635/3320 4846/4885/4424
f 4846/4885/4424 2729/3635/3320 2226/3634/3318 3502/4886/4425
f 3358/4633/4220 4846/4885/4424 3502/4886/4425 2174/4634/4221
f 2174/4641/4221 3502/4887/4425 4847/4888/4426 3361/4642/4226
f 3502/4887/4425 2226/3632/3318 2728/3630/3316 4847/4888/4426
f 4847/4888/4426 2728/3630/3316 2223/3122/2832 3503/3174/2882
f 3361/4642/4226 4847/4888/4426 3503/3174/2882 2172/3083/2798
f 2253/3304/3008 3504/3307/3011 4848/4889/4427 3473/4837/4384
f 3504/3307/3011 2196/3309/3013 3374/4662/4243 4848/4889/4427
f 4848/4889/4427 3374/4662/4243 2198/4666/4247 3505/4890/4428
f 3473/4837/4384 4848/4889/4427 3505/4890/4428 2255/4838/4385
f 2255/4838/4385 3505/4890/4428 4849/4891/4429 3476/4843/4390
f 3505/4890/4428 2198/4666/4247 3378/4668/4249 4849/4891/4429
f 4849/4891/4429 3378/4668/4249 2197/4672/4253 3506/4892/4430
f 3476/4843/4390 4849/4891/4429 3506/4892/4430 2256/4844/4391
f 2256/4851/4391 3506/4893/4430 4850/4894/4431 3479/4852/4396
f 3506/4893/4430 2197/4673/4253 3381/4676/4255 4850/4894/4431
f 4850/4894/4431 3381/4676/4255 2195/3077/2792 3507/3080/2795
f 3479/4852/4396 4850/4894/4431 3507/3080/2795 2254/3082/2797
f 2286/2378/2122 3509/2377/2121 4851/4895/4432 3508/4896/4433
f 3509/2377/2121 2277/1997/1774 3510/4897/4434 4851/4895/4432
f 4851/4895/4432 3510/4897/4434 2279/4898/4435 3511/4899/4436
f 3508/4896/4433 4851/4895/4432 3511/4899/4436 2288/4900/4437
f 2288/4900/4437 3511/4899/4436 4852/4901/4438 3512/4902/4439
f 3511/4899/4436 2279/4898/4435 3513/4903/4440 4852/4901/4438
f 4852/4904/4438 3513/4905/4440 2280/4906/4441 3514/4907/4442
f 3512/4908/4439 4852/4904/4438 3514/4907/4442 2287/4909/4443
f 2287/4909/4443 3514/4907/4442 4853/4910/4444 3515/4911/4445
f 3514/4907/4442 2280/4906/4441 3516/4912/4446 4853/4910/4444
f 4853/4910/4444 3516/4912/4446 2278/2815/2539 3517/3138/2848
f 3515/4911/4445 4853/4910/4444 3517/3138/2848 2285/2804/2528
f 2290/2013/1790 3519/3517/3208 4854/4913/4447 3518/4914/4448
f 3519/3517/3208 2286/2378/2122 3508/4896/4433 4854/4913/4447
f 4854/4913/4447 3508/4896/4433 2288/4900/4437 3520/4915/4449
f 3518/4914/4448 4854/4913/4447 3520/4915/4449 2292/4916/4450
f 2292/4916/4450 3520/4915/4449 4855/4917/4451 3521/4918/4452
f 3520/4915/4449 2288/4900/4437 3512/4902/4439 4855/4917/4451
f 4855/4919/4451 3512/4908/4439 2287/4909/4443 3522/4920/4453
f 3521/4921/4452 4855/4919/4451 3522/4920/4453 2291/4922/4454
f 2291/4922/4454 3522/4920/4453 4856/4923/4455 3523/4924/4456
f 3522/4920/4453 2287/4909/4443 3515/4911/4445 4856/4923/4455
f 4856/4923/4455 3515/4911/4445 2285/2804/2528 3524/2803/2527
f 3523/4924/4456 4856/4923/4455 3524/2803/2527 2289/2802/2526
f 2294/2015/1792 3526/2014/1791 4857/4925/4457 3525/4926/4458
f 3526/2014/1791 2290/2013/1790 3518/4914/4448 4857/4925/4457
f 4857/4925/4457 3518/4914/4448 2292/4916/4450 3527/4927/4459
f 3525/4926/4458 4857/4925/4457 3527/4927/4459 2296/4928/4460
f 2296/4928/4460 3527/4927/4459 4858/4929/4461 3528/4930/4462
f 3527/4927/4459 2292/4916/4450 3521/4918/4452 4858/4929/4461
f 4858/4931/4461 3521/4921/4452 2291/4922/4454 3529/4932/4463
f 3528/4933/4462 4858/4931/4461 3529/4932/4463 2295/4934/4464
f 2295/4934/4464 3529/4932/4463 4859/4935/4465 3530/4936/4466
f 3529/4932/4463 2291/4922/4454 3523/4924/4456 4859/4935/4465
f 4859/4935/4465 3523/4924/4456 2289/2802/2526 3531/2834/2558
f 3530/4936/4466 4859/4935/4465 3531/2834/2558 2293/2833/2557
f 2282/1946/1723 3533/1945/1722 4860/4937/4467 3532/4938/4468
f 3533/1945/1722 2297/1944/1721 3534/4939/4469 4860/4937/4467
f 4860/4937/4467 3534/4939/4469 2299/4940/4470 3535/4941/4471
f 3532/4938/4468 4860/4937/4467 3535/4941/4471 2284/4942/4472
f 2284/4942/4472 3535/4941/4471 4861/4943/4473 3536/4944/4474
f 3535/4941/4471 2299/4940/4470 3537/4945/4475 4861/4943/4473
f 4861/4946/4473 3537/4947/4475 2300/4948/4476 3538/4949/4477
f 3536/4950/4474 4861/4946/4473 3538/4949/4477 2283/4951/4478
f 2283/4951/4478 3538/4949/4477 4862/4952/4479 3539/4953/4480
f 3538/4949/4477 2300/4948/4476 3540/4954/4481 4862/4952/4479
f 4862/4952/4479 3540/4954/4481 2298/2771/2498 3541/2770/2497
f 3539/4953/4480 4862/4952/4479 3541/2770/2497 2281/2769/2496
f 2297/1944/1721 3542/2054/1828 4863/4955/4482 3534/4939/4469
f 3542/2054/1828 2301/2027/1804 3543/4956/4483 4863/4955/4482
f 4863/4955/4482 3543/4956/4483 2303/4957/4484 3544/4958/4485
f 3534/4939/4469 4863/4955/4482 3544/4958/4485 2299/4940/4470
f 2299/4940/4470 3544/4958/4485 4864/4959/4486 3537/4945/4475
f 3544/4958/4485 2303/4957/4484 3545/4960/4487 4864/4959/4486
f 4864/4961/4486 3545/4962/4487 2304/4963/4488 3546/4964/4489
f 3537/4947/4475 4864/4961/4486 3546/4964/4489 2300/4948/4476
f 2300/4948/4476 3546/4964/4489 4865/4965/4490 3540/4954/4481
f 3546/4964/4489 2304/4963/4488 3547/4966/4491 4865/4965/4490
f 4865/4965/4490 3547/4966/4491 2302/2845/2569 3548/2873/2594
f 3540/4954/4481 4865/4965/4490 3548/2873/2594 2298/2771/2498
f 2301/2027/1804 3549/2026/1803 4866/4967/4492 3543/4956/4483
f 3549/2026/1803 2294/2015/1792 3525/4926/4458 4866/4967/4492
f 4866/4967/4492 3525/4926/4458 2296/4928/4460 3550/4968/4493
f 3543/4956/4483 4866/4967/4492 3550/4968/4493 2303/4957/4484
f 2303/4957/4484 3550/4968/4493 4867/4969/4494 3545/4960/4487
f 3550/4968/4493 2296/4928/4460 3528/4930/4462 4867/4969/4494
f 4867/4970/4494 3528/4933/4462 2295/4934/4464 3551/4971/4495
f 3545/4962/4487 4867/4970/4494 3551/4971/4495 2304/4963/4488
f 2304/4963/4488 3551/4971/4495 4868/4972/4496 3547/4966/4491
f 3551/4971/4495 2295/4934/4464 3530/4936/4466 4868/4972/4496
f 4868/4972/4496 3530/4936/4466 2293/2833/2557 3552/2846/2570
f 3547/4966/4491 4868/4972/4496 3552/2846/2570 2302/2845/2569
f 2314/2045/1694 3554/2044/1819 4869/4973/4497 3553/4974/4498
f 3554/2044/1819 2305/2043/1818 3555/4975/4499 4869/4973/4497
f 4869/4973/4497 3555/4975/4499 2307/4976/4500 3556/4977/4501
f 3553/4974/4498 4869/4973/4497 3556/4977/4501 2316/4978/4502
f 2316/4978/4502 3556/4977/4501 4870/4979/4503 3557/4980/4504
f 3556/4977/4501 2307/4976/4500 3558/4981/4505 4870/4979/4503
f 4870/4982/4503 3558/4983/4505 2308/4984/4506 3559/4985/4507
f 3557/4986/4504 4870/4982/4503 3559/4985/4507 2315/4987/4508
f 2315/4987/4508 3559/4985/4507 4871/4988/4509 3560/4989/4510
f 3559/4985/4507 2308/4984/4506 3561/4990/4511 4871/4988/4509
f 4871/4988/4509 3561/4990/4511 2306/2862/2583 3562/2861/2582
f 3560/4989/4510 4871/4988/4509 3562/2861/2582 2313/2860/2471
f 2318/1919/1696 3564/1918/1695 4872/4991/4512 3563/4992/4513
f 3564/1918/1695 2314/1917/1694 3553/4993/4498 4872/4991/4512
f 4872/4991/4512 3553/4993/4498 2316/4994/4502 3565/4995/4514
f 3563/4992/4513 4872/4991/4512 3565/4995/4514 2320/4996/4515
f 2320/4996/4515 3565/4995/4514 4873/4997/4516 3566/4998/4517
f 3565/4995/4514 2316/4994/4502 3557/4999/4504 4873/4997/4516
f 4873/5000/4516 3557/5001/4504 2315/5002/4508 3567/5003/4518
f 3566/5004/4517 4873/5000/4516 3567/5003/4518 2319/5005/4519
f 2319/5005/4519 3567/5003/4518 4874/5006/4520 3568/5007/4521
f 3567/5003/4518 2315/5002/4508 3560/5008/4510 4874/5006/4520
f 4874/5006/4520 3560/5008/4510 2313/2744/2471 3569/2743/2470
f 3568/5007/4521 4874/5006/4520 3569/2743/2470 2317/2742/2469
f 2322/1899/1677 3571/2069/1843 4875/5009/4522 3570/5010/4523
f 3571/2069/1843 2318/1919/1696 3563/4992/4513 4875/5009/4522
f 4875/5009/4522 3563/4992/4513 2320/4996/4515 3572/5011/4524
f 3570/5010/4523 4875/5009/4522 3572/5011/4524 2324/5012/4525
f 2324/5012/4525 3572/5011/4524 4876/5013/4526 3573/5014/4527
f 3572/5011/4524 2320/4996/4515 3566/4998/4517 4876/5013/4526
f 4876/5015/4526 3566/5004/4517 2319/5005/4519 3574/5016/4528
f 3573/5017/4527 4876/5015/4526 3574/5016/4528 2323/5018/4529
f 2323/5018/4529 3574/5016/4528 4877/5019/4530 3575/5020/4531
f 3574/5016/4528 2319/5005/4519 3568/5007/4521 4877/5019/4530
f 4877/5019/4530 3568/5007/4521 2317/2742/2469 3576/2888/2609
f 3575/5020/4531 4877/5019/4530 3576/2888/2609 2321/2726/2453
f 2310/1995/1772 3578/2000/1777 4878/5021/4532 3577/5022/4533
f 3578/2000/1777 2325/1952/1729 3579/5023/4534 4878/5021/4532
f 4878/5021/4532 3579/5023/4534 2327/5024/4535 3580/5025/4536
f 3577/5022/4533 4878/5021/4532 3580/5025/4536 2312/5026/4537
f 2312/5026/4537 3580/5025/4536 4879/5027/4538 3581/5028/4539
f 3580/5025/4536 2327/5024/4535 3582/5029/4540 4879/5027/4538
f 4879/5030/4538 3582/5031/4540 2328/5032/4541 3583/5033/4542
f 3581/5034/4539 4879/5030/4538 3583/5033/4542 2311/5035/4543
f 2311/5035/4543 3583/5033/4542 4880/5036/4544 3584/5037/4545
f 3583/5033/4542 2328/5032/4541 3585/5038/4546 4880/5036/4544
f 4880/5036/4544 3585/5038/4546 2326/2778/2505 3586/2822/2546
f 3584/5037/4545 4880/5036/4544 3586/2822/2546 2309/2817/2541
f 2325/1952/1729 3587/1951/1728 4881/5039/4547 3579/5023/4534
f 3587/1951/1728 2329/1901/1679 3588/5040/4548 4881/5039/4547
f 4881/5039/4547 3588/5040/4548 2331/5041/4549 3589/5042/4550
f 3579/5023/4534 4881/5039/4547 3589/5042/4550 2327/5024/4535
f 2327/5024/4535 3589/5042/4550 4882/5043/4551 3582/5029/4540
f 3589/5042/4550 2331/5041/4549 3590/5044/4552 4882/5043/4551
f 4882/5045/4551 3590/5046/4552 2332/5047/4553 3591/5048/4554
f 3582/5031/4540 4882/5045/4551 3591/5048/4554 2328/5032/4541
f 2328/5032/4541 3591/5048/4554 4883/5049/4555 3585/5038/4546
f 3591/5048/4554 2332/5047/4553 3592/5050/4556 4883/5049/4555
f 4883/5049/4555 3592/5050/4556 2330/2724/2451 3593/2779/2506
f 3585/5038/4546 4883/5049/4555 3593/2779/2506 2326/2778/2505
f 2329/1901/1679 3594/1900/1678 4884/5051/4557 3588/5040/4548
f 3594/1900/1678 2322/1899/1677 3570/5010/4523 4884/5051/4557
f 4884/5051/4557 3570/5010/4523 2324/5012/4525 3595/5052/4558
f 3588/5040/4548 4884/5051/4557 3595/5052/4558 2331/5041/4549
f 2331/5041/4549 3595/5052/4558 4885/5053/4559 3590/5044/4552
f 3595/5052/4558 2324/5012/4525 3573/5014/4527 4885/5053/4559
f 4885/5054/4559 3573/5017/4527 2323/5018/4529 3596/5055/4560
f 3590/5046/4552 4885/5054/4559 3596/5055/4560 2332/5047/4553
f 2332/5047/4553 3596/5055/4560 4886/5056/4561 3592/5050/4556
f 3596/5055/4560 2323/5018/4529 3575/5020/4531 4886/5056/4561
f 4886/5056/4561 3575/5020/4531 2321/2726/2453 3597/2725/2452
f 3592/5050/4556 4886/5056/4561 3597/2725/2452 2330/2724/2451
f 2342/1937/1714 3599/1936/1713 4887/5057/4562 3598/5058/4563
f 3599/1936/1713 2333/1935/1712 3600/5059/4564 4887/5057/4562
f 4887/5057/4562 3600/5059/4564 2335/5060/4565 3601/5061/4566
f 3598/5058/4563 4887/5057/4562 3601/5061/4566 2344/5062/4567
f 2344/5062/4567 3601/5061/4566 4888/5063/4568 3602/5064/4569
f 3601/5061/4566 2335/5060/4565 3603/5065/4570 4888/5063/4568
f 4888/5066/4568 3603/5067/4570 2336/5068/4571 3604/5069/4572
f 3602/5070/4569 4888/5066/4568 3604/5069/4572 2343/5071/4573
f 2343/5071/4573 3604/5069/4572 4889/5072/4574 3605/5073/4575
f 3604/5069/4572 2336/5068/4571 3606/5074/4576 4889/5072/4574
f 4889/5072/4574 3606/5074/4576 2334/2762/2489 3607/2761/2488
f 3605/5073/4575 4889/5072/4574 3607/2761/2488 2341/2760/2487
f 2346/1986/1763 3609/3514/3205 4890/5075/4577 3608/5076/4578
f 3609/3514/3205 2342/3513/1714 3598/5077/4563 4890/5075/4577
f 4890/5075/4577 3598/5077/4563 2344/5078/4567 3610/5079/4579
f 3608/5076/4578 4890/5075/4577 3610/5079/4579 2348/5080/4580
f 2348/5080/4580 3610/5079/4579 4891/5081/4581 3611/5082/4582
f 3610/5079/4579 2344/5078/4567 3602/5083/4569 4891/5081/4581
f 4891/5084/4581 3602/5085/4569 2343/5086/4573 3612/5087/4583
f 3611/5088/4582 4891/5084/4581 3612/5087/4583 2347/5089/4584
f 2347/5089/4584 3612/5087/4583 4892/5090/4585 3613/5091/4586
f 3612/5087/4583 2343/5086/4573 3605/5092/4575 4892/5090/4585
f 4892/5090/4585 3605/5092/4575 2341/2786/2487 3614/2785/2512
f 3613/5091/4586 4892/5090/4585 3614/2785/2512 2345/2784/2511
f 2350/1988/1765 3616/1987/1764 4893/5093/4587 3615/5094/4588
f 3616/1987/1764 2346/1986/1763 3608/5076/4578 4893/5093/4587
f 4893/5093/4587 3608/5076/4578 2348/5080/4580 3617/5095/4589
f 3615/5094/4588 4893/5093/4587 3617/5095/4589 2352/5096/4590
f 2352/5096/4590 3617/5095/4589 4894/5097/4591 3618/5098/4592
f 3617/5095/4589 2348/5080/4580 3611/5082/4582 4894/5097/4591
f 4894/5099/4591 3611/5088/4582 2347/5089/4584 3619/5100/4593
f 3618/5101/4592 4894/5099/4591 3619/5100/4593 2351/5102/4594
f 2351/5102/4594 3619/5100/4593 4895/5103/4595 3620/5104/4596
f 3619/5100/4593 2347/5089/4584 3613/5091/4586 4895/5103/4595
f 4895/5103/4595 3613/5091/4586 2345/2784/2511 3621/2811/2535
f 3620/5104/4596 4895/5103/4595 3621/2811/2535 2349/2810/2534
f 2338/1970/1747 3623/1969/1746 4896/5105/4597 3622/5106/4598
f 3623/1969/1746 2353/1968/1745 3624/5107/4599 4896/5105/4597
f 4896/5105/4597 3624/5107/4599 2355/5108/4600 3625/5109/4601
f 3622/5106/4598 4896/5105/4597 3625/5109/4601 2340/5110/4602
f 2340/5110/4602 3625/5109/4601 4897/5111/4603 3626/5112/4604
f 3625/5109/4601 2355/5108/4600 3627/5113/4605 4897/5111/4603
f 4897/5114/4603 3627/5115/4605 2356/5116/4606 3628/5117/4607
f 3626/5118/4604 4897/5114/4603 3628/5117/4607 2339/5119/4608
f 2339/5119/4608 3628/5117/4607 4898/5120/4609 3629/5121/4610
f 3628/5117/4607 2356/5116/4606 3630/5122/4611 4898/5120/4609
f 4898/5120/4609 3630/5122/4611 2354/2795/2519 3631/2794/2518
f 3629/5121/4610 4898/5120/4609 3631/2794/2518 2337/2793/2517
f 2353/1968/1745 3632/2036/1813 4899/5123/4612 3624/5107/4599
f 3632/2036/1813 2357/2006/1783 3633/5124/4613 4899/5123/4612
f 4899/5123/4612 3633/5124/4613 2359/5125/4614 3634/5126/4615
f 3624/5107/4599 4899/5123/4612 3634/5126/4615 2355/5108/4600
f 2355/5108/4600 3634/5126/4615 4900/5127/4616 3627/5113/4605
f 3634/5126/4615 2359/5125/4614 3635/5128/4617 4900/5127/4616
f 4900/5129/4616 3635/5130/4617 2360/5131/4618 3636/5132/4619
f 3627/5115/4605 4900/5129/4616 3636/5132/4619 2356/5116/4606
f 2356/5116/4606 3636/5132/4619 4901/5133/4620 3630/5122/4611
f 3636/5132/4619 2360/5131/4618 3637/5134/4621 4901/5133/4620
f 4901/5133/4620 3637/5134/4621 2358/2827/2551 3638/2855/2579
f 3630/5122/4611 4901/5133/4620 3638/2855/2579 2354/2795/2519
f 2357/2006/1783 3639/2005/1782 4902/5135/4622 3633/5124/4613
f 3639/2005/1782 2350/1988/1765 3615/5094/4588 4902/5135/4622
f 4902/5135/4622 3615/5094/4588 2352/5096/4590 3640/5136/4623
f 3633/5124/4613 4902/5135/4622 3640/5136/4623 2359/5125/4614
f 2359/5125/4614 3640/5136/4623 4903/5137/4624 3635/5128/4617
f 3640/5136/4623 2352/5096/4590 3618/5098/4592 4903/5137/4624
f 4903/5138/4624 3618/5101/4592 2351/5102/4594 3641/5139/4625
f 3635/5130/4617 4903/5138/4624 3641/5139/4625 2360/5131/4618
f 2360/5131/4618 3641/5139/4625 4904/5140/4626 3637/5134/4621
f 3641/5139/4625 2351/5102/4594 3620/5104/4596 4904/5140/4626
f 4904/5140/4626 3620/5104/4596 2349/2810/2534 3642/2828/2552
f 3637/5134/4621 4904/5140/4626 3642/2828/2552 2358/2827/2551
f 2370/1890/1668 3644/2030/1807 4905/5141/4627 3643/5142/4628
f 3644/2030/1807 2361/2021/1798 3645/5143/4629 4905/5141/4627
f 4905/5141/4627 3645/5143/4629 2363/5144/4630 3646/5145/4631
f 3643/5142/4628 4905/5141/4627 3646/5145/4631 2372/5146/4632
f 2372/5146/4632 3646/5145/4631 4906/5147/4633 3647/5148/4634
f 3646/5145/4631 2363/5144/4630 3648/5149/4635 4906/5147/4633
f 4906/5150/4633 3648/5151/4635 2364/5152/4636 3649/5153/4637
f 3647/5154/4634 4906/5150/4633 3649/5153/4637 2371/5155/4638
f 2371/5155/4638 3649/5153/4637 4907/5156/4639 3650/5157/4640
f 3649/5153/4637 2364/5152/4636 3651/5158/4641 4907/5156/4639
f 4907/5156/4639 3651/5158/4641 2362/2839/2563 3652/2849/2573
f 3650/5157/4640 4907/5156/4639 3652/2849/2573 2369/2717/2444
f 2374/1892/1670 3654/1891/1669 4908/5159/4642 3653/5160/4643
f 3654/1891/1669 2370/1890/1668 3643/5142/4628 4908/5159/4642
f 4908/5159/4642 3643/5142/4628 2372/5146/4632 3655/5161/4644
f 3653/5160/4643 4908/5159/4642 3655/5161/4644 2376/5162/4645
f 2376/5162/4645 3655/5161/4644 4909/5163/4646 3656/5164/4647
f 3655/5161/4644 2372/5146/4632 3647/5148/4634 4909/5163/4646
f 4909/5165/4646 3647/5154/4634 2371/5155/4638 3657/5166/4648
f 3656/5167/4647 4909/5165/4646 3657/5166/4648 2375/5168/4649
f 2375/5168/4649 3657/5166/4648 4910/5169/4650 3658/5170/4651
f 3657/5166/4648 2371/5155/4638 3650/5157/4640 4910/5169/4650
f 4910/5169/4650 3650/5157/4640 2369/2717/2444 3659/2716/2443
f 3658/5170/4651 4910/5169/4650 3659/2716/2443 2373/2715/2442
f 2378/2060/1834 3661/2059/1833 4911/5171/4652 3660/5172/4653
f 3661/2059/1833 2374/1892/1670 3653/5160/4643 4911/5171/4652
f 4911/5171/4652 3653/5160/4643 2376/5162/4645 3662/5173/4654
f 3660/5172/4653 4911/5171/4652 3662/5173/4654 2380/5174/4655
f 2380/5174/4655 3662/5173/4654 4912/5175/4656 3663/5176/4657
f 3662/5173/4654 2376/5162/4645 3656/5164/4647 4912/5175/4656
f 4912/5177/4656 3656/5167/4647 2375/5168/4649 3664/5178/4658
f 3663/5179/4657 4912/5177/4656 3664/5178/4658 2379/5180/4659
f 2379/5180/4659 3664/5178/4658 4913/5181/4660 3665/5182/4661
f 3664/5178/4658 2375/5168/4649 3658/5170/4651 4913/5181/4660
f 4913/5181/4660 3658/5170/4651 2373/2715/2442 3666/2879/2600
f 3665/5182/4661 4913/5181/4660 3666/2879/2600 2377/2878/2599
f 2366/2051/1825 3668/2050/1824 4914/5183/4662 3667/5184/4663
f 3668/2050/1824 2381/1928/1705 3669/5185/4664 4914/5183/4662
f 4914/5183/4662 3669/5185/4664 2383/5186/4665 3670/5187/4666
f 3667/5184/4663 4914/5183/4662 3670/5187/4666 2368/5188/4667
f 2368/5188/4667 3670/5187/4666 4915/5189/4668 3671/5190/4669
f 3670/5187/4666 2383/5186/4665 3672/5191/4670 4915/5189/4668
f 4915/5192/4668 3672/5193/4670 2384/5194/4671 3673/5195/4672
f 3671/5196/4669 4915/5192/4668 3673/5195/4672 2367/5197/4673
f 2367/5197/4673 3673/5195/4672 4916/5198/4674 3674/5199/4675
f 3673/5195/4672 2384/5194/4671 3675/5200/4676 4916/5198/4674
f 4916/5198/4674 3675/5200/4676 2382/2751/2478 3676/2870/2591
f 3674/5199/4675 4916/5198/4674 3676/2870/2591 2365/2869/2590
f 2381/1928/1705 3677/1927/1704 4917/5201/4677 3669/5185/4664
f 3677/1927/1704 2385/1926/1703 3678/5202/4678 4917/5201/4677
f 4917/5201/4677 3678/5202/4678 2387/5203/4679 3679/5204/4680
f 3669/5185/4664 4917/5201/4677 3679/5204/4680 2383/5186/4665
f 2383/5186/4665 3679/5204/4680 4918/5205/4681 3672/5191/4670
f 3679/5204/4680 2387/5203/4679 3680/5206/4682 4918/5205/4681
f 4918/5207/4681 3680/5208/4682 2388/5209/4683 3681/5210/4684
f 3672/5193/4670 4918/5207/4681 3681/5210/4684 2384/5194/4671
f 2384/5194/4671 3681/5210/4684 4919/5211/4685 3675/5200/4676
f 3681/5210/4684 2388/5209/4683 3682/5212/4686 4919/5211/4685
f 4919/5211/4685 3682/5212/4686 2386/2753/2480 3683/2752/2479
f 3675/5200/4676 4919/5211/4685 3683/2752/2479 2382/2751/2478
f 2385/1926/1703 3684/2066/1840 4920/5213/4687 3678/5202/4678
f 3684/2066/1840 2378/2060/1834 3660/5172/4653 4920/5213/4687
f 4920/5213/4687 3660/5172/4653 2380/5174/4655 3685/5214/4688
f 3678/5202/4678 4920/5213/4687 3685/5214/4688 2387/5203/4679
f 2387/5203/4679 3685/5214/4688 4921/5215/4689 3680/5206/4682
f 3685/5214/4688 2380/5174/4655 3663/5176/4657 4921/5215/4689
f 4921/5216/4689 3663/5179/4657 2379/5180/4659 3686/5217/4690
f 3680/5208/4682 4921/5216/4689 3686/5217/4690 2388/5209/4683
f 2388/5209/4683 3686/5217/4690 4922/5218/4691 3682/5212/4686
f 3686/5217/4690 2379/5180/4659 3665/5182/4661 4922/5218/4691
f 4922/5218/4691 3665/5182/4661 2377/2878/2599 3687/2885/2606
f 3682/5212/4686 4922/5218/4691 3687/2885/2606 2386/2753/2480
f 2277/1997/1774 3688/1996/1773 4923/5219/4692 3510/4897/4434
f 3688/1996/1773 2310/1995/1772 3577/5022/4533 4923/5219/4692
f 4923/5219/4692 3577/5022/4533 2312/5026/4537 3689/5220/4693
f 3510/4897/4434 4923/5219/4692 3689/5220/4693 2279/4898/4435
f 2279/4898/4435 3689/5220/4693 4924/5221/4694 3513/4903/4440
f 3689/5220/4693 2312/5026/4537 3581/5028/4539 4924/5221/4694
f 4924/5222/4694 3581/5034/4539 2311/5035/4543 3690/5223/4695
f 3513/4905/4440 4924/5222/4694 3690/5223/4695 2280/4906/4441
f 2280/4906/4441 3690/5223/4695 4925/5224/4696 3516/4912/4446
f 3690/5223/4695 2311/5035/4543 3584/5037/4545 4925/5224/4696
f 4925/5224/4696 3584/5037/4545 2309/2817/2541 3691/2816/2540
f 3516/4912/4446 4925/5224/4696 3691/2816/2540 2278/2815/2539
f 2361/2021/1798 3692/2020/1797 4926/5225/4697 3645/5143/4629
f 3692/2020/1797 2338/1970/1747 3622/5106/4598 4926/5225/4697
f 4926/5225/4697 3622/5106/4598 2340/5110/4602 3693/5226/4698
f 3645/5143/4629 4926/5225/4697 3693/5226/4698 2363/5144/4630
f 2363/5144/4630 3693/5226/4698 4927/5227/4699 3648/5149/4635
f 3693/5226/4698 2340/5110/4602 3626/5112/4604 4927/5227/4699
f 4927/5228/4699 3626/5118/4604 2339/5119/4608 3694/5229/4700
f 3648/5151/4635 4927/5228/4699 3694/5229/4700 2364/5152/4636
f 2364/5152/4636 3694/5229/4700 4928/5230/4701 3651/5158/4641
f 3694/5229/4700 2339/5119/4608 3629/5121/4610 4928/5230/4701
f 4928/5230/4701 3629/5121/4610 2337/2793/2517 3695/2840/2564
f 3651/5158/4641 4928/5230/4701 3695/2840/2564 2362/2839/2563
f 2333/1935/1712 3696/2033/1810 4929/5231/4702 3600/5059/4564
f 3696/2033/1810 2282/1946/1723 3532/4938/4468 4929/5231/4702
f 4929/5231/4702 3532/4938/4468 2284/4942/4472 3697/5232/4703
f 3600/5059/4564 4929/5231/4702 3697/5232/4703 2335/5060/4565
f 2335/5060/4565 3697/5232/4703 4930/5233/4704 3603/5065/4570
f 3697/5232/4703 2284/4942/4472 3536/4944/4474 4930/5233/4704
f 4930/5234/4704 3536/4950/4474 2283/4951/4478 3698/5235/4705
f 3603/5067/4570 4930/5234/4704 3698/5235/4705 2336/5068/4571
f 2336/5068/4571 3698/5235/4705 4931/5236/4706 3606/5074/4576
f 3698/5235/4705 2283/4951/4478 3539/4953/4480 4931/5236/4706
f 4931/5236/4706 3539/4953/4480 2281/2769/2496 3699/2852/2576
f 3606/5074/4576 4931/5236/4706 3699/2852/2576 2334/2762/2489
f 2305/2043/1818 3700/2063/1837 4932/5237/4707 3555/4975/4499
f 3700/2063/1837 2366/2051/1825 3667/5184/4663 4932/5237/4707
f 4932/5237/4707 3667/5184/4663 2368/5188/4667 3701/5238/4708
f 3555/4975/4499 4932/5237/4707 3701/5238/4708 2307/4976/4500
f 2307/4976/4500 3701/5238/4708 4933/5239/4709 3558/4981/4505
f 3701/5238/4708 2368/5188/4667 3671/5190/4669 4933/5239/4709
f 4933/5240/4709 3671/5196/4669 2367/5197/4673 3702/5241/4710
f 3558/4983/4505 4933/5240/4709 3702/5241/4710 2308/4984/4506
f 2308/4984/4506 3702/5241/4710 4934/5242/4711 3561/4990/4511
f 3702/5241/4710 2367/5197/4673 3674/5199/4675 4934/5242/4711
f 4934/5242/4711 3674/5199/4675 2365/2869/2590 3703/2882/2603
f 3561/4990/4511 4934/5242/4711 3703/2882/2603 2306/2862/2583
f 2390/1910/1687 3705/1909/1686 4935/5243/4712 3704/5244/4713
f 3705/1909/1686 2397/1908/1685 3706/5245/4714 4935/5243/4712
f 4935/5243/4712 3706/5245/4714 2399/5246/4715 3707/5247/4716
f 3704/5244/4713 4935/5243/4712 3707/5247/4716 2392/5248/4717
f 2392/5248/4717 3707/5247/4716 4936/5249/4718 3708/5250/4719
f 3707/5247/4716 2399/5246/4715 3709/5251/4720 4936/5249/4718
f 4936/5249/4718 3709/5251/4720 2400/5252/4721 3710/5253/4722
f 3708/5250/4719 4936/5249/4718 3710/5253/4722 2391/5254/4723
f 2391/5255/4723 3710/5256/4722 4937/5257/4724 3711/5258/4725
f 3710/5256/4722 2400/5259/4721 3712/5260/4726 4937/5257/4724
f 4937/5257/4724 3712/5260/4726 2398/2735/2462 3713/2734/2461
f 3711/5258/4725 4937/5257/4724 3713/2734/2461 2389/2733/2460
f 2397/1908/1685 3714/2225/1974 4938/5261/4727 3706/5245/4714
f 3714/2225/1974 2401/2224/1973 3715/5262/4728 4938/5261/4727
f 4938/5261/4727 3715/5262/4728 2403/5263/4729 3716/5264/4730
f 3706/5245/4714 4938/5261/4727 3716/5264/4730 2399/5246/4715
f 2399/5246/4715 3716/5264/4730 4939/5265/4731 3709/5251/4720
f 3716/5264/4730 2403/5263/4729 3717/5266/4732 4939/5265/4731
f 4939/5265/4731 3717/5266/4732 2404/5267/4733 3718/5268/4734
f 3709/5251/4720 4939/5265/4731 3718/5268/4734 2400/5252/4721
f 2400/5259/4721 3718/5269/4734 4940/5270/4735 3712/5260/4726
f 3718/5269/4734 2404/5271/4733 3719/5272/4736 4940/5270/4735
f 4940/5270/4735 3719/5272/4736 2402/3027/2742 3720/3026/2741
f 3712/5260/4726 4940/5270/4735 3720/3026/2741 2398/2735/2462
f 2401/2224/1973 3721/2252/1997 4941/5273/4737 3715/5262/4728
f 3721/2252/1997 2405/2078/1851 3722/5274/4738 4941/5273/4737
f 4941/5273/4737 3722/5274/4738 2407/5275/4739 3723/5276/4740
f 3715/5262/4728 4941/5273/4737 3723/5276/4740 2403/5263/4729
f 2403/5263/4729 3723/5276/4740 4942/5277/4741 3717/5266/4732
f 3723/5276/4740 2407/5275/4739 3724/5278/4742 4942/5277/4741
f 4942/5277/4741 3724/5278/4742 2408/5279/4743 3725/5280/4744
f 3717/5266/4732 4942/5277/4741 3725/5280/4744 2404/5267/4733
f 2404/5271/4733 3725/5281/4744 4943/5282/4745 3719/5272/4736
f 3725/5281/4744 2408/5283/4743 3726/5284/4746 4943/5282/4745
f 4943/5282/4745 3726/5284/4746 2406/2893/2614 3727/3050/2765
f 3719/5272/4736 4943/5282/4745 3727/3050/2765 2402/3027/2742
f 2410/2128/1897 3729/3622/3308 4944/5285/4747 3728/5286/4748
f 3729/3622/3308 2393/2096/1868 3730/5287/4749 4944/5285/4747
f 4944/5285/4747 3730/5287/4749 2395/5288/4750 3731/5289/4751
f 3728/5286/4748 4944/5285/4747 3731/5289/4751 2412/5290/4752
f 2412/5290/4752 3731/5289/4751 4945/5291/4753 3732/5292/4754
f 3731/5289/4751 2395/5288/4750 3733/5293/4755 4945/5291/4753
f 4945/5291/4753 3733/5293/4755 2396/5294/4756 3734/5295/4757
f 3732/5292/4754 4945/5291/4753 3734/5295/4757 2411/5296/4758
f 2411/5297/4758 3734/5298/4757 4946/5299/4759 3735/5300/4760
f 3734/5298/4757 2396/5301/4756 3736/5302/4761 4946/5299/4759
f 4946/5299/4759 3736/5302/4761 2394/2911/2632 3737/3002/2720
f 3735/5300/4760 4946/5299/4759 3737/3002/2720 2409/2946/2667
f 2414/2076/1849 3739/2129/1898 4947/5303/4762 3738/5304/4763
f 3739/2129/1898 2410/2128/1897 3728/5286/4748 4947/5303/4762
f 4947/5303/4762 3728/5286/4748 2412/5290/4752 3740/5305/4764
f 3738/5304/4763 4947/5303/4762 3740/5305/4764 2416/5306/4765
f 2416/5306/4765 3740/5305/4764 4948/5307/4766 3741/5308/4767
f 3740/5305/4764 2412/5290/4752 3732/5292/4754 4948/5307/4766
f 4948/5307/4766 3732/5292/4754 2411/5296/4758 3742/5309/4768
f 3741/5308/4767 4948/5307/4766 3742/5309/4768 2415/5310/4769
f 2415/5311/4769 3742/5312/4768 4949/5313/4770 3743/5314/4771
f 3742/5312/4768 2411/5297/4758 3735/5300/4760 4949/5313/4770
f 4949/5313/4770 3735/5300/4760 2409/2946/2667 3744/2945/2666
f 3743/5314/4771 4949/5313/4770 3744/2945/2666 2413/2895/2616
f 2405/2078/1851 3745/2077/1850 4950/5315/4772 3722/5274/4738
f 3745/2077/1850 2414/2076/1849 3738/5304/4763 4950/5315/4772
f 4950/5315/4772 3738/5304/4763 2416/5306/4765 3746/5316/4773
f 3722/5274/4738 4950/5315/4772 3746/5316/4773 2407/5275/4739
f 2407/5275/4739 3746/5316/4773 4951/5317/4774 3724/5278/4742
f 3746/5316/4773 2416/5306/4765 3741/5308/4767 4951/5317/4774
f 4951/5317/4774 3741/5308/4767 2415/5310/4769 3747/5318/4775
f 3724/5278/4742 4951/5317/4774 3747/5318/4775 2408/5279/4743
f 2408/5283/4743 3747/5319/4775 4952/5320/4776 3726/5284/4746
f 3747/5319/4775 2415/5311/4769 3743/5314/4771 4952/5320/4776
f 4952/5320/4776 3743/5314/4771 2413/2895/2616 3748/2894/2615
f 3726/5284/4746 4952/5320/4776 3748/2894/2615 2406/2893/2614
f 2418/2114/1884 3750/2113/1883 4953/5321/4777 3749/5322/4778
f 3750/2113/1883 2425/2112/1882 3751/5323/4779 4953/5321/4777
f 4953/5321/4777 3751/5323/4779 2427/5324/4780 3752/5325/4781
f 3749/5322/4778 4953/5321/4777 3752/5325/4781 2420/5326/4782
f 2420/5326/4782 3752/5325/4781 4954/5327/4783 3753/5328/4784
f 3752/5325/4781 2427/5324/4780 3754/5329/4785 4954/5327/4783
f 4954/5327/4783 3754/5329/4785 2428/5330/4786 3755/5331/4787
f 3753/5328/4784 4954/5327/4783 3755/5331/4787 2419/5332/4788
f 2419/5333/4788 3755/5334/4787 4955/5335/4789 3756/5336/4790
f 3755/5334/4787 2428/5337/4786 3757/5338/4791 4955/5335/4789
f 4955/5335/4789 3757/5338/4791 2426/2931/2652 3758/2930/2651
f 3756/5336/4790 4955/5335/4789 3758/2930/2651 2417/2929/2650
f 2425/2180/1882 3759/2179/1939 4956/5339/4792 3751/5340/4779
f 3759/2179/1939 2429/2156/1920 3760/5341/4793 4956/5339/4792
f 4956/5339/4792 3760/5341/4793 2431/5342/4794 3761/5343/4795
f 3751/5340/4779 4956/5339/4792 3761/5343/4795 2427/5344/4780
f 2427/5344/4780 3761/5343/4795 4957/5345/4796 3754/5346/4785
f 3761/5343/4795 2431/5342/4794 3762/5347/4797 4957/5345/4796
f 4957/5345/4796 3762/5347/4797 2432/5348/4798 3763/5349/4799
f 3754/5346/4785 4957/5345/4796 3763/5349/4799 2428/5350/4786
f 2428/5351/4786 3763/5352/4799 4958/5353/4800 3757/5354/4791
f 3763/5352/4799 2432/5355/4798 3764/5356/4801 4958/5353/4800
f 4958/5353/4800 3764/5356/4801 2430/2971/2692 3765/2990/2708
f 3757/5354/4791 4958/5353/4800 3765/2990/2708 2426/2989/2652
f 2429/2156/1920 3766/2155/1919 4959/5357/4802 3760/5341/4793
f 3766/2155/1919 2433/2154/1918 3767/5358/4803 4959/5357/4802
f 4959/5357/4802 3767/5358/4803 2435/5359/4804 3768/5360/4805
f 3760/5341/4793 4959/5357/4802 3768/5360/4805 2431/5342/4794
f 2431/5342/4794 3768/5360/4805 4960/5361/4806 3762/5347/4797
f 3768/5360/4805 2435/5359/4804 3769/5362/4807 4960/5361/4806
f 4960/5361/4806 3769/5362/4807 2436/5363/4808 3770/5364/4809
f 3762/5347/4797 4960/5361/4806 3770/5364/4809 2432/5348/4798
f 2432/5355/4798 3770/5365/4809 4961/5366/4810 3764/5356/4801
f 3770/5365/4809 2436/5367/4808 3771/5368/4811 4961/5366/4810
f 4961/5366/4810 3771/5368/4811 2434/2973/2694 3772/2972/2693
f 3764/5356/4801 4961/5366/4810 3772/2972/2693 2430/2971/2692
f 2438/2203/1960 3774/3629/3315 4962/5369/4812 3773/5370/4813
f 3774/3629/3315 2421/2237/1983 3775/5371/4814 4962/5369/4812
f 4962/5369/4812 3775/5371/4814 2423/5372/4815 3776/5373/4816
f 3773/5370/4813 4962/5369/4812 3776/5373/4816 2440/5374/4817
f 2440/5374/4817 3776/5373/4816 4963/5375/4818 3777/5376/4819
f 3776/5373/4816 2423/5372/4815 3778/5377/4820 4963/5375/4818
f 4963/5375/4818 3778/5377/4820 2424/5378/4821 3779/5379/4822
f 3777/5376/4819 4963/5375/4818 3779/5379/4822 2439/5380/4823
f 2439/5381/4823 3779/5382/4822 4964/5383/4824 3780/5384/4825
f 3779/5382/4822 2424/5385/4821 3781/5386/4826 4964/5383/4824
f 4964/5383/4824 3781/5386/4826 2422/3040/2755 3782/3044/2759
f 3780/5384/4825 4964/5383/4824 3782/3044/2759 2437/3006/2724
f 2442/2164/1927 3784/2204/1961 4965/5387/4827 3783/5388/4828
f 3784/2204/1961 2438/2203/1960 3773/5370/4813 4965/5387/4827
f 4965/5387/4827 3773/5370/4813 2440/5374/4817 3785/5389/4829
f 3783/5388/4828 4965/5387/4827 3785/5389/4829 2444/5390/4830
f 2444/5390/4830 3785/5389/4829 4966/5391/4831 3786/5392/4832
f 3785/5389/4829 2440/5374/4817 3777/5376/4819 4966/5391/4831
f 4966/5391/4831 3777/5376/4819 2439/5380/4823 3787/5393/4833
f 3786/5392/4832 4966/5391/4831 3787/5393/4833 2443/5394/4834
f 2443/5395/4834 3787/5396/4833 4967/5397/4835 3788/5398/4836
f 3787/5396/4833 2439/5381/4823 3780/5384/4825 4967/5397/4835
f 4967/5397/4835 3780/5384/4825 2437/3006/2724 3789/3005/2723
f 3788/5398/4836 4967/5397/4835 3789/3005/2723 2441/2982/2703
f 2433/2154/1918 3790/2165/1928 4968/5399/4837 3767/5358/4803
f 3790/2165/1928 2442/2164/1927 3783/5388/4828 4968/5399/4837
f 4968/5399/4837 3783/5388/4828 2444/5390/4830 3791/5400/4838
f 3767/5358/4803 4968/5399/4837 3791/5400/4838 2435/5359/4804
f 2435/5359/4804 3791/5400/4838 4969/5401/4839 3769/5362/4807
f 3791/5400/4838 2444/5390/4830 3786/5392/4832 4969/5401/4839
f 4969/5401/4839 3786/5392/4832 2443/5394/4834 3792/5402/4840
f 3769/5362/4807 4969/5401/4839 3792/5402/4840 2436/5363/4808
f 2436/5367/4808 3792/5403/4840 4970/5404/4841 3771/5368/4811
f 3792/5403/4840 2443/5395/4834 3788/5398/4836 4970/5404/4841
f 4970/5404/4841 3788/5398/4836 2441/2982/2703 3793/2981/2702
f 3771/5368/4811 4970/5404/4841 3793/2981/2702 2434/2973/2694
f 2446/2094/1866 3795/2189/1946 4971/5405/4842 3794/5406/4843
f 3795/2189/1946 2453/2188/1945 3796/5407/4844 4971/5405/4842
f 4971/5405/4842 3796/5407/4844 2455/5408/4845 3797/5409/4846
f 3794/5406/4843 4971/5405/4842 3797/5409/4846 2448/5410/4847
f 2448/5410/4847 3797/5409/4846 4972/5411/4848 3798/5412/4849
f 3797/5409/4846 2455/5408/4845 3799/5413/4850 4972/5411/4848
f 4972/5411/4848 3799/5413/4850 2456/5414/4851 3800/5415/4852
f 3798/5412/4849 4972/5411/4848 3800/5415/4852 2447/5416/4853
f 2447/5417/4853 3800/5418/4852 4973/5419/4854 3801/5420/4855
f 3800/5418/4852 2456/5421/4851 3802/5422/4856 4973/5419/4854
f 4973/5419/4854 3802/5422/4856 2454/2997/2715 3803/2996/2714
f 3801/5420/4855 4973/5419/4854 3803/2996/2714 2445/2913/2634
f 2453/2213/1945 3804/2212/1966 4974/5423/4857 3796/5424/4844
f 3804/2212/1966 2457/2211/1965 3805/5425/4858 4974/5423/4857
f 4974/5423/4857 3805/5425/4858 2459/5426/4859 3806/5427/4860
f 3796/5424/4844 4974/5423/4857 3806/5427/4860 2455/5428/4845
f 2455/5428/4845 3806/5427/4860 4975/5429/4861 3799/5430/4850
f 3806/5427/4860 2459/5426/4859 3807/5431/4862 4975/5429/4861
f 4975/5429/4861 3807/5431/4862 2460/5432/4863 3808/5433/4864
f 3799/5430/4850 4975/5429/4861 3808/5433/4864 2456/5434/4851
f 2456/5435/4851 3808/5436/4864 4976/5437/4865 3802/5438/4856
f 3808/5436/4864 2460/5439/4863 3809/5440/4866 4976/5437/4865
f 4976/5437/4865 3809/5440/4866 2458/3015/2730 3810/3014/2729
f 3802/5438/4856 4976/5437/4865 3810/3014/2729 2454/3013/2715
f 2457/2211/1965 3811/2231/1978 4977/5441/4867 3805/5425/4858
f 3811/2231/1978 2461/2230/1977 3812/5442/4868 4977/5441/4867
f 4977/5441/4867 3812/5442/4868 2463/5443/4869 3813/5444/4870
f 3805/5425/4858 4977/5441/4867 3813/5444/4870 2459/5426/4859
f 2459/5426/4859 3813/5444/4870 4978/5445/4871 3807/5431/4862
f 3813/5444/4870 2463/5443/4869 3814/5446/4872 4978/5445/4871
f 4978/5445/4871 3814/5446/4872 2464/5447/4873 3815/5448/4874
f 3807/5431/4862 4978/5445/4871 3815/5448/4874 2460/5432/4863
f 2460/5439/4863 3815/5449/4874 4979/5450/4875 3809/5440/4866
f 3815/5449/4874 2464/5451/4873 3816/5452/4876 4979/5450/4875
f 4979/5450/4875 3816/5452/4876 2462/3033/2748 3817/3032/2747
f 3809/5440/4866 4979/5450/4875 3817/3032/2747 2458/3015/2730
f 2466/2103/1874 3819/2219/1970 4980/5453/4877 3818/5454/4878
f 3819/2219/1970 2449/2218/1969 3820/5455/4879 4980/5453/4877
f 4980/5453/4877 3820/5455/4879 2451/5456/4880 3821/5457/4881
f 3818/5454/4878 4980/5453/4877 3821/5457/4881 2468/5458/4882
f 2468/5458/4882 3821/5457/4881 4981/5459/4883 3822/5460/4884
f 3821/5457/4881 2451/5456/4880 3823/5461/4885 4981/5459/4883
f 4981/5459/4883 3823/5461/4885 2452/5462/4886 3824/5463/4887
f 3822/5460/4884 4981/5459/4883 3824/5463/4887 2467/5464/4888
f 2467/5465/4888 3824/5466/4887 4982/5467/4889 3825/5468/4890
f 3824/5466/4887 2452/5469/4886 3826/5470/4891 4982/5467/4889
f 4982/5467/4889 3826/5470/4891 2450/3021/2736 3827/3020/2735
f 3825/5468/4890 4982/5467/4889 3827/3020/2735 2465/2922/2643
f 2470/2105/1876 3829/2104/1875 4983/5471/4892 3828/5472/4893
f 3829/2104/1875 2466/2103/1874 3818/5454/4878 4983/5471/4892
f 4983/5471/4892 3818/5454/4878 2468/5458/4882 3830/5473/4894
f 3828/5472/4893 4983/5471/4892 3830/5473/4894 2472/5474/4895
f 2472/5474/4895 3830/5473/4894 4984/5475/4896 3831/5476/4897
f 3830/5473/4894 2468/5458/4882 3822/5460/4884 4984/5475/4896
f 4984/5475/4896 3822/5460/4884 2467/5464/4888 3832/5477/4898
f 3831/5476/4897 4984/5475/4896 3832/5477/4898 2471/5478/4899
f 2471/5479/4899 3832/5480/4898 4985/5481/4900 3833/5482/4901
f 3832/5480/4898 2467/5465/4888 3825/5468/4890 4985/5481/4900
f 4985/5481/4900 3825/5468/4890 2465/2922/2643 3834/2921/2642
f 3833/5482/4901 4985/5481/4900 3834/2921/2642 2469/2920/2641
f 2461/2230/1977 3835/2249/1995 4986/5483/4902 3812/5442/4868
f 3835/2249/1995 2470/2105/1876 3828/5472/4893 4986/5483/4902
f 4986/5483/4902 3828/5472/4893 2472/5474/4895 3836/5484/4903
f 3812/5442/4868 4986/5483/4902 3836/5484/4903 2463/5443/4869
f 2463/5443/4869 3836/5484/4903 4987/5485/4904 3814/5446/4872
f 3836/5484/4903 2472/5474/4895 3831/5476/4897 4987/5485/4904
f 4987/5485/4904 3831/5476/4897 2471/5478/4899 3837/5486/4905
f 3814/5446/4872 4987/5485/4904 3837/5486/4905 2464/5447/4873
f 2464/5451/4873 3837/5487/4905 4988/5488/4906 3816/5452/4876
f 3837/5487/4905 2471/5479/4899 3833/5482/4901 4988/5488/4906
f 4988/5488/4906 3833/5482/4901 2469/2920/2641 3838/3047/2762
f 3816/5452/4876 4988/5488/4906 3838/3047/2762 2462/3033/2748
f 2474/2087/1860 3840/2086/1859 4989/5489/4907 3839/5490/4908
f 3840/2086/1859 2481/2085/1858 3841/5491/4909 4989/5489/4907
f 4989/5489/4907 3841/5491/4909 2483/5492/4910 3842/5493/4911
f 3839/5490/4908 4989/5489/4907 3842/5493/4911 2476/5494/4912
f 2476/5494/4912 3842/5493/4911 4990/5495/4913 3843/5496/4914
f 3842/5493/4911 2483/5492/4910 3844/5497/4915 4990/5495/4913
f 4990/5495/4913 3844/5497/4915 2484/5498/4916 3845/5499/4917
f 3843/5496/4914 4990/5495/4913 3845/5499/4917 2475/5500/4918
f 2475/5501/4918 3845/5502/4917 4991/5503/4919 3846/5504/4920
f 3845/5502/4917 2484/5505/4916 3847/5506/4921 4991/5503/4919
f 4991/5503/4919 3847/5506/4921 2482/2904/2625 3848/2903/2624
f 3846/5504/4920 4991/5503/4919 3848/2903/2624 2473/2902/2623
f 2481/2085/1858 3849/2159/1923 4992/5507/4922 3841/5491/4909
f 3849/2159/1923 2485/2138/1906 3850/5508/4923 4992/5507/4922
f 4992/5507/4922 3850/5508/4923 2487/5509/4924 3851/5510/4925
f 3841/5491/4909 4992/5507/4922 3851/5510/4925 2483/5492/4910
f 2483/5492/4910 3851/5510/4925 4993/5511/4926 3844/5497/4915
f 3851/5510/4925 2487/5509/4924 3852/5512/4927 4993/5511/4926
f 4993/5511/4926 3852/5512/4927 2488/5513/4928 3853/5514/4929
f 3844/5497/4915 4993/5511/4926 3853/5514/4929 2484/5498/4916
f 2484/5505/4916 3853/5515/4929 4994/5516/4930 3847/5506/4921
f 3853/5515/4929 2488/5517/4928 3854/5518/4931 4994/5516/4930
f 4994/5516/4930 3854/5518/4931 2486/2953/2674 3855/2978/2699
f 3847/5506/4921 4994/5516/4930 3855/2978/2699 2482/2904/2625
f 2485/2138/1906 3856/2137/1905 4995/5519/4932 3850/5508/4923
f 3856/2137/1905 2489/2136/1904 3857/5520/4933 4995/5519/4932
f 4995/5519/4932 3857/5520/4933 2491/5521/4934 3858/5522/4935
f 3850/5508/4923 4995/5519/4932 3858/5522/4935 2487/5509/4924
f 2487/5509/4924 3858/5522/4935 4996/5523/4936 3852/5512/4927
f 3858/5522/4935 2491/5521/4934 3859/5524/4937 4996/5523/4936
f 4996/5523/4936 3859/5524/4937 2492/5525/4938 3860/5526/4939
f 3852/5512/4927 4996/5523/4936 3860/5526/4939 2488/5513/4928
f 2488/5517/4928 3860/5527/4939 4997/5528/4940 3854/5518/4931
f 3860/5527/4939 2492/5529/4938 3861/5530/4941 4997/5528/4940
f 4997/5528/4940 3861/5530/4941 2490/2955/2676 3862/2954/2675
f 3854/5518/4931 4997/5528/4940 3862/2954/2675 2486/2953/2674
f 2494/2123/1892 3864/2122/1891 4998/5531/4942 3863/5532/4943
f 3864/2122/1891 2477/2121/1890 3865/5533/4944 4998/5531/4942
f 4998/5531/4942 3865/5533/4944 2479/5534/4945 3866/5535/4946
f 3863/5532/4943 4998/5531/4942 3866/5535/4946 2496/5536/4947
f 2496/5536/4947 3866/5535/4946 4999/5537/4948 3867/5538/4949
f 3866/5535/4946 2479/5534/4945 3868/5539/4950 4999/5537/4948
f 4999/5537/4948 3868/5539/4950 2480/5540/4951 3869/5541/4952
f 3867/5538/4949 4999/5537/4948 3869/5541/4952 2495/5542/4953
f 2495/5543/4953 3869/5544/4952 5000/5545/4954 3870/5546/4955
f 3869/5544/4952 2480/5547/4951 3871/5548/4956 5000/5545/4954
f 5000/5545/4954 3871/5548/4956 2478/2940/2661 3872/2939/2660
f 3870/5546/4955 5000/5545/4954 3872/2939/2660 2493/2938/2659
f 2498/2146/1912 3874/2183/1941 5001/5549/4957 3873/5550/4958
f 3874/2183/1941 2494/2123/1892 3863/5532/4943 5001/5549/4957
f 5001/5549/4957 3863/5532/4943 2496/5536/4947 3875/5551/4959
f 3873/5550/4958 5001/5549/4957 3875/5551/4959 2500/5552/4960
f 2500/5552/4960 3875/5551/4959 5002/5553/4961 3876/5554/4962
f 3875/5551/4959 2496/5536/4947 3867/5538/4949 5002/5553/4961
f 5002/5553/4961 3867/5538/4949 2495/5542/4953 3877/5555/4963
f 3876/5554/4962 5002/5553/4961 3877/5555/4963 2499/5556/4964
f 2499/5557/4964 3877/5558/4963 5003/5559/4965 3878/5560/4966
f 3877/5558/4963 2495/5543/4953 3870/5546/4955 5003/5559/4965
f 5003/5559/4965 3870/5546/4955 2493/2938/2659 3879/2993/2711
f 3878/5560/4966 5003/5559/4965 3879/2993/2711 2497/2964/2685
f 2489/2136/1904 3880/2147/1913 5004/5561/4967 3857/5520/4933
f 3880/2147/1913 2498/2146/1912 3873/5550/4958 5004/5561/4967
f 5004/5561/4967 3873/5550/4958 2500/5552/4960 3881/5562/4968
f 3857/5520/4933 5004/5561/4967 3881/5562/4968 2491/5521/4934
f 2491/5521/4934 3881/5562/4968 5005/5563/4969 3859/5524/4937
f 3881/5562/4968 2500/5552/4960 3876/5554/4962 5005/5563/4969
f 5005/5563/4969 3876/5554/4962 2499/5556/4964 3882/5564/4970
f 3859/5524/4937 5005/5563/4969 3882/5564/4970 2492/5525/4938
f 2492/5529/4938 3882/5565/4970 5006/5566/4971 3861/5530/4941
f 3882/5565/4970 2499/5557/4964 3878/5560/4966 5006/5566/4971
f 5006/5566/4971 3878/5560/4966 2497/2964/2685 3883/2963/2684
f 3861/5530/4941 5006/5566/4971 3883/2963/2684 2490/2955/2676
f 2421/2237/1983 3884/2236/1982 5007/5567/4972 3775/5371/4814
f 3884/2236/1982 2390/1910/1687 3704/5244/4713 5007/5567/4972
f 5007/5567/4972 3704/5244/4713 2392/5248/4717 3885/5568/4973
f 3775/5371/4814 5007/5567/4972 3885/5568/4973 2423/5372/4815
f 2423/5372/4815 3885/5568/4973 5008/5569/4974 3778/5377/4820
f 3885/5568/4973 2392/5248/4717 3708/5250/4719 5008/5569/4974
f 5008/5569/4974 3708/5250/4719 2391/5254/4723 3886/5570/4975
f 3778/5377/4820 5008/5569/4974 3886/5570/4975 2424/5378/4821
f 2424/5385/4821 3886/5571/4975 5009/5572/4976 3781/5386/4826
f 3886/5571/4975 2391/5255/4723 3711/5258/4725 5009/5572/4976
f 5009/5572/4976 3711/5258/4725 2389/2733/2460 3887/3041/2756
f 3781/5386/4826 5009/5572/4976 3887/3041/2756 2422/3040/2755
f 2449/2218/1969 3888/2255/1999 5010/5573/4977 3820/5455/4879
f 3888/2255/1999 2474/2087/1860 3839/5490/4908 5010/5573/4977
f 5010/5573/4977 3839/5490/4908 2476/5494/4912 3889/5574/4978
f 3820/5455/4879 5010/5573/4977 3889/5574/4978 2451/5456/4880
f 2451/5456/4880 3889/5574/4978 5011/5575/4979 3823/5461/4885
f 3889/5574/4978 2476/5494/4912 3843/5496/4914 5011/5575/4979
f 5011/5575/4979 3843/5496/4914 2475/5500/4918 3890/5576/4980
f 3823/5461/4885 5011/5575/4979 3890/5576/4980 2452/5462/4886
f 2452/5469/4886 3890/5577/4980 5012/5578/4981 3826/5470/4891
f 3890/5577/4980 2475/5501/4918 3846/5504/4920 5012/5578/4981
f 5012/5578/4981 3846/5504/4920 2473/2902/2623 3891/3053/2768
f 3826/5470/4891 5012/5578/4981 3891/3053/2768 2450/3021/2736
f 2393/2096/1868 3892/2095/1867 5013/5579/4982 3730/5287/4749
f 3892/2095/1867 2446/2094/1866 3794/5406/4843 5013/5579/4982
f 5013/5579/4982 3794/5406/4843 2448/5410/4847 3893/5580/4983
f 3730/5287/4749 5013/5579/4982 3893/5580/4983 2395/5288/4750
f 2395/5288/4750 3893/5580/4983 5014/5581/4984 3733/5293/4755
f 3893/5580/4983 2448/5410/4847 3798/5412/4849 5014/5581/4984
f 5014/5581/4984 3798/5412/4849 2447/5416/4853 3894/5582/4985
f 3733/5293/4755 5014/5581/4984 3894/5582/4985 2396/5294/4756
f 2396/5301/4756 3894/5583/4985 5015/5584/4986 3736/5302/4761
f 3894/5583/4985 2447/5417/4853 3801/5420/4855 5015/5584/4986
f 5015/5584/4986 3801/5420/4855 2445/2913/2634 3895/2912/2633
f 3736/5302/4761 5015/5584/4986 3895/2912/2633 2394/2911/2632
f 2477/2121/1890 3896/2141/1908 5016/5585/4987 3865/5533/4944
f 3896/2141/1908 2418/2114/1884 3749/5322/4778 5016/5585/4987
f 5016/5585/4987 3749/5322/4778 2420/5326/4782 3897/5586/4988
f 3865/5533/4944 5016/5585/4987 3897/5586/4988 2479/5534/4945
f 2479/5534/4945 3897/5586/4988 5017/5587/4989 3868/5539/4950
f 3897/5586/4988 2420/5326/4782 3753/5328/4784 5017/5587/4989
f 5017/5587/4989 3753/5328/4784 2419/5332/4788 3898/5588/4990
f 3868/5539/4950 5017/5587/4989 3898/5588/4990 2480/5540/4951
f 2480/5547/4951 3898/5589/4990 5018/5590/4991 3871/5548/4956
f 3898/5589/4990 2419/5333/4788 3756/5336/4790 5018/5590/4991
f 5018/5590/4991 3756/5336/4790 2417/2929/2650 3899/2960/2681
f 3871/5548/4956 5018/5590/4991 3899/2960/2681 2478/2940/2661
f 1839/2671/2403 2742/3654/3336 5019/5591/4992 3900/2672/2404
f 2742/3654/3336 1832/2291/2035 3901/2294/2038 5019/5591/4992
f 5019/5591/4992 3901/2294/2038 1727/2299/2043 2600/3406/3104
f 3900/2672/2404 5019/5591/4992 2600/3406/3104 1734/2673/2405
f 5361/5592/4993 6111/5593/4994 6157/5594/4995 5694/5595/4996
f 6111/5593/4994 5368/5596/4997 5999/5597/4998 6157/5594/4995
f 6157/5598/4995 5999/5599/4998 5120/5600/4999 6108/5601/5000
f 5694/5602/4996 6157/5598/4995 6108/5601/5000 5137/5603/5001
f 5137/5603/5001 6108/5601/5000 6158/5604/5002 5540/5605/5003
f 6108/5601/5000 5120/5600/4999 5577/5606/5004 6158/5604/5002
f 6158/5604/5002 5577/5606/5004 5140/5607/5005 6091/5608/5006
f 5540/5605/5003 6158/5604/5002 6091/5608/5006 5125/5609/5007
f 5025/5610/5008 6080/5611/5009 6159/5612/5010 5617/5613/5011
f 6080/5611/5009 5032/5614/5012 5630/5615/5013 6159/5612/5010
f 6159/5612/5010 5630/5615/5013 5100/5616/5014 6081/5617/5015
f 5617/5613/5011 6159/5612/5010 6081/5617/5015 5109/5618/5016
f 5369/5619/5017 6109/5620/5018 6160/5621/5018 6005/5622/5019
f 6109/5620/5018 5365/5623/5020 6009/5624/5021 6160/5621/5018
f 6160/5625/5018 6009/5626/5021 5128/5627/5022 6110/5628/5018
f 6005/5629/5019 6160/5625/5018 6110/5628/5018 5121/5630/5023
f 5033/5631/5024 6083/5632/5025 6161/5633/5026 5636/5634/5027
f 6083/5632/5025 5028/5635/5028 5643/5636/5029 6161/5633/5026
f 6161/5633/5026 5643/5636/5029 5104/5637/5030 6084/5638/5031
f 5636/5634/5027 6161/5633/5026 6084/5638/5031 5101/5639/5032
f 5056/5640/5033 6086/5641/5034 6162/5642/5035 5683/5643/5036
f 6086/5641/5034 5065/5644/5037 5687/5645/5038 6162/5642/5035
f 6162/5642/5035 5687/5645/5038 5036/5646/5039 6082/5647/5040
f 5683/5643/5036 6162/5642/5035 6082/5647/5040 5045/5648/5041
f 5052/5649/5042 6089/5650/5043 6163/5651/5044 5679/5652/5045
f 6089/5650/5043 5057/5653/5046 5680/5654/5047 6163/5651/5044
f 6163/5651/5044 5680/5654/5047 5044/5655/5048 6076/5656/5049
f 5679/5652/5045 6163/5651/5044 6076/5656/5049 5049/5657/5050
f 5021/5658/5051 6077/5659/5052 6164/5660/5053 5624/5661/5054
f 6077/5659/5052 5024/5662/5055 5622/5663/5056 6164/5660/5053
f 6164/5660/5053 5622/5663/5056 5108/5664/5057 6078/5665/5058
f 5624/5661/5054 6164/5660/5053 6078/5665/5058 5113/5666/5059
f 5072/5667/5060 6101/5668/5061 6165/5669/5062 6039/5670/5063
f 6101/5668/5061 5081/5671/5064 6033/5672/5065 6165/5669/5062
f 6165/5669/5062 6033/5672/5065 5385/5673/5066 6102/5674/5067
f 6039/5670/5063 6165/5669/5062 6102/5674/5067 5376/5675/5068
f 5060/5676/5069 6088/5677/5070 6166/5678/5071 5672/5679/5072
f 6088/5677/5070 5053/5680/5073 5676/5681/5074 6166/5678/5071
f 6166/5678/5071 5676/5681/5074 5048/5682/5075 6079/5683/5076
f 5672/5679/5072 6166/5678/5071 6079/5683/5076 5041/5684/5077
f 5068/5685/5078 6098/5686/5079 6167/5687/5080 6018/5688/5081
f 6098/5686/5079 5073/5689/5082 6045/5690/5083 6167/5687/5080
f 6167/5687/5080 6045/5690/5083 5377/5691/5084 6099/5692/5085
f 6018/5688/5081 6167/5687/5080 6099/5692/5085 5372/5693/5086
f 5141/5694/5087 6090/5695/5088 6168/5696/5089 5489/5697/5090
f 6090/5695/5088 5132/5698/5091 5499/5699/5092 6168/5696/5089
f 6168/5696/5089 5499/5699/5092 5057/5653/5046 6089/5650/5043
f 5489/5697/5090 6168/5696/5089 6089/5650/5043 5052/5649/5042
f 5076/5700/5093 6095/5701/5094 6169/5702/5095 6031/5703/5096
f 6095/5701/5094 5069/5704/5097 6024/5705/5098 6169/5702/5095
f 6169/5702/5095 6024/5705/5098 5373/5706/5099 6096/5707/5100
f 6031/5703/5096 6169/5702/5095 6096/5707/5100 5380/5708/5101
f 5101/5639/5032 6084/5638/5031 6170/5709/5102 5610/5710/5103
f 6084/5638/5031 5104/5637/5030 5601/5711/5104 6170/5709/5102
f 6170/5709/5102 5601/5711/5104 5092/5712/5105 6097/5713/5106
f 5610/5710/5103 6170/5709/5102 6097/5713/5106 5097/5714/5107
f 5109/5618/5016 6081/5617/5015 6171/5715/5108 5608/5716/5109
f 6081/5617/5015 5100/5616/5014 5615/5717/5110 6171/5715/5108
f 6171/5715/5108 5615/5717/5110 5096/5718/5111 6094/5719/5112
f 5608/5716/5109 6171/5715/5108 6094/5719/5112 5089/5720/5113
f 5113/5666/5059 6078/5665/5058 6172/5721/5114 5589/5722/5115
f 6078/5665/5058 5108/5664/5057 5602/5723/5116 6172/5721/5114
f 6172/5721/5114 5602/5723/5116 5088/5724/5117 6103/5725/5118
f 5589/5722/5115 6172/5721/5114 6103/5725/5118 5085/5726/5119
f 5064/5727/5120 6087/5728/5121 6173/5729/5122 5684/5730/5123
f 6087/5728/5121 5061/5731/5124 5675/5732/5125 6173/5729/5122
f 6173/5729/5122 5675/5732/5125 5040/5733/5126 6085/5734/5127
f 5684/5730/5123 6173/5729/5122 6085/5734/5127 5037/5735/5128
f 5145/5736/5129 6106/5737/1879 6174/5738/1879 5528/5739/5130
f 6106/5737/1879 5136/5740/5131 5534/5741/5132 6174/5738/1879
f 6174/5738/1879 5534/5741/5132 5124/5742/5133 6093/5743/5134
f 5528/5739/5130 6174/5738/1879 6093/5743/5134 5117/5744/5135
f 5045/5648/5041 6082/5647/5040 6175/5745/5136 5652/5746/5137
f 6082/5647/5040 5036/5646/5039 5658/5747/5138 6175/5745/5136
f 6175/5745/5136 5658/5747/5138 5032/5614/5012 6080/5611/5009
f 5652/5746/5137 6175/5745/5136 6080/5611/5009 5025/5610/5008
f 5133/5748/5139 6092/5749/5140 6176/5750/5141 5491/5751/5142
f 6092/5749/5140 5116/5752/5143 5501/5753/5144 6176/5750/5141
f 6176/5750/5141 5501/5753/5144 5065/5644/5037 6086/5641/5034
f 5491/5751/5142 6176/5750/5141 6086/5641/5034 5056/5640/5033
f 5080/5754/5145 6104/5755/5146 6177/5756/5147 6038/5757/5148
f 6104/5755/5146 5077/5758/5149 6026/5759/5150 6177/5756/5147
f 6177/5756/5147 6026/5759/5150 5381/5760/5151 6105/5761/5152
f 6038/5757/5148 6177/5756/5147 6105/5761/5152 5384/5762/5153
f 5041/5684/5077 6079/5683/5076 6178/5763/5154 5666/5764/5155
f 6079/5683/5076 5048/5682/5075 5644/5765/5156 6178/5763/5154
f 6178/5763/5154 5644/5765/5156 5020/5766/5157 6074/5767/5158
f 5666/5764/5155 6178/5763/5154 6074/5767/5158 5029/5768/5159
f 5049/5657/5050 6076/5656/5049 6179/5769/5160 5650/5770/5161
f 6076/5656/5049 5044/5655/5048 5657/5771/5162 6179/5769/5160
f 6179/5769/5160 5657/5771/5162 5024/5662/5055 6077/5659/5052
f 5650/5770/5161 6179/5769/5160 6077/5659/5052 5021/5658/5051
f 5037/5735/5128 6085/5734/5127 6180/5772/5163 5664/5773/5164
f 6085/5734/5127 5040/5733/5126 5671/5774/5165 6180/5772/5163
f 6180/5772/5163 5671/5774/5165 5028/5635/5028 6083/5632/5025
f 5664/5773/5164 6180/5772/5163 6083/5632/5025 5033/5631/5024
f 5117/5744/5135 6093/5743/5134 6181/5775/5166 5509/5776/5167
f 6093/5743/5134 5124/5742/5133 5519/5777/5168 6181/5775/5166
f 6181/5775/5166 5519/5777/5168 5061/5731/5124 6087/5728/5121
f 5509/5776/5167 6181/5775/5166 6087/5728/5121 5064/5727/5120
f 5089/5720/5113 6094/5719/5112 6182/5778/5169 5579/5779/5170
f 6094/5719/5112 5096/5718/5111 5560/5780/5171 6182/5778/5169
f 6182/5778/5169 5560/5780/5171 5069/5704/5097 6095/5701/5094
f 5579/5779/5170 6182/5778/5169 6095/5701/5094 5076/5700/5093
f 5129/5781/5172 6107/5782/5173 6183/5783/5174 5526/5784/5175
f 6107/5782/5173 5144/5785/5176 5533/5786/5177 6183/5783/5174
f 6183/5783/5174 5533/5786/5177 5116/5752/5143 6092/5749/5140
f 5526/5784/5175 6183/5783/5174 6092/5749/5140 5133/5748/5139
f 5125/5609/5007 6091/5608/5006 6184/5787/5178 5511/5788/5179
f 6091/5608/5006 5140/5607/5005 5481/5789/5180 6184/5787/5178
f 6184/5787/5178 5481/5789/5180 5053/5680/5073 6088/5677/5070
f 5511/5788/5179 6184/5787/5178 6088/5677/5070 5060/5676/5069
f 5196/5790/5181 6117/5791/5182 6185/5792/5183 5797/5793/5184
f 6117/5791/5182 5201/5794/5185 5805/5795/5186 6185/5792/5183
f 6185/5792/5183 5805/5795/5186 5217/5796/5187 6122/5797/5188
f 5797/5793/5184 6185/5792/5183 6122/5797/5188 5212/5798/5189
f 5192/5799/5190 6120/5800/5191 6186/5801/5192 5768/5802/5193
f 6120/5800/5191 5189/5803/5194 5761/5804/5195 6186/5801/5192
f 6186/5801/5192 5761/5804/5195 5205/5805/5196 6121/5806/5197
f 5768/5802/5193 6186/5801/5192 6121/5806/5197 5208/5807/5198
f 5193/5808/5199 6116/5809/5200 6187/5810/5201 5743/5811/5202
f 6116/5809/5200 5168/5812/5203 5728/5813/5204 6187/5810/5201
f 6187/5810/5201 5728/5813/5204 5156/5814/5205 5753/5815/5206
f 5743/5811/5202 6187/5810/5201 5753/5815/5206 5180/5816/5207
f 5149/5817/5208 5727/5818/5209 6188/5819/5210 5725/5820/5211
f 5727/5818/5209 5157/5821/5212 5734/5822/5213 6188/5819/5210
f 6188/5819/5210 5734/5822/5213 5169/5823/5214 6115/5824/5215
f 5725/5820/5211 6188/5819/5210 6115/5824/5215 5164/5825/5216
f 5164/5825/5216 6115/5824/5215 6189/5826/5217 5769/5827/5218
f 6115/5824/5215 5169/5823/5214 5777/5828/5219 6189/5826/5217
f 6189/5826/5217 5777/5828/5219 5201/5794/5185 6117/5791/5182
f 5769/5827/5218 6189/5826/5217 6117/5791/5182 5196/5790/5181
f 5212/5798/5189 6122/5797/5188 6190/5829/5220 5825/5830/5221
f 6122/5797/5188 5217/5796/5187 5833/5831/5222 6190/5829/5220
f 6190/5829/5220 5833/5831/5222 5233/5832/5223 6126/5833/5224
f 5825/5830/5221 6190/5829/5220 6126/5833/5224 5228/5834/5225
f 5168/5812/5203 6116/5809/5200 6191/5835/5226 5782/5836/5227
f 6116/5809/5200 5193/5808/5199 5763/5837/5228 6191/5835/5226
f 6191/5835/5226 5763/5837/5228 5209/5838/5229 6119/5839/5230
f 5782/5836/5227 6191/5835/5226 6119/5839/5230 5200/5840/5231
f 5189/5803/5194 6120/5800/5191 6192/5841/5232 5741/5842/5233
f 6120/5800/5191 5192/5799/5190 5748/5843/5234 6192/5841/5232
f 6192/5841/5232 5748/5843/5234 5181/5844/5235 5750/5845/5236
f 5741/5842/5233 6192/5841/5232 5750/5845/5236 5173/5846/5237
f 5188/5847/5238 6114/5848/5239 6193/5849/5240 5755/5850/5241
f 6114/5848/5239 5165/5851/5242 5775/5852/5243 6193/5849/5240
f 6193/5849/5240 5775/5852/5243 5197/5853/5244 6118/5854/5245
f 5755/5850/5241 6193/5849/5240 6118/5854/5245 5204/5855/5246
f 5228/5834/5225 6126/5833/5224 6194/5856/5247 5853/5857/5248
f 6126/5833/5224 5233/5832/5223 5849/5858/5249 6194/5856/5247
f 6194/5856/5247 5849/5858/5249 5257/5859/5250 6130/5860/5251
f 5853/5857/5248 6194/5856/5247 6130/5860/5251 5246/5861/5252
f 5200/5840/5231 6119/5839/5230 6195/5862/5253 5810/5863/5254
f 6119/5839/5230 5209/5838/5229 5791/5864/5255 6195/5862/5253
f 6195/5862/5253 5791/5864/5255 5225/5865/5256 6124/5866/5257
f 5810/5863/5254 6195/5862/5253 6124/5866/5257 5216/5867/5258
f 5208/5807/5198 6121/5806/5197 6196/5868/5259 5796/5869/5260
f 6121/5806/5197 5205/5805/5196 5789/5870/5261 6196/5868/5259
f 6196/5868/5259 5789/5870/5261 5221/5871/5262 6125/5872/5263
f 5796/5869/5260 6196/5868/5259 6125/5872/5263 5224/5873/5264
f 5204/5855/5246 6118/5854/5245 6197/5874/5265 5783/5875/5266
f 6118/5854/5245 5197/5853/5244 5803/5876/5267 6197/5874/5265
f 6197/5874/5265 5803/5876/5267 5213/5877/5268 6123/5878/5269
f 5783/5875/5266 6197/5874/5265 6123/5878/5269 5220/5879/5270
f 5236/5880/5271 6127/5881/5272 6198/5882/5273 5854/5883/5274
f 6127/5881/5272 5229/5884/5275 5850/5885/5276 6198/5882/5273
f 6198/5882/5273 5850/5885/5276 5245/5886/5277 5839/5887/5278
f 5854/5883/5274 6198/5882/5273 5839/5887/5278 5262/5888/5279
f 5216/5867/5258 6124/5866/5257 6199/5889/5280 5838/5890/5281
f 6124/5866/5257 5225/5865/5256 5819/5891/5282 6199/5889/5280
f 6199/5889/5280 5819/5891/5282 5241/5892/5283 6128/5893/5284
f 5838/5890/5281 6199/5889/5280 6128/5893/5284 5232/5894/5285
f 5224/5873/5264 6125/5872/5263 6200/5895/5286 5824/5896/5287
f 6125/5872/5263 5221/5871/5262 5817/5897/5288 6200/5895/5286
f 6200/5895/5286 5817/5897/5288 5237/5898/5289 6129/5899/5290
f 5824/5896/5287 6200/5895/5286 6129/5899/5290 5240/5900/5291
f 5220/5879/5270 6123/5878/5269 6201/5901/5292 5811/5902/5293
f 6123/5878/5269 5213/5877/5268 5831/5903/5294 6201/5901/5292
f 6201/5901/5292 5831/5903/5294 5229/5884/5275 6127/5881/5272
f 5811/5902/5293 6201/5901/5292 6127/5881/5272 5236/5880/5271
f 5276/5904/5295 6133/5905/5296 6202/5906/5297 5913/5907/5298
f 6133/5905/5296 5281/5908/5299 5901/5909/5300 6202/5906/5297
f 6202/5906/5297 5901/5909/5300 5297/5910/5301 6137/5911/5302
f 5913/5907/5298 6202/5906/5297 6137/5911/5302 5292/5912/5303
f 5246/5861/5252 6130/5860/5251 6203/5913/5304 5879/5914/5305
f 6130/5860/5251 5257/5859/5250 5887/5915/5306 6203/5913/5304
f 6203/5913/5304 5887/5915/5306 5281/5908/5299 6133/5905/5296
f 5879/5914/5305 6203/5913/5304 6133/5905/5296 5276/5904/5295
f 5232/5894/5285 6128/5893/5284 6204/5916/5307 5843/5917/5308
f 6128/5893/5284 5241/5892/5283 5859/5918/5309 6204/5916/5307
f 6204/5916/5307 5859/5918/5309 5273/5919/5310 6131/5920/5311
f 5843/5917/5308 6204/5916/5307 6131/5920/5311 5256/5921/5312
f 5240/5900/5291 6129/5899/5290 6205/5922/5313 5864/5923/5314
f 6129/5899/5290 5237/5898/5289 5857/5924/5315 6205/5922/5313
f 6205/5922/5313 5857/5924/5315 5261/5925/5316 6132/5926/5317
f 5864/5923/5314 6205/5922/5313 6132/5926/5317 5272/5927/5318
f 5288/5928/5319 6136/5929/5320 6206/5930/5321 5893/5931/5322
f 6136/5929/5320 5285/5932/5323 5920/5933/5324 6206/5930/5321
f 6206/5930/5321 5920/5933/5324 5301/5934/5325 6140/5935/5326
f 5893/5931/5322 6206/5930/5321 6140/5935/5326 5304/5936/5327
f 5256/5921/5312 6131/5920/5311 6207/5937/5328 5892/5938/5329
f 6131/5920/5311 5273/5919/5310 5873/5939/5330 6207/5937/5328
f 6207/5937/5328 5873/5939/5330 5289/5940/5331 6135/5941/5332
f 5892/5938/5329 6207/5937/5328 6135/5941/5332 5280/5942/5333
f 5272/5927/5318 6132/5926/5317 6208/5943/5334 5878/5944/5335
f 6132/5926/5317 5261/5925/5316 5871/5945/5336 6208/5943/5334
f 6208/5943/5334 5871/5945/5336 5285/5932/5323 6136/5929/5320
f 5878/5944/5335 6208/5943/5334 6136/5929/5320 5288/5928/5319
f 5260/5946/5337 5842/5947/5338 6209/5948/5339 5865/5949/5340
f 5842/5947/5338 5244/5950/5341 5885/5951/5342 6209/5948/5339
f 6209/5948/5339 5885/5951/5342 5277/5952/5343 6134/5953/5344
f 5865/5949/5340 6209/5948/5339 6134/5953/5344 5284/5954/5345
f 5308/5955/5346 6141/5956/5347 6210/5957/5348 5949/5958/5349
f 6141/5956/5347 5313/5959/5350 5971/5960/5351 6210/5957/5348
f 6210/5957/5348 5971/5960/5351 5329/5961/5352 6145/5962/5353
f 5949/5958/5349 6210/5957/5348 6145/5962/5353 5324/5963/5354
f 5284/5954/5345 6134/5953/5344 6211/5964/5355 5914/5965/5356
f 6134/5953/5344 5277/5952/5343 5908/5966/5357 6211/5964/5355
f 6211/5964/5355 5908/5966/5357 5293/5967/5358 6138/5968/5359
f 5914/5965/5356 6211/5964/5355 6138/5968/5359 5300/5969/5360
f 5292/5912/5303 6137/5911/5302 6212/5970/5361 5935/5971/5362
f 6137/5911/5302 5297/5910/5301 5943/5972/5363 6212/5970/5361
f 6212/5970/5361 5943/5972/5363 5313/5959/5350 6141/5956/5347
f 5935/5971/5362 6212/5970/5361 6141/5956/5347 5308/5955/5346
f 5280/5942/5333 6135/5941/5332 6213/5973/5364 5906/5974/5365
f 6135/5941/5332 5289/5940/5331 5899/5975/5366 6213/5973/5364
f 6213/5973/5364 5899/5975/5366 5305/5976/5367 6139/5977/5368
f 5906/5974/5365 6213/5973/5364 6139/5977/5368 5296/5978/5369
f 5312/5979/5370 6143/5980/5371 6214/5981/5372 5976/5982/5373
f 6143/5980/5371 5321/5983/5374 5969/5984/5375 6214/5981/5372
f 6214/5981/5372 5969/5984/5375 5337/5985/5376 6147/5986/5377
f 5976/5982/5373 6214/5981/5372 6147/5986/5377 5328/5987/5378
f 5296/5978/5369 6139/5977/5368 6215/5988/5379 5948/5989/5380
f 6139/5977/5368 5305/5976/5367 5929/5990/5381 6215/5988/5379
f 6215/5988/5379 5929/5990/5381 5321/5983/5374 6143/5980/5371
f 5948/5989/5380 6215/5988/5379 6143/5980/5371 5312/5979/5370
f 5304/5936/5327 6140/5935/5326 6216/5991/5382 5934/5992/5383
f 6140/5935/5326 5301/5934/5325 5927/5993/5384 6216/5991/5382
f 6216/5991/5382 5927/5993/5384 5317/5994/5385 6144/5995/5386
f 5934/5992/5383 6216/5991/5382 6144/5995/5386 5320/5996/5387
f 5300/5969/5360 6138/5968/5359 6217/5997/5388 5921/5998/5389
f 6138/5968/5359 5293/5967/5358 5941/5999/5390 6217/5997/5388
f 6217/5997/5388 5941/5999/5390 5309/6000/5391 6142/6001/5392
f 5921/5998/5389 6217/5997/5388 6142/6001/5392 5316/6002/5393
f 5340/6003/5394 6149/6004/5018 6218/6005/5018 6017/6006/5395
f 6149/6004/5018 5344/6007/5396 5696/6008/5397 6218/6005/5018
f 6218/6005/5018 5696/6008/5397 5365/5623/5020 6109/5620/5018
f 6017/6006/5395 6218/6005/5018 6109/5620/5018 5369/5619/5017
f 5320/5996/5387 6144/5995/5386 6219/6009/5398 5963/6010/5399
f 6144/5995/5386 5317/5994/5385 5957/6011/5400 6219/6009/5398
f 6219/6009/5398 5957/6011/5400 5333/6012/5401 6148/6013/5402
f 5963/6010/5399 6219/6009/5398 6148/6013/5402 5336/6014/5403
f 5316/6002/5393 6142/6001/5392 6220/6015/5404 5962/6016/5405
f 6142/6001/5392 5309/6000/5391 5955/6017/5406 6220/6015/5404
f 6220/6015/5404 5955/6017/5406 5325/6018/5407 6146/6019/5408
f 5962/6016/5405 6220/6015/5404 6146/6019/5408 5332/6020/5409
f 5324/5963/5354 6145/5962/5353 6221/6021/5410 5988/6022/5411
f 6145/5962/5353 5329/5961/5352 5995/6023/5412 6221/6021/5410
f 6221/6021/5410 5995/6023/5412 5344/6007/5396 6149/6004/5018
f 5988/6022/5411 6221/6021/5410 6149/6004/5018 5340/6003/5394
f 5353/6024/5413 6152/6025/1879 6222/6026/1879 5713/6027/5414
f 6152/6025/1879 5349/6028/5415 6013/6029/5416 6222/6026/1879
f 6222/6026/1879 6013/6029/5416 5360/6030/5417 6113/6031/1879
f 5713/6027/5414 6222/6026/1879 6113/6031/1879 5357/6032/5418
f 5328/5987/5378 6147/5986/5377 6223/6033/5419 5998/6034/5420
f 6147/5986/5377 5337/5985/5376 5984/6035/5421 6223/6033/5419
f 6223/6033/5419 5984/6035/5421 5352/6036/5422 6151/6037/5423
f 5998/6034/5420 6223/6033/5419 6151/6037/5423 5345/6038/5424
f 5336/6014/5403 6148/6013/5402 6224/6039/1879 5987/6040/5425
f 6148/6013/5402 5333/6012/5401 5983/6041/5426 6224/6039/1879
f 6224/6039/1879 5983/6041/5426 5349/6028/5415 6152/6025/1879
f 5987/6040/5425 6224/6039/1879 6152/6025/1879 5353/6024/5413
f 5332/6020/5409 6146/6019/5408 6225/6042/5427 5977/6043/5428
f 6146/6019/5408 5325/6018/5407 5994/6044/5429 6225/6042/5427
f 6225/6042/5427 5994/6044/5429 5341/6045/5430 6150/6046/5431
f 5977/6043/5428 6225/6042/5427 6150/6046/5431 5348/6047/5432
f 5372/5693/5086 6099/5692/5085 6226/6048/5433 6059/6049/5434
f 6099/5692/5085 5377/5691/5084 6052/6050/5435 6226/6048/5433
f 6226/6048/5433 6052/6050/5435 5392/6051/5436 6153/6052/5437
f 6059/6049/5434 6226/6048/5433 6153/6052/5437 5389/6053/5438
f 5348/6047/5432 6150/6046/5431 6227/6054/5439 6010/6055/5440
f 6150/6046/5431 5341/6045/5430 6014/6056/5441 6227/6054/5439
f 6227/6054/5439 6014/6056/5441 5368/5596/4997 6111/5593/4994
f 6010/6055/5440 6227/6054/5439 6111/5593/4994 5361/5592/4993
f 5345/6038/5424 6151/6037/5423 6228/6057/5442 5704/6058/5443
f 6151/6037/5423 5352/6036/5422 5718/6059/5444 6228/6057/5442
f 6228/6057/5442 5718/6059/5444 5356/6060/5445 6112/6061/5446
f 5704/6058/5443 6228/6057/5442 6112/6061/5446 5364/6062/5447
f 5364/6062/5447 6112/6061/5446 6229/6063/5448 6006/6064/5449
f 6112/6061/5446 5356/6060/5445 5711/6065/5450 6229/6063/5448
f 6229/6066/5448 5711/6067/5450 5144/5785/5176 6107/5782/5173
f 6006/6068/5449 6229/6066/5448 6107/5782/5173 5129/5781/5172
f 5165/5851/5242 6114/5848/5239 6230/6069/5451 5720/6070/5452
f 6114/5848/5239 5188/5847/5238 5735/6071/5453 6230/6069/5451
f 6230/6069/5451 5735/6071/5453 5172/6072/5454 5751/6073/5455
f 5720/6070/5452 6230/6069/5451 5751/6073/5455 5148/6074/5456
f 5357/6032/5418 6113/6031/1879 6231/6075/1879 5706/6076/5457
f 6113/6031/1879 5360/6030/5417 5688/6077/5458 6231/6075/1879
f 6231/6078/1879 5688/6079/5458 5136/5740/5131 6106/5737/1879
f 5706/6080/5457 6231/6078/1879 6106/5737/1879 5145/5736/5129
f 5121/5630/5023 6110/5628/5018 6232/6081/5018 5572/6082/5459
f 6110/5628/5018 5128/5627/5022 5520/6083/5460 6232/6081/5018
f 6232/6081/5018 5520/6083/5460 5132/5698/5091 6090/5695/5088
f 5572/6082/5459 6232/6081/5018 6090/5695/5088 5141/5694/5087
f 5097/5714/5107 6097/5713/5106 6233/6084/5461 5552/6085/5462
f 6097/5713/5106 5092/5712/5105 5542/6086/5463 6233/6084/5461
f 6233/6084/5461 5542/6086/5463 5073/5689/5082 6098/5686/5079
f 5552/6085/5462 6233/6084/5461 6098/5686/5079 5068/5685/5078
f 5105/6087/5464 6075/6088/5465 6234/6089/5466 5596/6090/5467
f 6075/6088/5465 5112/6091/5468 5594/6092/5469 6234/6089/5466
f 6234/6089/5466 5594/6092/5469 5084/6093/5470 6100/6094/5471
f 5596/6090/5467 6234/6089/5466 6100/6094/5471 5093/6095/5472
f 5093/6095/5472 6100/6094/5471 6235/6096/5473 5550/6097/5474
f 6100/6094/5471 5084/6093/5470 5562/6098/5475 6235/6096/5473
f 6235/6096/5473 5562/6098/5475 5081/5671/5064 6101/5668/5061
f 5550/6097/5474 6235/6096/5473 6101/5668/5061 5072/5667/5060
f 5085/5726/5119 6103/5725/5118 6236/6099/5476 5570/6100/5477
f 6103/5725/5118 5088/5724/5117 5587/6101/5478 6236/6099/5476
f 6236/6099/5476 5587/6101/5478 5077/5758/5149 6104/5755/5146
f 5570/6100/5477 6236/6099/5476 6104/5755/5146 5080/5754/5145
f 5380/5708/5101 6096/5707/5100 6237/6102/5479 6073/6103/5480
f 6096/5707/5100 5373/5706/5099 6054/6104/5481 6237/6102/5479
f 6237/6102/5479 6054/6104/5481 5388/6105/5482 6154/6106/5483
f 6073/6103/5480 6237/6102/5479 6154/6106/5483 5397/6107/5484
f 5384/5762/5153 6105/5761/5152 6238/6108/5485 6060/6109/5486
f 6105/5761/5152 5381/5760/5151 6068/6110/5487 6238/6108/5485
f 6238/6108/5485 6068/6110/5487 5396/6111/5488 6156/6112/5489
f 6060/6109/5486 6238/6108/5485 6156/6112/5489 5401/6113/5490
f 5376/5675/5068 6102/5674/5067 6239/6114/5491 6046/6115/5492
f 6102/5674/5067 5385/5673/5066 6066/6116/5493 6239/6114/5491
f 6239/6114/5491 6066/6116/5493 5400/6117/5494 6155/6118/5495
f 6046/6115/5492 6239/6114/5491 6155/6118/5495 5393/6119/5496
f 5148/6074/5456 5405/6120/5497 6240/6121/5498 5404/6122/5499
f 5405/6120/5497 5150/6123/5500 5406/6124/5501 6240/6121/5498
f 6240/6121/5498 5406/6124/5501 5152/6125/5502 5407/6126/5503
f 5404/6122/5499 6240/6121/5498 5407/6126/5503 5151/6127/5504
f 5149/5817/5208 5410/6128/5505 6241/6129/5506 5409/6130/5507
f 5410/6128/5505 5153/6131/5508 5411/6132/5509 6241/6129/5506
f 6241/6129/5506 5411/6132/5509 5155/6133/5510 5408/6134/5511
f 5409/6130/5507 6241/6129/5506 5408/6134/5511 5154/6135/5512
f 5153/6131/5508 5412/6136/5513 6242/6137/5514 5411/6132/5509
f 5412/6136/5513 5151/6138/5504 5407/6139/5503 6242/6137/5514
f 6242/6137/5514 5407/6139/5503 5152/6140/5502 5413/6141/5515
f 5411/6132/5509 6242/6137/5514 5413/6141/5515 5155/6133/5510
f 5156/5814/5205 5416/6142/5516 6243/6143/5517 5415/6144/5518
f 5416/6142/5516 5158/6145/5519 5417/6146/5520 6243/6143/5517
f 6243/6143/5517 5417/6146/5520 5160/6147/5521 5414/6148/5522
f 5415/6144/5518 6243/6143/5517 5414/6148/5522 5159/6149/5523
f 5158/6150/5519 5418/6151/5524 6244/6152/5525 5417/6153/5520
f 5418/6151/5524 5162/6154/5526 5419/6155/5527 6244/6152/5525
f 6244/6152/5525 5419/6155/5527 5163/6156/5528 5420/6157/5529
f 5417/6153/5520 6244/6152/5525 5420/6157/5529 5160/6158/5521
f 5157/5821/5212 5422/6159/5530 6245/6160/5531 5421/6161/5532
f 5422/6159/5530 5161/6162/5533 5423/6163/5534 6245/6160/5531
f 6245/6160/5531 5423/6163/5534 5163/6156/5528 5419/6155/5527
f 5421/6161/5532 6245/6160/5531 5419/6155/5527 5162/6154/5526
f 5172/6072/5454 5425/6164/5535 6246/6165/5536 5424/6166/5537
f 5425/6164/5535 5174/6167/5538 5426/6168/5539 6246/6165/5536
f 6246/6165/5536 5426/6168/5539 5176/6169/5540 5427/6170/5541
f 5424/6166/5537 6246/6165/5536 5427/6170/5541 5175/6171/5542
f 5174/6167/5538 5428/6172/5543 6247/6173/5544 5426/6168/5539
f 5428/6172/5543 5178/6174/5545 5429/6175/5546 6247/6173/5544
f 6247/6173/5544 5429/6175/5546 5179/6176/5547 5430/6177/5548
f 5426/6168/5539 6247/6173/5544 5430/6177/5548 5176/6169/5540
f 5173/5846/5237 5432/6178/5549 6248/6179/5550 5431/6180/5551
f 5432/6178/5549 5177/6181/5552 5433/6182/5553 6248/6179/5550
f 6248/6179/5550 5433/6182/5553 5179/6176/5547 5429/6175/5546
f 5431/6180/5551 6248/6179/5550 5429/6175/5546 5178/6174/5545
f 5180/5816/5207 5435/6183/5554 6249/6184/5555 5434/6185/5556
f 5435/6183/5554 5182/6186/5557 5436/6187/5558 6249/6184/5555
f 6249/6184/5555 5436/6187/5558 5184/6188/5559 5437/6189/5560
f 5434/6185/5556 6249/6184/5555 5437/6189/5560 5183/6190/5561
f 5181/5844/5235 5440/6191/5562 6250/6192/5563 5439/6193/5564
f 5440/6191/5562 5185/6194/5565 5441/6195/5566 6250/6192/5563
f 6250/6192/5563 5441/6195/5566 5187/6196/5567 5438/6197/5568
f 5439/6193/5564 6250/6192/5563 5438/6197/5568 5186/6198/5569
f 5185/6194/5565 5442/6199/5570 6251/6200/5571 5441/6195/5566
f 5442/6201/5570 5183/6190/5561 5437/6189/5560 6251/6202/5571
f 6251/6202/5571 5437/6189/5560 5184/6188/5559 5443/6203/5572
f 5441/6195/5566 6251/6200/5571 5443/6204/5572 5187/6196/5567
f 5244/5950/5341 5445/6205/5573 6252/6206/5574 5444/6207/5575
f 5445/6205/5573 5247/6208/5576 5446/6209/5577 6252/6206/5574
f 6252/6206/5574 5446/6209/5577 5249/6210/5578 5447/6211/5579
f 5444/6207/5575 6252/6206/5574 5447/6211/5579 5248/6212/5580
f 5247/6208/5576 5448/6213/5581 6253/6214/5582 5446/6209/5577
f 5448/6213/5581 5251/6215/5583 5449/6216/5584 6253/6214/5582
f 6253/6214/5582 5449/6216/5584 5252/6217/5585 5450/6218/5586
f 5446/6209/5577 6253/6214/5582 5450/6218/5586 5249/6210/5578
f 5245/5886/5277 5452/6219/5587 6254/6220/5588 5451/6221/5589
f 5452/6219/5587 5250/6222/5590 5453/6223/5591 6254/6220/5588
f 6254/6220/5588 5453/6223/5591 5252/6217/5585 5449/6216/5584
f 5451/6221/5589 6254/6220/5588 5449/6216/5584 5251/6215/5583
f 5250/6224/5590 5454/6225/5592 6255/6226/5593 5453/6227/5591
f 5454/6225/5592 5254/6228/5594 5455/6229/5595 6255/6226/5593
f 6255/6226/5593 5455/6229/5595 5255/6230/5596 5456/6231/5597
f 5453/6227/5591 6255/6226/5593 5456/6231/5597 5252/6232/5585
f 5246/5861/5252 5458/6233/5598 6256/6234/5599 5457/6235/5600
f 5458/6233/5598 5253/6236/5601 5459/6237/5602 6256/6234/5599
f 6256/6234/5599 5459/6237/5602 5255/6230/5596 5455/6229/5595
f 5457/6235/5600 6256/6234/5599 5455/6229/5595 5254/6228/5594
f 5253/6236/5601 5460/6238/5603 6257/6239/5604 5459/6237/5602
f 5460/6238/5603 5248/6240/5580 5447/6241/5579 6257/6239/5604
f 6257/6239/5604 5447/6241/5579 5249/6242/5578 5461/6243/5605
f 5459/6237/5602 6257/6239/5604 5461/6243/5605 5255/6230/5596
f 5249/6242/5578 5450/6244/5586 6258/6245/5606 5461/6243/5605
f 5252/6232/5585 5456/6231/5597 6258/6245/5606 5450/6244/5586
f 5255/6230/5596 5461/6243/5605 6258/6245/5606 5456/6231/5597
f 5260/5946/5337 5463/6246/5607 6259/6247/5608 5462/6248/5609
f 5463/6246/5607 5263/6249/5610 5464/6250/5611 6259/6247/5608
f 6259/6247/5608 5464/6250/5611 5265/6251/5612 5465/6252/5613
f 5462/6248/5609 6259/6247/5608 5465/6252/5613 5264/6253/5614
f 5263/6249/5610 5466/6254/5615 6260/6255/5616 5464/6250/5611
f 5466/6254/5615 5267/6256/5617 5467/6257/5618 6260/6255/5616
f 6260/6255/5616 5467/6257/5618 5268/6258/5619 5468/6259/5620
f 5464/6250/5611 6260/6255/5616 5468/6259/5620 5265/6251/5612
f 5261/5925/5316 5470/6260/5621 6261/6261/5622 5469/6262/5623
f 5470/6260/5621 5266/6263/5624 5471/6264/5625 6261/6261/5622
f 6261/6261/5622 5471/6264/5625 5268/6258/5619 5467/6257/5618
f 5469/6262/5623 6261/6261/5622 5467/6257/5618 5267/6256/5617
f 5266/6263/5624 5472/6265/5626 6262/6266/5627 5471/6264/5625
f 5472/6265/5626 5270/6267/5628 5473/6268/5629 6262/6266/5627
f 6262/6266/5627 5473/6268/5629 5271/6269/5630 5474/6270/5631
f 5471/6264/5625 6262/6266/5627 5474/6270/5631 5268/6258/5619
f 5262/5888/5279 5476/6271/5632 6263/6272/5633 5475/6273/5634
f 5476/6271/5632 5269/6274/5635 5477/6275/5636 6263/6272/5633
f 6263/6272/5633 5477/6275/5636 5271/6269/5630 5473/6268/5629
f 5475/6273/5634 6263/6272/5633 5473/6268/5629 5270/6267/5628
f 5269/6274/5635 5478/6276/5637 6264/6277/5638 5477/6275/5636
f 5478/6276/5637 5264/6253/5614 5465/6252/5613 6264/6277/5638
f 6264/6277/5638 5465/6252/5613 5265/6251/5612 5479/6278/5639
f 5477/6275/5636 6264/6277/5638 5479/6278/5639 5271/6269/5630
f 5265/6251/5612 5468/6259/5620 6265/6279/5640 5479/6278/5639
f 5268/6258/5619 5474/6270/5631 6265/6279/5640 5468/6259/5620
f 5271/6269/5630 5479/6278/5639 6265/6279/5640 5474/6270/5631
f 5053/5680/5073 5481/5789/5180 6266/6280/5641 5480/6281/5642
f 5481/5789/5180 5140/5607/5005 5482/6282/5643 6266/6280/5641
f 6266/6280/5641 5482/6282/5643 5142/6283/5644 5483/6284/5645
f 5480/6281/5642 6266/6280/5641 5483/6284/5645 5055/6285/5646
f 5055/6286/5646 5483/6287/5645 6267/6288/5647 5484/6289/5648
f 5483/6287/5645 5142/6290/5644 5485/6291/5649 6267/6288/5647
f 6267/6288/5647 5485/6291/5649 5143/6292/5650 5486/6293/5651
f 5484/6289/5648 6267/6288/5647 5486/6293/5651 5054/6294/5652
f 5054/6294/5652 5486/6293/5651 6268/6295/5653 5487/6296/5654
f 5486/6293/5651 5143/6292/5650 5488/6297/5655 6268/6295/5653
f 6268/6295/5653 5488/6297/5655 5141/5694/5087 5489/5697/5090
f 5487/6296/5654 6268/6295/5653 5489/5697/5090 5052/5649/5042
f 5133/5748/5139 5491/5751/5142 6269/6298/5656 5490/6299/5657
f 5491/5751/5142 5056/5640/5033 5492/6300/5658 6269/6298/5656
f 6269/6298/5656 5492/6300/5658 5058/6301/5659 5493/6302/5660
f 5490/6299/5657 6269/6298/5656 5493/6302/5660 5135/6303/5661
f 5135/6304/5661 5493/6305/5660 6270/6306/5662 5494/6307/5663
f 5493/6305/5660 5058/6308/5659 5495/6309/5664 6270/6306/5662
f 6270/6306/5662 5495/6309/5664 5059/6310/5665 5496/6311/5666
f 5494/6307/5663 6270/6306/5662 5496/6311/5666 5134/6312/5667
f 5134/6312/5667 5496/6311/5666 6271/6313/5668 5497/6314/5669
f 5496/6311/5666 5059/6310/5665 5498/6315/5670 6271/6313/5668
f 6271/6313/5668 5498/6315/5670 5057/5653/5046 5499/5699/5092
f 5497/6314/5669 6271/6313/5668 5499/5699/5092 5132/5698/5091
f 5065/5644/5037 5501/5753/5144 6272/6316/5671 5500/6317/5672
f 5501/5753/5144 5116/5752/5143 5502/6318/5673 6272/6316/5671
f 6272/6316/5671 5502/6318/5673 5118/6319/5674 5503/6320/5675
f 5500/6317/5672 6272/6316/5671 5503/6320/5675 5067/6321/5676
f 5067/6321/5676 5503/6320/5675 6273/6322/5677 5504/6323/5678
f 5503/6320/5675 5118/6319/5674 5505/6324/5679 6273/6322/5677
f 6273/6325/5677 5505/6326/5679 5119/6327/5680 5506/6328/5681
f 5504/6329/5678 6273/6325/5677 5506/6328/5681 5066/6330/5682
f 5066/6330/5682 5506/6328/5681 6274/6331/5683 5507/6332/5684
f 5506/6328/5681 5119/6327/5680 5508/6333/5685 6274/6331/5683
f 6274/6331/5683 5508/6333/5685 5117/5744/5135 5509/5776/5167
f 5507/6332/5684 6274/6331/5683 5509/5776/5167 5064/5727/5120
f 5125/5609/5007 5511/5788/5179 6275/6334/5686 5510/6335/5687
f 5511/5788/5179 5060/5676/5069 5512/6336/5688 6275/6334/5686
f 6275/6334/5686 5512/6336/5688 5062/6337/5689 5513/6338/5690
f 5510/6335/5687 6275/6334/5686 5513/6338/5690 5127/6339/5691
f 5127/6339/5691 5513/6338/5690 6276/6340/5692 5514/6341/5693
f 5513/6338/5690 5062/6337/5689 5515/6342/5694 6276/6340/5692
f 6276/6340/5692 5515/6342/5694 5063/6343/5695 5516/6344/5696
f 5514/6341/5693 6276/6340/5692 5516/6344/5696 5126/6345/5697
f 5126/6345/5697 5516/6344/5696 6277/6346/5698 5517/6347/5699
f 5516/6344/5696 5063/6343/5695 5518/6348/5700 6277/6346/5698
f 6277/6346/5698 5518/6348/5700 5061/5731/5124 5519/5777/5168
f 5517/6347/5699 6277/6346/5698 5519/5777/5168 5124/5742/5133
f 5132/5698/5091 5520/6083/5460 6278/6349/5701 5497/6314/5669
f 5520/6083/5460 5128/5627/5022 5521/6350/5702 6278/6349/5701
f 6278/6349/5701 5521/6350/5702 5130/6351/5703 5522/6352/5704
f 5497/6314/5669 6278/6349/5701 5522/6352/5704 5134/6312/5667
f 5134/6312/5667 5522/6352/5704 6279/6353/5705 5494/6307/5663
f 5522/6352/5704 5130/6351/5703 5523/6354/5706 6279/6353/5705
f 6279/6353/5705 5523/6354/5706 5131/6355/5707 5524/6356/5708
f 5494/6307/5663 6279/6353/5705 5524/6356/5708 5135/6304/5661
f 5135/6303/5661 5524/6357/5708 6280/6358/5709 5490/6299/5657
f 5524/6357/5708 5131/6359/5707 5525/6360/5710 6280/6358/5709
f 6280/6358/5709 5525/6360/5710 5129/5781/5172 5526/5784/5175
f 5490/6299/5657 6280/6358/5709 5526/5784/5175 5133/5748/5139
f 5145/5736/5129 5528/5739/5130 6281/6361/5711 5527/6362/5712
f 5528/5739/5130 5117/5744/5135 5508/6333/5685 6281/6361/5711
f 6281/6361/5711 5508/6333/5685 5119/6327/5680 5529/6363/5713
f 5527/6362/5712 6281/6361/5711 5529/6363/5713 5147/6364/5714
f 5147/6364/5714 5529/6363/5713 6282/6365/5715 5530/6366/5716
f 5529/6363/5713 5119/6327/5680 5505/6326/5679 6282/6365/5715
f 6282/6367/5715 5505/6324/5679 5118/6319/5674 5531/6368/5717
f 5530/6369/5716 6282/6367/5715 5531/6368/5717 5146/6370/5718
f 5146/6370/5718 5531/6368/5717 6283/6371/5719 5532/6372/5720
f 5531/6368/5717 5118/6319/5674 5502/6318/5673 6283/6371/5719
f 6283/6371/5719 5502/6318/5673 5116/5752/5143 5533/5786/5177
f 5532/6372/5720 6283/6371/5719 5533/5786/5177 5144/5785/5176
f 5124/5742/5133 5534/5741/5132 6284/6373/5721 5517/6347/5699
f 5534/5741/5132 5136/5740/5131 5535/6374/5722 6284/6373/5721
f 6284/6373/5721 5535/6374/5722 5138/6375/5723 5536/6376/5724
f 5517/6347/5699 6284/6373/5721 5536/6376/5724 5126/6345/5697
f 5126/6345/5697 5536/6376/5724 6285/6377/5725 5514/6341/5693
f 5536/6376/5724 5138/6375/5723 5537/6378/5726 6285/6377/5725
f 6285/6377/5725 5537/6378/5726 5139/6379/5727 5538/6380/5728
f 5514/6341/5693 6285/6377/5725 5538/6380/5728 5127/6339/5691
f 5127/6339/5691 5538/6380/5728 6286/6381/5729 5510/6335/5687
f 5538/6380/5728 5139/6379/5727 5539/6382/5730 6286/6381/5729
f 6286/6381/5729 5539/6382/5730 5137/5603/5001 5540/5605/5003
f 5510/6335/5687 6286/6381/5729 5540/5605/5003 5125/5609/5007
f 5073/5689/5082 5542/6086/5463 6287/6383/5731 5541/6384/5732
f 5542/6086/5463 5092/5712/5105 5543/6385/5733 6287/6383/5731
f 6287/6383/5731 5543/6385/5733 5094/6386/5734 5544/6387/5735
f 5541/6384/5732 6287/6383/5731 5544/6387/5735 5075/6388/5736
f 5075/6388/5736 5544/6387/5735 6288/6389/5737 5545/6390/5738
f 5544/6387/5735 5094/6386/5734 5546/6391/5739 6288/6389/5737
f 6288/6389/5737 5546/6391/5739 5095/6392/5740 5547/6393/5741
f 5545/6390/5738 6288/6389/5737 5547/6393/5741 5074/6394/5742
f 5074/6394/5742 5547/6393/5741 6289/6395/5743 5548/6396/5744
f 5547/6393/5741 5095/6392/5740 5549/6397/5745 6289/6395/5743
f 6289/6395/5743 5549/6397/5745 5093/6095/5472 5550/6097/5474
f 5548/6396/5744 6289/6395/5743 5550/6097/5474 5072/5667/5060
f 5097/5714/5107 5552/6085/5462 6290/6398/5746 5551/6399/5747
f 5552/6085/5462 5068/5685/5078 5553/6400/5748 6290/6398/5746
f 6290/6398/5746 5553/6400/5748 5070/6401/5749 5554/6402/5750
f 5551/6399/5747 6290/6398/5746 5554/6402/5750 5099/6403/5751
f 5099/6403/5751 5554/6402/5750 6291/6404/5752 5555/6405/5753
f 5554/6402/5750 5070/6401/5749 5556/6406/5754 6291/6404/5752
f 6291/6407/5752 5556/6408/5754 5071/6409/5755 5557/6410/5756
f 5555/6411/5753 6291/6407/5752 5557/6410/5756 5098/6412/5757
f 5098/6412/5757 5557/6410/5756 6292/6413/5758 5558/6414/5759
f 5557/6410/5756 5071/6409/5755 5559/6415/5760 6292/6413/5758
f 6292/6413/5758 5559/6415/5760 5069/5704/5097 5560/5780/5171
f 5558/6414/5759 6292/6413/5758 5560/5780/5171 5096/5718/5111
f 5081/5671/5064 5562/6098/5475 6293/6416/5761 5561/6417/5762
f 5562/6098/5475 5084/6093/5470 5563/6418/5763 6293/6416/5761
f 6293/6416/5761 5563/6418/5763 5086/6419/5764 5564/6420/5765
f 5561/6417/5762 6293/6416/5761 5564/6420/5765 5083/6421/5766
f 5083/6422/5766 5564/6423/5765 6294/6424/5767 5565/6425/5768
f 5564/6423/5765 5086/6426/5764 5566/6427/5769 6294/6424/5767
f 6294/6424/5767 5566/6427/5769 5087/6428/5770 5567/6429/5771
f 5565/6425/5768 6294/6424/5767 5567/6429/5771 5082/6430/5772
f 5082/6430/5772 5567/6429/5771 6295/6431/5773 5568/6432/5774
f 5567/6429/5771 5087/6428/5770 5569/6433/5775 6295/6431/5773
f 6295/6431/5773 5569/6433/5775 5085/5726/5119 5570/6100/5477
f 5568/6432/5774 6295/6431/5773 5570/6100/5477 5080/5754/5145
f 5121/5630/5023 5572/6082/5459 6296/6434/5776 5571/6435/5777
f 5572/6082/5459 5141/5694/5087 5488/6297/5655 6296/6434/5776
f 6296/6434/5776 5488/6297/5655 5143/6292/5650 5573/6436/5778
f 5571/6435/5777 6296/6434/5776 5573/6436/5778 5123/6437/5779
f 5123/6437/5779 5573/6436/5778 6297/6438/5780 5574/6439/5781
f 5573/6436/5778 5143/6292/5650 5485/6291/5649 6297/6438/5780
f 6297/6438/5780 5485/6291/5649 5142/6290/5644 5575/6440/5782
f 5574/6439/5781 6297/6438/5780 5575/6440/5782 5122/6441/5783
f 5122/6442/5783 5575/6443/5782 6298/6444/5784 5576/6445/5785
f 5575/6443/5782 5142/6283/5644 5482/6282/5643 6298/6444/5784
f 6298/6444/5784 5482/6282/5643 5140/5607/5005 5577/5606/5004
f 5576/6445/5785 6298/6444/5784 5577/5606/5004 5120/5600/4999
f 5089/5720/5113 5579/5779/5170 6299/6446/5786 5578/6447/5787
f 5579/5779/5170 5076/5700/5093 5580/6448/5788 6299/6446/5786
f 6299/6446/5786 5580/6448/5788 5078/6449/5789 5581/6450/5790
f 5578/6447/5787 6299/6446/5786 5581/6450/5790 5091/6451/5791
f 5091/6452/5791 5581/6453/5790 6300/6454/5792 5582/6455/5793
f 5581/6453/5790 5078/6456/5789 5583/6457/5794 6300/6454/5792
f 6300/6454/5792 5583/6457/5794 5079/6458/5795 5584/6459/5796
f 5582/6455/5793 6300/6454/5792 5584/6459/5796 5090/6460/5797
f 5090/6460/5797 5584/6459/5796 6301/6461/5798 5585/6462/5799
f 5584/6459/5796 5079/6458/5795 5586/6463/5800 6301/6461/5798
f 6301/6461/5798 5586/6463/5800 5077/5758/5149 5587/6101/5478
f 5585/6462/5799 6301/6461/5798 5587/6101/5478 5088/5724/5117
f 5113/5666/5059 5589/5722/5115 6302/6464/5801 5588/6465/5802
f 5589/5722/5115 5085/5726/5119 5569/6433/5775 6302/6464/5801
f 6302/6464/5801 5569/6433/5775 5087/6428/5770 5590/6466/5803
f 5588/6465/5802 6302/6464/5801 5590/6466/5803 5115/6467/5804
f 5115/6467/5804 5590/6466/5803 6303/6468/5805 5591/6469/5806
f 5590/6466/5803 5087/6428/5770 5566/6427/5769 6303/6468/5805
f 6303/6468/5805 5566/6427/5769 5086/6426/5764 5592/6470/5807
f 5591/6469/5806 6303/6468/5805 5592/6470/5807 5114/6471/5808
f 5114/6472/5808 5592/6473/5807 6304/6474/5809 5593/6475/5810
f 5592/6473/5807 5086/6419/5764 5563/6418/5763 6304/6474/5809
f 6304/6474/5809 5563/6418/5763 5084/6093/5470 5594/6092/5469
f 5593/6475/5810 6304/6474/5809 5594/6092/5469 5112/6091/5468
f 5105/6087/5464 5596/6090/5467 6305/6476/5811 5595/6477/5812
f 5596/6090/5467 5093/6095/5472 5549/6397/5745 6305/6476/5811
f 6305/6476/5811 5549/6397/5745 5095/6392/5740 5597/6478/5813
f 5595/6477/5812 6305/6476/5811 5597/6478/5813 5107/6479/5814
f 5107/6479/5814 5597/6478/5813 6306/6480/5815 5598/6481/5816
f 5597/6478/5813 5095/6392/5740 5546/6391/5739 6306/6480/5815
f 6306/6480/5815 5546/6391/5739 5094/6386/5734 5599/6482/5817
f 5598/6481/5816 6306/6480/5815 5599/6482/5817 5106/6483/5818
f 5106/6483/5818 5599/6482/5817 6307/6484/5819 5600/6485/5820
f 5599/6482/5817 5094/6386/5734 5543/6385/5733 6307/6484/5819
f 6307/6484/5819 5543/6385/5733 5092/5712/5105 5601/5711/5104
f 5600/6485/5820 6307/6484/5819 5601/5711/5104 5104/5637/5030
f 5088/5724/5117 5602/5723/5116 6308/6486/5821 5585/6462/5799
f 5602/5723/5116 5108/5664/5057 5603/6487/5822 6308/6486/5821
f 6308/6486/5821 5603/6487/5822 5110/6488/5823 5604/6489/5824
f 5585/6462/5799 6308/6486/5821 5604/6489/5824 5090/6460/5797
f 5090/6460/5797 5604/6489/5824 6309/6490/5825 5582/6455/5793
f 5604/6489/5824 5110/6488/5823 5605/6491/5826 6309/6490/5825
f 6309/6490/5825 5605/6491/5826 5111/6492/5827 5606/6493/5828
f 5582/6455/5793 6309/6490/5825 5606/6493/5828 5091/6452/5791
f 5091/6451/5791 5606/6494/5828 6310/6495/5829 5578/6447/5787
f 5606/6494/5828 5111/6496/5827 5607/6497/5830 6310/6495/5829
f 6310/6495/5829 5607/6497/5830 5109/5618/5016 5608/5716/5109
f 5578/6447/5787 6310/6495/5829 5608/5716/5109 5089/5720/5113
f 5101/5639/5032 5610/5710/5103 6311/6498/5831 5609/6499/5832
f 5610/5710/5103 5097/5714/5107 5551/6399/5747 6311/6498/5831
f 6311/6498/5831 5551/6399/5747 5099/6403/5751 5611/6500/5833
f 5609/6499/5832 6311/6498/5831 5611/6500/5833 5103/6501/5834
f 5103/6501/5834 5611/6500/5833 6312/6502/5835 5612/6503/5836
f 5611/6500/5833 5099/6403/5751 5555/6405/5753 6312/6502/5835
f 6312/6504/5835 5555/6411/5753 5098/6412/5757 5613/6505/5837
f 5612/6506/5836 6312/6504/5835 5613/6505/5837 5102/6507/5838
f 5102/6507/5838 5613/6505/5837 6313/6508/5839 5614/6509/5840
f 5613/6505/5837 5098/6412/5757 5558/6414/5759 6313/6508/5839
f 6313/6508/5839 5558/6414/5759 5096/5718/5111 5615/5717/5110
f 5614/6509/5840 6313/6508/5839 5615/5717/5110 5100/5616/5014
f 5025/5610/5008 5617/5613/5011 6314/6510/5841 5616/6511/5842
f 5617/5613/5011 5109/5618/5016 5607/6497/5830 6314/6510/5841
f 6314/6510/5841 5607/6497/5830 5111/6496/5827 5618/6512/5843
f 5616/6511/5842 6314/6510/5841 5618/6512/5843 5027/6513/5844
f 5027/6514/5844 5618/6515/5843 6315/6516/5845 5619/6517/5846
f 5618/6515/5843 5111/6492/5827 5605/6491/5826 6315/6516/5845
f 6315/6516/5845 5605/6491/5826 5110/6488/5823 5620/6518/5847
f 5619/6517/5846 6315/6516/5845 5620/6518/5847 5026/6519/5848
f 5026/6519/5848 5620/6518/5847 6316/6520/5849 5621/6521/5850
f 5620/6518/5847 5110/6488/5823 5603/6487/5822 6316/6520/5849
f 6316/6520/5849 5603/6487/5822 5108/5664/5057 5622/5663/5056
f 5621/6521/5850 6316/6520/5849 5622/5663/5056 5024/5662/5055
f 5021/5658/5051 5624/5661/5054 6317/6522/5851 5623/6523/5852
f 5624/5661/5054 5113/5666/5059 5588/6465/5802 6317/6522/5851
f 6317/6522/5851 5588/6465/5802 5115/6467/5804 5625/6524/5853
f 5623/6523/5852 6317/6522/5851 5625/6524/5853 5023/6525/5854
f 5023/6525/5854 5625/6524/5853 6318/6526/5855 5626/6527/5856
f 5625/6524/5853 5115/6467/5804 5591/6469/5806 6318/6526/5855
f 6318/6526/5855 5591/6469/5806 5114/6471/5808 5627/6528/5857
f 5626/6527/5856 6318/6526/5855 5627/6528/5857 5022/6529/5858
f 5022/6530/5858 5627/6531/5857 6319/6532/5859 5628/6533/5860
f 5627/6531/5857 5114/6472/5808 5593/6475/5810 6319/6532/5859
f 6319/6532/5859 5593/6475/5810 5112/6091/5468 5629/6534/5861
f 5628/6533/5860 6319/6532/5859 5629/6534/5861 5020/5766/5157
f 5100/5616/5014 5630/5615/5013 6320/6535/5862 5614/6509/5840
f 5630/5615/5013 5032/5614/5012 5631/6536/5863 6320/6535/5862
f 6320/6535/5862 5631/6536/5863 5034/6537/5864 5632/6538/5865
f 5614/6509/5840 6320/6535/5862 5632/6538/5865 5102/6507/5838
f 5102/6507/5838 5632/6538/5865 6321/6539/5866 5612/6506/5836
f 5632/6538/5865 5034/6537/5864 5633/6540/5867 6321/6539/5866
f 6321/6541/5866 5633/6542/5867 5035/6543/5868 5634/6544/5869
f 5612/6503/5836 6321/6541/5866 5634/6544/5869 5103/6501/5834
f 5103/6501/5834 5634/6544/5869 6322/6545/5870 5609/6499/5832
f 5634/6544/5869 5035/6543/5868 5635/6546/5871 6322/6545/5870
f 6322/6545/5870 5635/6546/5871 5033/5631/5024 5636/5634/5027
f 5609/6499/5832 6322/6545/5870 5636/5634/5027 5101/5639/5032
f 5029/5768/5159 5638/6547/5872 6323/6548/5873 5637/6549/5874
f 5638/6547/5872 5105/6087/5464 5595/6477/5812 6323/6548/5873
f 6323/6548/5873 5595/6477/5812 5107/6479/5814 5639/6550/5875
f 5637/6549/5874 6323/6548/5873 5639/6550/5875 5031/6551/5876
f 5031/6551/5876 5639/6550/5875 6324/6552/5877 5640/6553/5878
f 5639/6550/5875 5107/6479/5814 5598/6481/5816 6324/6552/5877
f 6324/6552/5877 5598/6481/5816 5106/6483/5818 5641/6554/5879
f 5640/6553/5878 6324/6552/5877 5641/6554/5879 5030/6555/5880
f 5030/6555/5880 5641/6554/5879 6325/6556/5881 5642/6557/5882
f 5641/6554/5879 5106/6483/5818 5600/6485/5820 6325/6556/5881
f 6325/6556/5881 5600/6485/5820 5104/5637/5030 5643/5636/5029
f 5642/6557/5882 6325/6556/5881 5643/5636/5029 5028/5635/5028
f 5020/5766/5157 5644/5765/5156 6326/6558/5883 5628/6533/5860
f 5644/5765/5156 5048/5682/5075 5645/6559/5884 6326/6558/5883
f 6326/6558/5883 5645/6559/5884 5050/6560/5885 5646/6561/5886
f 5628/6533/5860 6326/6558/5883 5646/6561/5886 5022/6530/5858
f 5022/6529/5858 5646/6562/5886 6327/6563/5887 5626/6527/5856
f 5646/6562/5886 5050/6564/5885 5647/6565/5888 6327/6563/5887
f 6327/6563/5887 5647/6565/5888 5051/6566/5889 5648/6567/5890
f 5626/6527/5856 6327/6563/5887 5648/6567/5890 5023/6525/5854
f 5023/6525/5854 5648/6567/5890 6328/6568/5891 5623/6523/5852
f 5648/6567/5890 5051/6566/5889 5649/6569/5892 6328/6568/5891
f 6328/6568/5891 5649/6569/5892 5049/5657/5050 5650/5770/5161
f 5623/6523/5852 6328/6568/5891 5650/5770/5161 5021/5658/5051
f 5045/5648/5041 5652/5746/5137 6329/6570/5893 5651/6571/5894
f 5652/5746/5137 5025/5610/5008 5616/6511/5842 6329/6570/5893
f 6329/6570/5893 5616/6511/5842 5027/6513/5844 5653/6572/5895
f 5651/6571/5894 6329/6570/5893 5653/6572/5895 5047/6573/5896
f 5047/6574/5896 5653/6575/5895 6330/6576/5897 5654/6577/5898
f 5653/6575/5895 5027/6514/5844 5619/6517/5846 6330/6576/5897
f 6330/6576/5897 5619/6517/5846 5026/6519/5848 5655/6578/5899
f 5654/6577/5898 6330/6576/5897 5655/6578/5899 5046/6579/5900
f 5046/6579/5900 5655/6578/5899 6331/6580/5901 5656/6581/5902
f 5655/6578/5899 5026/6519/5848 5621/6521/5850 6331/6580/5901
f 6331/6580/5901 5621/6521/5850 5024/5662/5055 5657/5771/5162
f 5656/6581/5902 6331/6580/5901 5657/5771/5162 5044/5655/5048
f 5032/5614/5012 5658/5747/5138 6332/6582/5903 5631/6536/5863
f 5658/5747/5138 5036/5646/5039 5659/6583/5904 6332/6582/5903
f 6332/6582/5903 5659/6583/5904 5038/6584/5905 5660/6585/5906
f 5631/6536/5863 6332/6582/5903 5660/6585/5906 5034/6537/5864
f 5034/6537/5864 5660/6585/5906 6333/6586/5907 5633/6540/5867
f 5660/6585/5906 5038/6584/5905 5661/6587/5908 6333/6586/5907
f 6333/6588/5907 5661/6589/5908 5039/6590/5909 5662/6591/5910
f 5633/6542/5867 6333/6588/5907 5662/6591/5910 5035/6543/5868
f 5035/6543/5868 5662/6591/5910 6334/6592/5911 5635/6546/5871
f 5662/6591/5910 5039/6590/5909 5663/6593/5912 6334/6592/5911
f 6334/6592/5911 5663/6593/5912 5037/5735/5128 5664/5773/5164
f 5635/6546/5871 6334/6592/5911 5664/5773/5164 5033/5631/5024
f 5041/5684/5077 5666/5764/5155 6335/6594/5913 5665/6595/5914
f 5666/5764/5155 5029/5768/5159 5637/6549/5874 6335/6594/5913
f 6335/6594/5913 5637/6549/5874 5031/6551/5876 5667/6596/5915
f 5665/6595/5914 6335/6594/5913 5667/6596/5915 5043/6597/5916
f 5043/6597/5916 5667/6596/5915 6336/6598/5917 5668/6599/5918
f 5667/6596/5915 5031/6551/5876 5640/6553/5878 6336/6598/5917
f 6336/6598/5917 5640/6553/5878 5030/6555/5880 5669/6600/5919
f 5668/6599/5918 6336/6598/5917 5669/6600/5919 5042/6601/5920
f 5042/6601/5920 5669/6600/5919 6337/6602/5921 5670/6603/5922
f 5669/6600/5919 5030/6555/5880 5642/6557/5882 6337/6602/5921
f 6337/6602/5921 5642/6557/5882 5028/5635/5028 5671/5774/5165
f 5670/6603/5922 6337/6602/5921 5671/5774/5165 5040/5733/5126
f 5060/5676/5069 5672/5679/5072 6338/6604/5923 5512/6336/5688
f 5672/5679/5072 5041/5684/5077 5665/6595/5914 6338/6604/5923
f 6338/6604/5923 5665/6595/5914 5043/6597/5916 5673/6605/5924
f 5512/6336/5688 6338/6604/5923 5673/6605/5924 5062/6337/5689
f 5062/6337/5689 5673/6605/5924 6339/6606/5925 5515/6342/5694
f 5673/6605/5924 5043/6597/5916 5668/6599/5918 6339/6606/5925
f 6339/6606/5925 5668/6599/5918 5042/6601/5920 5674/6607/5926
f 5515/6342/5694 6339/6606/5925 5674/6607/5926 5063/6343/5695
f 5063/6343/5695 5674/6607/5926 6340/6608/5927 5518/6348/5700
f 5674/6607/5926 5042/6601/5920 5670/6603/5922 6340/6608/5927
f 6340/6608/5927 5670/6603/5922 5040/5733/5126 5675/5732/5125
f 5518/6348/5700 6340/6608/5927 5675/5732/5125 5061/5731/5124
f 5048/5682/5075 5676/5681/5074 6341/6609/5928 5645/6559/5884
f 5676/5681/5074 5053/5680/5073 5480/6281/5642 6341/6609/5928
f 6341/6609/5928 5480/6281/5642 5055/6285/5646 5677/6610/5929
f 5645/6559/5884 6341/6609/5928 5677/6610/5929 5050/6560/5885
f 5050/6564/5885 5677/6611/5929 6342/6612/5930 5647/6565/5888
f 5677/6611/5929 5055/6286/5646 5484/6289/5648 6342/6612/5930
f 6342/6612/5930 5484/6289/5648 5054/6294/5652 5678/6613/5931
f 5647/6565/5888 6342/6612/5930 5678/6613/5931 5051/6566/5889
f 5051/6566/5889 5678/6613/5931 6343/6614/5932 5649/6569/5892
f 5678/6613/5931 5054/6294/5652 5487/6296/5654 6343/6614/5932
f 6343/6614/5932 5487/6296/5654 5052/5649/5042 5679/5652/5045
f 5649/6569/5892 6343/6614/5932 5679/5652/5045 5049/5657/5050
f 5044/5655/5048 5680/5654/5047 6344/6615/5933 5656/6581/5902
f 5680/5654/5047 5057/5653/5046 5498/6315/5670 6344/6615/5933
f 6344/6615/5933 5498/6315/5670 5059/6310/5665 5681/6616/5934
f 5656/6581/5902 6344/6615/5933 5681/6616/5934 5046/6579/5900
f 5046/6579/5900 5681/6616/5934 6345/6617/5935 5654/6577/5898
f 5681/6616/5934 5059/6310/5665 5495/6309/5664 6345/6617/5935
f 6345/6617/5935 5495/6309/5664 5058/6308/5659 5682/6618/5936
f 5654/6577/5898 6345/6617/5935 5682/6618/5936 5047/6574/5896
f 5047/6573/5896 5682/6619/5936 6346/6620/5937 5651/6571/5894
f 5682/6619/5936 5058/6301/5659 5492/6300/5658 6346/6620/5937
f 6346/6620/5937 5492/6300/5658 5056/5640/5033 5683/5643/5036
f 5651/6571/5894 6346/6620/5937 5683/5643/5036 5045/5648/5041
f 5064/5727/5120 5684/5730/5123 6347/6621/5938 5507/6332/5684
f 5684/5730/5123 5037/5735/5128 5663/6593/5912 6347/6621/5938
f 6347/6621/5938 5663/6593/5912 5039/6590/5909 5685/6622/5939
f 5507/6332/5684 6347/6621/5938 5685/6622/5939 5066/6330/5682
f 5066/6330/5682 5685/6622/5939 6348/6623/5940 5504/6329/5678
f 5685/6622/5939 5039/6590/5909 5661/6589/5908 6348/6623/5940
f 6348/6624/5940 5661/6587/5908 5038/6584/5905 5686/6625/5941
f 5504/6323/5678 6348/6624/5940 5686/6625/5941 5067/6321/5676
f 5067/6321/5676 5686/6625/5941 6349/6626/5942 5500/6317/5672
f 5686/6625/5941 5038/6584/5905 5659/6583/5904 6349/6626/5942
f 6349/6626/5942 5659/6583/5904 5036/5646/5039 5687/5645/5038
f 5500/6317/5672 6349/6626/5942 5687/5645/5038 5065/5644/5037
f 5136/5740/5131 5688/6079/5458 6350/6627/5943 5535/6374/5722
f 5688/6077/5458 5360/6030/5417 5689/6628/5944 6350/6629/5943
f 6350/6629/5943 5689/6628/5944 5362/6630/5945 5690/6631/5946
f 5535/6374/5722 6350/6627/5943 5690/6632/5946 5138/6375/5723
f 5138/6375/5723 5690/6632/5946 6351/6633/5947 5537/6378/5726
f 5690/6631/5946 5362/6630/5945 5691/6634/5948 6351/6635/5947
f 6351/6635/5947 5691/6634/5948 5363/6636/5949 5692/6637/5950
f 5537/6378/5726 6351/6633/5947 5692/6638/5950 5139/6379/5727
f 5139/6379/5727 5692/6638/5950 6352/6639/5951 5539/6382/5730
f 5692/6637/5950 5363/6636/5949 5693/6640/5952 6352/6641/5951
f 6352/6641/5951 5693/6640/5952 5361/5592/4993 5694/5595/4996
f 5539/6382/5730 6352/6639/5951 5694/5602/4996 5137/5603/5001
f 5365/5623/5020 5696/6008/5397 6353/6642/5953 5695/6643/5954
f 5696/6008/5397 5344/6007/5396 5697/6644/5955 6353/6642/5953
f 6353/6642/5953 5697/6644/5955 5346/6645/5956 5698/6646/5957
f 5695/6643/5954 6353/6642/5953 5698/6646/5957 5367/6647/5958
f 5367/6647/5958 5698/6646/5957 6354/6648/5959 5699/6649/5960
f 5698/6646/5957 5346/6645/5956 5700/6650/5961 6354/6648/5959
f 6354/6648/5959 5700/6650/5961 5347/6651/5962 5701/6652/5963
f 5699/6649/5960 6354/6648/5959 5701/6652/5963 5366/6653/5964
f 5366/6654/5964 5701/6655/5963 6355/6656/5965 5702/6657/5966
f 5701/6655/5963 5347/6658/5962 5703/6659/5967 6355/6656/5965
f 6355/6656/5965 5703/6659/5967 5345/6038/5424 5704/6058/5443
f 5702/6657/5966 6355/6656/5965 5704/6058/5443 5364/6062/5447
f 5357/6032/5418 5706/6076/5457 6356/6660/5968 5705/6661/5969
f 5706/6080/5457 5145/5736/5129 5527/6362/5712 6356/6662/5968
f 6356/6662/5968 5527/6362/5712 5147/6364/5714 5707/6663/5970
f 5705/6661/5969 6356/6660/5968 5707/6664/5970 5359/6665/5971
f 5359/6665/5971 5707/6664/5970 6357/6666/5972 5708/6667/5973
f 5707/6663/5970 5147/6364/5714 5530/6366/5716 6357/6668/5972
f 6357/6669/5972 5530/6369/5716 5146/6370/5718 5709/6670/5974
f 5708/6671/5973 6357/6672/5972 5709/6673/5974 5358/6674/5975
f 5358/6674/5975 5709/6673/5974 6358/6675/5976 5710/6676/5977
f 5709/6670/5974 5146/6370/5718 5532/6372/5720 6358/6677/5976
f 6358/6677/5976 5532/6372/5720 5144/5785/5176 5711/6067/5450
f 5710/6676/5977 6358/6675/5976 5711/6065/5450 5356/6060/5445
f 5353/6024/5413 5713/6027/5414 6359/6678/5978 5712/6679/5979
f 5713/6027/5414 5357/6032/5418 5705/6661/5969 6359/6678/5978
f 6359/6678/5978 5705/6661/5969 5359/6665/5971 5714/6680/5980
f 5712/6679/5979 6359/6678/5978 5714/6680/5980 5355/6681/5981
f 5355/6681/5981 5714/6680/5980 6360/6682/5982 5715/6683/5983
f 5714/6680/5980 5359/6665/5971 5708/6667/5973 6360/6682/5982
f 6360/6684/5982 5708/6671/5973 5358/6674/5975 5716/6685/5984
f 5715/6686/5983 6360/6684/5982 5716/6685/5984 5354/6687/5985
f 5354/6687/5985 5716/6685/5984 6361/6688/5986 5717/6689/5987
f 5716/6685/5984 5358/6674/5975 5710/6676/5977 6361/6688/5986
f 6361/6688/5986 5710/6676/5977 5356/6060/5445 5718/6059/5444
f 5717/6689/5987 6361/6688/5986 5718/6059/5444 5352/6036/5422
f 5165/5851/5242 5720/6070/5452 6362/6690/5988 5719/6691/5989
f 5720/6070/5452 5148/6074/5456 5404/6122/5499 6362/6690/5988
f 6362/6690/5988 5404/6122/5499 5151/6127/5504 5721/6692/5990
f 5719/6691/5989 6362/6690/5988 5721/6692/5990 5167/6693/5991
f 5167/6694/5991 5721/6695/5990 6363/6696/5992 5722/6697/5993
f 5721/6695/5990 5151/6138/5504 5412/6136/5513 6363/6696/5992
f 6363/6696/5992 5412/6136/5513 5153/6131/5508 5723/6698/5994
f 5722/6697/5993 6363/6696/5992 5723/6698/5994 5166/6699/5995
f 5166/6699/5995 5723/6698/5994 6364/6700/5996 5724/6701/5997
f 5723/6698/5994 5153/6131/5508 5410/6128/5505 6364/6700/5996
f 6364/6700/5996 5410/6128/5505 5149/5817/5208 5725/5820/5211
f 5724/6701/5997 6364/6700/5996 5725/5820/5211 5164/5825/5216
f 5154/6135/5512 5726/6702/5998 6365/6703/5999 5409/6130/5507
f 5726/6702/5998 5161/6162/5533 5422/6159/5530 6365/6703/5999
f 6365/6703/5999 5422/6159/5530 5157/5821/5212 5727/5818/5209
f 5409/6130/5507 6365/6703/5999 5727/5818/5209 5149/5817/5208
f 5156/5814/5205 5728/5813/5204 6366/6704/6000 5416/6142/5516
f 5728/5813/5204 5168/5812/5203 5729/6705/6001 6366/6704/6000
f 6366/6704/6000 5729/6705/6001 5170/6706/6002 5730/6707/6003
f 5416/6142/5516 6366/6704/6000 5730/6707/6003 5158/6145/5519
f 5158/6150/5519 5730/6708/6003 6367/6709/6004 5418/6151/5524
f 5730/6708/6003 5170/6710/6002 5731/6711/6005 6367/6709/6004
f 6367/6709/6004 5731/6711/6005 5171/6712/6006 5732/6713/6007
f 5418/6151/5524 6367/6709/6004 5732/6713/6007 5162/6154/5526
f 5162/6154/5526 5732/6713/6007 6368/6714/6008 5421/6161/5532
f 5732/6713/6007 5171/6712/6006 5733/6715/6009 6368/6714/6008
f 6368/6714/6008 5733/6715/6009 5169/5823/5214 5734/5822/5213
f 5421/6161/5532 6368/6714/6008 5734/5822/5213 5157/5821/5212
f 5172/6072/5454 5735/6071/5453 6369/6716/6010 5425/6164/5535
f 5735/6071/5453 5188/5847/5238 5736/6717/6011 6369/6716/6010
f 6369/6716/6010 5736/6717/6011 5190/6718/6012 5737/6719/6013
f 5425/6164/5535 6369/6716/6010 5737/6719/6013 5174/6167/5538
f 5174/6167/5538 5737/6719/6013 6370/6720/6014 5428/6172/5543
f 5737/6719/6013 5190/6718/6012 5738/6721/6015 6370/6720/6014
f 6370/6720/6014 5738/6721/6015 5191/6722/6016 5739/6723/6017
f 5428/6172/5543 6370/6720/6014 5739/6723/6017 5178/6174/5545
f 5178/6174/5545 5739/6723/6017 6371/6724/6018 5431/6180/5551
f 5739/6723/6017 5191/6722/6016 5740/6725/6019 6371/6724/6018
f 6371/6724/6018 5740/6725/6019 5189/5803/5194 5741/5842/5233
f 5431/6180/5551 6371/6724/6018 5741/5842/5233 5173/5846/5237
f 5193/5808/5199 5743/5811/5202 6372/6726/6020 5742/6727/6021
f 5743/5811/5202 5180/5816/5207 5434/6185/5556 6372/6726/6020
f 6372/6726/6020 5434/6185/5556 5183/6190/5561 5744/6728/6022
f 5742/6727/6021 6372/6726/6020 5744/6728/6022 5195/6729/6023
f 5195/6729/6023 5744/6728/6022 6373/6730/6024 5745/6731/6025
f 5744/6728/6022 5183/6190/5561 5442/6201/5570 6373/6730/6024
f 6373/6732/6024 5442/6199/5570 5185/6194/5565 5746/6733/6026
f 5745/6734/6025 6373/6732/6024 5746/6733/6026 5194/6735/6027
f 5194/6735/6027 5746/6733/6026 6374/6736/6028 5747/6737/6029
f 5746/6733/6026 5185/6194/5565 5440/6191/5562 6374/6736/6028
f 6374/6736/6028 5440/6191/5562 5181/5844/5235 5748/5843/5234
f 5747/6737/6029 6374/6736/6028 5748/5843/5234 5192/5799/5190
f 5186/6198/5569 5749/6738/6030 6375/6739/6031 5439/6193/5564
f 5749/6738/6030 5177/6181/5552 5432/6178/5549 6375/6739/6031
f 6375/6739/6031 5432/6178/5549 5173/5846/5237 5750/5845/5236
f 5439/6193/5564 6375/6739/6031 5750/5845/5236 5181/5844/5235
f 5148/6074/5456 5751/6073/5455 6376/6740/6032 5405/6120/5497
f 5751/6073/5455 5172/6072/5454 5424/6166/5537 6376/6740/6032
f 6376/6740/6032 5424/6166/5537 5175/6171/5542 5752/6741/6033
f 5405/6120/5497 6376/6740/6032 5752/6741/6033 5150/6123/5500
f 5180/5816/5207 5753/5815/5206 6377/6742/6034 5435/6183/5554
f 5753/5815/5206 5156/5814/5205 5415/6144/5518 6377/6742/6034
f 6377/6742/6034 5415/6144/5518 5159/6149/5523 5754/6743/6035
f 5435/6183/5554 6377/6742/6034 5754/6743/6035 5182/6186/5557
f 5188/5847/5238 5755/5850/5241 6378/6744/6036 5736/6717/6011
f 5755/5850/5241 5204/5855/5246 5756/6745/6037 6378/6744/6036
f 6378/6744/6036 5756/6745/6037 5206/6746/6038 5757/6747/6039
f 5736/6717/6011 6378/6744/6036 5757/6747/6039 5190/6718/6012
f 5190/6718/6012 5757/6747/6039 6379/6748/6040 5738/6721/6015
f 5757/6747/6039 5206/6746/6038 5758/6749/6041 6379/6748/6040
f 6379/6748/6040 5758/6749/6041 5207/6750/6042 5759/6751/6043
f 5738/6721/6015 6379/6748/6040 5759/6751/6043 5191/6722/6016
f 5191/6722/6016 5759/6751/6043 6380/6752/6044 5740/6725/6019
f 5759/6751/6043 5207/6750/6042 5760/6753/6045 6380/6752/6044
f 6380/6752/6044 5760/6753/6045 5205/5805/5196 5761/5804/5195
f 5740/6725/6019 6380/6752/6044 5761/5804/5195 5189/5803/5194
f 5209/5838/5229 5763/5837/5228 6381/6754/6046 5762/6755/6047
f 5763/5837/5228 5193/5808/5199 5742/6727/6021 6381/6754/6046
f 6381/6754/6046 5742/6727/6021 5195/6729/6023 5764/6756/6048
f 5762/6755/6047 6381/6754/6046 5764/6756/6048 5211/6757/6049
f 5211/6757/6049 5764/6756/6048 6382/6758/6050 5765/6759/6051
f 5764/6756/6048 5195/6729/6023 5745/6731/6025 6382/6758/6050
f 6382/6760/6050 5745/6734/6025 5194/6735/6027 5766/6761/6052
f 5765/6762/6051 6382/6760/6050 5766/6761/6052 5210/6763/6053
f 5210/6763/6053 5766/6761/6052 6383/6764/6054 5767/6765/6055
f 5766/6761/6052 5194/6735/6027 5747/6737/6029 6383/6764/6054
f 6383/6764/6054 5747/6737/6029 5192/5799/5190 5768/5802/5193
f 5767/6765/6055 6383/6764/6054 5768/5802/5193 5208/5807/5198
f 5164/5825/5216 5769/5827/5218 6384/6766/6056 5724/6701/5997
f 5769/5827/5218 5196/5790/5181 5770/6767/6057 6384/6766/6056
f 6384/6766/6056 5770/6767/6057 5198/6768/6058 5771/6769/6059
f 5724/6701/5997 6384/6766/6056 5771/6769/6059 5166/6699/5995
f 5166/6699/5995 5771/6769/6059 6385/6770/6060 5722/6697/5993
f 5771/6769/6059 5198/6768/6058 5772/6771/6061 6385/6770/6060
f 6385/6770/6060 5772/6771/6061 5199/6772/6062 5773/6773/6063
f 5722/6697/5993 6385/6770/6060 5773/6773/6063 5167/6694/5991
f 5167/6693/5991 5773/6774/6063 6386/6775/6064 5719/6691/5989
f 5773/6774/6063 5199/6776/6062 5774/6777/6065 6386/6775/6064
f 6386/6775/6064 5774/6777/6065 5197/5853/5244 5775/5852/5243
f 5719/6691/5989 6386/6775/6064 5775/5852/5243 5165/5851/5242
f 5201/5794/5185 5777/5828/5219 6387/6778/6066 5776/6779/6067
f 5777/5828/5219 5169/5823/5214 5733/6715/6009 6387/6778/6066
f 6387/6778/6066 5733/6715/6009 5171/6712/6006 5778/6780/6068
f 5776/6779/6067 6387/6778/6066 5778/6780/6068 5203/6781/6069
f 5203/6781/6069 5778/6780/6068 6388/6782/6070 5779/6783/6071
f 5778/6780/6068 5171/6712/6006 5731/6711/6005 6388/6782/6070
f 6388/6782/6070 5731/6711/6005 5170/6710/6002 5780/6784/6072
f 5779/6783/6071 6388/6782/6070 5780/6784/6072 5202/6785/6073
f 5202/6786/6073 5780/6787/6072 6389/6788/6074 5781/6789/6075
f 5780/6787/6072 5170/6706/6002 5729/6705/6001 6389/6788/6074
f 6389/6788/6074 5729/6705/6001 5168/5812/5203 5782/5836/5227
f 5781/6789/6075 6389/6788/6074 5782/5836/5227 5200/5840/5231
f 5204/5855/5246 5783/5875/5266 6390/6790/6076 5756/6745/6037
f 5783/5875/5266 5220/5879/5270 5784/6791/6077 6390/6790/6076
f 6390/6790/6076 5784/6791/6077 5222/6792/6078 5785/6793/6079
f 5756/6745/6037 6390/6790/6076 5785/6793/6079 5206/6746/6038
f 5206/6746/6038 5785/6793/6079 6391/6794/6080 5758/6749/6041
f 5785/6793/6079 5222/6792/6078 5786/6795/6081 6391/6794/6080
f 6391/6794/6080 5786/6795/6081 5223/6796/6082 5787/6797/6083
f 5758/6749/6041 6391/6794/6080 5787/6797/6083 5207/6750/6042
f 5207/6750/6042 5787/6797/6083 6392/6798/6084 5760/6753/6045
f 5787/6797/6083 5223/6796/6082 5788/6799/6085 6392/6798/6084
f 6392/6798/6084 5788/6799/6085 5221/5871/5262 5789/5870/5261
f 5760/6753/6045 6392/6798/6084 5789/5870/5261 5205/5805/5196
f 5225/5865/5256 5791/5864/5255 6393/6800/6086 5790/6801/6087
f 5791/5864/5255 5209/5838/5229 5762/6755/6047 6393/6800/6086
f 6393/6800/6086 5762/6755/6047 5211/6757/6049 5792/6802/6088
f 5790/6801/6087 6393/6800/6086 5792/6802/6088 5227/6803/6089
f 5227/6803/6089 5792/6802/6088 6394/6804/6090 5793/6805/6091
f 5792/6802/6088 5211/6757/6049 5765/6759/6051 6394/6804/6090
f 6394/6806/6090 5765/6762/6051 5210/6763/6053 5794/6807/6092
f 5793/6808/6091 6394/6806/6090 5794/6807/6092 5226/6809/6093
f 5226/6809/6093 5794/6807/6092 6395/6810/6094 5795/6811/6095
f 5794/6807/6092 5210/6763/6053 5767/6765/6055 6395/6810/6094
f 6395/6810/6094 5767/6765/6055 5208/5807/5198 5796/5869/5260
f 5795/6811/6095 6395/6810/6094 5796/5869/5260 5224/5873/5264
f 5196/5790/5181 5797/5793/5184 6396/6812/6096 5770/6767/6057
f 5797/5793/5184 5212/5798/5189 5798/6813/6097 6396/6812/6096
f 6396/6812/6096 5798/6813/6097 5214/6814/6098 5799/6815/6099
f 5770/6767/6057 6396/6812/6096 5799/6815/6099 5198/6768/6058
f 5198/6768/6058 5799/6815/6099 6397/6816/6100 5772/6771/6061
f 5799/6815/6099 5214/6814/6098 5800/6817/6101 6397/6816/6100
f 6397/6816/6100 5800/6817/6101 5215/6818/6102 5801/6819/6103
f 5772/6771/6061 6397/6816/6100 5801/6819/6103 5199/6772/6062
f 5199/6776/6062 5801/6820/6103 6398/6821/6104 5774/6777/6065
f 5801/6820/6103 5215/6822/6102 5802/6823/6105 6398/6821/6104
f 6398/6821/6104 5802/6823/6105 5213/5877/5268 5803/5876/5267
f 5774/6777/6065 6398/6821/6104 5803/5876/5267 5197/5853/5244
f 5217/5796/5187 5805/5795/5186 6399/6824/6106 5804/6825/6107
f 5805/5795/5186 5201/5794/5185 5776/6779/6067 6399/6824/6106
f 6399/6824/6106 5776/6779/6067 5203/6781/6069 5806/6826/6108
f 5804/6825/6107 6399/6824/6106 5806/6826/6108 5219/6827/6109
f 5219/6827/6109 5806/6826/6108 6400/6828/6110 5807/6829/6111
f 5806/6826/6108 5203/6781/6069 5779/6783/6071 6400/6828/6110
f 6400/6828/6110 5779/6783/6071 5202/6785/6073 5808/6830/6112
f 5807/6829/6111 6400/6828/6110 5808/6830/6112 5218/6831/6113
f 5218/6832/6113 5808/6833/6112 6401/6834/6114 5809/6835/6115
f 5808/6833/6112 5202/6786/6073 5781/6789/6075 6401/6834/6114
f 6401/6834/6114 5781/6789/6075 5200/5840/5231 5810/5863/5254
f 5809/6835/6115 6401/6834/6114 5810/5863/5254 5216/5867/5258
f 5220/5879/5270 5811/5902/5293 6402/6836/6116 5784/6791/6077
f 5811/5902/5293 5236/5880/5271 5812/6837/6117 6402/6836/6116
f 6402/6836/6116 5812/6837/6117 5238/6838/6118 5813/6839/6119
f 5784/6791/6077 6402/6836/6116 5813/6839/6119 5222/6792/6078
f 5222/6792/6078 5813/6839/6119 6403/6840/6120 5786/6795/6081
f 5813/6839/6119 5238/6838/6118 5814/6841/6121 6403/6840/6120
f 6403/6840/6120 5814/6841/6121 5239/6842/6122 5815/6843/6123
f 5786/6795/6081 6403/6840/6120 5815/6843/6123 5223/6796/6082
f 5223/6796/6082 5815/6843/6123 6404/6844/6124 5788/6799/6085
f 5815/6843/6123 5239/6842/6122 5816/6845/6125 6404/6844/6124
f 6404/6844/6124 5816/6845/6125 5237/5898/5289 5817/5897/5288
f 5788/6799/6085 6404/6844/6124 5817/5897/5288 5221/5871/5262
f 5241/5892/5283 5819/5891/5282 6405/6846/6126 5818/6847/6127
f 5819/5891/5282 5225/5865/5256 5790/6801/6087 6405/6846/6126
f 6405/6846/6126 5790/6801/6087 5227/6803/6089 5820/6848/6128
f 5818/6847/6127 6405/6846/6126 5820/6848/6128 5243/6849/6129
f 5243/6849/6129 5820/6848/6128 6406/6850/6130 5821/6851/6131
f 5820/6848/6128 5227/6803/6089 5793/6805/6091 6406/6850/6130
f 6406/6852/6130 5793/6808/6091 5226/6809/6093 5822/6853/6132
f 5821/6854/6131 6406/6852/6130 5822/6853/6132 5242/6855/6133
f 5242/6855/6133 5822/6853/6132 6407/6856/6134 5823/6857/6135
f 5822/6853/6132 5226/6809/6093 5795/6811/6095 6407/6856/6134
f 6407/6856/6134 5795/6811/6095 5224/5873/5264 5824/5896/5287
f 5823/6857/6135 6407/6856/6134 5824/5896/5287 5240/5900/5291
f 5212/5798/5189 5825/5830/5221 6408/6858/6136 5798/6813/6097
f 5825/5830/5221 5228/5834/5225 5826/6859/6137 6408/6858/6136
f 6408/6858/6136 5826/6859/6137 5230/6860/6138 5827/6861/6139
f 5798/6813/6097 6408/6858/6136 5827/6861/6139 5214/6814/6098
f 5214/6814/6098 5827/6861/6139 6409/6862/6140 5800/6817/6101
f 5827/6861/6139 5230/6860/6138 5828/6863/6141 6409/6862/6140
f 6409/6862/6140 5828/6863/6141 5231/6864/6142 5829/6865/6143
f 5800/6817/6101 6409/6862/6140 5829/6865/6143 5215/6818/6102
f 5215/6822/6102 5829/6866/6143 6410/6867/6144 5802/6823/6105
f 5829/6866/6143 5231/6868/6142 5830/6869/6145 6410/6867/6144
f 6410/6867/6144 5830/6869/6145 5229/5884/5275 5831/5903/5294
f 5802/6823/6105 6410/6867/6144 5831/5903/5294 5213/5877/5268
f 5233/5832/5223 5833/5831/5222 6411/6870/6146 5832/6871/6147
f 5833/5831/5222 5217/5796/5187 5804/6825/6107 6411/6870/6146
f 6411/6870/6146 5804/6825/6107 5219/6827/6109 5834/6872/6148
f 5832/6871/6147 6411/6870/6146 5834/6872/6148 5235/6873/6149
f 5235/6873/6149 5834/6872/6148 6412/6874/6150 5835/6875/6151
f 5834/6872/6148 5219/6827/6109 5807/6829/6111 6412/6874/6150
f 6412/6874/6150 5807/6829/6111 5218/6831/6113 5836/6876/6152
f 5835/6875/6151 6412/6874/6150 5836/6876/6152 5234/6877/6153
f 5234/6878/6153 5836/6879/6152 6413/6880/6154 5837/6881/6155
f 5836/6879/6152 5218/6832/6113 5809/6835/6115 6413/6880/6154
f 6413/6880/6154 5809/6835/6115 5216/5867/5258 5838/5890/5281
f 5837/6881/6155 6413/6880/6154 5838/5890/5281 5232/5894/5285
f 5262/5888/5279 5839/5887/5278 6414/6882/6156 5476/6271/5632
f 5839/5887/5278 5245/5886/5277 5451/6221/5589 6414/6882/6156
f 6414/6882/6156 5451/6221/5589 5251/6215/5583 5840/6883/6157
f 5476/6271/5632 6414/6882/6156 5840/6883/6157 5269/6274/5635
f 5269/6274/5635 5840/6883/6157 6415/6884/6158 5478/6276/5637
f 5840/6883/6157 5251/6215/5583 5448/6213/5581 6415/6884/6158
f 6415/6884/6158 5448/6213/5581 5247/6208/5576 5841/6885/6159
f 5478/6276/5637 6415/6884/6158 5841/6885/6159 5264/6253/5614
f 5264/6253/5614 5841/6885/6159 6416/6886/6160 5462/6248/5609
f 5841/6885/6159 5247/6208/5576 5445/6205/5573 6416/6886/6160
f 6416/6886/6160 5445/6205/5573 5244/5950/5341 5842/5947/5338
f 5462/6248/5609 6416/6886/6160 5842/5947/5338 5260/5946/5337
f 5232/5894/5285 5843/5917/5308 6417/6887/6161 5837/6881/6155
f 5843/5917/5308 5256/5921/5312 5844/6888/6162 6417/6887/6161
f 6417/6887/6161 5844/6888/6162 5258/6889/6163 5845/6890/6164
f 5837/6881/6155 6417/6887/6161 5845/6890/6164 5234/6878/6153
f 5234/6877/6153 5845/6891/6164 6418/6892/6165 5835/6875/6151
f 5845/6891/6164 5258/6893/6163 5846/6894/6166 6418/6892/6165
f 6418/6892/6165 5846/6894/6166 5259/6895/6167 5847/6896/6168
f 5835/6875/6151 6418/6892/6165 5847/6896/6168 5235/6873/6149
f 5235/6873/6149 5847/6896/6168 6419/6897/6169 5832/6871/6147
f 5847/6896/6168 5259/6895/6167 5848/6898/6170 6419/6897/6169
f 6419/6897/6169 5848/6898/6170 5257/5859/5250 5849/5858/5249
f 5832/6871/6147 6419/6897/6169 5849/5858/5249 5233/5832/5223
f 5245/5886/5277 5850/5885/5276 6420/6899/6171 5452/6219/5587
f 5850/5885/5276 5229/5884/5275 5830/6869/6145 6420/6899/6171
f 6420/6899/6171 5830/6869/6145 5231/6868/6142 5851/6900/6172
f 5452/6219/5587 6420/6899/6171 5851/6900/6172 5250/6222/5590
f 5250/6224/5590 5851/6901/6172 6421/6902/6173 5454/6225/5592
f 5851/6901/6172 5231/6864/6142 5828/6863/6141 6421/6902/6173
f 6421/6902/6173 5828/6863/6141 5230/6860/6138 5852/6903/6174
f 5454/6225/5592 6421/6902/6173 5852/6903/6174 5254/6228/5594
f 5254/6228/5594 5852/6903/6174 6422/6904/6175 5457/6235/5600
f 5852/6903/6174 5230/6860/6138 5826/6859/6137 6422/6904/6175
f 6422/6904/6175 5826/6859/6137 5228/5834/5225 5853/5857/5248
f 5457/6235/5600 6422/6904/6175 5853/5857/5248 5246/5861/5252
f 5236/5880/5271 5854/5883/5274 6423/6905/6176 5812/6837/6117
f 5854/5883/5274 5262/5888/5279 5475/6273/5634 6423/6905/6176
f 6423/6905/6176 5475/6273/5634 5270/6267/5628 5855/6906/6177
f 5812/6837/6117 6423/6905/6176 5855/6906/6177 5238/6838/6118
f 5238/6838/6118 5855/6906/6177 6424/6907/6178 5814/6841/6121
f 5855/6906/6177 5270/6267/5628 5472/6265/5626 6424/6907/6178
f 6424/6907/6178 5472/6265/5626 5266/6263/5624 5856/6908/6179
f 5814/6841/6121 6424/6907/6178 5856/6908/6179 5239/6842/6122
f 5239/6842/6122 5856/6908/6179 6425/6909/6180 5816/6845/6125
f 5856/6908/6179 5266/6263/5624 5470/6260/5621 6425/6909/6180
f 6425/6909/6180 5470/6260/5621 5261/5925/5316 5857/5924/5315
f 5816/6845/6125 6425/6909/6180 5857/5924/5315 5237/5898/5289
f 5273/5919/5310 5859/5918/5309 6426/6910/6181 5858/6911/6182
f 5859/5918/5309 5241/5892/5283 5818/6847/6127 6426/6910/6181
f 6426/6910/6181 5818/6847/6127 5243/6849/6129 5860/6912/6183
f 5858/6911/6182 6426/6910/6181 5860/6912/6183 5275/6913/6184
f 5275/6913/6184 5860/6912/6183 6427/6914/6185 5861/6915/6186
f 5860/6912/6183 5243/6849/6129 5821/6851/6131 6427/6914/6185
f 6427/6916/6185 5821/6854/6131 5242/6855/6133 5862/6917/6187
f 5861/6918/6186 6427/6916/6185 5862/6917/6187 5274/6919/6188
f 5274/6919/6188 5862/6917/6187 6428/6920/6189 5863/6921/6190
f 5862/6917/6187 5242/6855/6133 5823/6857/6135 6428/6920/6189
f 6428/6920/6189 5823/6857/6135 5240/5900/5291 5864/5923/5314
f 5863/6921/6190 6428/6920/6189 5864/5923/5314 5272/5927/5318
f 5260/5946/5337 5865/5949/5340 6429/6922/6191 5463/6246/5607
f 5865/5949/5340 5284/5954/5345 5866/6923/6192 6429/6922/6191
f 6429/6922/6191 5866/6923/6192 5286/6924/6193 5867/6925/6194
f 5463/6246/5607 6429/6922/6191 5867/6925/6194 5263/6249/5610
f 5263/6249/5610 5867/6925/6194 6430/6926/6195 5466/6254/5615
f 5867/6925/6194 5286/6924/6193 5868/6927/6196 6430/6926/6195
f 6430/6926/6195 5868/6927/6196 5287/6928/6197 5869/6929/6198
f 5466/6254/5615 6430/6926/6195 5869/6929/6198 5267/6256/5617
f 5267/6256/5617 5869/6929/6198 6431/6930/6199 5469/6262/5623
f 5869/6929/6198 5287/6928/6197 5870/6931/6200 6431/6930/6199
f 6431/6930/6199 5870/6931/6200 5285/5932/5323 5871/5945/5336
f 5469/6262/5623 6431/6930/6199 5871/5945/5336 5261/5925/5316
f 5289/5940/5331 5873/5939/5330 6432/6932/6201 5872/6933/6202
f 5873/5939/5330 5273/5919/5310 5858/6911/6182 6432/6932/6201
f 6432/6932/6201 5858/6911/6182 5275/6913/6184 5874/6934/6203
f 5872/6933/6202 6432/6932/6201 5874/6934/6203 5291/6935/6204
f 5291/6935/6204 5874/6934/6203 6433/6936/6205 5875/6937/6206
f 5874/6934/6203 5275/6913/6184 5861/6915/6186 6433/6936/6205
f 6433/6938/6205 5861/6918/6186 5274/6919/6188 5876/6939/6207
f 5875/6940/6206 6433/6938/6205 5876/6939/6207 5290/6941/6208
f 5290/6941/6208 5876/6939/6207 6434/6942/6209 5877/6943/6210
f 5876/6939/6207 5274/6919/6188 5863/6921/6190 6434/6942/6209
f 6434/6942/6209 5863/6921/6190 5272/5927/5318 5878/5944/5335
f 5877/6943/6210 6434/6942/6209 5878/5944/5335 5288/5928/5319
f 5246/5861/5252 5879/5914/5305 6435/6944/6211 5458/6233/5598
f 5879/5914/5305 5276/5904/5295 5880/6945/6212 6435/6944/6211
f 6435/6944/6211 5880/6945/6212 5278/6946/6213 5881/6947/6214
f 5458/6233/5598 6435/6944/6211 5881/6947/6214 5253/6236/5601
f 5253/6236/5601 5881/6947/6214 6436/6948/6215 5460/6238/5603
f 5881/6947/6214 5278/6946/6213 5882/6949/6216 6436/6948/6215
f 6436/6948/6215 5882/6949/6216 5279/6950/6217 5883/6951/6218
f 5460/6238/5603 6436/6948/6215 5883/6951/6218 5248/6240/5580
f 5248/6212/5580 5883/6952/6218 6437/6953/6219 5444/6207/5575
f 5883/6952/6218 5279/6954/6217 5884/6955/6220 6437/6953/6219
f 6437/6953/6219 5884/6955/6220 5277/5952/5343 5885/5951/5342
f 5444/6207/5575 6437/6953/6219 5885/5951/5342 5244/5950/5341
f 5281/5908/5299 5887/5915/5306 6438/6956/6221 5886/6957/6222
f 5887/5915/5306 5257/5859/5250 5848/6898/6170 6438/6956/6221
f 6438/6956/6221 5848/6898/6170 5259/6895/6167 5888/6958/6223
f 5886/6957/6222 6438/6956/6221 5888/6958/6223 5283/6959/6224
f 5283/6959/6224 5888/6958/6223 6439/6960/6225 5889/6961/6226
f 5888/6958/6223 5259/6895/6167 5846/6894/6166 6439/6960/6225
f 6439/6960/6225 5846/6894/6166 5258/6893/6163 5890/6962/6227
f 5889/6961/6226 6439/6960/6225 5890/6962/6227 5282/6963/6228
f 5282/6964/6228 5890/6965/6227 6440/6966/6229 5891/6967/6230
f 5890/6965/6227 5258/6889/6163 5844/6888/6162 6440/6966/6229
f 6440/6966/6229 5844/6888/6162 5256/5921/5312 5892/5938/5329
f 5891/6967/6230 6440/6966/6229 5892/5938/5329 5280/5942/5333
f 5288/5928/5319 5893/5931/5322 6441/6968/6231 5877/6943/6210
f 5893/5931/5322 5304/5936/5327 5894/6969/6232 6441/6968/6231
f 6441/6968/6231 5894/6969/6232 5306/6970/6233 5895/6971/6234
f 5877/6943/6210 6441/6968/6231 5895/6971/6234 5290/6941/6208
f 5290/6941/6208 5895/6971/6234 6442/6972/6235 5875/6940/6206
f 5895/6971/6234 5306/6970/6233 5896/6973/6236 6442/6972/6235
f 6442/6974/6235 5896/6975/6236 5307/6976/6237 5897/6977/6238
f 5875/6937/6206 6442/6974/6235 5897/6977/6238 5291/6935/6204
f 5291/6935/6204 5897/6977/6238 6443/6978/6239 5872/6933/6202
f 5897/6977/6238 5307/6976/6237 5898/6979/6240 6443/6978/6239
f 6443/6978/6239 5898/6979/6240 5305/5976/5367 5899/5975/5366
f 5872/6933/6202 6443/6978/6239 5899/5975/5366 5289/5940/5331
f 5297/5910/5301 5901/5909/5300 6444/6980/6241 5900/6981/6242
f 5901/5909/5300 5281/5908/5299 5886/6957/6222 6444/6980/6241
f 6444/6980/6241 5886/6957/6222 5283/6959/6224 5902/6982/6243
f 5900/6981/6242 6444/6980/6241 5902/6982/6243 5299/6983/6244
f 5299/6983/6244 5902/6982/6243 6445/6984/6245 5903/6985/6246
f 5902/6982/6243 5283/6959/6224 5889/6961/6226 6445/6984/6245
f 6445/6984/6245 5889/6961/6226 5282/6963/6228 5904/6986/6247
f 5903/6985/6246 6445/6984/6245 5904/6986/6247 5298/6987/6248
f 5298/6988/6248 5904/6989/6247 6446/6990/6249 5905/6991/6250
f 5904/6989/6247 5282/6964/6228 5891/6967/6230 6446/6990/6249
f 6446/6990/6249 5891/6967/6230 5280/5942/5333 5906/5974/5365
f 5905/6991/6250 6446/6990/6249 5906/5974/5365 5296/5978/5369
f 5293/5967/5358 5908/5966/5357 6447/6992/6251 5907/6993/6252
f 5908/5966/5357 5277/5952/5343 5884/6955/6220 6447/6992/6251
f 6447/6992/6251 5884/6955/6220 5279/6954/6217 5909/6994/6253
f 5907/6993/6252 6447/6992/6251 5909/6994/6253 5295/6995/6254
f 5295/6996/6254 5909/6997/6253 6448/6998/6255 5910/6999/6256
f 5909/6997/6253 5279/6950/6217 5882/6949/6216 6448/6998/6255
f 6448/6998/6255 5882/6949/6216 5278/6946/6213 5911/7000/6257
f 5910/6999/6256 6448/6998/6255 5911/7000/6257 5294/7001/6258
f 5294/7001/6258 5911/7000/6257 6449/7002/6259 5912/7003/6260
f 5911/7000/6257 5278/6946/6213 5880/6945/6212 6449/7002/6259
f 6449/7002/6259 5880/6945/6212 5276/5904/5295 5913/5907/5298
f 5912/7003/6260 6449/7002/6259 5913/5907/5298 5292/5912/5303
f 5284/5954/5345 5914/5965/5356 6450/7004/6261 5866/6923/6192
f 5914/5965/5356 5300/5969/5360 5915/7005/6262 6450/7004/6261
f 6450/7004/6261 5915/7005/6262 5302/7006/6263 5916/7007/6264
f 5866/6923/6192 6450/7004/6261 5916/7007/6264 5286/6924/6193
f 5286/6924/6193 5916/7007/6264 6451/7008/6265 5868/6927/6196
f 5916/7007/6264 5302/7006/6263 5917/7009/6266 6451/7008/6265
f 6451/7008/6265 5917/7009/6266 5303/7010/6267 5918/7011/6268
f 5868/6927/6196 6451/7008/6265 5918/7011/6268 5287/6928/6197
f 5287/6928/6197 5918/7011/6268 6452/7012/6269 5870/6931/6200
f 5918/7011/6268 5303/7010/6267 5919/7013/6270 6452/7012/6269
f 6452/7012/6269 5919/7013/6270 5301/5934/5325 5920/5933/5324
f 5870/6931/6200 6452/7012/6269 5920/5933/5324 5285/5932/5323
f 5300/5969/5360 5921/5998/5389 6453/7014/6271 5915/7005/6262
f 5921/5998/5389 5316/6002/5393 5922/7015/6272 6453/7014/6271
f 6453/7014/6271 5922/7015/6272 5318/7016/6273 5923/7017/6274
f 5915/7005/6262 6453/7014/6271 5923/7017/6274 5302/7006/6263
f 5302/7006/6263 5923/7017/6274 6454/7018/6275 5917/7009/6266
f 5923/7017/6274 5318/7016/6273 5924/7019/6276 6454/7018/6275
f 6454/7018/6275 5924/7019/6276 5319/7020/6277 5925/7021/6278
f 5917/7009/6266 6454/7018/6275 5925/7021/6278 5303/7010/6267
f 5303/7010/6267 5925/7021/6278 6455/7022/6279 5919/7013/6270
f 5925/7021/6278 5319/7020/6277 5926/7023/6280 6455/7022/6279
f 6455/7022/6279 5926/7023/6280 5317/5994/5385 5927/5993/5384
f 5919/7013/6270 6455/7022/6279 5927/5993/5384 5301/5934/5325
f 5321/5983/5374 5929/5990/5381 6456/7024/6281 5928/7025/6282
f 5929/5990/5381 5305/5976/5367 5898/6979/6240 6456/7024/6281
f 6456/7024/6281 5898/6979/6240 5307/6976/6237 5930/7026/6283
f 5928/7025/6282 6456/7024/6281 5930/7026/6283 5323/7027/6284
f 5323/7027/6284 5930/7026/6283 6457/7028/6285 5931/7029/6286
f 5930/7026/6283 5307/6976/6237 5896/6975/6236 6457/7028/6285
f 6457/7030/6285 5896/6973/6236 5306/6970/6233 5932/7031/6287
f 5931/7032/6286 6457/7030/6285 5932/7031/6287 5322/7033/6288
f 5322/7033/6288 5932/7031/6287 6458/7034/6289 5933/7035/6290
f 5932/7031/6287 5306/6970/6233 5894/6969/6232 6458/7034/6289
f 6458/7034/6289 5894/6969/6232 5304/5936/5327 5934/5992/5383
f 5933/7035/6290 6458/7034/6289 5934/5992/5383 5320/5996/5387
f 5292/5912/5303 5935/5971/5362 6459/7036/6291 5912/7003/6260
f 5935/5971/5362 5308/5955/5346 5936/7037/6292 6459/7036/6291
f 6459/7036/6291 5936/7037/6292 5310/7038/6293 5937/7039/6294
f 5912/7003/6260 6459/7036/6291 5937/7039/6294 5294/7001/6258
f 5294/7001/6258 5937/7039/6294 6460/7040/6295 5910/6999/6256
f 5937/7039/6294 5310/7038/6293 5938/7041/6296 6460/7040/6295
f 6460/7040/6295 5938/7041/6296 5311/7042/6297 5939/7043/6298
f 5910/6999/6256 6460/7040/6295 5939/7043/6298 5295/6996/6254
f 5295/6995/6254 5939/7044/6298 6461/7045/6299 5907/6993/6252
f 5939/7044/6298 5311/7046/6297 5940/7047/6300 6461/7045/6299
f 6461/7045/6299 5940/7047/6300 5309/6000/5391 5941/5999/5390
f 5907/6993/6252 6461/7045/6299 5941/5999/5390 5293/5967/5358
f 5313/5959/5350 5943/5972/5363 6462/7048/6301 5942/7049/6302
f 5943/5972/5363 5297/5910/5301 5900/6981/6242 6462/7048/6301
f 6462/7048/6301 5900/6981/6242 5299/6983/6244 5944/7050/6303
f 5942/7049/6302 6462/7048/6301 5944/7050/6303 5315/7051/6304
f 5315/7051/6304 5944/7050/6303 6463/7052/6305 5945/7053/6306
f 5944/7050/6303 5299/6983/6244 5903/6985/6246 6463/7052/6305
f 6463/7052/6305 5903/6985/6246 5298/6987/6248 5946/7054/6307
f 5945/7053/6306 6463/7052/6305 5946/7054/6307 5314/7055/6308
f 5314/7056/6308 5946/7057/6307 6464/7058/6309 5947/7059/6310
f 5946/7057/6307 5298/6988/6248 5905/6991/6250 6464/7058/6309
f 6464/7058/6309 5905/6991/6250 5296/5978/5369 5948/5989/5380
f 5947/7059/6310 6464/7058/6309 5948/5989/5380 5312/5979/5370
f 5308/5955/5346 5949/5958/5349 6465/7060/6311 5936/7037/6292
f 5949/5958/5349 5324/5963/5354 5950/7061/6312 6465/7060/6311
f 6465/7060/6311 5950/7061/6312 5326/7062/6313 5951/7063/6314
f 5936/7037/6292 6465/7060/6311 5951/7063/6314 5310/7038/6293
f 5310/7038/6293 5951/7063/6314 6466/7064/6315 5938/7041/6296
f 5951/7063/6314 5326/7062/6313 5952/7065/6316 6466/7064/6315
f 6466/7064/6315 5952/7065/6316 5327/7066/6317 5953/7067/6318
f 5938/7041/6296 6466/7064/6315 5953/7067/6318 5311/7042/6297
f 5311/7046/6297 5953/7068/6318 6467/7069/6319 5940/7047/6300
f 5953/7068/6318 5327/7070/6317 5954/7071/6320 6467/7069/6319
f 6467/7069/6319 5954/7071/6320 5325/6018/5407 5955/6017/5406
f 5940/7047/6300 6467/7069/6319 5955/6017/5406 5309/6000/5391
f 5333/6012/5401 5957/6011/5400 6468/7072/6321 5956/7073/6322
f 5957/6011/5400 5317/5994/5385 5926/7023/6280 6468/7072/6321
f 6468/7072/6321 5926/7023/6280 5319/7020/6277 5958/7074/6323
f 5956/7073/6322 6468/7072/6321 5958/7074/6323 5335/7075/6324
f 5335/7075/6324 5958/7074/6323 6469/7076/6325 5959/7077/6326
f 5958/7074/6323 5319/7020/6277 5924/7019/6276 6469/7076/6325
f 6469/7076/6325 5924/7019/6276 5318/7016/6273 5960/7078/6327
f 5959/7077/6326 6469/7076/6325 5960/7078/6327 5334/7079/6328
f 5334/7079/6328 5960/7078/6327 6470/7080/6329 5961/7081/6330
f 5960/7078/6327 5318/7016/6273 5922/7015/6272 6470/7080/6329
f 6470/7080/6329 5922/7015/6272 5316/6002/5393 5962/6016/5405
f 5961/7081/6330 6470/7080/6329 5962/6016/5405 5332/6020/5409
f 5320/5996/5387 5963/6010/5399 6471/7082/6331 5933/7035/6290
f 5963/6010/5399 5336/6014/5403 5964/7083/6332 6471/7082/6331
f 6471/7082/6331 5964/7083/6332 5338/7084/6333 5965/7085/6334
f 5933/7035/6290 6471/7082/6331 5965/7085/6334 5322/7033/6288
f 5322/7033/6288 5965/7085/6334 6472/7086/6335 5931/7032/6286
f 5965/7085/6334 5338/7084/6333 5966/7087/6336 6472/7086/6335
f 6472/7088/6335 5966/7089/6336 5339/7090/6337 5967/7091/6338
f 5931/7029/6286 6472/7088/6335 5967/7091/6338 5323/7027/6284
f 5323/7027/6284 5967/7091/6338 6473/7092/6339 5928/7025/6282
f 5967/7091/6338 5339/7090/6337 5968/7093/6340 6473/7092/6339
f 6473/7092/6339 5968/7093/6340 5337/5985/5376 5969/5984/5375
f 5928/7025/6282 6473/7092/6339 5969/5984/5375 5321/5983/5374
f 5329/5961/5352 5971/5960/5351 6474/7094/6341 5970/7095/6342
f 5971/5960/5351 5313/5959/5350 5942/7049/6302 6474/7094/6341
f 6474/7094/6341 5942/7049/6302 5315/7051/6304 5972/7096/6343
f 5970/7095/6342 6474/7094/6341 5972/7096/6343 5331/7097/6344
f 5331/7097/6344 5972/7096/6343 6475/7098/6345 5973/7099/6346
f 5972/7096/6343 5315/7051/6304 5945/7053/6306 6475/7098/6345
f 6475/7098/6345 5945/7053/6306 5314/7055/6308 5974/7100/6347
f 5973/7099/6346 6475/7098/6345 5974/7100/6347 5330/7101/6348
f 5330/7102/6348 5974/7103/6347 6476/7104/6349 5975/7105/6350
f 5974/7103/6347 5314/7056/6308 5947/7059/6310 6476/7104/6349
f 6476/7104/6349 5947/7059/6310 5312/5979/5370 5976/5982/5373
f 5975/7105/6350 6476/7104/6349 5976/5982/5373 5328/5987/5378
f 5332/6020/5409 5977/6043/5428 6477/7106/6351 5961/7081/6330
f 5977/6043/5428 5348/6047/5432 5978/7107/6352 6477/7106/6351
f 6477/7106/6351 5978/7107/6352 5350/7108/6353 5979/7109/6354
f 5961/7081/6330 6477/7106/6351 5979/7109/6354 5334/7079/6328
f 5334/7079/6328 5979/7109/6354 6478/7110/6355 5959/7077/6326
f 5979/7109/6354 5350/7108/6353 5980/7111/6356 6478/7110/6355
f 6478/7110/6355 5980/7111/6356 5351/7112/6357 5981/7113/6358
f 5959/7077/6326 6478/7110/6355 5981/7113/6358 5335/7075/6324
f 5335/7075/6324 5981/7113/6358 6479/7114/6359 5956/7073/6322
f 5981/7113/6358 5351/7112/6357 5982/7115/6360 6479/7114/6359
f 6479/7114/6359 5982/7115/6360 5349/6028/5415 5983/6041/5426
f 5956/7073/6322 6479/7114/6359 5983/6041/5426 5333/6012/5401
f 5352/6036/5422 5984/6035/5421 6480/7116/6361 5717/6689/5987
f 5984/6035/5421 5337/5985/5376 5968/7093/6340 6480/7116/6361
f 6480/7116/6361 5968/7093/6340 5339/7090/6337 5985/7117/6362
f 5717/6689/5987 6480/7116/6361 5985/7117/6362 5354/6687/5985
f 5354/6687/5985 5985/7117/6362 6481/7118/6363 5715/6686/5983
f 5985/7117/6362 5339/7090/6337 5966/7089/6336 6481/7118/6363
f 6481/7119/6363 5966/7087/6336 5338/7084/6333 5986/7120/6364
f 5715/6683/5983 6481/7119/6363 5986/7120/6364 5355/6681/5981
f 5355/6681/5981 5986/7120/6364 6482/7121/6365 5712/6679/5979
f 5986/7120/6364 5338/7084/6333 5964/7083/6332 6482/7121/6365
f 6482/7121/6365 5964/7083/6332 5336/6014/5403 5987/6040/5425
f 5712/6679/5979 6482/7121/6365 5987/6040/5425 5353/6024/5413
f 5324/5963/5354 5988/6022/5411 6483/7122/6366 5950/7061/6312
f 5988/6022/5411 5340/6003/5394 5989/7123/6367 6483/7122/6366
f 6483/7122/6366 5989/7123/6367 5342/7124/6368 5990/7125/6369
f 5950/7061/6312 6483/7122/6366 5990/7125/6369 5326/7062/6313
f 5326/7062/6313 5990/7125/6369 6484/7126/6370 5952/7065/6316
f 5990/7125/6369 5342/7124/6368 5991/7127/6371 6484/7126/6370
f 6484/7126/6370 5991/7127/6371 5343/7128/6372 5992/7129/6373
f 5952/7065/6316 6484/7126/6370 5992/7129/6373 5327/7066/6317
f 5327/7070/6317 5992/7130/6373 6485/7131/6374 5954/7071/6320
f 5992/7130/6373 5343/7132/6372 5993/7133/6375 6485/7131/6374
f 6485/7131/6374 5993/7133/6375 5341/6045/5430 5994/6044/5429
f 5954/7071/6320 6485/7131/6374 5994/6044/5429 5325/6018/5407
f 5344/6007/5396 5995/6023/5412 6486/7134/6376 5697/6644/5955
f 5995/6023/5412 5329/5961/5352 5970/7095/6342 6486/7134/6376
f 6486/7134/6376 5970/7095/6342 5331/7097/6344 5996/7135/6377
f 5697/6644/5955 6486/7134/6376 5996/7135/6377 5346/6645/5956
f 5346/6645/5956 5996/7135/6377 6487/7136/6378 5700/6650/5961
f 5996/7135/6377 5331/7097/6344 5973/7099/6346 6487/7136/6378
f 6487/7136/6378 5973/7099/6346 5330/7101/6348 5997/7137/6379
f 5700/6650/5961 6487/7136/6378 5997/7137/6379 5347/6651/5962
f 5347/6658/5962 5997/7138/6379 6488/7139/6380 5703/6659/5967
f 5997/7138/6379 5330/7102/6348 5975/7105/6350 6488/7139/6380
f 6488/7139/6380 5975/7105/6350 5328/5987/5378 5998/6034/5420
f 5703/6659/5967 6488/7139/6380 5998/6034/5420 5345/6038/5424
f 5120/5600/4999 5999/5599/4998 6489/7140/6381 5576/6445/5785
f 5999/5597/4998 5368/5596/4997 6000/7141/6382 6489/7142/6381
f 6489/7142/6381 6000/7141/6382 5370/7143/6383 6001/7144/6384
f 5576/6445/5785 6489/7140/6381 6001/7145/6384 5122/6442/5783
f 5122/6441/5783 6001/7146/6384 6490/7147/6385 5574/6439/5781
f 6001/7148/6384 5370/7149/6383 6002/7150/6386 6490/7151/6385
f 6490/7151/6385 6002/7150/6386 5371/7152/6387 6003/7153/6388
f 5574/6439/5781 6490/7147/6385 6003/7154/6388 5123/6437/5779
f 5123/6437/5779 6003/7154/6388 6491/7155/6389 5571/6435/5777
f 6003/7153/6388 5371/7152/6387 6004/7156/6390 6491/7157/6389
f 6491/7157/6389 6004/7156/6390 5369/5619/5017 6005/5622/5019
f 5571/6435/5777 6491/7155/6389 6005/5629/5019 5121/5630/5023
f 5364/6062/5447 6006/6064/5449 6492/7158/6391 5702/6657/5966
f 6006/6068/5449 5129/5781/5172 5525/6360/5710 6492/7159/6391
f 6492/7159/6391 5525/6360/5710 5131/6359/5707 6007/7160/6392
f 5702/6657/5966 6492/7158/6391 6007/7161/6392 5366/6654/5964
f 5366/6653/5964 6007/7162/6392 6493/7163/6393 5699/6649/5960
f 6007/7164/6392 5131/6355/5707 5523/6354/5706 6493/7165/6393
f 6493/7165/6393 5523/6354/5706 5130/6351/5703 6008/7166/6394
f 5699/6649/5960 6493/7163/6393 6008/7167/6394 5367/6647/5958
f 5367/6647/5958 6008/7167/6394 6494/7168/6395 5695/6643/5954
f 6008/7166/6394 5130/6351/5703 5521/6350/5702 6494/7169/6395
f 6494/7169/6395 5521/6350/5702 5128/5627/5022 6009/5626/5021
f 5695/6643/5954 6494/7168/6395 6009/5624/5021 5365/5623/5020
f 5348/6047/5432 6010/6055/5440 6495/7170/6396 5978/7107/6352
f 6010/6055/5440 5361/5592/4993 5693/6640/5952 6495/7170/6396
f 6495/7170/6396 5693/6640/5952 5363/6636/5949 6011/7171/6397
f 5978/7107/6352 6495/7170/6396 6011/7171/6397 5350/7108/6353
f 5350/7108/6353 6011/7171/6397 6496/7172/6398 5980/7111/6356
f 6011/7171/6397 5363/6636/5949 5691/6634/5948 6496/7172/6398
f 6496/7172/6398 5691/6634/5948 5362/6630/5945 6012/7173/6399
f 5980/7111/6356 6496/7172/6398 6012/7173/6399 5351/7112/6357
f 5351/7112/6357 6012/7173/6399 6497/7174/6400 5982/7115/6360
f 6012/7173/6399 5362/6630/5945 5689/6628/5944 6497/7174/6400
f 6497/7174/6400 5689/6628/5944 5360/6030/5417 6013/6029/5416
f 5982/7115/6360 6497/7174/6400 6013/6029/5416 5349/6028/5415
f 5368/5596/4997 6014/6056/5441 6498/7175/6401 6000/7141/6382
f 6014/6056/5441 5341/6045/5430 5993/7133/6375 6498/7175/6401
f 6498/7175/6401 5993/7133/6375 5343/7132/6372 6015/7176/6402
f 6000/7141/6382 6498/7175/6401 6015/7176/6402 5370/7143/6383
f 5370/7149/6383 6015/7177/6402 6499/7178/6403 6002/7150/6386
f 6015/7177/6402 5343/7128/6372 5991/7127/6371 6499/7178/6403
f 6499/7178/6403 5991/7127/6371 5342/7124/6368 6016/7179/6404
f 6002/7150/6386 6499/7178/6403 6016/7179/6404 5371/7152/6387
f 5371/7152/6387 6016/7179/6404 6500/7180/6405 6004/7156/6390
f 6016/7179/6404 5342/7124/6368 5989/7123/6367 6500/7180/6405
f 6500/7180/6405 5989/7123/6367 5340/6003/5394 6017/6006/5395
f 6004/7156/6390 6500/7180/6405 6017/6006/5395 5369/5619/5017
f 5068/5685/5078 6018/5688/5081 6501/7181/6406 5553/6400/5748
f 6018/5688/5081 5372/5693/5086 6019/7182/6407 6501/7181/6406
f 6501/7181/6406 6019/7182/6407 5374/7183/6408 6020/7184/6409
f 5553/6400/5748 6501/7181/6406 6020/7184/6409 5070/6401/5749
f 5070/6401/5749 6020/7184/6409 6502/7185/6410 5556/6406/5754
f 6020/7184/6409 5374/7183/6408 6021/7186/6411 6502/7185/6410
f 6502/7187/6410 6021/7188/6411 5375/7189/6412 6022/7190/6413
f 5556/6408/5754 6502/7187/6410 6022/7190/6413 5071/6409/5755
f 5071/6409/5755 6022/7190/6413 6503/7191/6414 5559/6415/5760
f 6022/7190/6413 5375/7189/6412 6023/7192/6415 6503/7191/6414
f 6503/7191/6414 6023/7192/6415 5373/5706/5099 6024/5705/5098
f 5559/6415/5760 6503/7191/6414 6024/5705/5098 5069/5704/5097
f 5381/5760/5151 6026/5759/5150 6504/7193/6416 6025/7194/6417
f 6026/5759/5150 5077/5758/5149 5586/6463/5800 6504/7193/6416
f 6504/7193/6416 5586/6463/5800 5079/6458/5795 6027/7195/6418
f 6025/7194/6417 6504/7193/6416 6027/7195/6418 5383/7196/6419
f 5383/7196/6419 6027/7195/6418 6505/7197/6420 6028/7198/6421
f 6027/7195/6418 5079/6458/5795 5583/6457/5794 6505/7197/6420
f 6505/7197/6420 5583/6457/5794 5078/6456/5789 6029/7199/6422
f 6028/7198/6421 6505/7197/6420 6029/7199/6422 5382/7200/6423
f 5382/7201/6423 6029/7202/6422 6506/7203/6424 6030/7204/6425
f 6029/7202/6422 5078/6449/5789 5580/6448/5788 6506/7203/6424
f 6506/7203/6424 5580/6448/5788 5076/5700/5093 6031/5703/5096
f 6030/7204/6425 6506/7203/6424 6031/5703/5096 5380/5708/5101
f 5385/5673/5066 6033/5672/5065 6507/7205/6426 6032/7206/6427
f 6033/5672/5065 5081/5671/5064 5561/6417/5762 6507/7205/6426
f 6507/7205/6426 5561/6417/5762 5083/6421/5766 6034/7207/6428
f 6032/7206/6427 6507/7205/6426 6034/7207/6428 5387/7208/6429
f 5387/7209/6429 6034/7210/6428 6508/7211/6430 6035/7212/6431
f 6034/7210/6428 5083/6422/5766 5565/6425/5768 6508/7211/6430
f 6508/7211/6430 5565/6425/5768 5082/6430/5772 6036/7213/6432
f 6035/7212/6431 6508/7211/6430 6036/7213/6432 5386/7214/6433
f 5386/7214/6433 6036/7213/6432 6509/7215/6434 6037/7216/6435
f 6036/7213/6432 5082/6430/5772 5568/6432/5774 6509/7215/6434
f 6509/7215/6434 5568/6432/5774 5080/5754/5145 6038/5757/5148
f 6037/7216/6435 6509/7215/6434 6038/5757/5148 5384/5762/5153
f 5072/5667/5060 6039/5670/5063 6510/7217/6436 5548/6396/5744
f 6039/5670/5063 5376/5675/5068 6040/7218/6437 6510/7217/6436
f 6510/7217/6436 6040/7218/6437 5378/7219/6438 6041/7220/6439
f 5548/6396/5744 6510/7217/6436 6041/7220/6439 5074/6394/5742
f 5074/6394/5742 6041/7220/6439 6511/7221/6440 5545/6390/5738
f 6041/7220/6439 5378/7219/6438 6042/7222/6441 6511/7221/6440
f 6511/7221/6440 6042/7222/6441 5379/7223/6442 6043/7224/6443
f 5545/6390/5738 6511/7221/6440 6043/7224/6443 5075/6388/5736
f 5075/6388/5736 6043/7224/6443 6512/7225/6444 5541/6384/5732
f 6043/7224/6443 5379/7223/6442 6044/7226/6445 6512/7225/6444
f 6512/7225/6444 6044/7226/6445 5377/5691/5084 6045/5690/5083
f 5541/6384/5732 6512/7225/6444 6045/5690/5083 5073/5689/5082
f 5376/5675/5068 6046/6115/5492 6513/7227/6446 6040/7218/6437
f 6046/6115/5492 5393/6119/5496 6047/7228/6447 6513/7227/6446
f 6513/7227/6446 6047/7228/6447 5395/7229/6448 6048/7230/6449
f 6040/7218/6437 6513/7227/6446 6048/7230/6449 5378/7219/6438
f 5378/7219/6438 6048/7230/6449 6514/7231/6450 6042/7222/6441
f 6048/7230/6449 5395/7229/6448 6049/7232/6451 6514/7231/6450
f 6514/7231/6450 6049/7232/6451 5394/7233/6452 6050/7234/6453
f 6042/7222/6441 6514/7231/6450 6050/7234/6453 5379/7223/6442
f 5379/7223/6442 6050/7234/6453 6515/7235/6454 6044/7226/6445
f 6050/7234/6453 5394/7233/6452 6051/7236/6455 6515/7235/6454
f 6515/7235/6454 6051/7236/6455 5392/6051/5436 6052/6050/5435
f 6044/7226/6445 6515/7235/6454 6052/6050/5435 5377/5691/5084
f 5388/6105/5482 6054/6104/5481 6516/7237/6456 6053/7238/6457
f 6054/6104/5481 5373/5706/5099 6023/7192/6415 6516/7237/6456
f 6516/7237/6456 6023/7192/6415 5375/7189/6412 6055/7239/6458
f 6053/7238/6457 6516/7237/6456 6055/7239/6458 5390/7240/6459
f 5390/7240/6459 6055/7239/6458 6517/7241/6460 6056/7242/6461
f 6055/7239/6458 5375/7189/6412 6021/7188/6411 6517/7241/6460
f 6517/7243/6460 6021/7186/6411 5374/7183/6408 6057/7244/6462
f 6056/7245/6461 6517/7243/6460 6057/7244/6462 5391/7246/6463
f 5391/7246/6463 6057/7244/6462 6518/7247/6464 6058/7248/6465
f 6057/7244/6462 5374/7183/6408 6019/7182/6407 6518/7247/6464
f 6518/7247/6464 6019/7182/6407 5372/5693/5086 6059/6049/5434
f 6058/7248/6465 6518/7247/6464 6059/6049/5434 5389/6053/5438
f 5384/5762/5153 6060/6109/5486 6519/7249/6466 6037/7216/6435
f 6060/6109/5486 5401/6113/5490 6061/7250/6467 6519/7249/6466
f 6519/7249/6466 6061/7250/6467 5403/7251/6468 6062/7252/6469
f 6037/7216/6435 6519/7249/6466 6062/7252/6469 5386/7214/6433
f 5386/7214/6433 6062/7252/6469 6520/7253/6470 6035/7212/6431
f 6062/7252/6469 5403/7251/6468 6063/7254/6471 6520/7253/6470
f 6520/7253/6470 6063/7254/6471 5402/7255/6472 6064/7256/6473
f 6035/7212/6431 6520/7253/6470 6064/7256/6473 5387/7209/6429
f 5387/7208/6429 6064/7257/6473 6521/7258/6474 6032/7206/6427
f 6064/7257/6473 5402/7259/6472 6065/7260/6475 6521/7258/6474
f 6521/7258/6474 6065/7260/6475 5400/6117/5494 6066/6116/5493
f 6032/7206/6427 6521/7258/6474 6066/6116/5493 5385/5673/5066
f 5396/6111/5488 6068/6110/5487 6522/7261/6476 6067/7262/6477
f 6068/6110/5487 5381/5760/5151 6025/7194/6417 6522/7261/6476
f 6522/7261/6476 6025/7194/6417 5383/7196/6419 6069/7263/6478
f 6067/7262/6477 6522/7261/6476 6069/7263/6478 5398/7264/6479
f 5398/7264/6479 6069/7263/6478 6523/7265/6480 6070/7266/6481
f 6069/7263/6478 5383/7196/6419 6028/7198/6421 6523/7265/6480
f 6523/7265/6480 6028/7198/6421 5382/7200/6423 6071/7267/6482
f 6070/7266/6481 6523/7265/6480 6071/7267/6482 5399/7268/6483
f 5399/7269/6483 6071/7270/6482 6524/7271/6484 6072/7272/6485
f 6071/7270/6482 5382/7201/6423 6030/7204/6425 6524/7271/6484
f 6524/7271/6484 6030/7204/6425 5380/5708/5101 6073/6103/5480
f 6072/7272/6485 6524/7271/6484 6073/6103/5480 5397/6107/5484
f 5029/5768/5159 6074/5767/5158 6525/7273/6486 5638/6547/5872
f 6074/5767/5158 5020/5766/5157 5629/6534/5861 6525/7273/6486
f 6525/7273/6486 5629/6534/5861 5112/6091/5468 6075/6088/5465
f 5638/6547/5872 6525/7273/6486 6075/6088/5465 5105/6087/5464
