<?xml version="1.0"?>
<COLLADA xmlns="http://www.collada.org/2005/11/COLLADASchema" version="1.4.1">
	<asset>
		<contributor>
			<author>Assimp</author>
			<authoring_tool>Assimp Exporter</authoring_tool>
		</contributor>
		<created>2024-10-03T12:32:41</created>
		<modified>2024-10-03T12:32:41</modified>
		<unit name="meter" meter="0.010000" />
		<up_axis>Y_UP</up_axis>
	</asset>
	<library_effects>
		<effect id="DefaultMaterial-fx" name="DefaultMaterial">
			<profile_COMMON>
				<technique sid="standard">
					<phong>
						<diffuse>
							<color sid="diffuse">0.600000   0.600000   0.600000   1.000000</color>
						</diffuse>
					</phong>
				</technique>
			</profile_COMMON>
		</effect>
	</library_effects>
	<library_materials>
		<material id="DefaultMaterial" name="DefaultMaterial">
			<instance_effect url="#DefaultMaterial-fx"/>
		</material>
	</library_materials>
	<library_geometries>
		<geometry id="meshId0" name="meshId0_name" >
			<mesh>
				<source id="meshId0-positions" name="meshId0-positions">
					<float_array id="meshId0-positions-array" count="14766"> 
						-1.254959 27.794098 -36.213226 -1.254959 22.450150 -33.581589 -3.764862 22.316380 -33.896568 -3.764862 27.630779 -36.513649 -1.254959 16.874161 -31.485981 -3.764862 16.771229 -31.812548 -3.764862 22.316380 -33.896568 -3.764862 16.771229 -31.812548 -6.274734 16.874161 -31.485981 -6.274734 22.450157 -33.581589 -3.764862 27.630779 -36.513649 -6.274734 27.794098 -36.213226 -1.254959 60.616486 -84.109650 -1.254959 60.820061 -90.238739 -3.764862 61.156105 -90.237137 -3.764862 60.951439 -84.075119 -1.254959 60.422386 -96.358299 -3.764862 60.756294 -96.389565 -6.274734 60.422386 -96.358307 -6.274734 60.820061 -90.238747 -6.274734 60.616486 -84.109650 -1.254959 37.581970 -42.980015 -1.254959 32.854118 -39.356392 -3.764862 32.662811 -39.639431 -3.764862 37.364517 -43.243015 -3.764862 32.662811 -39.639431 -6.274734 32.854118 -39.356396 -3.764862 37.364517 -43.243015 -6.274734 37.581970 -42.980015 -1.254959 59.426338 -102.409340 -3.764862 59.754913 -102.473129 -1.254959 57.842438 -108.333740 -3.764862 58.162498 -108.429352 -6.274734 57.842445 -108.333755 -6.274734 59.426331 -102.409340 -1.254959 45.861641 -51.526295 -1.254959 41.931564 -47.049950 -3.764862 41.690060 -47.290436 -3.764862 45.598400 -51.742043 -3.764862 41.690060 -47.290436 -6.274734 41.931553 -47.049950 -3.764862 45.598400 -51.742043 -6.274734 45.861641 -51.526295 -1.254959 55.685028 -114.074173 -3.764862 55.993477 -114.200607 -1.254959 52.975769 -119.575745 -3.764862 53.269684 -119.731728 -6.274734 52.975769 -119.575745 -6.274734 55.685028 -114.074196 -1.254959 3.477112 -151.527069 -1.254959 -2.651979 -151.730667 -3.764862 -2.656885 -152.059372 -3.764862 3.505133 -151.854706 -1.254959 -8.771545 -151.332993 -3.764862 -8.809323 -151.659576 -6.274734 -8.771547 -151.332993 -6.274734 -2.651979 -151.730667 -6.274734 3.477112 -151.527069 -1.254959 52.314911 -61.523655 -1.254959 49.333641 -56.366589 -3.764862 49.051201 -56.555550 -3.764862 52.016006 -61.684093 -3.764862 49.051201 -56.555550 -6.274734 49.333641 -56.366589 
						-3.764862 52.016006 -61.684093 -6.274734 52.314926 -61.523651 -1.254959 49.739906 -124.785027 -3.764862 50.016434 -124.968971 -1.254959 46.009403 -129.652298 -3.764862 46.265892 -129.862411 -6.274734 46.009403 -129.652328 -6.274734 49.739891 -124.785004 -1.254959 -14.822587 -150.336929 -3.764832 -14.892869 -150.658173 -1.254959 -20.746988 -148.753036 -3.764832 -20.849094 -149.065735 -6.274734 -20.746986 -148.753021 -6.274734 -14.822587 -150.336929 -1.254959 56.693802 -72.587875 -1.254959 54.775925 -66.948288 -3.764862 54.463379 -67.078743 -3.764862 56.370667 -72.687141 -3.764862 54.463379 -67.078743 -6.274734 54.775925 -66.948288 -3.764862 56.370667 -72.687141 -6.274734 56.693817 -72.587875 -1.254959 41.819431 -134.130219 -3.764862 42.053417 -134.364349 -1.254959 37.211056 -138.176178 -3.764862 37.420280 -138.432083 -6.274734 37.211056 -138.176193 -6.274734 41.819431 -134.130188 -1.254959 -26.487436 -146.595612 -3.764832 -26.620378 -146.896774 -1.254959 -31.988998 -143.886368 -3.764832 -32.151493 -144.172943 -6.274734 -31.988998 -143.886368 -6.274734 -26.487436 -146.595612 -1.254959 58.830048 -84.293793 -1.254959 58.049232 -78.388405 -3.764862 57.718590 -78.455582 -3.764862 58.495102 -84.328316 -3.764862 57.718590 -78.455582 -6.274734 58.049232 -78.388405 -3.764862 58.495102 -84.328316 -6.274734 58.830048 -84.293793 -1.254959 32.228008 -141.750580 -3.764862 32.410461 -142.025696 -1.254959 26.918835 -144.819763 -3.764862 27.072777 -145.111359 -6.274734 26.918835 -144.819763 -6.274734 32.228008 -141.750580 -1.254959 -37.198254 -140.650497 -3.764832 -37.388733 -140.919708 -1.254959 -42.065559 -136.920029 -3.764832 -42.282181 -137.169159 -6.274734 -42.065552 -136.920029 -6.274734 -37.198257 -140.650513 -1.254959 58.641525 -96.191544 -1.254959 59.027802 -90.247284 -3.764862 58.691734 -90.248909 -3.764862 58.307602 -96.160271 -3.764862 58.691734 -90.248909 -6.274734 59.027802 -90.247284 -3.764862 58.307602 -96.160271 -6.274734 58.641510 -96.191528 -1.059982 -6.401368 -26.740717 -0.470200 -0.607397 -26.705198 
						-1.187378 -0.462029 -26.283133 -1.861694 -3.285361 -26.241026 -1.059982 5.153013 -26.923803 -1.861694 2.359226 -26.330465 -2.341156 1.242886 -26.200499 -1.807251 -0.322460 -26.175692 -2.341156 -1.887809 -26.150888 -1.254959 21.334202 -147.353363 -3.764862 21.458145 -147.658585 -1.254959 15.528278 -149.327835 -3.764862 15.621037 -149.643646 -6.274734 15.528278 -149.327835 -6.274734 21.334202 -147.353378 -1.254959 -46.543434 -132.730026 -3.764832 -46.784107 -132.956711 -1.254959 -50.589424 -128.121658 -3.764832 -50.851837 -128.323532 -6.274734 -50.589424 -128.121658 -6.274734 -46.543434 -132.730026 -1.254959 56.135483 -107.823891 -1.254959 57.673996 -102.069214 -3.764862 57.345444 -102.005447 -3.764862 55.815430 -107.728317 -3.764862 57.345444 -102.005447 -6.274734 57.674004 -102.069237 -3.764862 55.815430 -107.728317 -6.274734 56.135483 -107.823891 -1.254959 -54.163834 -123.138618 -3.764832 -54.445457 -123.313721 -1.254959 -57.233040 -117.829437 -3.764832 -57.531143 -117.976059 -6.274734 -57.233040 -117.829453 -6.274734 -54.163845 -123.138618 -1.254959 51.408234 -118.743820 -1.254959 54.039879 -113.399879 -3.764862 53.731415 -113.273430 -3.764862 51.114319 -118.587852 -3.764862 53.731415 -113.273430 -6.274734 54.039879 -113.399864 -3.764862 51.114319 -118.587852 -6.274734 51.408234 -118.743820 -1.254959 -59.766624 -112.244804 -3.764832 -60.078323 -112.361435 -1.254959 -61.741089 -106.438881 -3.764832 -62.063400 -106.524307 -6.274734 -61.741081 -106.438881 -6.274734 -59.766628 -112.244820 -1.254959 44.641449 -128.531693 -1.254959 48.265068 -123.803841 -3.764862 47.988533 -123.619881 -3.764862 44.384960 -128.321579 -3.764862 47.988533 -123.619881 -6.274734 48.265068 -123.803864 -3.764862 44.384960 -128.321579 -6.274734 44.641457 -128.531693 -1.254959 -20.202419 -147.085220 -1.254959 -14.447750 -148.623718 -3.764832 -14.377467 -148.302505 -3.764832 -20.100311 -146.772507 -1.254959 -8.570066 -149.591248 -3.764862 -8.532289 -149.264664 -3.764832 -14.377467 -148.302505 -3.764862 -8.532289 -149.264664 -6.274734 -8.570066 -149.591248 
						-6.274734 -14.447752 -148.623718 -3.764832 -20.100311 -146.772507 -6.274734 -20.202419 -147.085205 -1.254959 -63.136478 -100.467285 -3.764832 -63.466293 -100.520615 -1.254959 -63.940319 -94.387718 -3.764832 -64.274445 -94.408394 -6.274734 -63.940331 -94.387711 -6.274734 -63.136490 -100.467270 -1.254959 36.095173 -136.811356 -1.254959 40.571526 -132.881287 -3.764862 40.337540 -132.647125 -3.764862 35.885944 -136.555496 -3.764862 40.337540 -132.647125 -6.274734 40.571526 -132.881287 -3.764862 35.885944 -136.555496 -6.274734 36.095173 -136.811356 -1.254959 -31.122356 -142.357971 -1.254959 -25.778408 -144.989594 -3.764832 -25.645473 -144.688446 -3.764832 -30.959862 -142.071396 -3.764832 -25.645473 -144.688446 -6.274734 -25.778408 -144.989594 -3.764832 -30.959862 -142.071396 -6.274734 -31.122356 -142.357956 -1.254959 -64.143906 -88.258614 -3.764832 -64.479134 -88.246376 -1.254959 -63.746243 -82.139053 -3.764832 -64.079330 -82.093948 -6.274734 -63.746235 -82.139061 -6.274734 -64.143921 -88.258614 -1.254959 26.097824 -143.264633 -1.254959 31.254879 -140.283371 -3.764862 31.072426 -140.008240 -3.764862 25.943878 -142.973053 -3.764862 31.072426 -140.008240 -6.274734 31.254879 -140.283371 -3.764862 25.943878 -142.973053 -6.274734 26.097824 -143.264633 -1.254959 -40.910229 -135.591202 -1.254959 -36.182373 -139.214813 -3.764832 -35.991890 -138.945618 -3.764832 -40.693604 -135.342026 -3.764832 -35.991890 -138.945618 -6.274734 -36.182369 -139.214798 -3.764832 -40.693604 -135.342026 -6.274734 -40.910233 -135.591171 -1.254959 -62.750179 -76.088013 -3.764832 -63.077915 -76.010391 -1.254959 -61.166283 -70.163620 -3.764832 -61.485523 -70.054176 -6.274734 -61.166283 -70.163605 -6.274734 -62.750191 -76.088013 -3.764862 1.829889 -26.209805 -3.764862 1.282995 -26.066767 -2.525299 0.862925 -26.060114 -5.188538 1.242886 -26.200499 -5.004395 0.862925 -26.060114 -3.764862 1.282995 -26.066767 -5.004395 0.862925 -26.060114 -5.018753 0.849388 -25.920853 -3.764862 1.258890 -25.927343 -2.525299 0.862925 -26.060114 -2.510956 0.849388 -25.920853 
						-6.274734 -54.736496 -59.827370 -6.274734 -57.368141 -65.171318 -7.215958 -58.188515 -64.797234 -7.215958 -55.518066 -59.374489 -6.274734 -59.463734 -70.747307 -7.215958 -60.315010 -70.455467 -6.274734 -59.008873 -64.423172 -6.274734 -56.299618 -58.921612 -7.215958 58.930939 -78.209251 -7.215958 59.723267 -84.201714 -7.215958 57.555527 -72.323181 -6.274734 58.417236 -72.058464 -6.274734 59.812630 -78.030075 -6.274734 -61.002262 -76.501968 -7.215958 -61.876221 -76.295006 -6.274734 -61.969776 -82.379662 -7.215958 -62.858017 -82.259346 -7.215958 55.609352 -66.600418 -7.215958 53.112061 -61.095783 -6.274734 53.909187 -60.667912 -6.274734 56.442780 -66.252548 -6.274734 -62.356052 -88.323906 -7.215958 -63.249985 -88.291260 -6.274734 -62.158306 -94.277397 -7.215958 -63.049305 -94.332558 -7.215958 50.086823 -55.862656 -7.215958 46.563606 -50.951000 -6.274734 47.265572 -50.375702 -6.274734 50.839989 -55.358753 -6.274734 -61.377491 -100.182800 -7.215958 -62.256989 -100.325027 -6.274734 -60.022076 -105.983322 -7.215958 -60.881577 -106.211098 -7.215958 42.575573 -46.408630 -7.215958 38.161835 -42.278687 -6.274734 38.741707 -41.577351 -6.274734 43.219582 -45.767319 -6.274734 -58.104172 -111.622910 -7.215958 -58.935398 -111.933853 -6.274734 -55.643173 -117.047546 -7.215958 -56.438110 -117.438492 -7.215958 33.364262 -38.601624 -7.215958 28.229630 -35.412106 -6.274734 28.665146 -34.610981 -6.274734 33.874405 -37.846859 -6.274734 -52.661903 -122.204605 -7.215958 -53.412872 -122.671608 -6.274734 -49.189896 -127.044907 -7.215958 -49.889664 -127.583275 -7.215958 22.806866 -32.741665 -7.215958 17.148651 -30.615149 -6.274734 17.423134 -29.744316 -6.274734 23.163589 -31.901731 -1.254959 3.327681 -149.779770 -0.313736 3.402395 -150.653427 -0.313736 9.394873 -149.861115 -1.254959 9.233065 -148.998962 -1.254959 9.556675 -150.723236 -0.313736 15.280937 -148.485703 -1.254959 15.033596 -147.643555 -6.274734 -45.259819 -131.521240 -7.215958 -45.901627 -132.125641 -7.215958 -41.487896 -136.255615 -6.274734 11.119490 -29.947464 
						-7.222107 11.303022 -29.047478 -6.274734 5.241806 -28.979940 -7.259933 5.321800 -28.046476 -6.469711 5.153017 -26.923803 -6.299362 11.502815 -28.135170 -6.274734 15.033592 -147.643555 -6.274734 20.673176 -145.725647 -7.215958 21.003689 -146.539505 -7.215958 15.280937 -148.485687 -7.215958 26.508331 -144.042236 -7.215958 -36.690315 -139.932648 -7.215958 -31.555676 -143.122162 -7.215958 31.741444 -141.016953 -7.215958 36.653114 -137.493790 -7.215958 -26.132927 -145.792587 -7.215958 -20.474703 -147.919128 -6.274734 -6.655940 -28.791416 -6.274734 -12.561326 -29.572231 -7.222107 -12.712829 -28.666941 -7.259933 -6.694665 -27.856070 -6.274734 -18.361851 -30.927654 -7.215958 -18.606991 -30.048584 -6.274734 -18.852133 -29.169516 -6.299362 -12.873764 -27.748911 -6.469711 -6.401368 -26.740717 -7.215958 41.195477 -133.505737 -7.215958 45.325428 -129.091995 -7.215958 -14.635168 -149.480347 -7.215958 -8.670807 -150.462112 -6.274734 -24.001438 -32.845539 -7.215958 -24.329748 -31.994762 -6.274734 -29.426079 -35.306545 -7.215958 -29.834387 -34.492054 -6.274734 -30.242691 -33.677567 -6.274734 -24.658056 -31.143974 -7.215958 49.002480 -124.294426 -7.215958 52.192001 -119.159790 -1.254959 -2.625820 -149.977524 -3.764862 -2.620915 -149.648804 -3.764862 3.299660 -149.452164 -3.764862 -2.620915 -149.648804 -3.764862 3.299660 -149.452164 -6.274734 3.327681 -149.779739 -6.274734 -2.625821 -149.977524 -6.274734 -34.583138 -38.287815 -7.215958 -35.067501 -37.517288 -6.274734 -39.423431 -41.759830 -7.215958 -39.979172 -41.040501 -6.274734 -40.534904 -40.321175 -6.274734 -35.551861 -36.746761 -7.215958 54.862457 -113.737015 -7.215958 56.988960 -108.078827 -6.274734 -43.899788 -45.689907 -7.215958 -44.521538 -45.028542 -6.274734 -47.969711 -50.039501 -7.215958 -48.651485 -49.442272 -6.274734 -49.333252 -48.845055 -6.274734 -45.143288 -44.367172 -7.215958 58.550171 -102.239265 -7.215958 59.531952 -96.274933 -6.274734 -51.593338 -54.767353 -7.215958 -52.328552 -54.239853 -6.274734 -53.063751 -53.712345 -7.215958 59.923927 -90.243019 
						-5.018753 -1.334621 -25.886242 -3.764862 -1.744125 -25.879753 -3.754425 -1.760183 -25.731205 -5.109009 -1.335215 -25.750807 -3.764862 -1.744125 -25.879753 -2.510956 -1.334621 -25.886242 -2.411438 -1.336185 -25.748764 -3.754425 -1.760183 -25.731205 -2.284164 -0.869972 -25.213470 -3.681580 -1.209526 -25.121363 -3.681580 -1.209526 -25.121363 -5.171509 -0.862225 -25.229773 -7.305679 -0.679529 -27.668098 -6.274734 -0.702440 -28.593666 -7.059494 -0.607397 -26.705198 -5.488953 -0.242617 -25.903545 -5.618835 -0.191738 -25.792957 -5.113632 0.955256 -25.831970 -5.745270 0.145760 -25.438026 -5.208527 1.181904 -25.621117 -1.254959 58.417244 -72.058464 -1.254959 59.812630 -78.030075 -3.764862 60.143280 -77.962914 -3.764862 58.740379 -71.959206 -1.254959 11.119490 -29.947464 -3.764862 11.048380 -30.282539 -1.254959 5.241806 -28.979940 -3.764862 5.203199 -29.320360 -3.764862 11.048380 -30.282539 -3.764862 5.203199 -29.320360 -1.254959 53.909187 -60.667912 -1.254959 56.442780 -66.252548 -3.764862 56.755302 -66.122093 -3.764862 54.208115 -60.507465 -1.254959 47.265572 -50.375702 -1.254959 50.839996 -55.358746 -3.764862 51.122437 -55.169781 -3.764862 47.528816 -50.159962 -1.254959 -6.655939 -28.791414 -1.254959 -12.561326 -29.572231 -3.764862 -12.501475 -29.909374 -3.764862 -6.628749 -29.132879 -1.254959 -18.361851 -30.927650 -3.764862 -18.269924 -31.257299 -3.764862 -12.501475 -29.909374 -3.764862 -18.269924 -31.257299 -3.764862 -6.628749 -29.132879 -1.254959 38.741699 -41.577343 -1.254959 43.219582 -45.767323 -3.764862 43.461090 -45.526821 -3.764862 38.959152 -41.314354 -1.254959 -24.001438 -32.845539 -3.764832 -23.878325 -33.164589 -1.254959 -29.426077 -35.306549 -3.764832 -29.272964 -35.611984 -3.764832 -23.878325 -33.164589 -3.764832 -29.272964 -35.611984 -1.254959 28.665142 -34.610981 -1.254959 33.874405 -37.846851 -3.764862 34.065708 -37.563820 -3.764862 28.828465 -34.310566 -1.254959 -34.583138 -38.287815 -3.764832 -34.401512 -38.576767 -1.254959 -39.423431 -41.759823 
						-3.764832 -39.215027 -42.029575 -3.764832 -34.401512 -38.576767 -3.764832 -39.215027 -42.029575 -1.254959 17.423134 -29.744316 -1.254959 23.163589 -31.901733 -3.764862 23.297352 -31.586758 -3.764862 17.526070 -29.417751 -1.254959 -43.899788 -45.689907 -3.764832 -43.666634 -45.937916 -1.254959 -47.969711 -50.039497 -3.764832 -47.714050 -50.263462 -3.764832 -43.666634 -45.937916 -3.764832 -47.714050 -50.263462 -1.230331 11.502815 -28.135174 -3.764862 11.671398 -27.814758 -3.764862 6.521141 -26.775585 -1.254959 -51.593338 -54.767349 -3.764832 -51.317631 -54.965172 -1.254959 -54.736496 -59.827370 -3.764832 -54.443417 -59.997208 -3.764832 -51.317631 -54.965172 -3.764832 -54.443417 -59.997208 -1.254959 -0.702440 -28.593666 -3.764862 -0.708172 -28.936222 -3.764862 -0.708172 -28.936222 -1.254959 -57.368141 -65.171318 -3.764832 -57.060505 -65.311584 -1.254959 -59.463734 -70.747307 -3.764832 -59.144516 -70.856750 -3.764832 -57.060505 -65.311584 -3.764832 -59.144516 -70.856750 -1.254959 -18.852133 -29.169516 -1.230331 -12.873764 -27.748911 -3.764862 -13.026675 -27.423401 -3.764862 -18.944059 -28.839865 -3.764862 -7.733944 -26.549706 -1.254959 -61.002262 -76.501968 -3.764832 -60.674526 -76.579597 -1.254959 -61.969776 -82.379662 -3.764832 -61.636700 -82.424767 -3.764832 -60.674526 -76.579597 -3.764832 -61.636700 -82.424767 -6.342331 -0.462030 -26.283129 -5.667999 2.359226 -26.330469 -5.667999 -3.285363 -26.241030 -5.188538 -1.887809 -26.150888 -5.722443 -0.322464 -26.175692 -1.254959 -30.242693 -33.677567 -1.254959 -24.658056 -31.143972 -3.764832 -24.781170 -30.824934 -3.764832 -30.395809 -33.372128 -1.254959 -62.356060 -88.323906 -3.764832 -62.020832 -88.336143 -1.254959 -62.158306 -94.277397 -3.764832 -61.824169 -94.256714 -3.764832 -62.020832 -88.336143 -3.764832 -61.824169 -94.256714 -1.254959 -40.534904 -40.321175 -1.254959 -35.551861 -36.746761 -3.764832 -35.733490 -36.457821 -3.764832 -40.743309 -40.051434 -1.254959 -61.377499 -100.182793 -3.764832 -61.047680 -100.129440 -1.254959 -60.022064 -105.983322 
						-3.764832 -59.699753 -105.897903 -3.764832 -61.047680 -100.129440 -3.764832 -59.699753 -105.897903 -3.764862 1.385851 -25.845819 -2.416061 0.957245 -25.827290 -3.764862 1.574205 -25.683527 -2.321167 1.197811 -25.583681 -1.254959 -49.333252 -48.845055 -1.254959 -45.143288 -44.367172 -3.764832 -45.376442 -44.119156 -3.764832 -49.588921 -48.621086 -1.254959 -58.104183 -111.622910 -3.764832 -57.792473 -111.506302 -1.254959 -55.643173 -117.047554 -3.764832 -55.345074 -116.900948 -3.764832 -57.792473 -111.506302 -3.764832 -55.345074 -116.900948 -0.661850 2.209085 -21.961311 -1.009537 2.071676 -22.512018 -0.335403 2.222242 -23.133560 0.083267 2.390047 -21.880280 -1.278397 1.863655 -23.027639 -1.227432 1.841587 -23.770330 -1.793945 2.249393 -24.677273 -0.460617 2.523222 -24.144979 0.319550 2.785809 -23.810978 0.718597 2.736742 -23.067122 1.094116 2.885933 -21.810106 -1.254959 -56.299618 -58.921612 -1.254959 -53.063751 -53.712345 -3.764832 -53.339447 -53.514542 -3.764832 -56.592705 -58.751774 -1.254959 -52.661915 -122.204605 -3.764832 -52.380295 -122.029465 -1.254959 -49.189903 -127.044907 -3.764832 -48.927490 -126.843018 -3.764832 -52.380295 -122.029465 -3.764832 -48.927490 -126.843018 -3.764862 9.617352 -151.046524 -6.274734 9.556675 -150.723251 -2.060486 -0.257259 -26.042366 -2.525299 -1.377447 -26.024609 -2.060486 -0.257259 -26.042366 -2.040741 -0.242617 -25.903545 -2.525299 -1.377447 -26.024609 -1.254959 -59.008881 -64.423172 -3.764832 -59.316505 -64.282890 -1.254959 -45.259819 -131.521240 -3.764832 -45.019142 -131.294601 -3.764832 -45.019142 -131.294601 -1.254959 20.673180 -145.725662 -3.764862 20.549236 -145.420441 -3.764862 14.940842 -147.327713 -3.764862 20.549236 -145.420441 -3.764862 14.940842 -147.327713 -3.764862 -2.474813 -26.141590 -3.764862 -1.797517 -26.017958 -5.004395 -1.377447 -26.024612 -3.764862 -1.797517 -26.017958 -5.004395 -1.377447 -26.024612 -3.764862 -1.797517 -26.017958 -0.313736 46.563606 -50.950996 -0.313736 42.575573 -46.408630 -0.313736 38.161835 -42.278687 
						-0.313736 33.364262 -38.601624 -0.313736 28.229618 -35.412106 -0.313736 22.806866 -32.741661 -0.313736 17.148651 -30.615149 -0.307602 11.303024 -29.047478 -0.269775 5.321804 -28.046473 -5.469223 -0.257259 -26.042360 -5.469223 -0.257259 -26.042360 -0.224014 -0.679529 -27.668097 -0.269775 -6.694662 -27.856066 -1.909698 -0.188004 -25.783087 -1.775192 0.175636 -25.359077 -0.307602 -12.712828 -28.666941 -0.313736 -18.606991 -30.048584 -0.313736 -24.329746 -31.994762 -0.313736 -29.834387 -34.492054 -0.313736 -35.067501 -37.517288 -0.313736 -39.979172 -41.040504 -0.313736 -44.521534 -45.028542 -0.313736 -48.651485 -49.442272 -0.313736 -52.328545 -54.239853 -0.313736 -55.518059 -59.374489 -0.313736 -58.188511 -64.797249 -0.313736 -60.315010 -70.455467 -0.313736 -61.876221 -76.294991 -0.313736 -62.858017 -82.259361 -0.313736 -63.249985 -88.291260 -0.313736 -63.049313 -94.332558 -0.313736 -62.256985 -100.325027 -0.313736 -60.881577 -106.211098 -0.313736 -58.935398 -111.933853 -0.313736 -56.438103 -117.438492 -0.313736 -53.412876 -122.671608 -0.313736 -49.889664 -127.583275 -0.313736 -45.901619 -132.125671 -0.313736 -41.487892 -136.255615 -0.313736 -36.690315 -139.932648 -0.313736 -31.555679 -143.122162 -0.313736 -26.132927 -145.792633 -0.313736 -20.474705 -147.919128 -0.313736 -14.635166 -149.480347 -0.313736 -8.670805 -150.462128 -7.215958 -2.638901 -150.854065 -7.215958 3.402395 -150.653427 -3.764862 9.172390 -148.675644 -3.764862 9.172390 -148.675644 -6.274734 9.233065 -148.998962 -0.313736 21.003689 -146.539505 -0.313736 26.508324 -144.042236 -0.313736 31.741444 -141.016998 -0.313736 36.653114 -137.493805 -0.313736 41.195477 -133.505737 -0.313736 45.325428 -129.091995 -0.313736 49.002480 -124.294411 -0.313736 52.192001 -119.159790 -0.313736 54.862457 -113.737038 -0.313736 56.988960 -108.078827 -0.313736 58.550171 -102.239281 -0.313736 59.531952 -96.274933 -0.313736 59.923927 -90.243019 -0.313736 59.723267 -84.201714 -0.313736 58.930939 -78.209244 -0.313736 57.555534 -72.323181 -0.313736 55.609352 -66.600418 
						-0.313736 53.112061 -61.095776 -0.313736 50.086823 -55.862663 -3.764862 3.367540 -26.339333 -3.764862 -4.291389 -26.217968 -1.396622 2.712906 -21.159388 -0.976532 2.273539 -21.478518 -0.025833 2.563379 -20.416862 -0.933884 2.933754 -19.975475 -0.025833 2.563379 -20.416862 -0.976532 2.273539 -21.478518 1.317917 3.043232 -20.211464 1.982056 3.245195 -18.360952 0.803497 2.895956 -18.384453 -0.232910 3.209484 -18.297504 0.803497 2.895956 -18.384453 -1.860107 4.220064 -24.356733 -1.750778 4.741650 -23.468679 -0.379227 4.795992 -23.101511 -0.482315 4.210001 -24.109558 -1.642105 4.923952 -22.810480 -1.068375 4.999039 -22.455284 -0.659225 5.068390 -21.947081 0.085312 5.003609 -21.877531 1.094864 4.629168 -21.809893 0.719116 4.397190 -23.066624 0.319794 4.073864 -23.810654 -3.754288 1.842718 -25.334105 -2.228958 1.618452 -25.079748 -5.250015 1.598763 -25.156715 -5.255951 2.299143 -24.691822 -3.715057 2.374037 -25.006165 -5.798050 0.965401 -24.649851 -5.178650 0.396656 -24.086388 -5.282379 1.917131 -23.027348 -5.818436 2.089069 -23.872166 -5.729019 3.253048 -23.527189 -5.183350 3.259123 -24.441944 -5.270615 3.249519 -22.612070 -4.922821 4.021601 -22.724043 -5.059875 4.129332 -23.437923 -4.827652 3.961748 -24.185709 -3.693436 3.290316 -24.822208 -1.892593 3.292942 -24.753595 -3.584366 4.162313 -24.365183 -1.619598 1.064161 -24.297352 -2.124527 0.267391 -24.059952 -1.546707 1.574537 -23.009542 -1.893265 1.114742 -23.141396 0.043320 5.105879 -20.414955 1.371811 4.775505 -20.211437 -0.970779 5.057262 -21.458221 -1.379181 4.653414 -21.150661 -0.865326 4.755127 -19.974384 -0.108231 4.933113 -18.297504 0.969620 5.254852 -18.384453 2.095673 4.943048 -18.360954 6.690170 8.544558 -3.590333 6.283386 7.686653 -3.590333 6.698761 7.905991 -1.787647 7.118668 8.759092 -1.787647 6.703140 6.836433 -3.590333 7.118622 7.058649 -1.787647 7.274185 7.132896 -0.000000 6.854324 7.977354 -0.000000 
						7.274185 8.825655 -0.000000 0.425949 3.406187 -23.930431 1.075302 3.578156 -23.063639 1.498047 3.780415 -21.786110 7.799820 6.533445 -3.590332 8.238312 6.752783 -1.787647 7.799820 6.533445 -3.590332 8.909027 6.867167 -3.590332 9.358017 7.081701 -1.787646 8.238312 6.752783 -1.787647 9.513519 7.148264 -0.000000 8.393845 6.824148 -0.000000 8.393845 6.824148 -0.000000 9.349533 7.714823 -3.590333 9.777893 7.927118 -1.787647 8.919754 8.554800 -3.590333 9.358017 8.766777 -1.787647 9.513519 8.830778 -0.000000 9.933395 7.991444 -0.000000 7.789551 8.868031 -3.590333 8.238342 9.080326 -1.787647 8.393845 9.144648 0.000000 -0.508621 3.325113 -24.447170 -3.826416 4.296125 -22.445110 -3.375443 4.634207 -23.283384 -2.522232 4.479935 -22.133081 -2.186584 4.885098 -22.519176 2.023743 5.528532 -16.493820 3.027634 5.214357 -16.490885 0.951416 5.213118 -16.482948 2.013916 5.594578 -14.642048 3.014069 5.909092 -14.642049 3.956390 5.594578 -14.642051 3.929749 6.380899 -12.796754 4.851105 6.066387 -12.796757 2.989731 6.066387 -12.796754 3.861145 6.597454 -10.951459 4.769638 6.911968 -10.951460 5.710556 6.597454 -10.951463 5.550522 7.466167 -9.106167 6.551712 7.151697 -9.106168 4.645920 7.151379 -9.106165 5.367996 7.690472 -7.260872 6.290695 8.007223 -7.260873 7.383347 7.693031 -7.260873 7.106644 8.494234 -5.418083 8.228424 8.180643 -5.418085 6.067276 8.173283 -5.418083 1.807510 3.931822 -20.163332 2.480362 4.102781 -18.339712 3.361725 4.375469 -16.488228 2.918518 3.534410 -16.490883 4.274963 4.755884 -14.642051 3.863144 3.917187 -14.642049 5.173691 5.227692 -12.796754 4.779648 4.388996 -12.796757 6.053375 5.758759 -10.951463 5.654846 4.920063 -10.951462 6.931335 6.312962 -9.106168 6.516891 5.473986 -9.106168 7.803299 6.854017 -7.260873 7.379745 6.013081 -7.260872 8.648270 7.341026 -5.418084 8.218079 6.495890 -5.418083 
						-1.551987 3.689045 -21.059340 -1.206558 3.845514 -19.864302 -0.550812 4.071404 -18.252470 1.856232 3.215561 -16.493820 0.811554 3.529947 -16.482952 1.856232 3.215561 -16.493820 2.883255 3.602676 -14.642051 2.883255 3.602676 -14.642051 1.897614 3.917187 -14.642049 3.850876 4.074486 -12.796754 2.905090 4.388996 -12.796754 3.850876 4.074486 -12.796754 4.750244 4.605553 -10.951460 4.750244 4.605553 -10.951460 3.808578 4.920063 -10.951460 5.586670 5.158876 -9.106168 4.636215 5.473026 -9.106167 5.586670 5.158876 -9.106168 6.387344 5.693768 -7.260873 6.387344 5.693768 -7.260873 5.404526 6.005396 -7.260873 7.144028 6.167572 -5.418083 6.109360 6.473799 -5.418083 7.144028 6.167572 -5.418083 -3.426666 0.379284 -23.641117 -3.426666 0.379284 -23.641117 -2.229980 1.461777 -22.644836 -2.522400 2.315649 -22.165804 -3.871918 1.979101 -22.548323 -2.229980 1.461777 -22.644836 0.486679 4.371546 -16.477320 1.588531 4.755884 -14.642048 2.605316 5.227692 -12.796754 3.507278 5.758762 -10.951459 4.310913 6.312082 -9.106164 5.041794 6.846973 -7.260872 5.702484 7.320778 -5.418083 -1.779404 2.551414 -21.805895 -1.520508 1.992535 -22.171854 -1.520508 1.992535 -22.171854 -1.778915 4.579752 -21.784517 -1.515640 4.994390 -22.036180 -2.621384 3.488579 -21.983408 -1.866043 3.588627 -21.703344 -3.985458 3.350519 -22.178373 -7.215958 9.394873 -149.861069 -0.313736 -2.638899 -150.854065 -1.254959 27.794098 36.213226 -3.764862 27.630779 36.513649 -3.764862 22.316380 33.896564 -1.254959 22.450150 33.581585 -3.764862 27.630779 36.513649 -6.274734 27.794098 36.213226 -6.274734 22.450157 33.581589 -3.764862 22.316380 33.896564 -6.274734 16.874161 31.485981 -3.764862 16.771229 31.812542 -3.764862 16.771229 31.812542 -1.254959 16.874161 31.485987 -1.254959 60.616486 84.109650 -3.764862 60.951439 84.075119 -3.764862 61.156105 90.237129 -1.254959 60.820053 90.238747 -6.274734 60.616463 84.109650 
						-6.274734 60.820053 90.238747 -6.274734 60.422394 96.358307 -3.764862 60.756294 96.389572 -1.254959 60.422386 96.358307 -1.254959 37.581970 42.980015 -3.764862 37.364525 43.243015 -3.764862 32.662804 39.639435 -1.254959 32.854118 39.356392 -3.764862 37.364525 43.243015 -6.274734 37.581970 42.980019 -6.274734 32.854111 39.356392 -3.764862 32.662804 39.639435 -3.764862 59.754913 102.473106 -1.254959 59.426331 102.409340 -6.274734 59.426331 102.409340 -6.274734 57.842438 108.333740 -3.764862 58.162491 108.429329 -1.254959 57.842438 108.333740 -1.254959 45.861641 51.526295 -3.764862 45.598404 51.742031 -3.764862 41.690060 47.290436 -1.254959 41.931557 47.049946 -3.764862 45.598404 51.742031 -6.274734 45.861641 51.526295 -6.274734 41.931557 47.049950 -3.764862 41.690060 47.290436 -3.764862 55.993477 114.200630 -1.254959 55.685036 114.074196 -6.274734 55.685028 114.074196 -6.274734 52.975769 119.575737 -3.764862 53.269684 119.731735 -1.254959 52.975777 119.575737 -1.254959 3.477112 151.527069 -3.764862 3.505133 151.854706 -3.764862 -2.656885 152.059372 -1.254959 -2.651979 151.730667 -6.274734 3.477112 151.527069 -6.274734 -2.651981 151.730652 -6.274734 -8.771547 151.332993 -3.764862 -8.809323 151.659576 -1.254959 -8.771545 151.332993 -1.254959 52.314911 61.523651 -3.764862 52.015984 61.684097 -3.764862 49.051201 56.555542 -1.254959 49.333649 56.366581 -3.764862 52.015984 61.684097 -6.274734 52.314911 61.523651 -6.274734 49.333641 56.366581 -3.764862 49.051201 56.555542 -3.764862 50.016434 124.968971 -1.254959 49.739891 124.785011 -6.274734 49.739891 124.785011 -6.274734 46.009403 129.652298 -3.764862 46.265892 129.862411 -1.254959 46.009403 129.652298 -3.764832 -14.892869 150.658173 -1.254959 -14.822589 150.336929 -6.274734 -14.822589 150.336929 -6.274734 -20.746988 148.753036 -3.764832 -20.849094 149.065735 -1.254959 -20.746986 148.753036 -1.254959 56.693817 72.587883 -3.764862 56.370667 72.687141 -3.764862 54.463379 67.078743 
						-1.254959 54.775925 66.948288 -3.764862 56.370667 72.687141 -6.274734 56.693817 72.587875 -6.274734 54.775925 66.948288 -3.764862 54.463379 67.078743 -3.764862 42.053417 134.364334 -1.254959 41.819431 134.130188 -6.274734 41.819431 134.130188 -6.274734 37.211056 138.176193 -3.764862 37.420280 138.432083 -1.254959 37.211056 138.176178 -3.764832 -26.620382 146.896744 -1.254959 -26.487436 146.595612 -6.274734 -26.487436 146.595612 -6.274734 -31.988998 143.886368 -3.764832 -32.151493 144.172943 -1.254959 -31.988998 143.886368 -1.254959 58.830048 84.293793 -3.764862 58.495102 84.328316 -3.764862 57.718590 78.455582 -1.254959 58.049232 78.388405 -3.764862 58.495102 84.328316 -6.274734 58.830055 84.293793 -6.274734 58.049232 78.388405 -3.764862 57.718590 78.455582 -3.764862 32.410461 142.025696 -1.254959 32.228008 141.750565 -6.274734 32.228008 141.750580 -6.274734 26.918835 144.819763 -3.764862 27.072777 145.111359 -1.254959 26.918835 144.819763 -3.764832 -37.388729 140.919693 -1.254959 -37.198257 140.650513 -6.274734 -37.198257 140.650513 -6.274734 -42.065552 136.920029 -3.764832 -42.282181 137.169159 -1.254959 -42.065552 136.920029 -1.254959 58.641510 96.191528 -3.764862 58.307610 96.160271 -3.764862 58.691750 90.248894 -1.254959 59.027802 90.247284 -3.764862 58.307610 96.160271 -6.274734 58.641525 96.191528 -6.274734 59.027802 90.247284 -3.764862 58.691750 90.248894 -1.059982 -6.401368 26.740715 -1.861694 -3.285363 26.241026 -1.187378 -0.462029 26.283129 -0.470200 -0.607397 26.705198 -2.341156 -1.887809 26.150887 -1.807251 -0.322460 26.175692 -2.341156 1.242886 26.200499 -1.861694 2.359226 26.330465 -1.059982 5.153013 26.923800 -3.764862 21.458149 147.658554 -1.254959 21.334202 147.353363 -6.274734 21.334202 147.353378 -6.274734 15.528278 149.327835 -3.764862 15.621029 149.643646 -1.254959 15.528278 149.327835 -3.764832 -46.784111 132.956711 -1.254959 -46.543434 132.730026 -6.274734 -46.543434 132.730026 -6.274734 -50.589424 128.121643 
						-3.764832 -50.851837 128.323532 -1.254959 -50.589428 128.121658 -1.254959 56.135483 107.823875 -3.764862 55.815430 107.728294 -3.764862 57.345428 102.005447 -1.254959 57.673996 102.069237 -3.764862 55.815430 107.728294 -6.274734 56.135483 107.823875 -6.274734 57.673996 102.069237 -3.764862 57.345428 102.005447 -3.764832 -54.445465 123.313705 -1.254959 -54.163845 123.138618 -6.274734 -54.163834 123.138626 -6.274734 -57.233044 117.829453 -3.764832 -57.531136 117.976059 -1.254959 -57.233040 117.829453 -1.254959 51.408234 118.743828 -3.764862 51.114319 118.587852 -3.764862 53.731415 113.273438 -1.254959 54.039879 113.399879 -3.764862 51.114319 118.587852 -6.274734 51.408234 118.743820 -6.274734 54.039879 113.399879 -3.764862 53.731415 113.273438 -3.764832 -60.078323 112.361435 -1.254959 -59.766624 112.244835 -6.274734 -59.766624 112.244820 -6.274734 -61.741081 106.438881 -3.764832 -62.063400 106.524307 -1.254959 -61.741081 106.438881 -1.254959 44.641457 128.531693 -3.764862 44.384960 128.321579 -3.764862 47.988533 123.619873 -1.254959 48.265068 123.803848 -3.764862 44.384960 128.321579 -6.274734 44.641457 128.531693 -6.274734 48.265068 123.803848 -3.764862 47.988533 123.619873 -1.254959 -20.202417 147.085205 -3.764832 -20.100313 146.772476 -3.764832 -14.377467 148.302505 -1.254959 -14.447750 148.623718 -3.764832 -20.100313 146.772476 -6.274734 -20.202417 147.085205 -6.274734 -14.447750 148.623703 -3.764832 -14.377467 148.302505 -6.274734 -8.570066 149.591248 -3.764862 -8.532289 149.264664 -3.764862 -8.532289 149.264664 -1.254959 -8.570066 149.591248 -3.764832 -63.466293 100.520615 -1.254959 -63.136490 100.467293 -6.274734 -63.136490 100.467285 -6.274734 -63.940323 94.387711 -3.764832 -64.274445 94.408394 -1.254959 -63.940323 94.387711 -1.254959 36.095173 136.811356 -3.764862 35.885944 136.555496 -3.764862 40.337540 132.647110 -1.254959 40.571526 132.881287 -3.764862 35.885944 136.555496 -6.274734 36.095173 136.811356 -6.274734 40.571526 132.881287 -3.764862 40.337540 132.647110 
						-1.254959 -31.122356 142.357956 -3.764832 -30.959862 142.071381 -3.764832 -25.645470 144.688446 -1.254959 -25.778412 144.989594 -3.764832 -30.959862 142.071381 -6.274734 -31.122356 142.357971 -6.274734 -25.778412 144.989594 -3.764832 -25.645470 144.688446 -3.764832 -64.479134 88.246376 -1.254959 -64.143906 88.258614 -6.274734 -64.143906 88.258614 -6.274734 -63.746243 82.139061 -3.764832 -64.079330 82.093948 -1.254959 -63.746243 82.139061 -1.254959 26.097813 143.264633 -3.764862 25.943874 142.973053 -3.764862 31.072426 140.008270 -1.254959 31.254879 140.283371 -3.764862 25.943874 142.973053 -6.274734 26.097824 143.264633 -6.274734 31.254879 140.283371 -3.764862 31.072426 140.008270 -1.254959 -40.910233 135.591171 -3.764832 -40.693607 135.342041 -3.764832 -35.991890 138.945602 -1.254959 -36.182369 139.214813 -3.764832 -40.693607 135.342041 -6.274734 -40.910233 135.591171 -6.274734 -36.182369 139.214813 -3.764832 -35.991890 138.945602 -3.764832 -63.077927 76.010391 -1.254959 -62.750191 76.088013 -6.274734 -62.750191 76.088013 -6.274734 -61.166283 70.163620 -3.764832 -61.485535 70.054176 -1.254959 -61.166283 70.163628 -2.525299 0.862925 26.060114 -3.764862 1.282995 26.066767 -3.764862 1.829889 26.209799 -2.525299 0.862925 26.060114 -2.510956 0.849388 25.920853 -3.764862 1.258890 25.927340 -3.764862 1.282995 26.066767 -5.018753 0.849388 25.920855 -5.004395 0.862925 26.060114 -5.004395 0.862925 26.060114 -5.188538 1.242886 26.200502 -6.274734 -54.736496 59.827374 -7.215958 -55.518059 59.374489 -7.215958 -58.188511 64.797249 -6.274734 -57.368130 65.171318 -6.274734 -56.299618 58.921612 -6.274734 -59.008869 64.423172 -7.215958 -60.315010 70.455467 -6.274734 -59.463745 70.747307 -7.215958 59.723267 84.201714 -7.215958 58.930939 78.209244 -6.274734 59.812653 78.030075 -6.274734 58.417244 72.058464 -7.215958 57.555534 72.323181 -7.215958 -61.876221 76.294991 -6.274734 -61.002262 76.501961 -7.215958 -62.858017 82.259361 -6.274734 -61.969776 82.379662 
						-7.215958 55.609352 66.600418 -6.274734 56.442780 66.252548 -6.274734 53.909187 60.667912 -7.215958 53.112061 61.095776 -7.215958 -63.249985 88.291260 -6.274734 -62.356052 88.323906 -7.215958 -63.049313 94.332558 -6.274734 -62.158306 94.277412 -7.215958 50.086823 55.862663 -6.274734 50.839989 55.358746 -6.274734 47.265572 50.375690 -7.215958 46.563606 50.950996 -7.215958 -62.256985 100.325027 -6.274734 -61.377491 100.182793 -7.215958 -60.881577 106.211098 -6.274734 -60.022064 105.983307 -7.215958 42.575573 46.408630 -6.274734 43.219582 45.767319 -6.274734 38.741707 41.577351 -7.215958 38.161835 42.278687 -7.215958 -58.935398 111.933853 -6.274734 -58.104183 111.622910 -7.215958 -56.438103 117.438492 -6.274734 -55.643173 117.047546 -7.215958 33.364262 38.601624 -6.274734 33.874405 37.846851 -6.274734 28.665146 34.610981 -7.215958 28.229618 35.412106 -7.215958 -53.412876 122.671608 -6.274734 -52.661903 122.204605 -7.215958 -49.889664 127.583275 -6.274734 -49.189896 127.044907 -7.215958 22.806866 32.741661 -6.274734 23.163589 31.901731 -6.274734 17.423134 29.744316 -7.215958 17.148651 30.615149 -1.254959 3.327681 149.779770 -1.254959 9.233065 148.998962 -0.313736 9.394873 149.861069 -0.313736 3.402395 150.653427 -1.254959 15.033592 147.643555 -0.313736 15.280937 148.485687 -1.254959 9.556675 150.723236 -7.215958 -45.901619 132.125671 -6.274734 -45.259819 131.521240 -7.215958 -41.487892 136.255615 -7.222107 11.303022 29.047478 -6.274734 11.119490 29.947464 -6.299362 11.502815 28.135170 -6.469711 5.153013 26.923803 -7.259933 5.321800 28.046476 -6.274734 5.241806 28.979940 -6.274734 15.033596 147.643555 -7.215958 15.280937 148.485703 -7.215958 21.003689 146.539505 -6.274734 20.673176 145.725662 -7.215958 26.508324 144.042236 -7.215958 -36.690315 139.932648 -7.215958 -31.555679 143.122162 -7.215958 31.741444 141.016998 -7.215958 36.653114 137.493805 -7.215958 -26.132927 145.792633 -7.215958 -20.474705 147.919128 -6.274734 -6.655940 28.791416 
						-7.259933 -6.694665 27.856066 -7.222107 -12.712829 28.666941 -6.274734 -12.561326 29.572231 -6.469711 -6.401368 26.740717 -6.299362 -12.873764 27.748907 -6.274734 -18.852131 29.169514 -7.215958 -18.606991 30.048586 -6.274734 -18.361851 30.927650 -7.215958 41.195477 133.505737 -7.215958 45.325428 129.091995 -7.215958 -14.635168 149.480347 -7.215958 -8.670807 150.462128 -7.215958 -24.329746 31.994762 -6.274734 -24.001442 32.845539 -6.274734 -24.658058 31.143974 -6.274734 -30.242693 33.677567 -7.215958 -29.834387 34.492054 -6.274734 -29.426079 35.306549 -7.215958 49.002480 124.294411 -7.215958 52.192001 119.159790 -3.764862 -2.620915 149.648773 -1.254959 -2.625820 149.977524 -6.274734 -2.625821 149.977524 -3.764862 -2.620915 149.648773 -6.274734 3.327681 149.779739 -3.764862 3.299660 149.452164 -3.764862 3.299660 149.452164 -7.215958 -35.067501 37.517288 -6.274734 -34.583145 38.287823 -6.274734 -35.551865 36.746765 -6.274734 -40.534904 40.321175 -7.215958 -39.979172 41.040504 -6.274734 -39.423431 41.759830 -7.215958 54.862457 113.737038 -7.215958 56.988960 108.078827 -7.215958 -44.521534 45.028542 -6.274734 -43.899788 45.689907 -6.274734 -45.143288 44.367172 -6.274734 -49.333252 48.845047 -7.215958 -48.651485 49.442272 -6.274734 -47.969711 50.039497 -7.215958 58.550171 102.239281 -7.215958 59.531952 96.274933 -7.215958 -52.328545 54.239853 -6.274734 -51.593342 54.767349 -6.274734 -53.063751 53.712341 -7.215958 59.923927 90.243019 -5.018753 -1.334621 25.886238 -5.109009 -1.335215 25.750803 -3.754425 -1.760183 25.731205 -3.764862 -1.744125 25.879753 -5.171509 -0.862225 25.229774 -3.681580 -1.209526 25.121359 -3.754425 -1.760183 25.731205 -3.681580 -1.209526 25.121359 -2.284164 -0.869972 25.213470 -2.411438 -1.336185 25.748764 -3.764862 -1.744125 25.879753 -2.510956 -1.334621 25.886242 -6.274734 -0.702440 28.593666 -7.305679 -0.679529 27.668102 -7.059494 -0.607397 26.705200 -5.113632 0.955256 25.831972 -5.618835 -0.191738 25.792957 
						-5.488953 -0.242617 25.903545 -5.208527 1.181904 25.621117 -5.745270 0.145760 25.438026 -1.254959 58.417244 72.058464 -3.764862 58.740379 71.959206 -3.764862 60.143280 77.962898 -1.254959 59.812653 78.030075 -3.764862 11.048380 30.282537 -1.254959 11.119490 29.947466 -3.764862 11.048380 30.282537 -3.764862 5.203199 29.320366 -3.764862 5.203199 29.320366 -1.254959 5.241806 28.979940 -1.254959 53.909187 60.667919 -3.764862 54.208107 60.507465 -3.764862 56.755325 66.122108 -1.254959 56.442780 66.252548 -1.254959 47.265572 50.375702 -3.764862 47.528816 50.159962 -3.764862 51.122437 55.169788 -1.254959 50.839996 55.358746 -1.254959 -6.655939 28.791416 -3.764862 -6.628749 29.132879 -3.764862 -12.501475 29.909382 -1.254959 -12.561326 29.572231 -3.764862 -6.628749 29.132879 -3.764862 -12.501475 29.909382 -3.764862 -18.269924 31.257299 -3.764862 -18.269924 31.257299 -1.254959 -18.361851 30.927650 -1.254959 38.741707 41.577351 -3.764862 38.959152 41.314354 -3.764862 43.461090 45.526821 -1.254959 43.219582 45.767323 -3.764832 -23.878325 33.164597 -1.254959 -24.001440 32.845539 -3.764832 -23.878325 33.164597 -3.764832 -29.272968 35.611988 -3.764832 -29.272968 35.611988 -1.254959 -29.426079 35.306549 -1.254959 28.665142 34.610981 -3.764862 28.828465 34.310566 -3.764862 34.065708 37.563816 -1.254959 33.874405 37.846859 -3.764832 -34.401508 38.576767 -1.254959 -34.583138 38.287823 -3.764832 -34.401508 38.576767 -3.764832 -39.215027 42.029575 -3.764832 -39.215027 42.029575 -1.254959 -39.423431 41.759834 -1.254959 17.423134 29.744316 -3.764862 17.526070 29.417755 -3.764862 23.297352 31.586758 -1.254959 23.163589 31.901733 -3.764832 -43.666626 45.937916 -1.254959 -43.899788 45.689907 -3.764832 -43.666626 45.937916 -3.764832 -47.714050 50.263458 -3.764832 -47.714050 50.263458 -1.254959 -47.969711 50.039497 -3.764862 6.521143 26.775585 -3.764862 11.671398 27.814758 -1.230331 11.502815 28.135174 -3.764832 -51.317631 54.965164 
						-1.254959 -51.593342 54.767353 -3.764832 -51.317631 54.965164 -3.764832 -54.443413 59.997208 -3.764832 -54.443413 59.997208 -1.254959 -54.736496 59.827370 -3.764862 -0.708172 28.936222 -1.254959 -0.702440 28.593666 -3.764862 -0.708172 28.936222 -3.764832 -57.060505 65.311584 -1.254959 -57.368130 65.171326 -3.764832 -57.060505 65.311584 -3.764832 -59.144516 70.856750 -3.764832 -59.144516 70.856750 -1.254959 -59.463745 70.747307 -1.254959 -18.852133 29.169516 -3.764862 -18.944057 28.839865 -3.764862 -13.026675 27.423405 -1.230331 -12.873764 27.748913 -3.764862 -7.733944 26.549702 -3.764832 -60.674519 76.579597 -1.254959 -61.002262 76.501961 -3.764832 -60.674519 76.579597 -3.764832 -61.636703 82.424767 -3.764832 -61.636703 82.424767 -1.254959 -61.969776 82.379662 -5.667999 2.359226 26.330475 -6.342331 -0.462030 26.283133 -5.722443 -0.322464 26.175692 -5.188538 -1.887809 26.150888 -5.667999 -3.285363 26.241026 -1.254959 -30.242691 33.677563 -3.764832 -30.395809 33.372128 -3.764832 -24.781170 30.824930 -1.254959 -24.658056 31.143972 -3.764832 -62.020832 88.336143 -1.254959 -62.356060 88.323906 -3.764832 -62.020832 88.336143 -3.764832 -61.824169 94.256729 -3.764832 -61.824169 94.256729 -1.254959 -62.158306 94.277397 -1.254959 -40.534904 40.321175 -3.764832 -40.743317 40.051430 -3.764832 -35.733490 36.457813 -1.254959 -35.551861 36.746765 -3.764832 -61.047676 100.129440 -1.254959 -61.377495 100.182793 -3.764832 -61.047676 100.129440 -3.764832 -59.699753 105.897903 -3.764832 -59.699753 105.897903 -1.254959 -60.022064 105.983322 -2.416061 0.957245 25.827290 -3.764862 1.385851 25.845819 -2.321167 1.197811 25.583681 -3.764862 1.574205 25.683527 -1.254959 -49.333252 48.845055 -3.764832 -49.588917 48.621086 -3.764832 -45.376442 44.119156 -1.254959 -45.143280 44.367172 -3.764832 -57.792461 111.506302 -1.254959 -58.104179 111.622910 -3.764832 -57.792461 111.506302 -3.764832 -55.345074 116.900925 -3.764832 -55.345074 116.900925 -1.254959 -55.643173 117.047546 
						-0.661850 2.209085 21.961311 0.083267 2.390047 21.880280 -0.335403 2.222242 23.133560 -1.009537 2.071676 22.512014 1.094116 2.885933 21.810110 0.718597 2.736742 23.067122 0.319550 2.785809 23.810978 -0.460617 2.523222 24.144976 -1.793945 2.249393 24.677273 -1.227432 1.841587 23.770330 -1.278397 1.863655 23.027639 -1.254959 -56.299618 58.921600 -3.764832 -56.592701 58.751774 -3.764832 -53.339447 53.514530 -1.254959 -53.063751 53.712341 -3.764832 -52.380295 122.029465 -1.254959 -52.661903 122.204605 -3.764832 -52.380295 122.029465 -3.764832 -48.927490 126.843018 -3.764832 -48.927490 126.843018 -1.254959 -49.189903 127.044907 -3.764862 9.617352 151.046524 -6.274734 9.556675 150.723251 -2.525299 -1.377447 26.024609 -2.060486 -0.257259 26.042360 -2.525299 -1.377447 26.024609 -2.040741 -0.242617 25.903545 -2.060486 -0.257259 26.042360 -3.764832 -59.316505 64.282898 -1.254959 -59.008873 64.423172 -3.764832 -45.019142 131.294647 -1.254959 -45.259819 131.521271 -3.764832 -45.019142 131.294647 -3.764862 14.940842 147.327744 -3.764862 20.549236 145.420425 -1.254959 20.673180 145.725662 -3.764862 14.940842 147.327744 -3.764862 20.549236 145.420425 -5.004395 -1.377447 26.024609 -3.764862 -1.797515 26.017958 -3.764862 -2.474813 26.141590 -5.004395 -1.377447 26.024609 -3.764862 -1.797515 26.017958 -3.764862 -1.797515 26.017958 -0.313736 42.575573 46.408630 -0.313736 46.563606 50.951000 -0.313736 38.161835 42.278687 -0.313736 33.364262 38.601624 -0.313736 28.229630 35.412106 -0.313736 22.806866 32.741665 -0.313736 17.148651 30.615149 -0.307602 11.303022 29.047478 -0.269775 5.321804 28.046473 -5.469223 -0.257259 26.042360 -5.469223 -0.257259 26.042360 -0.224014 -0.679529 27.668098 -0.269775 -6.694662 27.856070 -1.909698 -0.188004 25.783087 -1.775192 0.175636 25.359074 -0.307602 -12.712828 28.666941 -0.313736 -18.606991 30.048584 -0.313736 -24.329748 31.994762 -0.313736 -29.834387 34.492054 -0.313736 -35.067501 37.517288 
						-0.313736 -39.979172 41.040501 -0.313736 -44.521538 45.028542 -0.313736 -48.651485 49.442272 -0.313736 -52.328552 54.239853 -0.313736 -55.518066 59.374489 -0.313736 -58.188515 64.797234 -0.313736 -60.315010 70.455467 -0.313736 -61.876221 76.295006 -0.313736 -62.858017 82.259346 -0.313736 -63.249985 88.291260 -0.313736 -63.049305 94.332558 -0.313736 -62.256989 100.325027 -0.313736 -60.881577 106.211098 -0.313736 -58.935398 111.933853 -0.313736 -56.438110 117.438492 -0.313736 -53.412872 122.671608 -0.313736 -49.889664 127.583275 -0.313736 -45.901627 132.125641 -0.313736 -41.487896 136.255615 -0.313736 -36.690315 139.932648 -0.313736 -31.555676 143.122162 -0.313736 -26.132927 145.792587 -0.313736 -20.474703 147.919128 -0.313736 -14.635168 149.480347 -0.313736 -8.670805 150.462128 -7.215958 -2.638901 150.854065 -7.215958 3.402395 150.653427 -3.764862 9.172390 148.675644 -6.274734 9.233065 148.998947 -3.764862 9.172390 148.675644 -0.313736 21.003689 146.539505 -0.313736 26.508331 144.042236 -0.313736 31.741444 141.016953 -0.313736 36.653114 137.493790 -0.313736 41.195477 133.505737 -0.313736 45.325428 129.091995 -0.313736 49.002480 124.294426 -0.313736 52.192001 119.159790 -0.313736 54.862457 113.737015 -0.313736 56.988960 108.078827 -0.313736 58.550171 102.239265 -0.313736 59.531952 96.274933 -0.313736 59.923927 90.243019 -0.313736 59.723267 84.201714 -0.313736 58.930939 78.209251 -0.313736 57.555527 72.323181 -0.313736 55.609352 66.600418 -0.313736 53.112061 61.095783 -0.313736 50.086823 55.862656 -3.764862 3.367540 26.339333 -3.764862 -4.291389 26.217968 -1.396622 2.712906 21.159391 -0.933884 2.933754 19.975475 -0.025833 2.563379 20.416862 -0.976532 2.273539 21.478521 -0.232910 3.209484 18.297504 0.803497 2.895956 18.384453 1.982056 3.245195 18.360952 1.317917 3.043232 20.211464 -0.025833 2.563379 20.416862 0.803497 2.895956 18.384453 -0.976532 2.273539 21.478521 -1.860107 4.220064 24.356735 -0.482315 4.210001 24.109558 
						-0.379227 4.795992 23.101511 -1.750778 4.741650 23.468679 0.319794 4.073864 23.810652 0.719116 4.397190 23.066624 1.094864 4.629171 21.809893 0.085312 5.003609 21.877531 -0.659225 5.068390 21.947081 -1.068375 4.999039 22.455284 -1.642105 4.923952 22.810480 -2.228958 1.618452 25.079748 -3.754288 1.842718 25.334103 -3.715057 2.374037 25.006165 -5.255951 2.299143 24.691822 -5.250015 1.598759 25.156715 -5.798050 0.965401 24.649851 -5.818436 2.089069 23.872166 -5.282379 1.917131 23.027348 -5.178650 0.396656 24.086388 -5.183350 3.259123 24.441944 -5.729019 3.253048 23.527189 -4.827652 3.961748 24.185707 -5.059875 4.129332 23.437923 -4.922821 4.021601 22.724043 -5.270615 3.249519 22.612064 -1.892593 3.292942 24.753595 -3.693436 3.290316 24.822208 -3.584366 4.162317 24.365183 -2.124527 0.267391 24.059956 -1.619598 1.064161 24.297348 -1.893265 1.114742 23.141394 -1.546707 1.574537 23.009542 1.371780 4.775505 20.211439 0.043320 5.105879 20.414949 2.095673 4.943048 18.360954 0.969620 5.254852 18.384453 -0.108231 4.933113 18.297504 -0.865326 4.755127 19.974380 -1.379181 4.653414 21.150660 -0.970779 5.057262 21.458225 6.690170 8.544558 3.590333 7.118668 8.759090 1.787647 6.698761 7.905991 1.787647 6.283386 7.686653 3.590333 7.118622 7.058653 1.787647 6.703140 6.836433 3.590333 1.075302 3.578156 23.063639 0.425949 3.406187 23.930431 1.498047 3.780415 21.786108 8.238312 6.752783 1.787647 7.799820 6.533445 3.590332 8.238312 6.752783 1.787647 9.358017 7.081701 1.787646 7.799820 6.533445 3.590332 8.909027 6.867167 3.590332 9.777893 7.927118 1.787647 9.349533 7.714823 3.590333 9.358017 8.766777 1.787647 8.919754 8.554800 3.590333 8.238342 9.080326 1.787647 7.789551 8.868031 3.590333 -0.508621 3.325113 24.447166 -3.375443 4.634207 23.283384 -3.826416 4.296125 22.445110 -2.186584 4.885099 22.519176 
						-2.522232 4.479935 22.133081 3.027634 5.214357 16.490883 2.023743 5.528532 16.493820 3.956390 5.594578 14.642049 3.014069 5.909092 14.642049 2.013916 5.594578 14.642048 0.951416 5.213118 16.482948 4.851105 6.066387 12.796757 3.929749 6.380899 12.796757 5.710556 6.597454 10.951463 4.769638 6.911964 10.951462 3.861145 6.597454 10.951459 2.989731 6.066387 12.796754 6.551712 7.151697 9.106168 5.550522 7.466171 9.106168 7.383347 7.693031 7.260873 6.290695 8.007223 7.260873 5.367996 7.690472 7.260872 4.645920 7.151379 9.106165 8.228424 8.180643 5.418085 7.106644 8.494234 5.418083 6.067276 8.173283 5.418083 1.807510 3.931822 20.163332 2.480362 4.102781 18.339712 2.918518 3.534410 16.490883 3.361725 4.375469 16.488228 3.863144 3.917187 14.642049 4.274963 4.755882 14.642051 4.779648 4.388996 12.796754 5.173691 5.227692 12.796757 5.654846 4.920063 10.951462 6.053375 5.758759 10.951463 6.516891 5.473986 9.106168 6.931335 6.312962 9.106168 7.379745 6.013081 7.260873 7.803299 6.854017 7.260873 8.218079 6.495890 5.418083 8.648270 7.341026 5.418083 -1.206558 3.845514 19.864302 -1.551987 3.689045 21.059340 -0.550812 4.071404 18.252470 0.811554 3.529947 16.482948 1.856232 3.215561 16.493820 1.897614 3.917187 14.642049 2.883255 3.602676 14.642051 1.856232 3.215561 16.493820 2.883255 3.602676 14.642051 2.905090 4.389000 12.796754 3.850876 4.074486 12.796757 3.808578 4.920063 10.951459 4.750244 4.605553 10.951460 3.850876 4.074486 12.796757 4.750244 4.605553 10.951460 4.636215 5.473026 9.106168 5.586670 5.158876 9.106168 5.404510 6.005396 7.260872 6.387344 5.693768 7.260873 5.586670 5.158876 9.106168 6.387344 5.693768 7.260873 6.109360 6.473803 5.418083 7.144028 6.167572 5.418083 7.144028 6.167572 5.418083 -3.426666 0.379284 23.641117 -3.871918 1.979101 22.548323 
						-2.522400 2.315645 22.165800 -2.229980 1.461777 22.644836 -3.426666 0.379284 23.641117 -2.229980 1.461777 22.644836 0.486679 4.371546 16.477320 1.588531 4.755882 14.642045 2.605316 5.227690 12.796754 3.507278 5.758762 10.951459 4.310913 6.312082 9.106165 5.041794 6.846973 7.260872 5.702484 7.320778 5.418083 -1.520508 1.992535 22.171856 -1.779404 2.551414 21.805895 -1.520508 1.992535 22.171856 -1.515640 4.994387 22.036180 -1.778915 4.579752 21.784521 -1.866043 3.588627 21.703344 -2.621384 3.488579 21.983406 -3.985458 3.350519 22.178375 -7.215958 9.394869 149.861099 -0.313736 -2.638899 150.854065 1.000259 10.912336 -165.230667 -0.203400 10.912333 -166.182480 -10.882278 10.912333 -161.343018 -9.678635 10.912333 -160.538788 -18.870255 10.912333 -162.675827 -18.870239 10.912333 -167.166168 -19.555710 10.912333 -166.314758 -19.555710 10.912333 -163.527206 -17.885208 10.912333 -161.936996 -17.885208 10.912333 -167.904984 -16.381470 10.912333 -168.216553 -16.381470 9.158697 -168.216553 -17.885208 9.158699 -167.904968 -17.885208 10.912333 -167.904984 -16.078125 10.912333 -161.625443 -16.078049 10.912333 -168.216553 -16.381470 10.912333 -168.216553 -16.381470 10.912333 -161.625443 -1.759720 10.912333 -166.693985 -12.302063 10.912333 -161.625443 1.804504 10.912336 -163.872375 -8.874405 10.912333 -159.335159 -8.591980 10.912333 -157.915359 2.086899 10.912336 -162.277802 -16.381470 9.158693 -161.625443 -16.381470 10.912333 -161.625443 -17.885208 10.912333 -161.936996 -17.885208 9.158693 -161.937027 -0.203400 10.912333 -166.182480 -0.203400 1.969425 -166.182480 -1.759720 1.969425 -166.693985 -1.759720 10.912333 -166.693985 -16.078079 9.158697 -168.216553 -16.078049 10.912333 -168.216553 -19.907257 10.912333 -165.393478 -19.907257 10.912333 -164.448502 -18.870255 9.158699 -167.166168 -17.885208 9.158699 -167.904968 -17.885208 9.158693 -161.937027 -18.870239 9.158693 -162.675827 -12.302063 10.912333 -161.625443 -16.078125 10.912333 -161.625443 -16.078079 9.158693 -161.625443 
						-16.381470 9.158697 -167.913162 -16.381470 9.158693 -161.928818 -16.381470 9.158693 -161.625443 -16.381470 9.158697 -168.216553 -19.555710 9.158699 -163.527237 -19.555710 9.158699 -166.314758 -19.907257 9.158697 -164.448502 -19.907257 9.158693 -165.393478 -18.870255 9.158699 -167.166168 -18.870239 10.912333 -167.166168 -19.555710 9.158699 -166.314758 -19.555710 10.912333 -166.314758 -19.907257 9.158693 -165.393478 -19.907257 10.912333 -165.393478 -19.907257 9.158697 -164.448502 -19.907257 10.912333 -164.448502 -19.555710 9.158699 -163.527237 -19.555710 10.912333 -163.527206 -18.870239 9.158693 -162.675827 -18.870255 10.912333 -162.675827 -16.078079 9.158693 -161.625443 -16.078125 10.912333 -161.625443 -16.292603 9.158697 -168.127670 -16.078079 9.158697 -168.216553 -16.078049 10.912333 -168.216553 -16.078079 9.158697 -168.216553 -16.381470 3.723063 -161.928818 -16.292603 3.723063 -161.714294 -16.292603 9.158693 -161.714294 -16.381470 9.158693 -161.928818 -8.591980 1.969421 -150.397064 -8.591980 10.912336 -149.812866 -8.591980 10.912333 -157.915359 -8.591980 1.969425 -157.915359 2.086899 10.912333 -149.812881 -8.591980 10.912336 -149.812866 2.086899 10.912336 -162.277802 2.086899 1.969421 -162.277802 1.804504 1.969421 -163.872375 1.804504 10.912336 -163.872375 1.000259 10.912336 -165.230667 1.000259 1.969421 -165.230667 -8.874405 10.912333 -159.335159 -8.874405 1.969425 -159.335159 -9.678635 10.912333 -160.538788 -9.678635 1.969425 -160.538788 -16.292603 9.158693 -161.714294 -16.078079 9.158693 -161.625443 -10.882278 10.912333 -161.343018 -10.882278 1.969425 -161.343018 -16.292603 3.723063 -168.127670 -16.381470 3.723063 -167.913162 -16.381470 9.158697 -167.913162 -16.292603 9.158697 -168.127670 -16.078079 3.723063 -168.216553 -16.078079 9.158697 -168.216553 -16.078079 3.723063 -161.625443 -16.078079 9.158693 -161.625443 -12.302063 1.969425 -161.625443 -16.078079 3.723063 -161.625443 -16.078079 3.723063 -168.216553 -1.759720 10.912333 166.693985 -1.759720 1.969425 166.693985 -0.203400 1.969425 166.182480 
						-0.203400 10.912333 166.182480 1.000259 10.912336 165.230667 -9.678635 10.912333 160.538788 -10.882278 10.912333 161.343018 -0.203400 10.912333 166.182480 -18.870255 10.912333 162.675827 -19.555710 10.912333 163.527206 -19.555710 10.912333 166.314758 -18.870239 10.912333 167.166168 -17.885208 10.912333 161.936996 -17.885208 10.912333 167.904984 -16.381470 10.912333 168.216553 -17.885208 10.912333 167.904984 -17.885208 9.158699 167.904968 -16.381470 9.158697 168.216553 -16.078125 10.912333 161.625443 -16.381470 10.912333 161.625443 -16.381470 10.912333 168.216553 -16.078049 10.912333 168.216553 -12.302063 10.912333 161.625443 -1.759720 10.912333 166.693985 2.086899 10.912336 162.277802 -6.082047 10.912336 149.812866 -8.591980 10.912336 149.812866 -8.591980 10.912333 157.915359 1.804504 10.912336 163.872375 -8.874405 10.912333 159.335159 -16.381470 9.158693 161.625443 -17.885208 9.158693 161.937027 -17.885208 10.912333 161.936996 -16.381470 10.912333 161.625443 -16.381470 3.723063 161.928818 -16.381470 9.158693 161.928818 -16.292603 9.158693 161.714294 -16.292603 3.723063 161.714294 -16.078049 10.912333 168.216553 -16.078079 9.158697 168.216553 -19.907257 10.912333 164.448502 -19.907257 10.912333 165.393478 -18.870255 9.158699 167.166168 -18.870239 9.158693 162.675827 -17.885208 9.158693 161.937027 -17.885208 9.158699 167.904968 -12.302063 10.912333 161.625443 -16.078079 9.158693 161.625443 -16.078125 10.912333 161.625443 -16.381470 9.158693 161.928818 -16.381470 9.158697 167.913162 -16.381470 9.158693 161.625443 -16.381470 9.158697 168.216553 -19.555710 9.158699 166.314758 -19.555710 9.158699 163.527237 -19.907257 9.158693 165.393478 -19.907257 9.158697 164.448502 -18.870239 10.912333 167.166168 -18.870255 9.158699 167.166168 -19.555710 10.912333 166.314758 -19.555710 9.158699 166.314758 -19.907257 10.912333 165.393478 -19.907257 9.158693 165.393478 -19.907257 10.912333 164.448502 -19.907257 9.158697 164.448502 -19.555710 10.912333 163.527206 -19.555710 9.158699 163.527237 
						-18.870255 10.912333 162.675827 -18.870239 9.158693 162.675827 -6.082047 10.912336 149.812866 -6.082047 1.969421 149.812866 -8.591980 1.969421 149.812866 -8.591980 10.912336 149.812866 -16.078079 9.158693 161.625443 -16.078125 10.912333 161.625443 -16.292603 9.158697 168.127670 -16.078079 9.158697 168.216553 -16.078049 10.912333 168.216553 -16.078079 9.158697 168.216553 -8.591980 1.969421 149.812866 -8.591980 1.969425 157.915359 -8.591980 10.912333 157.915359 -8.591980 10.912336 149.812866 1.804504 10.912336 163.872375 1.804504 1.969421 163.872375 2.086899 1.969421 162.277802 2.086899 10.912336 162.277802 2.086899 10.912333 149.812881 2.086899 1.969425 149.812881 -2.173080 1.969421 149.812881 -2.173080 10.912336 149.812881 1.000259 1.969421 165.230667 1.000259 10.912336 165.230667 2.086899 10.912333 149.812881 -2.173080 10.912336 149.812881 -8.874405 1.969425 159.335159 -8.874405 10.912333 159.335159 -9.678635 1.969425 160.538788 -9.678635 10.912333 160.538788 -10.882278 1.969425 161.343018 -10.882278 10.912333 161.343018 -16.078079 9.158693 161.625443 -16.292603 9.158693 161.714294 -16.292603 3.723063 168.127670 -16.292603 9.158697 168.127670 -16.381470 9.158697 167.913162 -16.381470 3.723063 167.913162 -16.078079 3.723063 168.216553 -16.078079 9.158697 168.216553 -16.078079 9.158693 161.625443 -16.078079 3.723063 161.625443 -12.302063 1.969425 161.625443 -16.078079 3.723063 161.625443 -16.078079 3.723063 168.216553 2.086899 1.969425 149.812881 2.086899 10.912333 149.812881 1.000259 1.969421 -165.230667 -9.678635 1.969425 -160.538788 -10.882278 1.969425 -161.343018 -0.203400 1.969425 -166.182480 -18.870255 1.969425 -162.675827 -19.555710 1.969425 -163.527206 -19.555710 1.969425 -166.314758 -18.870239 1.969425 -167.166168 -17.885208 1.969425 -161.936996 -17.885208 1.969425 -167.904984 -16.381470 1.969425 -168.216553 -17.885208 1.969425 -167.904984 -17.885208 3.723063 -167.904968 -16.381470 3.723063 -168.216553 -16.078125 1.969425 -161.625443 
						-16.381470 1.969425 -161.625443 -16.381470 1.969425 -168.216553 -16.078049 1.969425 -168.216553 -12.302063 1.969425 -161.625443 -1.759720 1.969425 -166.693985 2.086899 10.912333 -149.812881 2.086899 1.969425 -150.397095 1.804504 1.969421 -163.872375 2.086899 1.969421 -162.277802 -8.591980 1.969425 -157.915359 -8.874405 1.969425 -159.335159 -16.381470 3.723063 -161.625443 -17.885208 3.723063 -161.937027 -17.885208 1.969425 -161.936996 -16.381470 1.969425 -161.625443 -16.078049 1.969425 -168.216553 -19.907257 1.969425 -164.448502 -19.907257 1.969425 -165.393478 -18.870255 3.723063 -167.166168 -18.870239 3.723063 -162.675827 -17.885208 3.723063 -161.937027 -17.885208 3.723063 -167.904968 -16.078125 1.969425 -161.625443 -16.381470 3.723063 -161.928818 -16.381470 3.723063 -167.913162 -16.381470 3.723063 -161.625443 -16.381470 3.723063 -168.216553 -19.555710 3.723063 -166.314758 -19.555710 3.723063 -163.527237 -19.907257 3.723063 -165.393478 -19.907257 3.723063 -164.448502 -18.870239 1.969425 -167.166168 -18.870255 3.723063 -167.166168 -19.555710 1.969425 -166.314758 -19.555710 3.723063 -166.314758 -19.907257 1.969425 -165.393478 -19.907257 3.723063 -165.393478 -19.907257 1.969425 -164.448502 -19.907257 3.723063 -164.448502 -19.555710 1.969425 -163.527206 -19.555710 3.723063 -163.527237 -18.870255 1.969425 -162.675827 -18.870239 3.723063 -162.675827 -16.078079 3.723063 -161.625443 -16.078125 1.969425 -161.625443 -16.292603 3.723063 -168.127670 -16.078079 3.723063 -168.216553 -16.078049 1.969425 -168.216553 -16.078079 3.723063 -168.216553 -16.078079 3.723063 -161.625443 -16.292603 3.723063 -161.714294 1.000259 1.969421 165.230667 -0.203400 1.969425 166.182480 -10.882278 1.969425 161.343018 -9.678635 1.969425 160.538788 -18.870255 1.969425 162.675827 -18.870239 1.969425 167.166168 -19.555710 1.969425 166.314758 -19.555710 1.969425 163.527206 -17.885208 1.969425 161.936996 -17.885208 1.969425 167.904984 -16.381470 1.969425 168.216553 -16.381470 3.723063 168.216553 -17.885208 3.723063 167.904968 
						-17.885208 1.969425 167.904984 -16.078125 1.969425 161.625443 -16.078049 1.969425 168.216553 -16.381470 1.969425 168.216553 -16.381470 1.969425 161.625443 -1.759720 1.969425 166.693985 -12.302063 1.969425 161.625443 2.086899 1.969421 162.277802 -8.591980 1.969425 157.915359 -8.591980 1.969421 149.812866 -6.082047 1.969421 149.812866 1.804504 1.969421 163.872375 -8.874405 1.969425 159.335159 -16.381470 3.723063 161.625443 -16.381470 1.969425 161.625443 -17.885208 1.969425 161.936996 -17.885208 3.723063 161.937027 -16.078049 1.969425 168.216553 -19.907257 1.969425 165.393478 -19.907257 1.969425 164.448502 -18.870255 3.723063 167.166168 -17.885208 3.723063 167.904968 -17.885208 3.723063 161.937027 -18.870239 3.723063 162.675827 -16.078125 1.969425 161.625443 -16.381470 3.723063 167.913162 -16.381470 3.723063 161.928818 -16.381470 3.723063 161.625443 -16.381470 3.723063 168.216553 -19.555710 3.723063 163.527237 -19.555710 3.723063 166.314758 -19.907257 3.723063 164.448502 -19.907257 3.723063 165.393478 -18.870255 3.723063 167.166168 -18.870239 1.969425 167.166168 -19.555710 3.723063 166.314758 -19.555710 1.969425 166.314758 -19.907257 3.723063 165.393478 -19.907257 1.969425 165.393478 -19.907257 3.723063 164.448502 -19.907257 1.969425 164.448502 -19.555710 3.723063 163.527237 -19.555710 1.969425 163.527206 -18.870239 3.723063 162.675827 -18.870255 1.969425 162.675827 -16.078079 3.723063 161.625443 -16.078125 1.969425 161.625443 -16.292603 3.723063 168.127670 -16.078079 3.723063 168.216553 -16.078049 1.969425 168.216553 -16.078079 3.723063 168.216553 -2.173080 1.969421 149.812881 2.086899 1.969425 149.812881 -16.292603 3.723063 161.714294 -16.078079 3.723063 161.625443 -8.591980 10.912336 -149.812866 -8.591980 1.969421 -150.397064 2.086899 1.969425 -150.397095 2.086899 10.912333 -149.812881 2.086899 1.969425 -150.397095 -8.591980 1.969421 -150.397064 -262.175049 6.768560 -162.253784 -263.397308 7.575848 -162.000198 -263.388733 6.756655 -161.785248 
						-262.175049 8.058256 -162.774948 -263.405334 8.312878 -162.411163 -271.825409 8.346996 -162.055420 -271.764069 7.356680 -161.560852 -271.698456 6.262573 -161.279602 -263.412079 8.916008 -162.992279 -262.175049 8.914583 -163.871170 -263.417053 9.345951 -163.702148 -271.913849 9.750725 -163.539566 -271.876343 9.162752 -162.730988 -263.420044 9.571203 -164.493622 -262.175049 9.108084 -165.248672 -263.420959 9.579039 -165.312317 -271.943115 10.098545 -165.335098 -271.936188 10.068422 -164.427734 -263.419830 9.366417 -166.102356 -262.175049 8.586901 -166.538376 -263.416687 8.950258 -166.810593 -271.911133 9.302254 -166.964874 -271.934784 9.836329 -166.200256 -262.175049 4.814013 -167.079605 -263.367004 3.807755 -166.796509 -263.372528 4.409592 -167.376938 -262.175049 3.952663 -165.976990 -263.363281 3.379217 -166.087265 -271.499939 1.899212 -165.891083 -271.530426 2.476738 -166.695099 -271.573914 3.283249 -167.365662 -263.411560 8.356537 -167.387436 -262.175049 7.490700 -167.394699 -263.404663 7.627472 -167.795258 -271.820435 7.569618 -167.990219 -271.872375 8.528574 -167.574829 -263.361176 3.155075 -165.296234 -262.175049 3.758034 -164.591385 -263.360535 3.147779 -164.477707 -271.477386 1.564188 -164.099045 -271.482361 1.590090 -165.005783 -262.175049 6.113197 -167.588196 -263.379669 5.145817 -167.787506 -263.387909 5.964878 -168.002258 -271.629547 4.268211 -167.856140 -271.692902 5.361830 -168.134995 -263.396545 6.811409 -168.004074 -271.758453 6.488594 -168.180054 -262.175049 3.758034 -164.591385 -263.361298 3.360216 -163.687500 -263.360535 3.147779 -164.477707 -262.175049 4.282269 -163.294144 -263.363586 3.775558 -162.978821 -271.501587 2.353586 -162.463104 -271.483459 1.825270 -163.231781 -271.477386 1.564188 -164.099045 -263.367554 4.368036 -162.401352 -262.175049 5.384901 -162.432816 -263.373169 5.095751 -161.992889 -271.577820 4.067347 -161.427643 -271.533112 3.118210 -161.847931 -263.380463 5.910707 -161.783554 -271.634583 5.140301 -161.234863 -289.989471 2.530640 -167.538849 -290.189972 4.104761 -167.921005 -289.814545 1.107424 -166.943466 -310.340942 -1.365551 -166.569733 
						-310.708344 0.574572 -167.275833 -311.122070 2.709396 -167.763687 -290.416962 6.660093 -161.083176 -290.209137 5.083443 -160.697510 -290.610901 8.099352 -161.687683 -311.965912 7.853844 -161.364914 -311.576355 5.900684 -160.653198 -311.154114 3.765478 -160.162979 -289.690979 0.639948 -161.066605 -289.593445 -0.411077 -161.669037 -289.829987 1.964407 -160.687332 -310.365906 -0.441168 -159.986176 -310.069336 -2.209233 -160.318451 -309.857544 -3.597649 -160.902649 -290.759552 8.609724 -167.576874 -290.883362 9.687134 -166.987015 -290.594543 7.257408 -167.943710 -311.938019 6.943098 -167.947357 -312.265900 8.740654 -167.622253 -312.511353 10.161030 -167.045883 -289.679321 -0.062876 -166.174026 -289.585938 -0.909876 -165.281586 -309.845398 -4.136226 -164.704651 -310.050537 -2.967658 -165.693466 -290.772552 9.296429 -162.469772 -290.892365 10.172934 -163.374908 -312.526794 10.687145 -163.245148 -312.288269 9.484072 -162.248581 -290.007507 3.480886 -160.562820 -310.738098 1.599491 -159.935165 -290.398438 5.718798 -168.059158 -311.544983 4.883783 -167.993286 -289.533295 -1.379534 -164.321869 -289.517792 -1.451487 -163.357407 -309.690338 -4.929141 -162.639450 -309.726715 -4.799013 -163.664551 -290.964111 10.666149 -164.343765 -290.986450 10.749628 -165.311615 -312.717102 11.524261 -165.319122 -312.671082 11.379599 -164.291611 -289.536896 -1.120869 -162.452164 -289.517792 -1.451487 -163.357407 -309.732666 -4.519611 -161.696747 -309.690338 -4.929141 -162.639450 -290.959473 10.414654 -166.213181 -312.663208 11.107182 -166.258636 -334.314331 0.901337 -167.908081 -333.367126 -1.873176 -167.360748 -340.978088 -3.340295 -167.325439 -342.182220 -0.451544 -167.874725 -332.496674 -4.423505 -166.576233 -339.864685 -5.998065 -166.529602 -346.216248 -7.980959 -166.383713 -347.673767 -5.346527 -167.192917 -349.243103 -2.480495 -167.750885 -336.157562 7.271103 -161.412384 -336.875000 9.369328 -162.320740 -345.499084 8.347557 -162.293655 -344.539307 6.133814 -161.378708 -337.412903 10.925152 -163.338791 -346.235474 9.999020 -163.320038 -354.736572 7.965088 -163.253922 -353.685059 6.284479 -162.208191 -352.351013 4.047573 -161.273575 
						-331.250763 -7.585998 -160.642090 -331.792419 -5.791249 -160.108902 -338.934021 -7.485485 -160.037460 -338.214661 -9.360294 -160.540756 -332.520264 -3.490026 -159.839493 -339.880554 -5.087480 -159.792725 -346.217529 -7.108457 -159.643616 -344.958435 -9.487463 -159.867203 -343.981781 -11.354324 -160.346390 -336.125397 6.307623 -168.144608 -335.258606 3.690624 -168.174866 -343.390472 2.459295 -168.140915 -344.516907 5.197701 -168.112244 -350.833832 0.421841 -168.027115 -352.347290 3.165827 -168.012512 -331.774933 -6.551070 -165.609207 -338.922272 -8.226487 -165.537567 -331.239136 -8.122916 -164.532532 -338.206787 -9.883671 -164.430923 -343.981445 -11.857180 -164.237991 -344.957794 -10.198828 -165.369553 -337.747131 11.836773 -164.408585 -346.699097 10.974289 -164.395950 -337.859283 12.051836 -165.459686 -346.857727 11.214590 -165.449432 -355.645996 9.220102 -165.401047 -355.410217 8.964930 -164.342682 -333.397095 -0.826273 -159.850281 -340.998291 -2.319276 -159.814270 -334.348785 1.993986 -160.132843 -342.205688 0.613249 -160.098221 -349.246582 -1.468027 -159.968994 -347.676147 -4.371459 -159.677307 -330.913452 -9.037675 -163.423492 -337.762329 -10.857485 -163.298111 -330.806030 -9.254632 -162.358231 -337.611633 -11.098391 -162.223343 -343.147125 -13.087416 -162.002701 -343.362305 -12.838796 -163.085556 -337.737976 11.546995 -166.420380 -346.692566 10.693138 -166.408051 -337.394867 10.365496 -167.225952 -346.222717 9.455952 -167.207809 -354.734619 7.455246 -167.144684 -355.409302 8.701069 -166.356293 -335.293823 4.755863 -160.667160 -343.414734 3.495869 -160.631836 -350.837769 1.402563 -160.512268 -330.806030 -9.254632 -162.358231 -330.919312 -8.759875 -161.409988 -337.766296 -10.586785 -161.284790 -337.611633 -11.098391 -162.223343 -343.362427 -12.578612 -161.071518 -343.147125 -13.087416 -162.002701 -336.848938 8.579187 -167.816513 -345.480835 7.580549 -167.790405 -353.682129 5.563782 -167.709396 -365.751953 -4.572955 -167.411209 -362.969238 -6.751277 -167.418137 -367.602631 -12.208853 -166.445236 -370.964478 -10.686712 -166.372604 -360.117615 -9.033912 -167.133621 -364.181458 -13.785860 -166.229935 -367.521790 -19.488516 -164.968399 
						-371.336304 -18.718878 -165.089844 -375.094604 -17.949921 -164.933578 -354.737152 -13.318510 -165.761810 -352.440308 -15.042205 -164.757416 -354.980286 -17.847857 -164.072342 -357.743713 -16.698404 -165.002792 -350.614746 -16.330170 -163.639099 -352.773193 -18.690495 -163.018723 -354.765717 -21.658686 -162.143341 -357.241333 -21.326456 -163.112656 -360.336304 -20.833792 -163.943878 -370.356995 -0.659752 -162.647629 -371.729523 0.142046 -163.737900 -378.316040 -7.223188 -162.560501 -376.619568 -7.748775 -161.504349 -372.223694 0.340658 -164.797653 -378.927795 -7.122563 -163.607162 -384.086426 -15.946590 -162.003159 -383.395844 -15.930007 -160.969925 -381.478699 -16.130737 -159.949234 -354.706970 -12.525749 -159.006073 -357.301788 -10.387252 -159.036499 -360.835205 -14.398149 -158.211426 -357.726654 -15.876226 -158.253708 -360.081390 -8.120122 -159.332504 -364.160339 -12.838013 -158.436462 -367.524780 -18.485285 -157.187515 -363.815308 -19.238529 -157.062180 -360.339722 -19.963991 -157.205597 -349.430237 -17.088367 -162.496750 -351.335663 -19.166298 -161.920837 -349.007996 -17.269201 -161.416534 -350.823486 -19.246695 -160.857574 -352.582275 -21.773008 -160.060791 -353.154236 -21.809650 -161.102432 -371.740417 -0.092730 -165.756851 -378.322998 -7.466804 -164.577454 -370.377747 -1.113810 -166.548691 -376.632660 -8.219892 -165.401581 -381.479309 -16.630001 -163.840073 -383.396332 -16.188219 -162.983566 -362.933044 -5.870090 -159.884155 -367.581055 -11.294784 -158.918671 -365.718262 -3.784055 -160.654831 -370.943939 -9.868325 -159.622894 -375.095245 -17.083176 -158.194794 -371.338196 -17.751104 -157.575470 -349.007996 -17.269201 -161.416534 -349.421326 -16.851368 -160.478180 -351.330597 -18.920626 -159.904221 -350.823486 -19.246695 -160.857574 -350.597534 -15.872246 -159.738724 -352.763397 -18.215748 -159.122162 -354.767578 -21.156649 -158.252945 -353.155212 -21.549883 -159.089035 -352.582275 -21.773008 -160.060791 -368.301483 -2.648025 -167.112808 -374.076233 -9.323596 -166.014435 -378.592133 -17.234892 -164.505585 -357.335938 -11.270657 -166.570038 -360.854736 -15.314425 -165.737610 -363.811768 -20.208097 -164.576202 -368.273010 -2.005084 -161.597214 -374.058472 -8.656565 -160.504288 
						-378.591858 -16.528219 -159.004395 -352.415894 -14.394823 -159.242584 -354.966492 -17.176559 -158.562912 -357.244171 -20.616430 -157.612045 -381.805786 -25.002443 -157.353134 -378.150269 -24.961761 -156.588425 -384.824280 -25.067993 -158.270218 -386.764038 -34.084717 -156.425919 -383.752258 -33.613365 -155.533524 -380.091705 -33.050552 -154.811340 -359.364685 -25.087708 -156.433701 -356.749756 -25.180063 -157.152512 -362.638885 -25.017633 -155.934067 -364.387268 -30.640526 -154.483170 -361.066833 -30.206303 -155.070267 -358.427124 -29.911888 -155.861084 -374.210480 -25.935711 -163.542465 -378.141479 -25.850952 -163.322464 -370.210205 -25.974823 -163.501648 -372.093109 -32.829464 -161.868576 -376.137329 -33.429539 -161.829712 -380.090942 -33.945602 -161.546539 -359.355103 -25.816313 -161.930389 -362.627045 -25.910172 -162.667511 -356.743103 -25.695232 -161.040115 -358.424469 -30.431143 -159.749252 -361.062988 -30.940517 -160.567734 -364.382751 -31.539684 -161.217636 -386.828491 -25.161373 -159.276520 -387.549622 -25.282074 -160.305344 -389.474640 -34.645638 -158.447403 -388.758118 -34.435234 -157.421066 -366.313293 -24.970297 -155.693466 -370.222687 -24.945496 -155.726257 -372.096497 -31.793148 -154.091934 -368.124878 -31.182693 -154.149445 -355.051453 -25.559742 -160.052063 -354.454651 -25.422052 -159.029892 -356.129822 -29.829615 -157.803009 -356.726105 -30.051868 -158.808411 -386.826599 -25.426239 -161.288773 -384.820374 -25.580130 -162.158325 -386.764832 -34.600212 -160.314728 -388.758667 -34.701828 -159.433670 -374.221497 -24.942831 -156.033386 -376.139465 -32.430058 -154.319397 -355.054840 -25.293180 -158.040100 -354.454651 -25.422052 -159.029892 -356.727417 -29.783157 -156.796173 -356.129822 -29.829615 -157.803009 -381.799561 -25.727379 -162.850433 -383.752563 -34.343060 -161.031799 -366.300537 -25.965149 -163.202194 -368.120544 -32.184582 -161.659363 -373.025635 -46.552155 -158.146545 -369.160583 -44.829834 -158.150528 -368.456787 -51.431694 -156.200653 -372.175903 -53.598953 -156.079742 -365.557800 -43.188061 -157.909256 -365.016724 -49.376762 -156.068253 -363.458618 -56.259045 -154.035950 -366.719421 -58.563023 -154.091354 -370.264557 -60.998394 -153.893448 -380.753174 -48.874397 -150.668304 
						-384.226501 -50.324074 -151.223557 -382.937988 -58.600674 -148.846985 -379.632080 -56.794609 -148.394730 -387.036194 -51.483334 -151.991287 -385.583740 -60.033600 -149.533585 -382.953552 -68.347504 -147.231888 -380.487122 -66.754883 -146.618439 -377.375061 -64.738678 -146.248520 -359.923492 -40.053791 -152.866470 -362.386292 -40.996952 -151.933792 -362.023743 -46.843010 -150.210114 -359.716980 -45.627789 -151.213013 -365.529724 -42.280094 -151.168289 -364.993622 -48.480568 -149.353546 -363.439209 -55.390430 -147.498352 -360.647949 -53.536201 -148.395554 -358.495789 -52.153412 -149.421036 -380.784668 -49.778664 -157.409912 -376.967041 -48.239601 -157.892883 -375.982971 -55.732609 -155.706360 -379.657227 -57.688587 -155.109848 -373.900391 -63.400337 -153.446930 -377.395142 -65.606552 -152.786240 -362.408600 -41.738861 -157.436508 -362.042175 -47.575096 -155.691406 -359.938965 -40.578808 -156.758240 -359.729828 -46.145775 -155.089676 -358.506836 -52.655117 -153.195496 -360.663635 -54.245441 -153.732315 -388.870422 -52.268589 -152.911392 -387.294434 -60.989811 -150.401260 -389.524597 -52.630432 -153.913376 -387.899414 -61.409462 -151.382660 -385.089172 -69.852539 -148.985718 -384.534424 -69.401871 -148.042099 -369.127991 -43.818745 -150.633270 -368.430115 -50.433273 -148.712769 -372.990631 -45.506546 -150.362259 -372.147614 -52.565975 -148.325943 -370.241608 -59.996033 -146.344391 -366.697632 -57.594719 -146.801132 -358.363037 -39.792114 -155.907593 -358.261444 -45.191628 -154.289673 -357.810730 -39.428989 -154.933380 -357.748779 -44.772324 -153.335861 -356.668884 -51.151962 -151.529816 -357.143311 -51.602222 -152.447693 -388.880005 -52.538574 -154.925797 -387.302063 -61.256889 -152.407715 -387.054718 -52.005089 -155.883591 -385.598389 -60.549660 -153.410568 -382.965149 -68.848572 -151.006454 -384.540466 -69.661179 -149.995575 -376.932434 -47.230705 -150.375244 -375.955139 -54.735500 -148.218262 -373.878113 -62.432487 -146.156616 -357.810730 -39.428989 -154.933380 -358.355042 -39.520325 -153.893524 -358.254852 -44.923492 -152.283417 -357.748779 -44.772324 -153.335861 -357.137573 -51.342560 -150.494324 -356.668884 -51.151962 -151.529816 -384.252502 -51.061977 -156.726944 -382.958557 -59.330387 -154.328705 
						-380.503540 -67.463341 -151.955322 -363.212982 -76.819046 -149.207062 -360.063599 -74.570610 -149.374893 -356.167053 -82.397873 -146.880600 -359.007141 -84.374847 -146.729340 -357.156372 -72.445412 -149.323532 -353.532471 -80.543869 -146.820694 -350.938782 -87.288078 -144.309036 -353.108521 -88.711357 -144.411392 -355.427307 -90.340706 -144.230774 -369.405334 -80.321350 -142.725433 -372.071808 -82.179779 -143.028320 -366.905823 -89.070763 -141.284561 -364.542664 -87.443787 -141.018570 -374.157715 -83.645798 -143.536942 -368.719208 -90.354683 -141.727890 -363.274536 -95.105812 -140.156418 -361.921265 -94.081474 -139.814087 -359.934387 -92.788582 -139.595734 -352.728699 -68.689972 -145.395355 -354.631073 -69.971832 -144.539398 -351.244080 -78.366600 -142.596039 -349.521271 -77.255325 -143.336349 -357.109558 -71.687897 -143.789856 -353.498810 -79.881836 -141.942856 -350.927124 -86.763596 -140.359131 -349.036804 -85.470459 -140.906479 -347.651184 -84.669632 -141.481094 -369.452118 -81.078865 -148.259109 -366.413940 -79.038467 -148.825424 -361.882019 -86.315460 -146.402420 -364.576233 -88.105820 -145.896408 -357.818909 -91.863052 -144.012146 -359.946045 -93.313057 -143.545609 -354.669281 -70.590210 -149.056671 -351.271545 -78.907608 -146.582352 -352.755707 -69.127335 -148.590195 -349.540771 -77.637558 -146.152542 -347.657928 -84.972450 -143.761566 -349.046265 -85.903214 -144.166122 -375.482971 -84.613708 -144.214767 -369.889679 -91.203918 -142.324585 -375.947266 -85.023445 -145.010345 -370.276184 -91.560539 -143.021988 -364.506348 -96.064987 -141.197556 -364.317261 -95.795502 -140.652725 -360.011414 -73.725876 -143.204147 -356.129517 -81.658844 -141.435211 -363.158936 -75.944336 -142.817337 -358.968292 -83.610390 -141.096909 -355.413818 -89.735100 -139.669815 -353.095490 -88.120209 -139.958694 -351.549316 -68.161629 -147.946991 -348.440735 -76.778290 -145.582657 -351.128204 -67.752686 -147.165726 -348.068939 -76.433838 -144.884125 -346.453430 -84.014030 -142.728699 -346.699463 -84.190529 -143.340439 -375.496948 -84.840042 -145.868225 -369.899719 -91.401955 -143.783691 -374.184753 -84.083160 -146.731857 -368.738647 -90.736893 -144.544113 -363.281311 -95.408623 -142.436920 -364.320831 -95.953888 -141.845840 
						-366.361847 -78.193726 -142.654678 -361.844543 -85.576439 -140.957031 -357.805908 -91.271904 -139.559402 -351.128204 -67.752686 -147.165726 -351.535339 -67.935280 -146.293549 -348.430695 -76.580261 -144.123566 -348.068939 -76.433838 -144.884125 -346.695984 -84.032127 -142.147308 -346.453430 -84.014030 -142.728699 -372.110016 -82.798149 -147.545609 -366.933289 -89.611794 -145.270874 -361.930908 -94.514221 -143.073746 -355.379089 -94.678108 -142.633301 -353.975281 -93.721130 -142.941193 -351.529663 -94.911064 -141.001678 -352.110107 -95.306732 -140.874374 -356.682678 -95.185242 -140.170593 -355.371399 -94.331955 -140.026474 -348.185547 -89.787788 -143.042801 -347.269257 -89.173515 -142.775803 -348.756958 -93.030800 -140.933289 -349.135864 -93.284775 -141.043701 -357.575836 -95.861282 -140.396515 -353.018311 -95.795937 -139.949539 -352.649048 -95.516411 -139.856125 -346.634399 -88.552917 -141.710449 -346.474304 -88.540977 -142.094147 -347.264801 -88.973656 -141.270752 -348.755157 -92.948158 -140.311005 -348.494507 -92.774208 -140.492828 -346.636688 -88.657455 -142.497879 -348.495422 -92.817421 -140.818390 -356.689056 -95.470840 -142.321869 -357.580292 -96.061119 -141.901581 -350.866516 -91.641090 -143.204681 -349.434540 -90.701767 -143.137115 -349.652252 -93.662674 -141.082672 -350.244263 -94.051041 -141.110626 -348.179260 -89.502182 -140.891525 -349.133240 -93.166687 -140.154236 -353.966675 -93.330986 -140.002502 -352.387939 -92.316742 -140.075378 -350.857910 -91.250946 -140.265991 -350.873352 -94.330406 -139.816757 -350.240723 -93.889740 -139.895584 -351.526123 -94.749756 -139.786636 -358.266357 -96.420990 -141.511475 -353.020203 -95.878563 -140.571823 -353.303864 -96.027359 -140.410538 -352.396851 -92.716423 -143.085480 -350.877045 -94.495659 -141.061325 -358.388794 -96.494301 -141.083618 -358.264008 -96.316452 -140.724045 -349.426819 -90.355614 -140.530319 -349.649078 -93.519547 -140.004852 -346.474304 -88.540977 -142.094147 -327.030457 8.839445 -167.729858 -327.416931 10.488607 -167.148178 -326.513611 6.744572 -168.049194 -322.847656 -6.949255 -161.434845 -322.772339 -7.412460 -162.388382 -323.069336 -5.872683 -160.648010 -325.927002 5.393240 -160.588318 -325.246765 2.865446 -160.056259 
						-326.547394 7.698252 -161.336365 -327.658020 11.581802 -166.348938 -327.743591 12.054495 -165.392105 -322.841064 -7.232651 -163.442322 -323.055969 -6.419607 -164.526688 -322.772339 -7.412460 -162.388382 -324.564880 0.290646 -159.783630 -323.943726 -2.137485 -159.791595 -327.667572 11.868000 -164.342896 -327.435730 11.041309 -163.272079 -323.417725 -5.006660 -165.571167 -323.916382 -3.081918 -166.507690 -325.889526 4.334238 -168.074142 -325.209320 1.773008 -167.808441 -323.438049 -4.234750 -160.087753 -327.057678 9.619999 -162.249786 -324.531311 -0.762518 -167.271362 -349.295074 -11.825122 -159.638840 -347.922455 -13.573296 -160.110916 -351.039581 -9.604098 -159.425537 -361.376221 2.929354 -162.077072 -359.468140 0.816406 -161.123352 -362.912537 4.525475 -163.138367 -353.054321 -7.969962 -166.999374 -355.194489 -5.297480 -167.574493 -351.059113 -10.424168 -166.175247 -361.394012 2.260971 -167.587311 -362.925415 4.053125 -167.035583 -359.489136 -0.002941 -167.873306 -347.041382 -14.723125 -160.832184 -346.733643 -15.202162 -161.762955 -357.356079 -1.667408 -160.342377 -355.171478 -4.350644 -159.780533 -363.920441 5.235620 -166.253815 -364.270782 5.727077 -165.299393 -347.047241 -14.968183 -162.848953 -347.933655 -14.046790 -164.007874 -346.733643 -15.202162 -161.762955 -353.032379 -7.055492 -159.472626 -363.913635 5.479950 -164.236908 -349.310974 -12.494579 -165.148804 -357.378784 -2.581526 -167.869263 -384.535828 -42.767250 -158.983719 -387.467041 -43.386314 -158.214294 -380.945007 -41.903069 -159.570633 -357.834778 -34.535595 -155.401825 -357.258057 -34.509933 -156.425049 -359.487305 -34.876816 -154.421371 -377.014221 -39.842323 -152.428024 -372.994019 -38.633827 -152.298798 -380.926392 -41.001392 -152.831589 -389.393707 -43.716049 -157.302338 -390.080139 -43.738022 -156.305725 -357.838867 -34.806641 -157.415146 -359.495239 -35.400459 -158.311661 -357.258057 -34.509933 -156.425049 -369.043091 -37.457432 -152.456772 -365.337860 -36.391975 -152.887070 -389.387573 -43.447201 -155.288635 -387.455475 -42.866592 -154.323349 -362.080444 -36.252068 -159.061508 -365.352478 -37.297989 -159.625412 -377.034058 -40.848843 -159.942673 -373.013367 -39.677303 -160.079971 
						-362.068970 -35.511929 -153.560944 -384.520050 -42.031853 -153.482315 -369.060547 -38.466499 -159.971024 -376.786255 -75.314178 -149.735199 -379.065308 -76.704727 -148.833267 -373.885925 -73.453171 -150.529663 -354.720093 -59.216022 -148.465851 -354.282959 -59.018772 -149.434387 -355.994781 -60.033012 -147.460312 -370.558105 -70.325317 -144.349747 -367.115356 -67.889359 -144.542801 -373.851257 -72.629272 -144.417450 -380.514038 -77.523438 -147.878342 -381.014587 -77.721344 -146.930710 -354.730438 -59.462234 -150.292130 -356.014709 -60.508766 -150.989182 -354.282959 -59.018772 -149.434387 -363.751709 -65.486755 -144.985291 -360.660645 -63.279564 -145.649567 -380.503601 -77.277267 -146.052032 -379.045227 -76.229050 -145.304352 -358.050049 -62.093773 -151.486252 -360.695251 -64.103546 -151.761719 -370.596741 -71.244064 -151.165573 -367.155334 -68.840729 -151.600540 -358.021790 -61.421108 -146.496735 -376.757965 -74.641602 -144.745636 -363.790283 -66.405563 -151.801117 -262.175049 7.490700 -167.394699 -16.381470 7.490700 -167.394699 -16.381470 6.113197 -167.588196 -262.175049 6.113197 -167.588196 -16.381470 4.823500 -167.067017 -262.175049 4.814013 -167.079605 -16.381470 3.967173 -165.970825 -262.175049 3.952663 -165.976990 -16.381470 3.773676 -164.593307 -262.175049 3.758034 -164.591385 -262.175049 3.758034 -164.591385 -16.381470 3.773676 -164.593307 -16.381470 4.294857 -163.303619 -262.175049 4.282269 -163.294144 -16.381470 5.391058 -162.447296 -262.175049 5.384901 -162.432816 -16.381470 6.768560 -162.253784 -262.175049 6.768560 -162.253784 -16.381470 8.058258 -162.774948 -262.175049 8.058256 -162.774948 -16.381470 8.914583 -163.871170 -262.175049 8.914583 -163.871170 -16.381470 9.108084 -165.248672 -262.175049 9.108084 -165.248672 -16.381470 8.586905 -166.538376 -262.175049 8.586901 -166.538376 -353.354492 -96.057663 -140.233643 -352.106934 -95.163612 -139.796539 -352.651703 -95.634499 -140.745621 -348.428284 -92.769272 -140.651443 -353.302917 -95.984138 -140.084976 -348.428284 -92.769272 -140.651443 -350.568604 -94.871391 -140.492935 -262.175049 6.768560 162.253784 -263.388733 6.756655 161.785248 -263.397308 7.575848 162.000198 
						-263.405334 8.312878 162.411163 -262.175049 8.058256 162.774948 -271.764069 7.356680 161.560852 -271.825409 8.346996 162.055420 -271.698456 6.262573 161.279602 -263.412079 8.916008 162.992279 -263.417053 9.345951 163.702148 -262.175049 8.914583 163.871170 -271.876343 9.162752 162.730988 -271.913849 9.750725 163.539566 -263.420044 9.571203 164.493622 -263.420959 9.579039 165.312317 -262.175049 9.108084 165.248672 -271.936188 10.068422 164.427734 -271.943115 10.098545 165.335098 -263.419830 9.366417 166.102356 -263.416687 8.950258 166.810593 -262.175049 8.586901 166.538376 -271.934784 9.836329 166.200256 -271.911133 9.302254 166.964874 -262.175049 4.814013 167.079605 -263.372528 4.409592 167.376938 -263.367004 3.807755 166.796509 -263.363281 3.379217 166.087265 -262.175049 3.952663 165.976990 -271.530426 2.476738 166.695099 -271.499939 1.899212 165.891083 -271.573914 3.283249 167.365662 -263.411560 8.356537 167.387436 -263.404663 7.627472 167.795258 -262.175049 7.490700 167.394699 -271.872375 8.528574 167.574829 -271.820435 7.569618 167.990219 -263.361176 3.155075 165.296234 -263.360535 3.147779 164.477707 -262.175049 3.758034 164.591385 -271.482361 1.590090 165.005783 -271.477386 1.564188 164.099045 -262.175049 6.113197 167.588196 -263.387909 5.964878 168.002258 -263.379669 5.145817 167.787506 -271.629547 4.268211 167.856140 -271.692902 5.361830 168.134995 -263.396545 6.811409 168.004074 -271.758453 6.488594 168.180054 -262.175049 3.758034 164.591385 -263.360535 3.147779 164.477707 -263.361298 3.360216 163.687500 -263.363586 3.775558 162.978821 -262.175049 4.282269 163.294144 -271.483459 1.825270 163.231781 -271.501587 2.353586 162.463104 -271.477386 1.564188 164.099045 -263.367554 4.368036 162.401352 -263.373169 5.095751 161.992889 -262.175049 5.384901 162.432816 -271.533112 3.118210 161.847931 -271.577820 4.067347 161.427643 -263.380463 5.910707 161.783554 -271.634583 5.140301 161.234863 -290.189972 4.104761 167.921005 -289.989471 2.530640 167.538849 -289.814545 1.107424 166.943466 -310.708344 0.574572 167.275833 
						-310.340942 -1.365551 166.569733 -311.122070 2.709396 167.763687 -290.209137 5.083443 160.697510 -290.416962 6.660093 161.083176 -290.610901 8.099352 161.687683 -311.576355 5.900684 160.653198 -311.965912 7.853844 161.364914 -311.154114 3.765478 160.162979 -289.593445 -0.411077 161.669037 -289.690979 0.639948 161.066605 -289.829987 1.964407 160.687332 -310.069336 -2.209233 160.318451 -310.365906 -0.441168 159.986176 -309.857544 -3.597649 160.902649 -290.883362 9.687134 166.987015 -290.759552 8.609724 167.576874 -290.594543 7.257408 167.943710 -312.265900 8.740654 167.622253 -311.938019 6.943098 167.947357 -312.511353 10.161030 167.045883 -289.679321 -0.062876 166.174026 -289.585938 -0.909876 165.281586 -310.050537 -2.967658 165.693466 -309.845398 -4.136226 164.704651 -290.772552 9.296429 162.469772 -290.892365 10.172934 163.374908 -312.288269 9.484072 162.248581 -312.526794 10.687145 163.245148 -290.007507 3.480886 160.562820 -310.738098 1.599491 159.935165 -290.398438 5.718798 168.059158 -311.544983 4.883783 167.993286 -289.533295 -1.379534 164.321869 -289.517792 -1.451487 163.357407 -309.726715 -4.799013 163.664551 -309.690338 -4.929141 162.639450 -290.964111 10.666149 164.343765 -290.986450 10.749628 165.311615 -312.671082 11.379599 164.291611 -312.717102 11.524261 165.319122 -289.517792 -1.451487 163.357407 -289.536896 -1.120869 162.452164 -309.732666 -4.519611 161.696747 -309.690338 -4.929141 162.639450 -290.959473 10.414654 166.213181 -312.663208 11.107182 166.258636 -334.314331 0.901337 167.908081 -342.182220 -0.451544 167.874725 -340.978088 -3.340295 167.325439 -333.367126 -1.873176 167.360748 -339.864685 -5.998065 166.529602 -332.496674 -4.423505 166.576233 -347.673767 -5.346527 167.192917 -346.216248 -7.980959 166.383713 -349.243103 -2.480495 167.750885 -336.157562 7.271103 161.412384 -344.539307 6.133814 161.378708 -345.499084 8.347557 162.293655 -336.875000 9.369328 162.320740 -346.235474 9.999020 163.320038 -337.412903 10.925152 163.338791 -353.685059 6.284479 162.208191 -354.736572 7.965088 163.253922 -352.351013 4.047573 161.273575 
						-331.250763 -7.585998 160.642090 -338.214661 -9.360294 160.540756 -338.934021 -7.485485 160.037460 -331.792419 -5.791249 160.108902 -339.880554 -5.087480 159.792725 -332.520264 -3.490026 159.839493 -344.958435 -9.487463 159.867203 -346.217529 -7.108457 159.643616 -343.981781 -11.354324 160.346390 -336.125397 6.307623 168.144608 -344.516907 5.197701 168.112244 -343.390472 2.459295 168.140915 -335.258606 3.690624 168.174866 -350.833832 0.421841 168.027115 -352.347290 3.165827 168.012512 -338.922272 -8.226487 165.537567 -331.774933 -6.551070 165.609207 -338.206787 -9.883671 164.430923 -331.239136 -8.122916 164.532532 -344.957794 -10.198828 165.369553 -343.981445 -11.857180 164.237991 -346.699097 10.974289 164.395950 -337.747131 11.836773 164.408585 -346.857727 11.214590 165.449432 -337.859283 12.051836 165.459686 -355.410217 8.964930 164.342682 -355.645996 9.220102 165.401047 -340.998291 -2.319276 159.814270 -333.397095 -0.826273 159.850281 -342.205688 0.613249 160.098221 -334.348785 1.993986 160.132843 -347.676147 -4.371459 159.677307 -349.246582 -1.468027 159.968994 -337.762329 -10.857485 163.298111 -330.913452 -9.037675 163.423492 -337.611633 -11.098391 162.223343 -330.806030 -9.254632 162.358231 -343.362305 -12.838796 163.085556 -343.147125 -13.087416 162.002701 -346.692566 10.693138 166.408051 -337.737976 11.546995 166.420380 -346.222717 9.455952 167.207809 -337.394867 10.365496 167.225952 -355.409302 8.701069 166.356293 -354.734619 7.455246 167.144684 -343.414734 3.495869 160.631836 -335.293823 4.755863 160.667160 -350.837769 1.402563 160.512268 -330.806030 -9.254632 162.358231 -337.611633 -11.098391 162.223343 -337.766296 -10.586785 161.284790 -330.919312 -8.759875 161.409988 -343.362427 -12.578612 161.071518 -343.147125 -13.087416 162.002701 -345.480835 7.580549 167.790405 -336.848938 8.579187 167.816513 -353.682129 5.563782 167.709396 -365.751953 -4.572955 167.411209 -370.964478 -10.686712 166.372604 -367.602631 -12.208853 166.445236 -362.969238 -6.751277 167.418137 -364.181458 -13.785860 166.229935 -360.117615 -9.033912 167.133621 -371.336304 -18.718878 165.089844 
						-367.521790 -19.488516 164.968399 -375.094604 -17.949921 164.933578 -354.737152 -13.318510 165.761810 -357.743713 -16.698404 165.002792 -354.980286 -17.847857 164.072342 -352.440308 -15.042205 164.757416 -352.773193 -18.690495 163.018723 -350.614746 -16.330170 163.639099 -357.241333 -21.326456 163.112656 -354.765717 -21.658686 162.143341 -360.336304 -20.833792 163.943878 -370.356995 -0.659752 162.647629 -376.619568 -7.748775 161.504349 -378.316040 -7.223188 162.560501 -371.729523 0.142046 163.737900 -378.927795 -7.122563 163.607162 -372.223694 0.340658 164.797653 -383.395844 -15.930007 160.969925 -384.086426 -15.946590 162.003159 -381.478699 -16.130737 159.949234 -354.706970 -12.525749 159.006073 -357.726654 -15.876226 158.253708 -360.835205 -14.398149 158.211426 -357.301788 -10.387252 159.036499 -364.160339 -12.838013 158.436462 -360.081390 -8.120122 159.332504 -363.815308 -19.238529 157.062180 -367.524780 -18.485285 157.187515 -360.339722 -19.963991 157.205597 -351.335663 -19.166298 161.920837 -349.430237 -17.088367 162.496750 -350.823486 -19.246695 160.857574 -349.007996 -17.269201 161.416534 -353.154236 -21.809650 161.102432 -352.582275 -21.773008 160.060791 -378.322998 -7.466804 164.577454 -371.740417 -0.092730 165.756851 -376.632660 -8.219892 165.401581 -370.377747 -1.113810 166.548691 -383.396332 -16.188219 162.983566 -381.479309 -16.630001 163.840073 -367.581055 -11.294784 158.918671 -362.933044 -5.870090 159.884155 -370.943939 -9.868325 159.622894 -365.718262 -3.784055 160.654831 -371.338196 -17.751104 157.575470 -375.095245 -17.083176 158.194794 -349.007996 -17.269201 161.416534 -350.823486 -19.246695 160.857574 -351.330597 -18.920626 159.904221 -349.421326 -16.851368 160.478180 -352.763397 -18.215748 159.122162 -350.597534 -15.872246 159.738724 -353.155212 -21.549883 159.089035 -354.767578 -21.156649 158.252945 -352.582275 -21.773008 160.060791 -374.076233 -9.323596 166.014435 -368.301483 -2.648025 167.112808 -378.592133 -17.234892 164.505585 -360.854736 -15.314425 165.737610 -357.335938 -11.270657 166.570038 -363.811768 -20.208097 164.576202 -374.058472 -8.656565 160.504288 -368.273010 -2.005084 161.597214 
						-378.591858 -16.528219 159.004395 -354.966492 -17.176559 158.562912 -352.415894 -14.394823 159.242584 -357.244171 -20.616430 157.612045 -378.150269 -24.961761 156.588425 -381.805786 -25.002443 157.353134 -384.824280 -25.067993 158.270218 -383.752258 -33.613365 155.533524 -386.764038 -34.084717 156.425919 -380.091705 -33.050552 154.811340 -356.749756 -25.180063 157.152512 -359.364685 -25.087708 156.433701 -362.638885 -25.017633 155.934067 -361.066833 -30.206303 155.070267 -364.387268 -30.640526 154.483170 -358.427124 -29.911888 155.861084 -378.141479 -25.850952 163.322464 -374.210480 -25.935711 163.542465 -370.210205 -25.974823 163.501648 -376.137329 -33.429539 161.829712 -372.093109 -32.829464 161.868576 -380.090942 -33.945602 161.546539 -362.627045 -25.910172 162.667511 -359.355103 -25.816313 161.930389 -356.743103 -25.695232 161.040115 -361.062988 -30.940517 160.567734 -358.424469 -30.431143 159.749252 -364.382751 -31.539684 161.217636 -386.828491 -25.161373 159.276520 -387.549622 -25.282074 160.305344 -388.758118 -34.435234 157.421066 -389.474640 -34.645638 158.447403 -366.313293 -24.970297 155.693466 -370.222687 -24.945496 155.726257 -368.124878 -31.182693 154.149445 -372.096497 -31.793148 154.091934 -355.051453 -25.559742 160.052063 -354.454651 -25.422052 159.029892 -356.726105 -30.051868 158.808411 -356.129822 -29.829615 157.803009 -386.826599 -25.426239 161.288773 -384.820374 -25.580130 162.158325 -388.758667 -34.701828 159.433670 -386.764832 -34.600212 160.314728 -374.221497 -24.942831 156.033386 -376.139465 -32.430058 154.319397 -354.454651 -25.422052 159.029892 -355.054840 -25.293180 158.040100 -356.727417 -29.783157 156.796173 -356.129822 -29.829615 157.803009 -381.799561 -25.727379 162.850433 -383.752563 -34.343060 161.031799 -366.300537 -25.965149 163.202194 -368.120544 -32.184582 161.659363 -373.025635 -46.552155 158.146545 -372.175903 -53.598953 156.079742 -368.456787 -51.431694 156.200653 -369.160583 -44.829834 158.150528 -365.016724 -49.376762 156.068253 -365.557800 -43.188061 157.909256 -366.719421 -58.563023 154.091354 -363.458618 -56.259045 154.035950 -370.264557 -60.998394 153.893448 -380.753174 -48.874397 150.668304 
						-379.632080 -56.794609 148.394730 -382.937988 -58.600674 148.846985 -384.226501 -50.324074 151.223557 -385.583740 -60.033600 149.533585 -387.036194 -51.483334 151.991287 -380.487122 -66.754883 146.618439 -382.953552 -68.347504 147.231888 -377.375061 -64.738678 146.248520 -359.923492 -40.053791 152.866470 -359.716980 -45.627789 151.213013 -362.023743 -46.843010 150.210114 -362.386292 -40.996952 151.933792 -364.993622 -48.480568 149.353546 -365.529724 -42.280094 151.168289 -360.647949 -53.536201 148.395554 -363.439209 -55.390430 147.498352 -358.495789 -52.153412 149.421036 -380.784668 -49.778664 157.409912 -379.657227 -57.688587 155.109848 -375.982971 -55.732609 155.706360 -376.967041 -48.239601 157.892883 -373.900391 -63.400337 153.446930 -377.395142 -65.606552 152.786240 -362.042175 -47.575096 155.691406 -362.408600 -41.738861 157.436508 -359.729828 -46.145775 155.089676 -359.938965 -40.578808 156.758240 -360.663635 -54.245441 153.732315 -358.506836 -52.655117 153.195496 -387.294434 -60.989811 150.401260 -388.870422 -52.268589 152.911392 -387.899414 -61.409462 151.382660 -389.524597 -52.630432 153.913376 -384.534424 -69.401871 148.042099 -385.089172 -69.852539 148.985718 -368.430115 -50.433273 148.712769 -369.127991 -43.818745 150.633270 -372.147614 -52.565975 148.325943 -372.990631 -45.506546 150.362259 -366.697632 -57.594719 146.801132 -370.241608 -59.996033 146.344391 -358.261444 -45.191628 154.289673 -358.363037 -39.792114 155.907593 -357.748779 -44.772324 153.335861 -357.810730 -39.428989 154.933380 -357.143311 -51.602222 152.447693 -356.668884 -51.151962 151.529816 -387.302063 -61.256889 152.407715 -388.880005 -52.538574 154.925797 -385.598389 -60.549660 153.410568 -387.054718 -52.005089 155.883591 -384.540466 -69.661179 149.995575 -382.965149 -68.848572 151.006454 -375.955139 -54.735500 148.218262 -376.932434 -47.230705 150.375244 -373.878113 -62.432487 146.156616 -357.810730 -39.428989 154.933380 -357.748779 -44.772324 153.335861 -358.254852 -44.923492 152.283417 -358.355042 -39.520325 153.893524 -357.137573 -51.342560 150.494324 -356.668884 -51.151962 151.529816 -382.958557 -59.330387 154.328705 -384.252502 -51.061977 156.726944 
						-380.503540 -67.463341 151.955322 -363.212982 -76.819046 149.207062 -359.007141 -84.374847 146.729340 -356.167053 -82.397873 146.880600 -360.063599 -74.570610 149.374893 -353.532471 -80.543869 146.820694 -357.156372 -72.445412 149.323532 -353.108521 -88.711357 144.411392 -350.938782 -87.288078 144.309036 -355.427307 -90.340706 144.230774 -369.405334 -80.321350 142.725433 -364.542664 -87.443787 141.018570 -366.905823 -89.070763 141.284561 -372.071808 -82.179779 143.028320 -368.719208 -90.354683 141.727890 -374.157715 -83.645798 143.536942 -361.921265 -94.081474 139.814087 -363.274536 -95.105812 140.156418 -359.934387 -92.788582 139.595734 -352.728699 -68.689972 145.395355 -349.521271 -77.255325 143.336349 -351.244080 -78.366600 142.596039 -354.631073 -69.971832 144.539398 -353.498810 -79.881836 141.942856 -357.109558 -71.687897 143.789856 -349.036804 -85.470459 140.906479 -350.927124 -86.763596 140.359131 -347.651184 -84.669632 141.481094 -369.452118 -81.078865 148.259109 -364.576233 -88.105820 145.896408 -361.882019 -86.315460 146.402420 -366.413940 -79.038467 148.825424 -357.818909 -91.863052 144.012146 -359.946045 -93.313057 143.545609 -351.271545 -78.907608 146.582352 -354.669281 -70.590210 149.056671 -349.540771 -77.637558 146.152542 -352.755707 -69.127335 148.590195 -349.046265 -85.903214 144.166122 -347.657928 -84.972450 143.761566 -369.889679 -91.203918 142.324585 -375.482971 -84.613708 144.214767 -370.276184 -91.560539 143.021988 -375.947266 -85.023445 145.010345 -364.317261 -95.795502 140.652725 -364.506348 -96.064987 141.197556 -356.129517 -81.658844 141.435211 -360.011414 -73.725876 143.204147 -358.968292 -83.610390 141.096909 -363.158936 -75.944336 142.817337 -353.095490 -88.120209 139.958694 -355.413818 -89.735100 139.669815 -348.440735 -76.778290 145.582657 -351.549316 -68.161629 147.946991 -348.068939 -76.433838 144.884125 -351.128204 -67.752686 147.165726 -346.699463 -84.190529 143.340439 -346.453430 -84.014030 142.728699 -369.899719 -91.401955 143.783691 -375.496948 -84.840042 145.868225 -368.738647 -90.736893 144.544113 -374.184753 -84.083160 146.731857 -364.320831 -95.953888 141.845840 -363.281311 -95.408623 142.436920 
						-361.844543 -85.576439 140.957031 -366.361847 -78.193726 142.654678 -357.805908 -91.271904 139.559402 -351.128204 -67.752686 147.165726 -348.068939 -76.433838 144.884125 -348.430695 -76.580261 144.123566 -351.535339 -67.935280 146.293549 -346.695984 -84.032127 142.147308 -346.453430 -84.014030 142.728699 -366.933289 -89.611794 145.270874 -372.110016 -82.798149 147.545609 -361.930908 -94.514221 143.073746 -355.379089 -94.678108 142.633301 -352.110107 -95.306732 140.874374 -351.529663 -94.911064 141.001678 -353.975281 -93.721130 142.941193 -355.371399 -94.331955 140.026474 -356.682678 -95.185242 140.170593 -348.185547 -89.787788 143.042801 -349.135864 -93.284775 141.043701 -348.756958 -93.030800 140.933289 -347.269257 -89.173515 142.775803 -352.649048 -95.516411 139.856125 -353.018311 -95.795937 139.949539 -357.575836 -95.861282 140.396515 -346.474304 -88.540977 142.094147 -346.634399 -88.552917 141.710449 -348.494507 -92.774208 140.492828 -348.755157 -92.948158 140.311005 -347.264801 -88.973656 141.270752 -348.495422 -92.817421 140.818390 -346.636688 -88.657455 142.497879 -357.580292 -96.061119 141.901581 -356.689056 -95.470840 142.321869 -350.866516 -91.641090 143.204681 -350.244263 -94.051041 141.110626 -349.652252 -93.662674 141.082672 -349.434540 -90.701767 143.137115 -349.133240 -93.166687 140.154236 -348.179260 -89.502182 140.891525 -352.387939 -92.316742 140.075378 -353.966675 -93.330986 140.002502 -350.857910 -91.250946 140.265991 -350.240723 -93.889740 139.895584 -350.873352 -94.330406 139.816757 -351.526123 -94.749756 139.786636 -358.266357 -96.420990 141.511475 -353.303864 -96.027359 140.410538 -353.020203 -95.878563 140.571823 -350.877045 -94.495659 141.061325 -352.396851 -92.716423 143.085480 -358.264008 -96.316452 140.724045 -358.388794 -96.494301 141.083618 -349.426819 -90.355614 140.530319 -349.649078 -93.519547 140.004852 -346.474304 -88.540977 142.094147 -327.416931 10.488607 167.148178 -327.030457 8.839445 167.729858 -326.513611 6.744572 168.049194 -322.772339 -7.412460 162.388382 -322.847656 -6.949255 161.434845 -323.069336 -5.872683 160.648010 -325.246765 2.865446 160.056259 -325.927002 5.393240 160.588318 
						-326.547394 7.698252 161.336365 -327.743591 12.054495 165.392105 -327.658020 11.581802 166.348938 -323.055969 -6.419607 164.526688 -322.841064 -7.232651 163.442322 -322.772339 -7.412460 162.388382 -323.943726 -2.137485 159.791595 -324.564880 0.290646 159.783630 -327.435730 11.041309 163.272079 -327.667572 11.868000 164.342896 -323.916382 -3.081918 166.507690 -323.417725 -5.006660 165.571167 -325.889526 4.334238 168.074142 -325.209320 1.773008 167.808441 -323.438049 -4.234750 160.087753 -327.057678 9.619999 162.249786 -324.531311 -0.762518 167.271362 -347.922455 -13.573296 160.110916 -349.295074 -11.825122 159.638840 -351.039581 -9.604098 159.425537 -359.468140 0.816406 161.123352 -361.376221 2.929354 162.077072 -362.912537 4.525475 163.138367 -355.194489 -5.297480 167.574493 -353.054321 -7.969962 166.999374 -351.059113 -10.424168 166.175247 -362.925415 4.053125 167.035583 -361.394012 2.260971 167.587311 -359.489136 -0.002941 167.873306 -346.733643 -15.202162 161.762955 -347.041382 -14.723125 160.832184 -355.171478 -4.350644 159.780533 -357.356079 -1.667408 160.342377 -364.270782 5.727077 165.299393 -363.920441 5.235620 166.253815 -347.933655 -14.046790 164.007874 -347.047241 -14.968183 162.848953 -346.733643 -15.202162 161.762955 -353.032379 -7.055492 159.472626 -363.913635 5.479950 164.236908 -349.310974 -12.494579 165.148804 -357.378784 -2.581526 167.869263 -387.467041 -43.386314 158.214294 -384.535828 -42.767250 158.983719 -380.945007 -41.903069 159.570633 -357.258057 -34.509933 156.425049 -357.834778 -34.535595 155.401825 -359.487305 -34.876816 154.421371 -372.994019 -38.633827 152.298798 -377.014221 -39.842323 152.428024 -380.926392 -41.001392 152.831589 -390.080139 -43.738022 156.305725 -389.393707 -43.716049 157.302338 -359.495239 -35.400459 158.311661 -357.838867 -34.806641 157.415146 -357.258057 -34.509933 156.425049 -365.337860 -36.391975 152.887070 -369.043091 -37.457432 152.456772 -387.455475 -42.866592 154.323349 -389.387573 -43.447201 155.288635 -365.352478 -37.297989 159.625412 -362.080444 -36.252068 159.061508 -377.034058 -40.848843 159.942673 -373.013367 -39.677303 160.079971 
						-362.068970 -35.511929 153.560944 -384.520050 -42.031853 153.482315 -369.060547 -38.466499 159.971024 -379.065308 -76.704727 148.833267 -376.786255 -75.314178 149.735199 -373.885925 -73.453171 150.529663 -354.282959 -59.018772 149.434387 -354.720093 -59.216022 148.465851 -355.994781 -60.033012 147.460312 -367.115356 -67.889359 144.542801 -370.558105 -70.325317 144.349747 -373.851257 -72.629272 144.417450 -381.014587 -77.721344 146.930710 -380.514038 -77.523438 147.878342 -356.014709 -60.508766 150.989182 -354.730438 -59.462234 150.292130 -354.282959 -59.018772 149.434387 -360.660645 -63.279564 145.649567 -363.751709 -65.486755 144.985291 -379.045227 -76.229050 145.304352 -380.503601 -77.277267 146.052032 -360.695251 -64.103546 151.761719 -358.050049 -62.093773 151.486252 -370.596741 -71.244064 151.165573 -367.155334 -68.840729 151.600540 -358.021790 -61.421108 146.496735 -376.757965 -74.641602 144.745636 -363.790283 -66.405563 151.801117 -262.175049 7.490700 167.394699 -262.175049 6.113197 167.588196 -16.381470 6.113197 167.588196 -16.381470 7.490700 167.394699 -262.175049 4.814013 167.079605 -16.381470 4.823500 167.067017 -262.175049 3.952663 165.976990 -16.381470 3.967173 165.970825 -262.175049 3.758034 164.591385 -16.381470 3.773676 164.593307 -262.175049 3.758034 164.591385 -262.175049 4.282269 163.294144 -16.381470 4.294857 163.303619 -16.381470 3.773676 164.593307 -262.175049 5.384901 162.432816 -16.381470 5.391058 162.447296 -262.175049 6.768560 162.253784 -16.381470 6.768560 162.253784 -262.175049 8.058256 162.774948 -16.381470 8.058258 162.774948 -262.175049 8.914583 163.871170 -16.381470 8.914583 163.871170 -262.175049 9.108084 165.248672 -16.381470 9.108084 165.248672 -262.175049 8.586901 166.538376 -16.381470 8.586905 166.538376 -353.354492 -96.057663 140.233643 -352.106934 -95.163612 139.796539 -352.651703 -95.634499 140.745621 -348.428284 -92.769272 140.651443 -353.302917 -95.984138 140.084976 -348.428284 -92.769272 140.651443 -350.568604 -94.871391 140.492935 -3.764862 42.270809 -132.925095 -3.764862 52.086403 -120.133179 -3.764862 58.256737 -105.236664 
						-3.764862 -1.403555 -89.250732 -3.764862 -54.893509 -120.133179 -3.764862 -45.077923 -132.925095 -3.764862 -61.063850 -105.236664 -3.764862 60.361320 -89.250732 -3.764862 58.256737 -73.264816 -3.764862 -32.285995 -35.760784 -3.764862 -45.077923 -45.576374 -3.764862 -17.389482 -29.590445 -3.764862 -32.285995 -142.740692 -3.764862 -17.389482 -148.911041 -3.764862 52.086403 -58.368301 -3.764862 42.270809 -45.576374 -3.764862 -54.893509 -58.368301 -3.764862 -61.063850 -73.264816 -3.764862 -1.403555 -27.485855 -3.764862 14.582371 -29.590445 -3.764862 29.478889 -142.740692 -3.764862 14.582371 -148.911041 -3.764862 29.478889 -35.760784 -3.764832 -63.168434 -89.250732 -3.764862 -1.403555 -151.015610 -3.764862 42.270809 132.925095 -3.764862 -1.403555 89.250748 -3.764862 58.256737 105.236664 -3.764862 52.086403 120.133179 -3.764862 -54.893509 120.133179 -3.764862 -61.063850 105.236664 -3.764862 -45.077923 132.925095 -3.764862 60.361320 89.250748 -3.764862 58.256737 73.264824 -3.764862 -32.285995 35.760796 -3.764862 -17.389482 29.590456 -3.764862 -45.077923 45.576385 -3.764862 -32.285995 142.740692 -3.764862 -17.389482 148.911041 -3.764862 52.086403 58.368313 -3.764862 42.270809 45.576385 -3.764862 -54.893509 58.368313 -3.764862 -61.063850 73.264824 -3.764862 -1.403555 27.485867 -3.764862 14.582371 29.590456 -3.764862 29.478889 142.740692 -3.764862 14.582371 148.911041 -3.764862 29.478889 35.760796 -3.764832 -63.168434 89.250748 -3.764862 -1.403555 151.015625 -14.630371 1.687305 -163.577179 -14.113281 1.687305 -163.474335 -14.113281 11.194448 -163.474335 -14.630371 11.194448 -163.577179 -14.630371 11.194448 -166.073944 -14.113281 11.194448 -163.474335 -13.596161 11.194448 -163.577179 -14.113281 11.194448 -166.176804 -15.068741 11.194448 -165.781036 -15.068741 11.422504 -165.781036 -14.630371 11.422504 -166.073944 -14.630371 11.194448 -166.073944 -14.630371 11.194448 -163.577179 -14.630371 11.422504 -163.577179 -15.068741 11.422504 -163.870087 -15.068741 11.194448 -163.870087 -14.113281 11.422504 -166.176804 
						-13.596161 11.422504 -163.577179 -13.157791 11.422504 -163.870087 -13.596161 11.422504 -166.073944 -14.630371 11.194448 -166.073944 -14.630371 11.422504 -166.073944 -14.113281 11.422504 -163.474335 -14.113281 11.194448 -163.474335 -12.864883 11.194448 -164.308456 -12.864883 11.422504 -164.308456 -13.157791 11.422504 -163.870087 -13.157791 11.194448 -163.870087 -14.113281 11.194448 -166.176804 -14.113281 11.422504 -166.176804 -13.596161 11.422504 -166.073944 -13.596161 11.194448 -166.073944 -15.361649 11.194448 -164.308456 -15.361649 11.422504 -164.308456 -15.464508 11.422504 -164.825562 -15.464508 11.194448 -164.825562 -14.113281 11.422504 -163.474335 -14.630371 11.422504 -166.073944 -15.068741 11.422504 -165.781036 -14.630371 11.422504 -163.577179 -12.864883 11.422504 -164.308456 -13.157791 11.422504 -165.781036 -12.762039 11.422504 -164.825562 -12.864883 11.422504 -165.342667 -15.361649 11.422504 -165.342667 -15.068741 11.422504 -163.870087 -15.464508 11.422504 -164.825562 -15.361649 11.422504 -164.308456 -12.864883 11.194448 -165.342667 -12.864883 11.422504 -165.342667 -12.762039 11.422504 -164.825562 -12.762039 11.194448 -164.825562 -13.596161 11.194448 -163.577179 -13.596161 11.422504 -163.577179 -14.113281 11.422504 -166.176804 -14.113281 11.194448 -166.176804 -15.361649 11.422504 -165.342667 -15.361649 11.194448 -165.342667 -13.157791 11.422504 -165.781036 -13.157791 11.194448 -165.781036 -13.596161 11.422504 -163.577179 -13.596161 11.194448 -163.577179 -14.113281 11.194448 -163.474335 -14.113281 11.422504 -163.474335 -14.113281 11.194448 163.474335 -14.113281 1.687305 163.474335 -14.630371 1.687305 163.577179 -14.630371 11.194448 163.577179 -14.630371 11.194448 166.073944 -14.113281 11.194448 166.176804 -13.596161 11.194448 163.577179 -14.113281 11.194448 163.474335 -15.068741 11.194448 165.781036 -14.630371 11.194448 166.073944 -14.630371 11.422504 166.073944 -15.068741 11.422504 165.781036 -14.630371 11.194448 163.577179 -15.068741 11.194448 163.870087 -15.068741 11.422504 163.870087 -14.630371 11.422504 163.577179 -14.113281 11.422504 166.176804 
						-13.596161 11.422504 166.073944 -13.157791 11.422504 163.870087 -13.596161 11.422504 163.577179 -14.630371 11.194448 166.073944 -14.113281 11.194448 163.474335 -14.113281 11.422504 163.474335 -14.630371 11.422504 166.073944 -12.864883 11.194448 164.308456 -13.157791 11.194448 163.870087 -13.157791 11.422504 163.870087 -12.864883 11.422504 164.308456 -14.113281 11.194448 166.176804 -13.596161 11.194448 166.073944 -13.596161 11.422504 166.073944 -14.113281 11.422504 166.176804 -15.361649 11.194448 164.308456 -15.464508 11.194448 164.825562 -15.464508 11.422504 164.825562 -15.361649 11.422504 164.308456 -14.113281 11.422504 163.474335 -14.630371 11.422504 163.577179 -15.068741 11.422504 165.781036 -14.630371 11.422504 166.073944 -13.157791 11.422504 165.781036 -12.864883 11.422504 164.308456 -12.864883 11.422504 165.342667 -12.762039 11.422504 164.825562 -15.068741 11.422504 163.870087 -15.361649 11.422504 165.342667 -15.361649 11.422504 164.308456 -15.464508 11.422504 164.825562 -12.864883 11.194448 165.342667 -12.762039 11.194448 164.825562 -12.762039 11.422504 164.825562 -12.864883 11.422504 165.342667 -13.596161 11.194448 163.577179 -14.113281 11.194448 166.176804 -14.113281 11.422504 166.176804 -13.596161 11.422504 163.577179 -15.361649 11.194448 165.342667 -15.361649 11.422504 165.342667 -13.157791 11.194448 165.781036 -13.157791 11.422504 165.781036 -13.596161 11.194448 163.577179 -13.596161 11.422504 163.577179 -14.113281 11.194448 163.474335 -14.113281 11.422504 163.474335 -15.068741 1.687305 -163.870087 -15.068741 11.194448 -163.870087 -15.361649 1.687305 -164.308456 -15.361649 11.194448 -164.308456 -15.464508 1.687305 -164.825562 -15.464508 11.194448 -164.825562 -15.361649 1.687305 -165.342667 -15.361649 11.194448 -165.342667 -15.068741 1.687305 -165.781036 -15.068741 11.194448 -165.781036 -14.630371 1.687305 -166.073944 -14.630371 11.194448 -166.073944 -14.113281 1.687305 -166.176804 -14.113281 11.194448 -166.176804 -13.596161 1.687305 -166.073944 -13.596161 11.194448 -166.073944 -13.157791 1.687305 -165.781036 
						-13.157791 11.194448 -165.781036 -12.864883 1.687305 -165.342667 -12.864883 11.194448 -165.342667 -12.762039 1.687305 -164.825562 -12.762039 11.194448 -164.825562 -12.864883 1.687305 -164.308456 -12.762039 1.687305 -164.825562 -12.762039 11.194448 -164.825562 -12.864883 11.194448 -164.308456 -13.157791 1.687305 -163.870087 -13.157791 11.194448 -163.870087 -13.596161 1.687305 -163.577179 -13.596161 11.194448 -163.577179 -14.630371 1.687305 -166.073944 -14.113281 1.687305 -166.176804 -13.596161 1.687305 -163.577179 -14.113281 1.687305 -163.474335 -15.068741 1.687305 -165.781036 -14.630371 1.687305 -166.073944 -14.630371 1.459248 -166.073944 -15.068741 1.459248 -165.781036 -14.630371 1.687305 -163.577179 -15.068741 1.687305 -163.870087 -15.068741 1.459248 -163.870087 -14.630371 1.459248 -163.577179 -14.113281 1.459248 -166.176804 -13.596161 1.459248 -166.073944 -13.157791 1.459248 -163.870087 -13.596161 1.459248 -163.577179 -14.630371 1.687305 -166.073944 -14.113281 1.687305 -163.474335 -14.113281 1.459248 -163.474335 -14.630371 1.459248 -166.073944 -12.864883 1.687305 -164.308456 -13.157791 1.687305 -163.870087 -13.157791 1.459248 -163.870087 -12.864883 1.459248 -164.308456 -14.113281 1.687305 -166.176804 -13.596161 1.687305 -166.073944 -13.596161 1.459248 -166.073944 -14.113281 1.459248 -166.176804 -15.361649 1.687305 -164.308456 -15.464508 1.687305 -164.825562 -15.464508 1.459248 -164.825562 -15.361649 1.459248 -164.308456 -14.113281 1.459248 -163.474335 -14.630371 1.459248 -163.577179 -15.068741 1.459248 -165.781036 -14.630371 1.459248 -166.073944 -13.157791 1.459248 -165.781036 -12.864883 1.459248 -164.308456 -12.864883 1.459248 -165.342667 -12.762039 1.459248 -164.825562 -15.068741 1.459248 -163.870087 -15.361649 1.459248 -165.342667 -15.361649 1.459248 -164.308456 -15.464508 1.459248 -164.825562 -12.864883 1.687305 -165.342667 -12.762039 1.687305 -164.825562 -12.762039 1.459248 -164.825562 -12.864883 1.459248 -165.342667 -13.596161 1.687305 -163.577179 -14.113281 1.687305 -166.176804 -14.113281 1.459248 -166.176804 
						-13.596161 1.459248 -163.577179 -15.361649 1.687305 -165.342667 -15.361649 1.459248 -165.342667 -13.157791 1.687305 -165.781036 -13.157791 1.459248 -165.781036 -13.596161 1.687305 -163.577179 -13.596161 1.459248 -163.577179 -14.113281 1.687305 -163.474335 -14.113281 1.459248 -163.474335 -15.068741 1.687305 163.870087 -15.068741 11.194448 163.870087 -15.361649 1.687305 164.308456 -15.361649 11.194448 164.308456 -15.361649 1.687305 164.308456 -15.464508 1.687305 164.825562 -15.464508 11.194448 164.825562 -15.361649 11.194448 164.308456 -15.464508 1.687305 164.825562 -15.361649 1.687305 165.342667 -15.361649 11.194448 165.342667 -15.464508 11.194448 164.825562 -15.361649 1.687305 165.342667 -15.068741 1.687305 165.781036 -15.068741 11.194448 165.781036 -15.361649 11.194448 165.342667 -15.068741 1.687305 165.781036 -14.630371 1.687305 166.073944 -14.630371 11.194448 166.073944 -15.068741 11.194448 165.781036 -14.630371 1.687305 166.073944 -14.113281 1.687305 166.176804 -14.113281 11.194448 166.176804 -14.630371 11.194448 166.073944 -13.596161 1.687305 166.073944 -13.596161 11.194448 166.073944 -13.157791 1.687305 165.781036 -13.157791 11.194448 165.781036 -13.157791 1.687305 165.781036 -12.864883 1.687305 165.342667 -12.864883 11.194448 165.342667 -13.157791 11.194448 165.781036 -12.864883 1.687305 165.342667 -12.762039 1.687305 164.825562 -12.762039 11.194448 164.825562 -12.864883 11.194448 165.342667 -12.762039 1.687305 164.825562 -12.864883 1.687305 164.308456 -12.864883 11.194448 164.308456 -12.762039 11.194448 164.825562 -12.864883 1.687305 164.308456 -13.157791 1.687305 163.870087 -13.157791 11.194448 163.870087 -12.864883 11.194448 164.308456 -13.157791 1.687305 163.870087 -13.596161 1.687305 163.577179 -13.596161 11.194448 163.577179 -13.157791 11.194448 163.870087 -13.596161 1.687305 163.577179 -13.596161 11.194448 163.577179 -14.630371 1.687305 166.073944 -14.113281 1.687305 163.474335 -13.596161 1.687305 163.577179 -14.113281 1.687305 166.176804 -15.068741 1.687305 165.781036 
						-15.068741 1.459248 165.781036 -14.630371 1.459248 166.073944 -14.630371 1.687305 166.073944 -14.630371 1.459248 163.577179 -15.068741 1.459248 163.870087 -14.113281 1.459248 166.176804 -13.596161 1.459248 163.577179 -13.157791 1.459248 163.870087 -13.596161 1.459248 166.073944 -14.630371 1.687305 166.073944 -14.630371 1.459248 166.073944 -14.113281 1.459248 163.474335 -14.113281 1.687305 163.474335 -12.864883 1.687305 164.308456 -12.864883 1.459248 164.308456 -13.157791 1.459248 163.870087 -13.157791 1.687305 163.870087 -14.113281 1.459248 166.176804 -13.596161 1.459248 166.073944 -15.361649 1.459248 164.308456 -15.464508 1.459248 164.825562 -15.464508 1.687305 164.825562 -14.113281 1.459248 163.474335 -14.630371 1.459248 166.073944 -15.068741 1.459248 165.781036 -14.630371 1.459248 163.577179 -12.864883 1.459248 164.308456 -13.157791 1.459248 165.781036 -12.762039 1.459248 164.825562 -12.864883 1.459248 165.342667 -15.361649 1.459248 165.342667 -15.068741 1.459248 163.870087 -15.464508 1.459248 164.825562 -15.361649 1.459248 164.308456 -12.864883 1.687305 165.342667 -12.864883 1.459248 165.342667 -12.762039 1.459248 164.825562 -12.762039 1.687305 164.825562 -13.596161 1.687305 163.577179 -13.596161 1.459248 163.577179 -14.113281 1.459248 166.176804 -14.113281 1.687305 166.176804 -15.361649 1.459248 165.342667 -15.361649 1.687305 165.342667 -13.157791 1.459248 165.781036 -13.157791 1.459248 163.870087 -13.596161 1.459248 163.577179 -13.596161 1.687305 163.577179 -14.113281 1.459248 163.474335 -15.068741 1.459248 165.781036 -9.249115 -3.210937 -25.336695 -12.949692 -3.202616 -21.642000 -13.009247 -3.625998 -21.701548 -9.308655 -3.634320 -25.396244 -13.178833 -3.984926 -21.871134 -9.478256 -3.993247 -25.565826 -13.432632 -4.224753 -22.124933 -9.732040 -4.233073 -25.819628 -13.731995 -4.308970 -22.424311 -10.031433 -4.317290 -26.119005 -10.031433 -4.317290 -26.119005 -13.731995 -4.308970 -22.424311 -14.031387 -4.224753 -22.723688 -10.330811 -4.233073 -26.418383 
						-14.285187 -3.984926 -22.977488 -10.584595 -3.993247 -26.672182 -14.454773 -3.625998 -23.147070 -10.754196 -3.634320 -26.841766 -14.514297 -3.202616 -23.206621 -10.813736 -3.210937 -26.901316 -14.454773 -2.779233 -23.147070 -10.754196 -2.787552 -26.841766 -14.285187 -2.420305 -22.977488 -10.584595 -2.428626 -26.672182 -14.031387 -2.180478 -22.723688 -10.330811 -2.188797 -26.418383 -13.731995 -2.096261 -22.424311 -10.031433 -2.104581 -26.119005 -13.432632 -2.180478 -22.124933 -9.732040 -2.188797 -25.819628 -13.178833 -2.420305 -21.871134 -9.478256 -2.428626 -25.565826 -13.009247 -2.779233 -21.701548 -9.308655 -2.787552 -25.396244 -9.197403 -2.133260 -26.959835 -9.480240 -2.232319 -27.268774 -8.920456 -2.201495 -26.637503 -8.691559 -2.426647 -26.350851 -8.545547 -2.774433 -26.143522 -8.504669 -3.191906 -26.047081 -8.575150 -3.615508 -26.076204 -8.746262 -3.980754 -26.226467 -8.991928 -4.232033 -26.474985 -9.274750 -4.331097 -26.783924 -9.551697 -4.262857 -27.106258 -9.274750 -4.331097 -26.783924 -9.780609 -4.037706 -27.392904 -9.926605 -3.689921 -27.600233 -9.967484 -3.272447 -27.696678 -9.897003 -2.848845 -27.667551 -9.725922 -2.483597 -27.517294 -8.976837 -2.664321 -28.160709 -9.192123 -3.023129 -28.258242 -8.323105 -3.135527 -28.624819 -8.641846 -3.423015 -28.636686 -7.933411 -3.895646 -28.837952 -8.333893 -4.044193 -28.791531 -7.802689 -4.788764 -28.882811 -8.224899 -4.835789 -28.813730 -7.799713 -5.903375 -28.883757 -8.223099 -5.903375 -28.799541 -9.324310 -3.429984 -28.218325 -8.898682 -3.736665 -28.495089 -8.679733 -4.195889 -28.586649 -8.588379 -4.879333 -28.587362 -8.582016 -5.903375 -28.559713 -9.353302 -3.822947 -28.047037 -9.054459 -4.028731 -28.221582 -8.918304 -4.327635 -28.254498 -8.837784 -4.912769 -28.238163 -8.821869 -5.903375 -28.200787 -9.274689 -4.142194 -27.770449 -9.085526 -4.254746 -27.857803 -9.013290 -4.419377 -27.845640 -8.935120 -4.931007 -27.819298 -8.906082 -5.903375 -27.777403 -9.100403 -4.339123 -27.430679 -8.987137 -4.380303 -27.459139 
						-8.950195 -4.457144 -27.422325 -8.865585 -4.931272 -27.394537 -8.821869 -5.903375 -27.354017 -8.774246 -4.386287 -27.086273 -8.754852 -4.436872 -27.077553 -8.639786 -4.913519 -27.028549 -8.582016 -5.903375 -26.995092 -8.774246 -4.386287 -27.086273 -8.581528 -4.269286 -26.770224 -8.479279 -4.271785 -26.795982 -8.754852 -4.436872 -27.077553 -8.410904 -4.356860 -26.782490 -8.639786 -4.913519 -27.028549 -8.292053 -4.880454 -26.777042 -8.582016 -5.903375 -26.995092 -8.223099 -5.903375 -26.755262 -8.315948 -4.013153 -26.550089 -8.147171 -4.054230 -26.632454 -8.016785 -4.234072 -26.663382 -7.875366 -4.837111 -26.678316 -7.799713 -5.903375 -26.671047 -8.100662 -3.654347 -26.452555 -7.828430 -3.766744 -26.620583 -7.616302 -4.085522 -26.709803 -7.453156 -4.790086 -26.747400 -7.376328 -5.903375 -26.755262 -7.968460 -3.247491 -26.492472 -7.571609 -3.453092 -26.762182 -7.270432 -3.933827 -26.914686 -7.089676 -4.746543 -26.973768 -7.017410 -5.903375 -26.995092 -7.939468 -2.854529 -26.663763 -7.415787 -3.161027 -27.035690 -7.031860 -3.802081 -27.246838 -6.840271 -4.713105 -27.322968 -6.777588 -5.903375 -27.354017 -8.018112 -2.535280 -26.940344 -7.384750 -2.935010 -27.399467 -6.936905 -3.710340 -27.655695 -6.742935 -4.694867 -27.741829 -6.693375 -5.903375 -27.777403 -8.192398 -2.338352 -27.280117 -7.483139 -2.809453 -27.798138 -6.999969 -3.672571 -28.079010 -6.812469 -4.694605 -28.166590 -6.777588 -5.903375 -28.200787 -8.435776 -2.293726 -27.631351 -7.696030 -2.803472 -28.170998 -7.211502 -3.694526 -28.452337 -7.038284 -4.712358 -28.532581 -7.017410 -5.903375 -28.559713 -8.711243 -2.408187 -27.940573 -7.990997 -2.917973 -28.461290 -7.539291 -3.772855 -28.718842 -7.386002 -4.745421 -28.784088 -7.376328 -5.903375 -28.799541 -7.799713 -16.930935 -28.883757 -7.376328 -16.930935 -28.799541 -7.017410 -16.930935 -28.559713 -6.777588 -16.930935 -28.200787 -6.693375 -16.930935 -27.777403 -6.777588 -16.930935 -27.354017 -7.017410 -16.930935 -26.995092 -7.376328 -16.930935 -26.755262 
						-7.799713 -16.930935 -26.671047 -8.223099 -16.930935 -26.755262 -8.582016 -16.930935 -26.995092 -8.582016 -16.930935 -26.995092 -8.821869 -16.930935 -27.354017 -8.906082 -16.930935 -27.777403 -8.821869 -16.930935 -28.200787 -8.582016 -16.930935 -28.559713 -8.223099 -16.930935 -28.799541 -6.777588 -16.930935 -28.200787 -6.693375 -16.930935 -27.777403 -6.777588 -16.930935 -27.354017 -7.799713 -16.930937 -27.777403 -8.582016 -16.930935 -26.995092 -8.821869 -16.930935 -27.354017 -8.223099 -16.930935 -26.755262 -8.821869 -16.930935 -28.200787 -8.582016 -16.930935 -28.559713 -8.223099 -16.930935 -28.799541 -7.376328 -16.930935 -28.799541 -7.017410 -16.930935 -28.559713 -7.799713 -16.930935 -26.671047 -7.376328 -16.930935 -26.755262 -7.017410 -16.930935 -26.995092 -8.906082 -16.930935 -27.777403 -7.799713 -16.930935 -28.883757 -12.948593 -17.815880 -22.906542 -14.634567 -5.262235 -21.094704 -14.238495 -5.223886 -21.007519 -12.528870 -17.775240 -22.814154 -12.528870 -17.775240 -22.814154 -14.238495 -5.223886 -21.007519 -13.859467 -5.212337 -20.757458 -12.173492 -17.765982 -22.569294 -13.622498 -5.235867 -20.397404 -11.936523 -17.789511 -22.209240 -13.540024 -5.288605 -19.976969 -11.854050 -17.842249 -21.788807 -13.624619 -5.362520 -19.560162 -11.938644 -17.916166 -21.372002 -13.863388 -5.446364 -19.210442 -12.177414 -18.000008 -21.022282 -14.219971 -5.527368 -18.981041 -12.533997 -18.081013 -20.792881 -14.640121 -5.593199 -18.906895 -12.954147 -18.146845 -20.718733 -15.059814 -5.633839 -18.999279 -13.373840 -18.187485 -20.811119 -15.415222 -5.643099 -19.244139 -13.729248 -18.196743 -21.055979 -15.652176 -5.619568 -19.604193 -13.966202 -18.173212 -21.416033 -15.734650 -5.566831 -20.024624 -14.048691 -18.120476 -21.836464 -15.650055 -5.492913 -20.441431 -13.964081 -18.046558 -22.253271 -15.411301 -5.409070 -20.791155 -13.725327 -17.962715 -22.602991 -15.054703 -5.328067 -21.020552 -13.368729 -17.881712 -22.832390 -13.762955 -4.434967 -20.399069 -13.680817 -4.370134 -19.981918 -13.998627 -4.514279 -20.749987 -14.392792 -4.603019 -20.988741 
						-14.769028 -4.667668 -21.057653 -14.392792 -4.603019 -20.988741 -15.186493 -4.718401 -20.967558 -15.540726 -4.740453 -20.724682 -15.777847 -4.730480 -20.366005 -15.861694 -4.689996 -19.946131 -15.779541 -4.625163 -19.528978 -15.543915 -4.545854 -19.178061 -15.190628 -4.464140 -18.946796 -14.773499 -4.392462 -18.870398 -14.356018 -4.341733 -18.960493 -14.001785 -4.319675 -19.203365 -13.764679 -4.329651 -19.562042 -13.852173 -3.636968 -19.814499 -14.092651 -3.471901 -19.499743 -13.834183 -3.298017 -20.193670 -14.053055 -2.977255 -20.011795 -13.709488 -3.187151 -20.595881 -13.869781 -2.791204 -20.554996 -13.441589 -3.171636 -21.066839 -13.542847 -2.755033 -21.100931 -14.450348 -3.373961 -19.283884 -14.394485 -2.739688 -19.907665 -14.157104 -2.474317 -20.589300 -13.766418 -2.409350 -21.225357 -14.870850 -3.358056 -19.199785 -14.806534 -2.621479 -19.897125 -14.527679 -2.284725 -20.693569 -14.078308 -2.187216 -21.421171 -15.290100 -3.426607 -19.260252 -15.226440 -2.640629 -19.981785 -14.925079 -2.251296 -20.851931 -14.431046 -2.122444 -21.658569 -15.644318 -3.569181 -19.456078 -15.590317 -2.794219 -20.148752 -15.288849 -2.379118 -21.040277 -14.770889 -2.224899 -21.901405 -15.879547 -3.764071 -19.757452 -15.842712 -3.058867 -20.372612 -15.563599 -2.648734 -21.229935 -15.046143 -2.478983 -22.112711 -15.959961 -3.981605 -20.118492 -15.945251 -3.394284 -20.619286 -15.707474 -3.019093 -21.392025 -15.214874 -2.846013 -22.260315 -15.873383 -4.188669 -20.484230 -15.882294 -3.749404 -20.851213 -15.698563 -3.433814 -21.501877 -15.251404 -3.270108 -22.321749 -15.632919 -4.353732 -20.798985 -15.663452 -4.070164 -21.033087 -15.538269 -3.829759 -21.542761 -15.150177 -3.686709 -22.287657 -15.275208 -4.451678 -21.014849 -15.321991 -4.307734 -21.137218 -15.250961 -4.146646 -21.508459 -14.926590 -4.032393 -22.163229 -14.900436 -4.465851 -21.089804 -14.909973 -4.425940 -21.147757 -14.880386 -4.336239 -21.404186 -14.614685 -4.254527 -21.967413 -14.490036 -4.406793 -21.063099 -14.482986 -4.369668 -21.245823 -14.261948 -4.319298 -21.730017 
						-14.490036 -4.406793 -21.063099 -14.110855 -4.267345 -20.858620 -14.126175 -4.253200 -20.896128 -14.482986 -4.369668 -21.245823 -14.119202 -4.241846 -21.057478 -14.261948 -4.319298 -21.730017 -13.922104 -4.216844 -21.487181 -13.846008 -4.061564 -20.541277 -13.873764 -3.988552 -20.672270 -13.844482 -3.972233 -20.867825 -13.646851 -3.962760 -21.275877 -13.765564 -3.844029 -20.180241 -13.771240 -3.653136 -20.425598 -13.700592 -3.601871 -20.705729 -13.478119 -3.595732 -21.128271 -9.249115 -3.210937 25.336695 -9.308655 -3.634320 25.396244 -13.009247 -3.625998 21.701548 -12.949692 -3.202616 21.642000 -9.478256 -3.993247 25.565826 -13.178833 -3.984926 21.871134 -9.732040 -4.233073 25.819628 -13.432632 -4.224753 22.124933 -10.031433 -4.317290 26.119005 -13.731995 -4.308970 22.424311 -10.031433 -4.317290 26.119005 -10.330811 -4.233073 26.418383 -14.031387 -4.224753 22.723688 -13.731995 -4.308970 22.424311 -10.584595 -3.993247 26.672182 -14.285187 -3.984926 22.977488 -10.754196 -3.634320 26.841766 -14.454773 -3.625998 23.147070 -10.813736 -3.210937 26.901316 -14.514297 -3.202616 23.206621 -10.754196 -2.787552 26.841766 -14.454773 -2.779233 23.147070 -10.584595 -2.428626 26.672182 -14.285187 -2.420305 22.977488 -10.330811 -2.188797 26.418383 -14.031387 -2.180478 22.723688 -10.031433 -2.104581 26.119005 -13.731995 -2.096261 22.424311 -9.732040 -2.188797 25.819628 -13.432632 -2.180478 22.124933 -9.478256 -2.428626 25.565826 -13.178833 -2.420305 21.871134 -9.308655 -2.787552 25.396244 -13.009247 -2.779233 21.701548 -9.480240 -2.232319 27.268774 -9.197403 -2.133260 26.959835 -8.920456 -2.201495 26.637503 -8.691559 -2.426647 26.350851 -8.545547 -2.774433 26.143522 -8.504669 -3.191906 26.047081 -8.575150 -3.615508 26.076204 -8.746262 -3.980754 26.226467 -8.991928 -4.232033 26.474985 -9.274750 -4.331097 26.783924 -9.274750 -4.331097 26.783924 -9.551697 -4.262857 27.106258 -9.780609 -4.037706 27.392904 -9.926605 -3.689921 27.600233 -9.967484 -3.272447 27.696678 
						-9.897003 -2.848845 27.667551 -9.725922 -2.483597 27.517294 -9.192123 -3.023129 28.258242 -8.976837 -2.664321 28.160709 -8.641846 -3.423015 28.636686 -8.323105 -3.135527 28.624819 -8.333893 -4.044193 28.791531 -7.933411 -3.895646 28.837952 -8.224899 -4.835789 28.813730 -7.802689 -4.788764 28.882811 -8.223099 -5.903375 28.799541 -7.799713 -5.903375 28.883757 -9.324310 -3.429984 28.218325 -8.898682 -3.736665 28.495089 -8.679733 -4.195889 28.586649 -8.588379 -4.879333 28.587362 -8.582016 -5.903375 28.559713 -9.353302 -3.822947 28.047037 -9.054459 -4.028731 28.221582 -8.918304 -4.327635 28.254498 -8.837784 -4.912769 28.238163 -8.821869 -5.903375 28.200787 -9.274689 -4.142194 27.770449 -9.085526 -4.254746 27.857803 -9.013290 -4.419377 27.845640 -8.935120 -4.931007 27.819298 -8.906082 -5.903375 27.777403 -9.100403 -4.339123 27.430679 -8.987137 -4.380303 27.459139 -8.950195 -4.457144 27.422325 -8.865585 -4.931272 27.394537 -8.821869 -5.903375 27.354017 -8.774246 -4.386287 27.086273 -8.754852 -4.436872 27.077553 -8.639786 -4.913519 27.028549 -8.582016 -5.903375 26.995092 -8.581528 -4.269286 26.770224 -8.774246 -4.386287 27.086273 -8.479279 -4.271785 26.795982 -8.410904 -4.356860 26.782490 -8.754852 -4.436872 27.077553 -8.292053 -4.880454 26.777042 -8.639786 -4.913519 27.028549 -8.223099 -5.903375 26.755262 -8.582016 -5.903375 26.995092 -8.315948 -4.013153 26.550089 -8.147171 -4.054230 26.632454 -8.016785 -4.234072 26.663382 -7.875366 -4.837111 26.678316 -7.799713 -5.903375 26.671047 -8.100662 -3.654347 26.452555 -7.828430 -3.766744 26.620583 -7.616302 -4.085522 26.709803 -7.453156 -4.790086 26.747400 -7.376328 -5.903375 26.755262 -7.968460 -3.247491 26.492472 -7.571609 -3.453092 26.762182 -7.270432 -3.933827 26.914686 -7.089676 -4.746543 26.973768 -7.017410 -5.903375 26.995092 -7.939468 -2.854529 26.663763 -7.415787 -3.161027 27.035690 -7.031860 -3.802081 27.246838 -6.840271 -4.713105 27.322968 
						-6.777588 -5.903375 27.354017 -8.018112 -2.535280 26.940344 -7.384750 -2.935010 27.399467 -6.936905 -3.710340 27.655695 -6.742935 -4.694867 27.741829 -6.693375 -5.903375 27.777403 -8.192398 -2.338352 27.280117 -7.483139 -2.809453 27.798138 -6.999969 -3.672571 28.079010 -6.812469 -4.694605 28.166590 -6.777588 -5.903375 28.200787 -8.435776 -2.293726 27.631351 -7.696030 -2.803472 28.170998 -7.211502 -3.694526 28.452337 -7.038284 -4.712358 28.532581 -7.017410 -5.903375 28.559713 -8.711243 -2.408187 27.940573 -7.990997 -2.917973 28.461290 -7.539291 -3.772855 28.718842 -7.386002 -4.745421 28.784088 -7.376328 -5.903375 28.799541 -7.799713 -16.930935 28.883757 -7.376328 -16.930935 28.799541 -7.017410 -16.930935 28.559713 -6.777588 -16.930935 28.200787 -6.693375 -16.930935 27.777403 -6.777588 -16.930935 27.354017 -7.017410 -16.930935 26.995092 -7.376328 -16.930935 26.755262 -7.799713 -16.930935 26.671047 -8.223099 -16.930935 26.755262 -8.582016 -16.930935 26.995092 -8.582016 -16.930935 26.995092 -8.821869 -16.930935 27.354017 -8.906082 -16.930935 27.777403 -8.821869 -16.930935 28.200787 -8.582016 -16.930935 28.559713 -8.223099 -16.930935 28.799541 -6.777588 -16.930935 28.200787 -7.799713 -16.930937 27.777403 -6.777588 -16.930935 27.354017 -6.693375 -16.930935 27.777403 -8.582016 -16.930935 26.995092 -8.223099 -16.930935 26.755262 -8.821869 -16.930935 27.354017 -8.821869 -16.930935 28.200787 -8.223099 -16.930935 28.799541 -8.582016 -16.930935 28.559713 -7.376328 -16.930935 28.799541 -7.017410 -16.930935 28.559713 -7.799713 -16.930935 26.671047 -7.376328 -16.930935 26.755262 -7.017410 -16.930935 26.995092 -8.906082 -16.930935 27.777403 -7.799713 -16.930935 28.883757 -12.948593 -17.815880 22.906542 -12.528870 -17.775240 22.814154 -14.238495 -5.223886 21.007519 -14.634567 -5.262235 21.094704 -12.528870 -17.775240 22.814154 -12.173492 -17.765982 22.569294 -13.859467 -5.212337 20.757458 -14.238495 -5.223886 21.007519 -11.936523 -17.789511 22.209240 
						-13.622498 -5.235867 20.397404 -11.854050 -17.842249 21.788807 -13.540024 -5.288605 19.976969 -11.938644 -17.916166 21.372002 -13.624619 -5.362520 19.560162 -12.177414 -18.000008 21.022282 -13.863388 -5.446364 19.210442 -12.533997 -18.081013 20.792881 -14.219971 -5.527368 18.981041 -12.954147 -18.146845 20.718733 -14.640121 -5.593199 18.906895 -13.373840 -18.187485 20.811119 -15.059814 -5.633839 18.999279 -13.729248 -18.196743 21.055979 -15.415222 -5.643099 19.244139 -13.966202 -18.173212 21.416033 -15.652176 -5.619568 19.604193 -14.048691 -18.120476 21.836464 -15.734650 -5.566831 20.024624 -13.964081 -18.046558 22.253271 -15.650055 -5.492913 20.441431 -13.725327 -17.962715 22.602991 -15.411301 -5.409070 20.791155 -13.368729 -17.881712 22.832390 -15.054703 -5.328067 21.020552 -13.680817 -4.370134 19.981918 -13.762955 -4.434967 20.399069 -13.998627 -4.514279 20.749987 -14.392792 -4.603019 20.988741 -14.392792 -4.603019 20.988741 -14.769028 -4.667668 21.057653 -15.186493 -4.718401 20.967558 -15.540726 -4.740453 20.724682 -15.777847 -4.730480 20.366005 -15.861694 -4.689996 19.946131 -15.779541 -4.625163 19.528978 -15.543915 -4.545854 19.178061 -15.190628 -4.464140 18.946796 -14.773499 -4.392462 18.870398 -14.356018 -4.341733 18.960493 -14.001785 -4.319675 19.203365 -13.764679 -4.329651 19.562042 -14.092651 -3.471901 19.499743 -13.852173 -3.636968 19.814499 -14.053055 -2.977255 20.011795 -13.834183 -3.298017 20.193670 -13.869781 -2.791204 20.554996 -13.709488 -3.187151 20.595881 -13.542847 -2.755033 21.100931 -13.441589 -3.171636 21.066839 -14.450348 -3.373961 19.283884 -14.394485 -2.739688 19.907665 -14.157104 -2.474317 20.589300 -13.766418 -2.409350 21.225357 -14.870850 -3.358056 19.199785 -14.806534 -2.621479 19.897125 -14.527679 -2.284725 20.693569 -14.078308 -2.187216 21.421171 -15.290100 -3.426607 19.260252 -15.226440 -2.640629 19.981785 -14.925079 -2.251296 20.851931 -14.431046 -2.122444 21.658569 -15.644318 -3.569181 19.456078 -15.590317 -2.794219 20.148752 
						-15.288849 -2.379118 21.040277 -14.770889 -2.224899 21.901405 -15.879547 -3.764071 19.757452 -15.842712 -3.058867 20.372612 -15.563599 -2.648734 21.229935 -15.046143 -2.478983 22.112711 -15.959961 -3.981605 20.118492 -15.945251 -3.394284 20.619286 -15.707474 -3.019093 21.392025 -15.214874 -2.846013 22.260315 -15.873383 -4.188669 20.484230 -15.882294 -3.749404 20.851213 -15.698563 -3.433814 21.501877 -15.251404 -3.270108 22.321749 -15.632919 -4.353732 20.798985 -15.663452 -4.070164 21.033087 -15.538269 -3.829759 21.542761 -15.150177 -3.686709 22.287657 -15.275208 -4.451678 21.014849 -15.321991 -4.307734 21.137218 -15.250961 -4.146646 21.508459 -14.926590 -4.032393 22.163229 -14.900436 -4.465851 21.089804 -14.909973 -4.425940 21.147757 -14.880386 -4.336239 21.404186 -14.614685 -4.254527 21.967413 -14.490036 -4.406793 21.063099 -14.482986 -4.369668 21.245823 -14.261948 -4.319298 21.730017 -14.110855 -4.267345 20.858620 -14.490036 -4.406793 21.063099 -14.126175 -4.253200 20.896128 -14.119202 -4.241846 21.057478 -14.482986 -4.369668 21.245823 -13.922104 -4.216844 21.487181 -14.261948 -4.319298 21.730017 -13.846008 -4.061564 20.541277 -13.873764 -3.988552 20.672270 -13.844482 -3.972233 20.867825 -13.646851 -3.962760 21.275877 -13.765564 -3.844029 20.180241 -13.771240 -3.653136 20.425598 -13.700592 -3.601871 20.705729 -13.478119 -3.595732 21.128271 -13.783936 -20.626535 -25.132408 -14.129822 -18.312847 -24.805391 -10.726700 -17.908648 -24.065426 -10.380814 -20.222334 -24.392443 -11.017120 -17.207462 -23.112896 -14.420227 -17.611664 -23.852863 -15.035126 -18.144430 -20.733889 -11.632004 -17.740229 -19.993925 -11.033875 -21.740967 -20.559387 -11.632004 -17.740229 -19.993925 -15.035126 -18.144430 -20.733889 -14.436996 -22.145166 -21.299353 -14.436996 -22.145166 -21.299353 -15.035126 -18.144430 -20.733889 -14.420227 -17.611664 -23.852863 -13.822083 -21.612402 -24.418324 -10.418961 -21.208200 -23.678358 -11.017120 -17.207462 -23.112896 -11.632004 -17.740229 -19.993925 -11.033875 -21.740967 -20.559387 
						-10.418961 -21.208200 -23.678358 -13.822083 -21.612402 -24.418324 -13.756851 -21.428221 -24.819004 -10.353714 -21.024019 -24.079039 -13.742889 -21.067368 -25.080378 -10.339767 -20.663168 -24.340410 -10.918060 -17.249304 -23.545523 -14.321182 -17.653503 -24.285490 -10.811768 -17.505955 -23.894171 -14.214905 -17.910156 -24.634140 -11.033875 -21.740967 -20.559387 -14.436996 -22.145166 -21.299353 -14.321182 -17.653503 -24.285490 -13.756851 -21.428221 -24.819004 -14.214905 -17.910156 -24.634140 -13.742889 -21.067368 -25.080378 -14.129822 -18.312847 -24.805391 -13.783936 -20.626535 -25.132408 -10.353714 -21.024019 -24.079039 -10.918060 -17.249304 -23.545523 -10.339767 -20.663168 -24.340410 -10.811768 -17.505955 -23.894171 -10.380814 -20.222334 -24.392443 -10.726700 -17.908648 -24.065426 -13.783936 -20.626535 25.132408 -10.380814 -20.222334 24.392443 -10.726700 -17.908648 24.065426 -14.129822 -18.312847 24.805391 -11.017120 -17.207462 23.112896 -11.632004 -17.740229 19.993925 -15.035126 -18.144430 20.733889 -14.420227 -17.611664 23.852863 -11.033875 -21.740967 20.559387 -14.436996 -22.145166 21.299353 -15.035126 -18.144430 20.733889 -11.632004 -17.740229 19.993925 -14.436996 -22.145166 21.299353 -13.822083 -21.612402 24.418324 -14.420227 -17.611664 23.852863 -15.035126 -18.144430 20.733889 -10.418961 -21.208200 23.678358 -11.033875 -21.740967 20.559387 -11.632004 -17.740229 19.993925 -11.017120 -17.207462 23.112896 -10.418961 -21.208200 23.678358 -10.353714 -21.024019 24.079039 -13.756851 -21.428221 24.819004 -13.822083 -21.612402 24.418324 -10.339767 -20.663168 24.340410 -13.742889 -21.067368 25.080378 -14.321182 -17.653503 24.285490 -10.918060 -17.249304 23.545523 -14.214905 -17.910156 24.634140 -10.811768 -17.505955 23.894171 -14.436996 -22.145166 21.299353 -11.033875 -21.740967 20.559387 -13.756851 -21.428221 24.819004 -14.321182 -17.653503 24.285490 -13.742889 -21.067368 25.080378 -14.214905 -17.910156 24.634140 -13.783936 -20.626535 25.132408 -14.129822 -18.312847 24.805391 -10.918060 -17.249304 23.545523 -10.353714 -21.024019 24.079039 
						-10.811768 -17.505955 23.894171 -10.339767 -20.663168 24.340410 -10.726700 -17.908648 24.065426 -10.380814 -20.222334 24.392443 -14.354813 -19.646860 -23.575085 -10.694199 -19.184330 -22.795910 -10.638718 -19.432529 -22.909275 -14.299316 -19.895060 -23.688446 -14.420380 -19.464054 -23.375546 -10.759766 -19.001522 -22.596375 -14.486053 -19.374470 -23.120213 -10.825455 -18.911938 -22.341042 -14.541809 -19.391745 -22.847954 -10.881210 -18.929213 -22.068781 -14.579193 -19.513252 -22.600222 -10.918594 -19.050720 -21.821049 -14.592499 -19.720491 -22.414726 -10.931900 -19.257959 -21.635555 -14.579681 -19.981913 -22.319712 -10.919083 -19.519381 -21.540541 -14.542725 -20.257717 -22.329639 -10.882126 -19.795187 -21.550468 -14.487213 -20.505915 -22.443005 -10.826630 -20.043385 -21.663832 -14.421646 -20.688723 -22.642538 -10.761063 -20.226192 -21.863369 -14.355988 -20.778309 -22.897873 -10.695389 -20.315777 -22.118702 -14.300232 -20.761032 -23.170132 -10.639633 -20.298502 -22.390961 -14.262848 -20.639524 -23.417866 -10.602249 -20.176994 -22.638697 -10.639633 -20.298502 -22.390961 -14.300232 -20.761032 -23.170132 -14.249557 -20.432285 -23.603359 -10.588959 -19.969755 -22.824188 -14.262360 -20.170864 -23.698374 -10.601761 -19.708334 -22.919203 -14.579681 -19.981913 -22.319712 -14.592499 -19.720491 -22.414726 -14.460266 -19.900885 -22.928883 -14.447449 -20.162306 -22.833868 -14.486053 -19.374470 -23.120213 -14.420380 -19.464054 -23.375546 -14.394592 -19.990471 -23.184217 -14.249557 -20.432285 -23.603359 -14.262848 -20.639524 -23.417866 -14.380920 -20.654446 -23.443001 -14.367615 -20.447206 -23.628494 -14.381790 -20.251890 -23.089201 -14.262360 -20.170864 -23.698374 -14.249557 -20.432285 -23.603359 -14.355988 -20.778309 -22.897873 -14.421646 -20.688723 -22.642538 -14.487213 -20.505915 -22.443005 -14.542725 -20.257717 -22.329639 -14.660797 -20.272638 -22.354776 -14.605316 -20.520836 -22.468138 -14.460266 -19.900885 -22.928883 -14.592499 -19.720491 -22.414726 -14.710556 -19.735411 -22.439859 -14.578339 -19.915804 -22.954016 -14.541809 -19.391745 -22.847954 -14.486053 -19.374470 -23.120213 
						-14.604111 -19.389389 -23.145346 -14.659882 -19.406664 -22.873087 -14.604111 -19.389389 -23.145346 -14.578339 -19.915804 -22.954016 -14.710556 -19.735411 -22.439859 -14.355988 -20.778309 -22.897873 -14.381790 -20.251890 -23.089201 -14.499847 -20.266811 -23.114336 -14.474060 -20.793230 -22.923010 -14.486053 -19.374470 -23.120213 -14.460266 -19.900885 -22.928883 -14.578339 -19.915804 -22.954016 -14.604111 -19.389389 -23.145346 -14.579681 -19.981913 -22.319712 -14.447449 -20.162306 -22.833868 -14.565521 -20.177225 -22.859001 -14.697754 -19.996832 -22.344845 -14.447449 -20.162306 -22.833868 -14.421646 -20.688723 -22.642538 -14.539749 -20.703644 -22.667673 -14.565521 -20.177225 -22.859001 -14.380432 -20.185785 -23.723509 -14.512665 -20.005390 -23.209351 -14.538467 -19.478973 -23.400679 -14.418304 -20.775953 -23.195265 -14.474060 -20.793230 -22.923010 -14.367615 -20.447206 -23.628494 -14.380920 -20.654446 -23.443001 -14.660797 -20.272638 -22.354776 -14.697754 -19.996832 -22.344845 -14.539749 -20.703644 -22.667673 -14.605316 -20.520836 -22.468138 -14.565521 -20.177225 -22.859001 -14.472900 -19.661781 -23.600218 -14.417389 -19.909981 -23.713579 -14.697266 -19.528172 -22.625353 -14.659882 -19.406664 -22.873087 -14.499847 -20.266811 -23.114336 -14.420380 -19.464054 -23.375546 -14.354813 -19.646860 -23.575085 -14.472900 -19.661781 -23.600218 -14.538467 -19.478973 -23.400679 -14.299316 -19.895060 -23.688446 -14.262360 -20.170864 -23.698374 -14.380432 -20.185785 -23.723509 -14.417389 -19.909981 -23.713579 -14.300232 -20.761032 -23.170132 -14.355988 -20.778309 -22.897873 -14.474060 -20.793230 -22.923010 -14.418304 -20.775953 -23.195265 -14.579193 -19.513252 -22.600222 -14.697266 -19.528172 -22.625353 -14.421646 -20.688723 -22.642538 -14.539749 -20.703644 -22.667673 -14.381790 -20.251890 -23.089201 -14.249557 -20.432285 -23.603359 -14.367615 -20.447206 -23.628494 -14.499847 -20.266811 -23.114336 -14.579681 -19.981913 -22.319712 -14.697754 -19.996832 -22.344845 -14.300232 -20.761032 -23.170132 -14.418304 -20.775953 -23.195265 -14.394592 -19.990471 -23.184217 -14.420380 -19.464054 -23.375546 
						-14.538467 -19.478973 -23.400679 -14.512665 -20.005390 -23.209351 -14.262360 -20.170864 -23.698374 -14.394592 -19.990471 -23.184217 -14.512665 -20.005390 -23.209351 -14.380432 -20.185785 -23.723509 -14.592499 -19.720491 -22.414726 -14.710556 -19.735411 -22.439859 -10.919083 -19.519381 -21.540541 -10.786850 -19.699774 -22.054697 -10.799667 -19.438353 -22.149712 -10.931900 -19.257959 -21.635555 -10.825455 -18.911938 -22.341042 -10.733994 -19.527939 -22.405046 -10.759766 -19.001522 -22.596375 -10.588959 -19.969755 -22.824188 -10.470856 -19.954834 -22.799055 -10.484146 -20.162075 -22.613564 -10.602249 -20.176994 -22.638697 -10.721191 -19.789360 -22.310030 -10.588959 -19.969755 -22.824188 -10.601761 -19.708334 -22.919203 -10.761063 -20.226192 -21.863369 -10.695389 -20.315777 -22.118702 -10.826630 -20.043385 -21.663832 -10.708542 -20.028465 -21.638697 -10.764023 -19.780266 -21.525335 -10.882126 -19.795187 -21.550468 -10.799667 -19.438353 -22.149712 -10.681564 -19.423433 -22.124578 -10.813797 -19.243040 -21.610422 -10.931900 -19.257959 -21.635555 -10.881210 -18.929213 -22.068781 -10.763138 -18.914295 -22.043648 -10.707352 -18.897018 -22.315905 -10.825455 -18.911938 -22.341042 -10.707352 -18.897018 -22.315905 -10.813797 -19.243040 -21.610422 -10.681564 -19.423433 -22.124578 -10.695389 -20.315777 -22.118702 -10.577301 -20.300858 -22.093569 -10.603104 -19.774441 -22.284897 -10.721191 -19.789360 -22.310030 -10.825455 -18.911938 -22.341042 -10.707352 -18.897018 -22.315905 -10.681564 -19.423433 -22.124578 -10.799667 -19.438353 -22.149712 -10.919083 -19.519381 -21.540541 -10.801010 -19.504461 -21.515408 -10.668762 -19.684855 -22.029564 -10.786850 -19.699774 -22.054697 -10.786850 -19.699774 -22.054697 -10.668762 -19.684855 -22.029564 -10.642975 -20.211271 -21.838236 -10.761063 -20.226192 -21.863369 -10.483658 -19.693413 -22.894070 -10.641708 -18.986603 -22.571241 -10.615891 -19.513020 -22.379913 -10.521530 -20.283581 -22.365828 -10.484146 -20.162075 -22.613564 -10.470856 -19.954834 -22.799055 -10.577301 -20.300858 -22.093569 -10.764023 -19.780266 -21.525335 -10.708542 -20.028465 -21.638697 
						-10.642975 -20.211271 -21.838236 -10.801010 -19.504461 -21.515408 -10.668762 -19.684855 -22.029564 -10.520645 -19.417610 -22.884138 -10.576126 -19.169409 -22.770779 -10.763138 -18.914295 -22.043648 -10.800522 -19.035801 -21.795916 -10.603104 -19.774441 -22.284897 -10.759766 -19.001522 -22.596375 -10.641708 -18.986603 -22.571241 -10.576126 -19.169409 -22.770779 -10.694199 -19.184330 -22.795910 -10.638718 -19.432529 -22.909275 -10.520645 -19.417610 -22.884138 -10.483658 -19.693413 -22.894070 -10.601761 -19.708334 -22.919203 -10.639633 -20.298502 -22.390961 -10.521530 -20.283581 -22.365828 -10.577301 -20.300858 -22.093569 -10.695389 -20.315777 -22.118702 -10.918594 -19.050720 -21.821049 -10.800522 -19.035801 -21.795916 -10.761063 -20.226192 -21.863369 -10.642975 -20.211271 -21.838236 -10.721191 -19.789360 -22.310030 -10.603104 -19.774441 -22.284897 -10.470856 -19.954834 -22.799055 -10.588959 -19.969755 -22.824188 -10.801010 -19.504461 -21.515408 -10.919083 -19.519381 -21.540541 -10.521530 -20.283581 -22.365828 -10.639633 -20.298502 -22.390961 -10.733994 -19.527939 -22.405046 -10.615891 -19.513020 -22.379913 -10.641708 -18.986603 -22.571241 -10.759766 -19.001522 -22.596375 -10.601761 -19.708334 -22.919203 -10.483658 -19.693413 -22.894070 -10.615891 -19.513020 -22.379913 -10.733994 -19.527939 -22.405046 -10.931900 -19.257959 -21.635555 -10.813797 -19.243040 -21.610422 -14.354813 -19.646860 23.575085 -14.299316 -19.895060 23.688446 -10.638718 -19.432529 22.909275 -10.694199 -19.184330 22.795910 -14.420380 -19.464054 23.375546 -10.759766 -19.001522 22.596375 -14.486053 -19.374470 23.120213 -10.825455 -18.911938 22.341042 -14.541809 -19.391745 22.847954 -10.881210 -18.929213 22.068781 -14.579193 -19.513252 22.600222 -10.918594 -19.050720 21.821049 -14.592499 -19.720491 22.414726 -10.931900 -19.257959 21.635555 -14.579681 -19.981913 22.319712 -10.919083 -19.519381 21.540541 -14.542725 -20.257717 22.329639 -10.882126 -19.795187 21.550468 -14.487213 -20.505915 22.443005 -10.826630 -20.043385 21.663832 -14.421646 -20.688723 22.642538 -10.761063 -20.226192 21.863369 
						-14.355988 -20.778309 22.897873 -10.695389 -20.315777 22.118702 -14.300232 -20.761032 23.170132 -10.639633 -20.298502 22.390961 -14.262848 -20.639524 23.417866 -14.300232 -20.761032 23.170132 -10.639633 -20.298502 22.390961 -10.602249 -20.176994 22.638697 -14.249557 -20.432285 23.603359 -10.588959 -19.969755 22.824188 -14.262360 -20.170864 23.698374 -10.601761 -19.708334 22.919203 -14.579681 -19.981913 22.319712 -14.447449 -20.162306 22.833868 -14.460266 -19.900885 22.928883 -14.592499 -19.720491 22.414726 -14.486053 -19.374470 23.120213 -14.394592 -19.990471 23.184217 -14.420380 -19.464054 23.375546 -14.249557 -20.432285 23.603359 -14.367615 -20.447206 23.628494 -14.380920 -20.654446 23.443001 -14.262848 -20.639524 23.417866 -14.381790 -20.251890 23.089201 -14.249557 -20.432285 23.603359 -14.262360 -20.170864 23.698374 -14.421646 -20.688723 22.642538 -14.355988 -20.778309 22.897873 -14.487213 -20.505915 22.443005 -14.605316 -20.520836 22.468138 -14.660797 -20.272638 22.354776 -14.542725 -20.257717 22.329639 -14.460266 -19.900885 22.928883 -14.578339 -19.915804 22.954016 -14.710556 -19.735411 22.439859 -14.592499 -19.720491 22.414726 -14.541809 -19.391745 22.847954 -14.659882 -19.406664 22.873087 -14.604111 -19.389389 23.145346 -14.486053 -19.374470 23.120213 -14.604111 -19.389389 23.145346 -14.710556 -19.735411 22.439859 -14.578339 -19.915804 22.954016 -14.355988 -20.778309 22.897873 -14.474060 -20.793230 22.923010 -14.499847 -20.266811 23.114336 -14.381790 -20.251890 23.089201 -14.486053 -19.374470 23.120213 -14.604111 -19.389389 23.145346 -14.578339 -19.915804 22.954016 -14.460266 -19.900885 22.928883 -14.579681 -19.981913 22.319712 -14.697754 -19.996832 22.344845 -14.565521 -20.177225 22.859001 -14.447449 -20.162306 22.833868 -14.447449 -20.162306 22.833868 -14.565521 -20.177225 22.859001 -14.539749 -20.703644 22.667673 -14.421646 -20.688723 22.642538 -14.380432 -20.185785 23.723509 -14.538467 -19.478973 23.400679 -14.512665 -20.005390 23.209351 -14.418304 -20.775953 23.195265 -14.380920 -20.654446 23.443001 
						-14.367615 -20.447206 23.628494 -14.474060 -20.793230 22.923010 -14.660797 -20.272638 22.354776 -14.605316 -20.520836 22.468138 -14.539749 -20.703644 22.667673 -14.697754 -19.996832 22.344845 -14.565521 -20.177225 22.859001 -14.417389 -19.909981 23.713579 -14.472900 -19.661781 23.600218 -14.659882 -19.406664 22.873087 -14.697266 -19.528172 22.625353 -14.499847 -20.266811 23.114336 -14.420380 -19.464054 23.375546 -14.538467 -19.478973 23.400679 -14.472900 -19.661781 23.600218 -14.354813 -19.646860 23.575085 -14.299316 -19.895060 23.688446 -14.417389 -19.909981 23.713579 -14.380432 -20.185785 23.723509 -14.262360 -20.170864 23.698374 -14.300232 -20.761032 23.170132 -14.418304 -20.775953 23.195265 -14.474060 -20.793230 22.923010 -14.355988 -20.778309 22.897873 -14.579193 -19.513252 22.600222 -14.697266 -19.528172 22.625353 -14.421646 -20.688723 22.642538 -14.539749 -20.703644 22.667673 -14.381790 -20.251890 23.089201 -14.499847 -20.266811 23.114336 -14.367615 -20.447206 23.628494 -14.249557 -20.432285 23.603359 -14.697754 -19.996832 22.344845 -14.579681 -19.981913 22.319712 -14.418304 -20.775953 23.195265 -14.300232 -20.761032 23.170132 -14.394592 -19.990471 23.184217 -14.512665 -20.005390 23.209351 -14.538467 -19.478973 23.400679 -14.420380 -19.464054 23.375546 -14.262360 -20.170864 23.698374 -14.380432 -20.185785 23.723509 -14.512665 -20.005390 23.209351 -14.394592 -19.990471 23.184217 -14.592499 -19.720491 22.414726 -14.710556 -19.735411 22.439859 -10.919083 -19.519381 21.540541 -10.931900 -19.257959 21.635555 -10.799667 -19.438353 22.149712 -10.786850 -19.699774 22.054697 -10.825455 -18.911938 22.341042 -10.759766 -19.001522 22.596375 -10.733994 -19.527939 22.405046 -10.588959 -19.969755 22.824188 -10.602249 -20.176994 22.638697 -10.484146 -20.162075 22.613564 -10.470856 -19.954834 22.799055 -10.721191 -19.789360 22.310030 -10.601761 -19.708334 22.919203 -10.588959 -19.969755 22.824188 -10.695389 -20.315777 22.118702 -10.761063 -20.226192 21.863369 -10.826630 -20.043385 21.663832 -10.882126 -19.795187 21.550468 
						-10.764023 -19.780266 21.525335 -10.708542 -20.028465 21.638697 -10.799667 -19.438353 22.149712 -10.931900 -19.257959 21.635555 -10.813797 -19.243040 21.610422 -10.681564 -19.423433 22.124578 -10.881210 -18.929213 22.068781 -10.825455 -18.911938 22.341042 -10.707352 -18.897018 22.315905 -10.763138 -18.914295 22.043648 -10.707352 -18.897018 22.315905 -10.681564 -19.423433 22.124578 -10.813797 -19.243040 21.610422 -10.695389 -20.315777 22.118702 -10.721191 -19.789360 22.310030 -10.603104 -19.774441 22.284897 -10.577301 -20.300858 22.093569 -10.825455 -18.911938 22.341042 -10.799667 -19.438353 22.149712 -10.681564 -19.423433 22.124578 -10.707352 -18.897018 22.315905 -10.919083 -19.519381 21.540541 -10.786850 -19.699774 22.054697 -10.668762 -19.684855 22.029564 -10.801010 -19.504461 21.515408 -10.786850 -19.699774 22.054697 -10.761063 -20.226192 21.863369 -10.642975 -20.211271 21.838236 -10.668762 -19.684855 22.029564 -10.483658 -19.693413 22.894070 -10.615891 -19.513020 22.379913 -10.641708 -18.986603 22.571241 -10.521530 -20.283581 22.365828 -10.577301 -20.300858 22.093569 -10.470856 -19.954834 22.799055 -10.484146 -20.162075 22.613564 -10.764023 -19.780266 21.525335 -10.801010 -19.504461 21.515408 -10.642975 -20.211271 21.838236 -10.708542 -20.028465 21.638697 -10.668762 -19.684855 22.029564 -10.576126 -19.169409 22.770779 -10.520645 -19.417610 22.884138 -10.800522 -19.035801 21.795916 -10.763138 -18.914295 22.043648 -10.603104 -19.774441 22.284897 -10.759766 -19.001522 22.596375 -10.694199 -19.184330 22.795910 -10.576126 -19.169409 22.770779 -10.641708 -18.986603 22.571241 -10.638718 -19.432529 22.909275 -10.601761 -19.708334 22.919203 -10.483658 -19.693413 22.894070 -10.520645 -19.417610 22.884138 -10.639633 -20.298502 22.390961 -10.695389 -20.315777 22.118702 -10.577301 -20.300858 22.093569 -10.521530 -20.283581 22.365828 -10.918594 -19.050720 21.821049 -10.800522 -19.035801 21.795916 -10.761063 -20.226192 21.863369 -10.642975 -20.211271 21.838236 -10.721191 -19.789360 22.310030 -10.588959 -19.969755 22.824188 
						-10.470856 -19.954834 22.799055 -10.603104 -19.774441 22.284897 -10.919083 -19.519381 21.540541 -10.801010 -19.504461 21.515408 -10.639633 -20.298502 22.390961 -10.521530 -20.283581 22.365828 -10.733994 -19.527939 22.405046 -10.759766 -19.001522 22.596375 -10.641708 -18.986603 22.571241 -10.615891 -19.513020 22.379913 -10.601761 -19.708334 22.919203 -10.733994 -19.527939 22.405046 -10.615891 -19.513020 22.379913 -10.483658 -19.693413 22.894070 -10.931900 -19.257959 21.635555 -10.813797 -19.243040 21.610422 -9.397171 -32.080883 -18.610823 -7.740143 -31.694565 -18.209911 -17.122421 -29.847475 -19.795433 -15.383011 -30.906006 -19.622972 -5.848785 -26.926800 -19.565441 -7.355881 -14.805062 -17.813931 -7.837814 -15.209039 -15.432795 -6.330704 -27.330776 -17.184305 -10.853348 -10.328725 -17.762342 -14.000076 -10.367123 -18.405729 -14.482010 -10.771099 -16.024593 -11.335266 -10.732702 -15.381205 -18.721893 -24.867435 -19.274246 -17.169189 -15.254005 -17.329012 -16.687256 -14.850029 -19.710150 -18.239960 -24.463459 -21.655386 -14.901093 -30.502029 -22.004110 -16.640503 -29.443497 -22.176569 -7.258240 -31.290588 -20.591051 -8.915253 -31.676907 -20.991959 -14.901093 -30.502029 -22.004110 -15.383011 -30.906006 -19.622972 -17.122421 -29.847475 -19.795433 -16.640503 -29.443497 -22.176569 -18.332153 -27.637056 -19.665258 -17.850250 -27.233080 -22.046394 -15.392242 -10.980314 -18.791523 -15.874161 -11.384291 -16.410383 -16.375763 -12.621172 -19.268959 -16.857681 -13.025146 -16.887825 -9.397171 -32.080883 -18.610823 -8.915253 -31.676907 -20.991959 -7.258240 -31.290588 -20.591051 -7.740143 -31.694565 -18.209911 -6.118683 -29.551720 -20.065403 -6.600616 -29.955696 -17.684265 -6.600616 -29.955696 -17.684265 -6.118683 -29.551720 -20.065403 -9.856354 -11.320089 -15.181540 -9.374420 -10.916112 -17.562675 -8.577911 -12.958563 -15.200777 -8.095993 -12.554586 -17.581913 -17.850250 -27.233080 -22.046394 -6.118683 -29.551720 -20.065403 -18.239960 -24.463459 -21.655386 -5.848785 -26.926800 -19.565441 -16.687256 -14.850029 -19.710150 -7.355881 -14.805062 -17.813931 
						-12.595566 -18.734222 -19.541002 -14.094482 -18.736435 -19.844746 -16.375763 -12.621172 -19.268959 -8.095993 -12.554586 -17.581913 -15.392242 -10.980314 -18.791523 -9.374420 -10.916112 -17.562675 -14.000076 -10.367123 -18.405729 -10.853348 -10.328725 -17.762342 -6.600616 -29.955696 -17.684265 -18.332153 -27.637056 -19.665258 -6.330704 -27.330776 -17.184305 -18.721893 -24.867435 -19.274246 -7.837814 -15.209039 -15.432795 -17.169189 -15.254005 -17.329012 -8.577911 -12.958563 -15.200777 -16.857681 -13.025146 -16.887825 -9.856354 -11.320089 -15.181540 -15.874161 -11.384291 -16.410383 -11.335266 -10.732702 -15.381205 -14.482010 -10.771099 -16.024593 -12.595566 -18.734222 -19.541002 -12.487488 -21.657732 -20.015120 -12.281754 -21.485275 -21.031635 -12.389832 -18.561764 -20.557516 -12.487488 -21.657732 -20.015120 -13.986908 -21.646334 -20.316658 -12.487488 -21.657732 -20.015120 -13.986908 -21.646334 -20.316658 -13.781158 -21.473875 -21.333168 -12.281754 -21.485275 -21.031635 -13.986908 -21.646334 -20.316658 -14.094482 -18.736435 -19.844746 -13.888748 -18.563976 -20.861258 -13.781158 -21.473875 -21.333168 -14.094482 -18.736435 -19.844746 -12.595566 -18.734222 -19.541002 -12.389832 -18.561764 -20.557516 -13.888748 -18.563976 -20.861258 -9.397171 -32.080883 18.610823 -15.383011 -30.906006 19.622972 -17.122421 -29.847475 19.795433 -7.740143 -31.694565 18.209911 -5.848785 -26.926800 19.565441 -6.330704 -27.330776 17.184305 -7.837814 -15.209039 15.432795 -7.355881 -14.805062 17.813931 -10.853348 -10.328725 17.762342 -11.335266 -10.732702 15.381205 -14.482010 -10.771099 16.024593 -14.000076 -10.367123 18.405729 -18.721893 -24.867435 19.274246 -18.239960 -24.463459 21.655386 -16.687256 -14.850029 19.710150 -17.169189 -15.254005 17.329012 -14.901093 -30.502029 22.004110 -8.915253 -31.676907 20.991959 -7.258240 -31.290588 20.591051 -16.640503 -29.443497 22.176569 -14.901093 -30.502029 22.004110 -16.640503 -29.443497 22.176569 -17.122421 -29.847475 19.795433 -15.383011 -30.906006 19.622972 -17.850250 -27.233080 22.046394 -18.332153 -27.637056 19.665258 
						-15.874161 -11.384291 16.410383 -15.392242 -10.980314 18.791523 -16.857681 -13.025146 16.887825 -16.375763 -12.621172 19.268959 -9.397171 -32.080883 18.610823 -7.740143 -31.694565 18.209911 -7.258240 -31.290588 20.591051 -8.915253 -31.676907 20.991959 -6.600616 -29.955696 17.684265 -6.118683 -29.551720 20.065403 -9.374420 -10.916112 17.562675 -9.856354 -11.320089 15.181540 -8.095993 -12.554586 17.581913 -8.577911 -12.958563 15.200777 -6.118683 -29.551720 20.065403 -17.850250 -27.233080 22.046394 -5.848785 -26.926800 19.565441 -18.239960 -24.463459 21.655386 -16.687256 -14.850029 19.710150 -14.094482 -18.736435 19.844746 -12.595566 -18.734222 19.541002 -7.355881 -14.805062 17.813931 -8.095993 -12.554586 17.581913 -16.375763 -12.621172 19.268959 -9.374420 -10.916112 17.562675 -15.392242 -10.980314 18.791523 -10.853348 -10.328725 17.762342 -14.000076 -10.367123 18.405729 -18.332153 -27.637056 19.665258 -6.600616 -29.955696 17.684265 -18.721893 -24.867435 19.274246 -6.330704 -27.330776 17.184305 -17.169189 -15.254005 17.329012 -7.837814 -15.209039 15.432795 -16.857681 -13.025146 16.887825 -8.577911 -12.958563 15.200777 -15.874161 -11.384291 16.410383 -9.856354 -11.320089 15.181540 -14.482010 -10.771099 16.024593 -11.335266 -10.732702 15.381205 -12.595566 -18.734222 19.541002 -12.389832 -18.561764 20.557516 -12.281754 -21.485275 21.031635 -12.487488 -21.657732 20.015120 -12.487488 -21.657732 20.015120 -13.986908 -21.646334 20.316658 -12.487488 -21.657732 20.015120 -12.281754 -21.485275 21.031635 -13.781158 -21.473875 21.333168 -13.986908 -21.646334 20.316658 -13.986908 -21.646334 20.316658 -13.781158 -21.473875 21.333168 -13.888748 -18.563976 20.861258 -14.094482 -18.736435 19.844746 -14.094482 -18.736435 19.844746 -13.888748 -18.563976 20.861258 -12.389832 -18.561764 20.557516 -12.595566 -18.734222 19.541002 
					</float_array>
					<technique_common>
						<accessor count="4922" offset="0" source="#meshId0-positions-array" stride="3">
							<param name="X" type="float" />
							<param name="Y" type="float" />
							<param name="Z" type="float" />
						</accessor>
					</technique_common>
				</source>
				<source id="meshId0-normals" name="meshId0-normals">
					<float_array id="meshId0-normals-array" count="14766"> 
						0.441062 -0.435604 -0.784674 0.441278 -0.356542 -0.823500 -0.000000 -0.397300 -0.917689 -0.000000 -0.485343 -0.874324 0.441376 -0.274059 -0.854447 0.000000 -0.305430 -0.952214 -0.000000 -0.397300 -0.917689 0.000000 -0.305430 -0.952214 -0.441376 -0.274059 -0.854447 -0.441278 -0.356542 -0.823500 -0.000000 -0.485343 -0.874324 -0.441062 -0.435604 -0.784674 0.429045 0.900214 0.074399 0.428484 0.903438 -0.014200 0.000001 0.999876 -0.015760 0.000001 0.996606 0.082321 0.427910 0.897966 -0.102713 -0.000000 0.993517 -0.113687 -0.427909 0.897966 -0.102713 -0.428482 0.903439 -0.014200 -0.429045 0.900214 0.074398 0.440465 -0.580522 -0.684824 0.440780 -0.510506 -0.738307 0.000000 -0.568711 -0.822538 0.000001 -0.646600 -0.762829 0.000000 -0.568711 -0.822538 -0.440781 -0.510506 -0.738306 0.000001 -0.646600 -0.762829 -0.440466 -0.580522 -0.684824 0.427348 0.883834 -0.190292 -0.000001 0.977589 -0.210522 0.426783 0.861180 -0.276091 0.000001 0.952246 -0.305332 -0.426783 0.861180 -0.276090 -0.427348 0.883834 -0.190291 0.439687 -0.703281 -0.558633 0.440089 -0.644991 -0.624747 0.000001 -0.718261 -0.695773 0.000000 -0.783004 -0.622016 0.000001 -0.718261 -0.695773 -0.440090 -0.644991 -0.624746 0.000000 -0.783004 -0.622016 -0.439688 -0.703281 -0.558633 0.426240 0.830205 -0.359275 0.000000 0.917732 -0.397200 0.425709 0.791209 -0.439044 -0.000001 0.874379 -0.485243 -0.425709 0.791209 -0.439045 -0.426241 0.830204 -0.359276 0.422435 0.074557 -0.903322 0.422387 -0.014353 -0.906302 0.000000 -0.015839 -0.999875 0.000001 0.082251 -0.996612 0.422383 -0.103132 -0.900531 -0.000001 -0.113778 -0.993506 -0.422387 -0.103131 -0.900530 -0.422390 -0.014355 -0.906301 -0.422437 0.074557 -0.903321 0.438756 -0.799164 -0.410890 0.439231 -0.754842 -0.487123 -0.000001 -0.840205 -0.542269 -0.000002 -0.889313 -0.457299 -0.000001 -0.840205 -0.542269 -0.439231 -0.754842 -0.487124 
						-0.000002 -0.889313 -0.457299 -0.438755 -0.799164 -0.410890 0.425209 0.744555 -0.514622 -0.000001 0.822604 -0.568615 0.424729 0.690696 -0.585273 -0.000001 0.762907 -0.646509 -0.424727 0.690698 -0.585273 -0.425208 0.744556 -0.514621 0.422446 -0.190909 -0.886055 -0.000002 -0.210619 -0.977568 0.422557 -0.276832 -0.863023 -0.000003 -0.305429 -0.952215 -0.422556 -0.276833 -0.863024 -0.422446 -0.190909 -0.886055 0.437705 -0.864465 -0.247216 0.438236 -0.835828 -0.330668 -0.000002 -0.929855 -0.367925 -0.000002 -0.961442 -0.275009 -0.000002 -0.929855 -0.367925 -0.438235 -0.835829 -0.330667 -0.000002 -0.961442 -0.275009 -0.437704 -0.864465 -0.247216 0.424289 0.630142 -0.650308 0.000000 0.695860 -0.718178 0.423878 0.563479 -0.709097 0.000001 0.622110 -0.782930 -0.423880 0.563479 -0.709096 -0.424290 0.630142 -0.650308 0.422733 -0.360068 -0.831653 -0.000001 -0.397299 -0.917689 0.422955 -0.439810 -0.792260 0.000002 -0.485342 -0.874324 -0.422956 -0.439808 -0.792261 -0.422735 -0.360066 -0.831653 0.436573 -0.896633 -0.073855 0.437138 -0.884805 -0.161339 -0.000001 -0.983768 -0.179445 -0.000001 -0.996620 -0.082153 -0.000001 -0.983768 -0.179445 -0.437137 -0.884806 -0.161339 -0.000001 -0.996620 -0.082153 -0.436574 -0.896632 -0.073856 0.423517 0.491346 -0.761060 0.000000 0.542368 -0.840141 0.423195 0.414444 -0.805694 0.000000 0.457403 -0.889260 -0.423197 0.414444 -0.805693 -0.423520 0.491345 -0.761059 0.423235 -0.515280 -0.745224 0.000002 -0.568709 -0.822539 0.423552 -0.585755 -0.691010 0.000001 -0.646600 -0.762829 -0.423552 -0.585756 -0.691009 -0.423234 -0.515281 -0.745224 0.435408 -0.894373 0.102554 0.435985 -0.899839 0.014392 -0.000000 -0.999873 0.015930 0.000001 -0.993497 0.113857 -0.000000 -0.999873 0.015930 -0.435986 -0.899838 0.014392 0.000001 -0.993497 0.113857 -0.435407 -0.894373 0.102554 0.527632 -0.111085 0.842179 0.704746 0.008904 0.709404 
						0.312969 0.017924 0.949594 0.223529 -0.065854 0.972470 0.531710 0.142075 0.834925 0.235937 0.103946 0.966193 0.151072 0.135098 0.979248 0.255632 0.013185 0.966684 0.127926 -0.085154 0.988121 0.422932 0.333514 -0.842554 0.000001 0.368033 -0.929812 0.422708 0.249341 -0.871290 0.000001 0.275114 -0.961412 -0.422712 0.249340 -0.871289 -0.422933 0.333514 -0.842554 0.423925 -0.650547 -0.630140 0.000000 -0.718261 -0.695774 0.424331 -0.709035 -0.563216 0.000000 -0.783004 -0.622017 -0.424332 -0.709035 -0.563216 -0.423927 -0.650547 -0.630139 0.434250 -0.857714 0.275234 0.434817 -0.880293 0.189782 -0.000001 -0.977554 0.210687 -0.000000 -0.952196 0.305489 -0.000001 -0.977554 0.210687 -0.434817 -0.880293 0.189783 -0.000000 -0.952196 0.305489 -0.434249 -0.857714 0.275235 0.424784 -0.760651 -0.490886 0.000001 -0.840204 -0.542270 0.425260 -0.804908 -0.413857 0.000001 -0.889313 -0.457300 -0.425260 -0.804907 -0.413857 -0.424784 -0.760651 -0.490886 0.433144 -0.788007 0.437528 0.433681 -0.826859 0.358086 0.000000 -0.917668 0.397347 -0.000001 -0.874304 0.485378 0.000000 -0.917668 0.397347 -0.433681 -0.826859 0.358086 -0.000001 -0.874304 0.485378 -0.433144 -0.788007 0.437528 0.425772 -0.841375 -0.332876 0.000001 -0.929855 -0.367926 0.426296 -0.869715 -0.248732 0.000000 -0.961441 -0.275010 -0.426296 -0.869715 -0.248732 -0.425772 -0.841375 -0.332876 0.432134 -0.687887 0.583157 0.432618 -0.741539 0.512799 -0.000001 -0.822521 0.568734 0.000000 -0.762818 0.646613 -0.000001 -0.822521 0.568734 -0.432618 -0.741539 0.512798 0.000000 -0.762818 0.646613 -0.432135 -0.687886 0.583157 0.429907 0.275713 0.859746 0.429780 0.190143 0.882686 0.000001 0.210592 0.977574 0.000001 0.305389 0.952228 0.429726 0.102724 0.897097 0.000001 0.113767 0.993507 0.000001 0.210592 0.977574 0.000001 0.113767 0.993507 -0.429723 0.102724 0.897099 
						-0.429780 0.190141 0.882687 0.000001 0.305389 0.952228 -0.429907 0.275714 0.859745 0.426849 -0.889651 -0.162238 0.000001 -0.983768 -0.179446 0.427403 -0.901008 -0.074233 0.000002 -0.996620 -0.082154 -0.427404 -0.901008 -0.074233 -0.426849 -0.889651 -0.162238 0.431264 -0.561173 0.706467 0.431671 -0.627576 0.647927 0.000001 -0.695770 0.718265 0.000001 -0.622021 0.783000 0.000001 -0.695770 0.718265 -0.431672 -0.627575 0.647927 0.000001 -0.622021 0.783000 -0.431262 -0.561174 0.706468 0.430310 0.438029 0.789281 0.430075 0.358611 0.828513 0.000001 0.397245 0.917712 0.000002 0.485277 0.874361 0.000001 0.397245 0.917712 -0.430073 0.358613 0.828513 0.000002 0.485277 0.874361 -0.430311 0.438028 0.789281 0.427975 -0.903675 0.014435 0.000001 -0.999873 0.015928 0.428540 -0.897643 0.102911 -0.000000 -0.993497 0.113856 -0.428540 -0.897643 0.102911 -0.427976 -0.903675 0.014436 0.430563 -0.412738 0.802660 0.430885 -0.489332 0.758217 0.000000 -0.542285 0.840195 0.000000 -0.457326 0.889299 0.000000 -0.542285 0.840195 -0.430881 -0.489334 0.758218 0.000000 -0.457326 0.889299 -0.430562 -0.412738 0.802661 0.430928 0.583385 0.688449 0.430586 0.513197 0.742444 0.000003 0.568637 0.822588 0.000002 0.646522 0.762896 0.000003 0.568637 0.822588 -0.430589 0.513198 0.742443 0.000002 0.646522 0.762896 -0.430929 0.583386 0.688448 0.429109 -0.882970 0.190342 0.000001 -0.977554 0.210687 0.429659 -0.859813 0.275889 0.000000 -0.952196 0.305488 -0.429660 -0.859813 0.275889 -0.429109 -0.882970 0.190341 -0.000000 0.160557 0.987027 0.000001 0.700983 0.713178 0.532844 0.539046 0.652309 -0.151072 0.135099 0.979247 -0.532844 0.539047 0.652308 0.000001 0.700983 0.713178 -0.532844 0.539047 0.652308 -0.590140 0.596097 -0.544429 0.001038 0.884272 -0.466970 0.532844 0.539046 0.652309 0.596612 0.598664 -0.534468 
						-0.438300 0.785941 -0.436107 -0.437756 0.825149 -0.357071 -0.999746 -0.020845 0.008550 -0.999746 -0.019913 0.010576 -0.437207 0.856430 -0.274551 -0.999745 -0.021639 0.006467 -0.430203 -0.828395 0.358730 -0.430717 -0.789032 0.438077 -0.999746 0.022260 0.003604 -0.999744 0.022566 0.001398 -0.999745 0.021810 0.005786 -0.430142 0.867902 0.248443 -0.429606 0.888325 0.162227 -0.436628 0.879492 -0.189341 -0.999745 -0.022158 0.004303 -0.436056 0.894092 -0.102253 -0.999744 -0.022532 0.002110 -0.999747 0.021078 0.007892 -0.999746 0.020211 0.009949 -0.431162 0.802329 0.412757 -0.430670 0.839139 0.332218 -0.435463 0.900096 -0.014129 -0.999744 -0.022614 -0.000109 -0.434887 0.897424 0.074186 -0.999743 -0.022549 -0.002328 -0.999747 0.019080 0.011875 -0.999747 0.017819 0.013721 -0.432068 0.706057 0.561072 -0.431636 0.757821 0.489283 -0.434303 0.886109 0.161840 -0.999743 -0.022200 -0.004517 -0.433745 0.866238 0.247985 -0.999742 -0.021708 -0.006675 -0.999748 0.016328 0.015389 -0.999748 0.014728 0.016954 -0.432825 0.582808 0.687748 -0.432472 0.647528 0.627435 -0.433192 0.838009 0.331791 -0.999743 -0.020939 -0.008748 -0.432679 0.801675 0.412440 -0.999741 -0.020039 -0.010767 -0.999749 0.012937 0.018297 -0.999748 0.011059 0.019518 -0.433404 0.437319 0.787981 -0.433143 0.512511 0.741431 -0.432179 0.757594 0.489155 -0.999742 -0.018887 -0.012649 -0.431727 0.706175 0.561186 -0.999740 -0.017617 -0.014451 -0.999749 0.009036 0.020482 -0.999810 0.007440 0.018043 -0.436295 0.277070 0.856083 -0.433626 0.357944 0.826949 0.429777 -0.074235 0.899878 0.999739 0.001812 -0.022777 0.999740 0.003982 -0.022463 0.429885 -0.162061 0.888220 0.422547 0.162739 -0.891611 0.999739 0.006132 -0.022005 0.430061 -0.248305 0.867982 -0.431299 0.647922 0.627837 -0.999741 -0.016124 -0.016070 -0.999740 -0.014532 -0.017591 -0.440176 -0.188808 -0.877836 
						-0.999920 0.009198 -0.008740 -0.434792 -0.101337 -0.894811 -0.995702 0.018231 -0.090803 -0.531711 0.142075 0.834924 -0.457590 0.203728 0.865509 -0.430058 -0.248305 0.867983 -0.430276 -0.332136 0.839373 -0.999740 0.008200 -0.021271 -0.999739 0.006128 -0.021998 -0.999739 0.010222 -0.020411 -0.999740 -0.012756 -0.018888 -0.999739 -0.010898 -0.020064 -0.999741 0.012111 -0.019287 -0.999740 0.013932 -0.018050 -0.999740 -0.008907 -0.020992 -0.999739 -0.006867 -0.021801 -0.434590 0.073024 -0.897663 -0.439946 0.160920 -0.883489 -0.999930 -0.009437 -0.007197 -0.996093 -0.021737 -0.085588 -0.441199 0.246877 -0.862783 -0.999807 -0.006881 0.018409 -0.435962 -0.249668 0.864641 -0.456019 -0.175068 0.872581 -0.527632 -0.111085 0.842178 -0.999741 0.015575 -0.016583 -0.999741 0.017124 -0.015013 -0.999740 -0.004735 -0.022324 -0.999739 -0.002573 -0.022703 -0.441081 0.330317 -0.834469 -0.999749 -0.008420 0.020753 -0.440820 0.410588 -0.798182 -0.999748 -0.010471 0.019851 -0.433168 -0.412177 0.801545 -0.433434 -0.331589 0.837964 -0.999742 0.018454 -0.013252 -0.999742 0.019668 -0.011407 0.429714 0.014312 0.902851 0.000001 0.015847 0.999874 0.000001 -0.082226 0.996614 0.000001 0.015847 0.999874 0.000001 -0.082226 0.996614 -0.429775 -0.074236 0.899879 -0.429712 0.014312 0.902853 -0.440496 0.486942 -0.754222 -0.999749 -0.012385 0.018689 -0.440139 0.558640 -0.702993 -0.999748 -0.014217 0.017402 -0.432507 -0.560814 0.705992 -0.432865 -0.488829 0.757413 -0.999743 0.020634 -0.009417 -0.999742 0.021471 -0.007366 -0.439726 0.625003 -0.644990 -0.999748 -0.015863 0.015888 -0.439289 0.685383 -0.580755 -0.999747 -0.017405 0.014270 -0.431680 -0.688063 0.583285 -0.432118 -0.627437 0.647763 -0.999744 0.022029 -0.005221 -0.999743 0.022448 -0.003042 -0.438803 0.739205 -0.510909 -0.999747 -0.018720 0.012463 -0.431218 -0.742100 0.513166 -0.999745 0.022581 -0.000824 
						-0.642653 -0.755632 -0.126561 -0.006754 -0.996557 0.082636 0.001897 -0.967214 0.253957 -0.650978 -0.757578 0.047985 -0.006754 -0.996557 0.082636 0.641083 -0.754882 -0.138441 0.650405 -0.759383 0.017647 0.001897 -0.967214 0.253957 0.622615 -0.634895 0.457448 -0.000621 -0.724543 0.689229 -0.000621 -0.724543 0.689229 -0.590986 -0.606642 0.531715 -0.987286 -0.003996 -0.158907 -0.430304 -0.014240 -0.902572 -0.704746 0.008904 0.709404 -0.882818 -0.052289 -0.466795 -0.905521 -0.136413 -0.401776 -0.479140 0.438925 -0.760112 -0.992467 -0.064042 -0.104440 -0.557105 0.543966 -0.627484 0.430142 0.867902 0.248443 0.429605 0.888325 0.162227 -0.000000 0.983738 0.179608 0.000000 0.961397 0.275164 0.440177 -0.188808 -0.877836 0.000000 -0.210618 -0.977568 0.434793 -0.101337 -0.894811 0.000000 -0.113777 -0.993506 0.000000 -0.210618 -0.977568 0.000000 -0.113777 -0.993506 0.431163 0.802329 0.412756 0.430670 0.839139 0.332219 0.000002 0.929798 0.368069 0.000001 0.889246 0.457430 0.432067 0.706056 0.561073 0.431636 0.757821 0.489283 -0.000001 0.840130 0.542385 0.000000 0.782925 0.622116 0.434590 0.073025 -0.897663 0.439945 0.160920 -0.883489 0.000001 0.179547 -0.983749 0.000000 0.082250 -0.996612 0.441199 0.246877 -0.862783 0.000000 0.275115 -0.961411 0.000001 0.179547 -0.983749 0.000000 0.275115 -0.961411 0.000000 0.082250 -0.996612 0.432825 0.582808 0.687748 0.432472 0.647528 0.627435 0.000001 0.718181 0.695856 -0.000000 0.646522 0.762895 0.441081 0.330318 -0.834468 -0.000000 0.368032 -0.929813 0.440820 0.410588 -0.798182 -0.000000 0.457404 -0.889259 -0.000000 0.368032 -0.929813 -0.000000 0.457404 -0.889259 0.433404 0.437318 0.787981 0.433143 0.512511 0.741431 -0.000000 0.568637 0.822588 0.000000 0.485278 0.874360 0.440495 0.486942 -0.754223 0.000000 0.542370 -0.840140 0.440139 0.558641 -0.702993 
						0.000000 0.622111 -0.782929 0.000000 0.542370 -0.840140 0.000000 0.622111 -0.782929 0.436295 0.277070 0.856083 0.433626 0.357944 0.826949 0.000000 0.397246 0.917712 0.000000 0.307930 0.951409 0.439725 0.625004 -0.644990 0.000000 0.695861 -0.718177 0.439288 0.685383 -0.580755 -0.000000 0.762907 -0.646508 0.000000 0.695861 -0.718177 -0.000000 0.762907 -0.646508 0.457590 0.203729 0.865509 0.000000 0.229721 0.973257 -0.000000 0.180583 0.983560 0.438801 0.739206 -0.510909 -0.000000 0.822605 -0.568613 0.438297 0.785942 -0.436108 -0.000000 0.874379 -0.485243 -0.000000 0.822605 -0.568613 -0.000000 0.874379 -0.485243 0.430304 -0.014240 -0.902572 0.000000 -0.015840 -0.999875 0.000000 -0.015840 -0.999875 0.437754 0.825149 -0.357071 -0.000001 0.917733 -0.397198 0.437206 0.856430 -0.274551 0.000001 0.952247 -0.305330 -0.000001 0.917733 -0.397198 0.000001 0.952247 -0.305330 0.435962 -0.249668 0.864641 0.456019 -0.175068 0.872581 0.000000 -0.197025 0.980398 -0.000000 -0.277383 0.960759 -0.000000 -0.143214 0.989692 0.436629 0.879492 -0.189341 0.000002 0.977589 -0.210522 0.436055 0.894092 -0.102253 0.000001 0.993517 -0.113687 0.000002 0.977589 -0.210522 0.000001 0.993517 -0.113687 -0.312968 0.017924 0.949594 -0.235937 0.103947 0.966193 -0.223529 -0.065854 0.972470 -0.127926 -0.085154 0.988121 -0.255632 0.013185 0.966684 0.433169 -0.412177 0.801545 0.433435 -0.331589 0.837964 -0.000000 -0.367964 0.929840 -0.000000 -0.457326 0.889299 0.435463 0.900096 -0.014129 0.000001 0.999876 -0.015757 0.434887 0.897424 0.074186 0.000001 0.996606 0.082322 0.000001 0.999876 -0.015757 0.000001 0.996606 0.082322 0.432508 -0.560814 0.705992 0.432865 -0.488829 0.757413 -0.000000 -0.542285 0.840195 -0.000000 -0.622022 0.783000 0.434303 0.886109 0.161840 0.000000 0.983738 0.179609 0.433746 0.866238 0.247985 
						-0.000000 0.961397 0.275165 0.000000 0.983738 0.179609 -0.000000 0.961397 0.275165 0.004068 0.607463 -0.794338 0.498770 0.453087 -0.738878 0.004518 0.713987 -0.700144 0.563807 0.550063 -0.616078 0.431680 -0.688063 0.583285 0.432118 -0.627437 0.647763 0.000000 -0.695770 0.718265 0.000000 -0.762819 0.646612 0.433193 0.838009 0.331790 0.000001 0.929798 0.368070 0.432678 0.801675 0.412440 0.000001 0.889245 0.457431 0.000001 0.929798 0.368070 0.000001 0.889245 0.457431 0.206391 -0.969936 0.128946 0.332784 -0.930069 0.155650 0.399127 -0.908499 -0.123806 0.320885 -0.944945 0.064120 0.545606 -0.819724 0.174262 0.696558 -0.678924 -0.232096 0.464128 -0.080858 -0.882070 0.455420 -0.559054 -0.692858 0.599136 -0.553406 -0.578600 0.697378 -0.661487 -0.275859 0.705698 -0.704441 -0.075848 0.430720 -0.789030 0.438077 0.431219 -0.742099 0.513165 0.000001 -0.822522 0.568734 0.000001 -0.874305 0.485378 0.432179 0.757594 0.489156 0.000002 0.840130 0.542385 0.431727 0.706174 0.561186 0.000002 0.782925 0.622117 0.000002 0.840130 0.542385 0.000002 0.782925 0.622117 0.000001 0.179545 -0.983750 -0.422551 0.162739 -0.891609 0.815951 0.015219 0.577920 0.478408 -0.472637 0.740095 0.815951 0.015219 0.577920 0.886671 -0.048742 -0.459824 0.478408 -0.472637 0.740095 0.430204 -0.828395 0.358730 -0.000001 -0.917669 0.397346 0.431300 0.647922 0.627836 0.000001 0.718181 0.695857 0.000001 0.718181 0.695857 0.430277 -0.332137 0.839373 0.000001 -0.367964 0.929840 0.000001 -0.275060 0.961427 0.000001 -0.367964 0.929840 0.000001 -0.275060 0.961427 -0.000001 -0.102630 0.994720 -0.000001 -0.593777 0.804630 -0.478407 -0.472637 0.740095 -0.000001 -0.593777 0.804630 -0.478407 -0.472637 0.740095 -0.000001 -0.593777 0.804630 0.999747 0.017819 0.013722 0.999748 0.016327 0.015388 0.999748 0.014727 0.016951 
						0.999749 0.012936 0.018296 0.999748 0.011059 0.019518 0.999749 0.009037 0.020483 0.999810 0.007440 0.018044 0.999920 0.009198 -0.008740 0.995702 0.018231 -0.090802 -0.815951 0.015218 0.577920 -0.815951 0.015218 0.577920 0.987286 -0.003996 -0.158906 0.996094 -0.021737 -0.085588 0.897980 -0.114048 -0.425000 0.984510 -0.055309 -0.166376 0.999930 -0.009436 -0.007198 0.999807 -0.006881 0.018408 0.999749 -0.008420 0.020752 0.999748 -0.010471 0.019851 0.999749 -0.012385 0.018688 0.999748 -0.014216 0.017401 0.999748 -0.015862 0.015887 0.999747 -0.017405 0.014269 0.999747 -0.018718 0.012462 0.999746 -0.019908 0.010574 0.999746 -0.020842 0.008549 0.999745 -0.021638 0.006467 0.999745 -0.022157 0.004303 0.999744 -0.022531 0.002110 0.999744 -0.022615 -0.000110 0.999743 -0.022553 -0.002328 0.999743 -0.022200 -0.004516 0.999742 -0.021709 -0.006676 0.999743 -0.020939 -0.008749 0.999741 -0.020039 -0.010766 0.999741 -0.018888 -0.012649 0.999740 -0.017617 -0.014451 0.999741 -0.016125 -0.016072 0.999740 -0.014529 -0.017589 0.999740 -0.012752 -0.018883 0.999739 -0.010899 -0.020064 0.999740 -0.008911 -0.020995 0.999739 -0.006865 -0.021793 0.999740 -0.004733 -0.022321 0.999739 -0.002574 -0.022710 -0.999740 -0.000382 -0.022804 -0.999739 0.001810 -0.022775 0.000001 -0.179507 0.983757 0.000001 -0.179507 0.983757 -0.429881 -0.162060 0.888222 0.999740 0.008200 -0.021272 0.999739 0.010222 -0.020413 0.999740 0.012117 -0.019294 0.999740 0.013935 -0.018055 0.999741 0.015573 -0.016581 0.999741 0.017121 -0.015011 0.999742 0.018452 -0.013250 0.999742 0.019668 -0.011406 0.999743 0.020636 -0.009417 0.999742 0.021473 -0.007367 0.999744 0.022030 -0.005221 0.999743 0.022448 -0.003042 0.999745 0.022578 -0.000825 0.999744 0.022566 0.001399 0.999746 0.022262 0.003604 0.999745 0.021813 0.005786 0.999747 0.021082 0.007894 
						0.999746 0.020214 0.009950 0.999747 0.019079 0.011875 -0.000001 0.133424 0.991059 -0.000001 -0.090317 0.995913 -0.681572 -0.546620 0.486484 -0.122517 -0.929389 0.348175 0.046110 -0.978691 0.200097 -0.650845 -0.654329 0.385036 0.046110 -0.978691 0.200097 -0.122517 -0.929389 0.348175 0.639310 -0.766170 -0.065323 0.606832 -0.780801 -0.148677 0.011781 -0.986886 0.160989 -0.608930 -0.679278 0.409615 0.011781 -0.986886 0.160989 0.057857 0.670097 -0.740015 -0.007804 0.928399 -0.371502 0.194398 0.907967 -0.371222 0.260882 0.614572 -0.744474 -0.052290 0.981686 -0.183188 -0.002919 0.987034 -0.160487 0.023806 0.994157 -0.105288 0.209588 0.964672 -0.159625 0.647298 0.723089 -0.241136 0.618497 0.648065 -0.444379 0.526318 0.506763 -0.682774 0.002636 0.643890 -0.765114 0.560177 0.425972 -0.710457 -0.572853 0.521208 -0.632599 -0.584648 0.346791 -0.733432 -0.026880 0.336143 -0.941427 -0.998828 -0.044273 0.019537 -0.534269 -0.544720 0.646403 -0.583165 -0.365534 0.725468 -0.999015 -0.025301 0.036453 -0.956860 0.290158 0.015041 -0.572331 0.382216 -0.725498 -0.654662 0.103325 0.748827 -0.514692 0.642890 0.567261 -0.593863 0.803278 -0.045519 -0.416479 0.696850 -0.583906 -0.083484 0.296606 -0.951344 0.153019 0.177801 -0.972097 -0.130212 0.721754 -0.679792 0.955199 -0.256657 -0.147384 0.557994 -0.655000 0.509526 0.634450 -0.702348 0.322772 0.504484 -0.715514 0.483255 -0.029761 0.999531 -0.007228 0.610375 0.757374 -0.232005 -0.259797 0.957432 0.125814 -0.738535 0.571060 0.358410 -0.676743 0.695003 0.242877 -0.624440 0.746957 0.228319 -0.019552 0.995165 -0.096256 0.602062 0.716129 -0.353103 -0.636753 0.769174 0.054010 -0.963047 0.005941 0.269266 -0.987229 0.010367 0.158971 -0.625481 0.779359 0.037055 -0.606627 -0.739575 0.291603 -0.620452 -0.767038 0.163374 -0.627273 -0.778799 0.000000 -0.999945 0.010495 0.000000 
						-0.622447 0.782662 0.000000 0.661965 -0.009853 -0.749470 0.903555 -0.007738 -0.428402 0.971984 0.001184 -0.235044 0.022037 -0.988732 0.148067 0.023439 -0.997000 0.073768 0.022037 -0.988732 0.148067 0.647172 -0.757537 -0.085478 0.654960 -0.753848 -0.052345 0.023439 -0.997000 0.073768 0.658889 -0.752240 0.000000 0.023169 -0.999732 -0.000000 0.023169 -0.999732 -0.000000 0.956331 -0.000822 -0.292283 0.987233 0.008579 -0.159049 0.603707 0.738555 -0.300125 0.632085 0.758538 -0.158397 0.645074 0.764120 -0.000000 0.999940 0.010930 0.000000 -0.001974 0.986905 -0.161292 0.008377 0.996774 -0.079819 0.012258 0.999925 0.000000 0.349295 0.054030 -0.935454 -0.313100 0.671798 0.671309 -0.214819 0.972983 -0.084602 -0.368168 0.570364 0.734260 -0.252333 0.955352 0.153724 -0.002443 0.985804 -0.167883 0.606487 0.672282 -0.424512 -0.605532 0.765357 0.218084 -0.626116 0.760096 0.173876 -0.001528 0.974962 -0.222368 0.609568 0.649866 -0.453983 -0.006771 0.965629 -0.259837 0.606188 0.644596 -0.465868 -0.652749 0.747102 0.125528 -0.672453 0.735062 0.086546 -0.014514 0.960296 -0.278605 0.594948 0.653241 -0.468309 -0.023052 0.959947 -0.279233 0.578220 0.672157 -0.462457 -0.682817 0.727828 0.063461 -0.680039 0.730908 0.057620 -0.029936 0.965214 -0.259740 0.564731 0.692702 -0.448601 -0.015304 0.973907 -0.226430 0.575354 0.711931 -0.402645 -0.659621 0.749287 0.058906 0.963406 -0.025146 -0.266866 0.918520 -0.055446 -0.391467 0.899568 -0.063471 -0.432144 0.614415 -0.771239 -0.166385 0.900846 -0.059501 -0.430042 0.635420 -0.759028 -0.141840 0.906033 -0.052251 -0.419969 0.652150 -0.749733 -0.112256 0.908958 -0.044607 -0.414495 0.657021 -0.748530 -0.089588 0.909125 -0.033791 -0.415150 0.651841 -0.753960 -0.081533 0.909835 -0.021987 -0.414387 0.644303 -0.759779 -0.087236 0.924114 -0.013131 -0.381892 0.642619 -0.760192 -0.095647 
						-0.911563 0.007259 0.411097 -0.931921 0.027527 0.361615 -0.897246 0.052240 0.438430 0.010075 -0.982986 0.183407 -0.580886 -0.668936 0.463784 0.010075 -0.982986 0.183407 0.012371 -0.974976 0.221966 0.012371 -0.974976 0.221966 -0.584467 -0.653436 0.481061 0.017022 -0.967012 0.254161 -0.595691 -0.642561 0.481941 0.017022 -0.967012 0.254161 0.019654 -0.962150 0.271812 0.019654 -0.962150 0.271812 -0.604845 -0.641797 0.471444 0.017602 -0.961934 0.272714 -0.606809 -0.652987 0.453200 0.017602 -0.961934 0.272714 0.015353 -0.967217 0.253486 0.015353 -0.967217 0.253486 -0.602980 -0.675844 0.423852 0.016848 -0.977150 0.211880 -0.599703 -0.707072 0.374706 0.016848 -0.977150 0.211880 -0.042172 -0.664437 0.746154 -0.042172 -0.664437 0.746154 0.075438 -0.680778 0.728595 -0.203861 -0.389400 0.898225 -0.206351 -0.426398 0.880684 0.075438 -0.680778 0.728595 -0.864906 0.065867 0.497594 -0.872286 0.063647 0.484836 -0.892263 0.052812 0.448418 -0.910925 0.037806 0.410837 -0.924138 0.018974 0.381588 -0.933695 0.001687 0.358066 -0.944573 -0.001886 0.328297 -0.486588 -0.437444 0.756224 0.056032 -0.829954 0.555011 0.056032 -0.829954 0.555011 -0.618660 0.500615 0.605511 -0.308238 0.932124 0.190089 -0.286933 0.002753 0.957947 -0.665598 -0.001816 0.746308 -0.256727 0.006562 0.966462 -0.999740 0.003981 -0.022453 0.999740 -0.000381 -0.022809 0.441062 -0.435604 0.784674 0.000000 -0.485343 0.874324 0.000000 -0.397300 0.917689 0.441277 -0.356542 0.823500 0.000000 -0.485343 0.874324 -0.441062 -0.435605 0.784674 -0.441277 -0.356542 0.823500 0.000000 -0.397300 0.917689 -0.441375 -0.274059 0.854447 -0.000000 -0.305430 0.952215 -0.000000 -0.305430 0.952215 0.441375 -0.274059 0.854447 0.429045 0.900214 -0.074398 -0.000001 0.996606 -0.082321 0.000000 0.999876 0.015759 0.428483 0.903438 0.014200 -0.429046 0.900214 -0.074398 
						-0.428485 0.903437 0.014199 -0.427910 0.897966 0.102713 0.000001 0.993517 0.113687 0.427910 0.897966 0.102713 0.440465 -0.580523 0.684824 0.000000 -0.646600 0.762829 0.000000 -0.568711 0.822538 0.440780 -0.510506 0.738306 0.000000 -0.646600 0.762829 -0.440465 -0.580522 0.684824 -0.440781 -0.510506 0.738306 0.000000 -0.568711 0.822538 -0.000000 0.977589 0.210523 0.427347 0.883834 0.190292 -0.427347 0.883835 0.190292 -0.426782 0.861180 0.276090 -0.000001 0.952246 0.305331 0.426782 0.861180 0.276090 0.439687 -0.703281 0.558633 0.000001 -0.783004 0.622017 0.000000 -0.718261 0.695774 0.440090 -0.644991 0.624747 0.000001 -0.783004 0.622017 -0.439686 -0.703281 0.558633 -0.440090 -0.644991 0.624747 0.000000 -0.718261 0.695774 -0.000001 0.917732 0.397199 0.426241 0.830205 0.359275 -0.426241 0.830205 0.359275 -0.425710 0.791209 0.439044 -0.000001 0.874379 0.485243 0.425710 0.791209 0.439044 0.422435 0.074558 0.903322 -0.000000 0.082250 0.996612 -0.000001 -0.015839 0.999875 0.422386 -0.014355 0.906302 -0.422436 0.074555 0.903321 -0.422388 -0.014355 0.906302 -0.422385 -0.103132 0.900530 0.000001 -0.113777 0.993506 0.422386 -0.103131 0.900530 0.438755 -0.799164 0.410890 -0.000001 -0.889313 0.457299 0.000001 -0.840205 0.542269 0.439231 -0.754843 0.487123 -0.000001 -0.889313 0.457299 -0.438755 -0.799164 0.410890 -0.439231 -0.754843 0.487123 0.000001 -0.840205 0.542269 -0.000001 0.822604 0.568615 0.425209 0.744555 0.514621 -0.425210 0.744555 0.514621 -0.424728 0.690697 0.585273 -0.000000 0.762906 0.646509 0.424727 0.690697 0.585273 0.000000 -0.210619 0.977568 0.422448 -0.190907 0.886055 -0.422448 -0.190910 0.886054 -0.422557 -0.276832 0.863023 -0.000001 -0.305430 0.952215 0.422558 -0.276832 0.863023 0.437705 -0.864464 0.247216 0.000000 -0.961442 0.275009 -0.000001 -0.929855 0.367926 
						0.438235 -0.835828 0.330668 0.000000 -0.961442 0.275009 -0.437705 -0.864465 0.247216 -0.438235 -0.835828 0.330668 -0.000001 -0.929855 0.367926 -0.000001 0.695860 0.718177 0.424288 0.630142 0.650308 -0.424289 0.630142 0.650308 -0.423877 0.563480 0.709097 0.000001 0.622110 0.782930 0.423879 0.563479 0.709097 -0.000001 -0.397299 0.917689 0.422735 -0.360067 0.831653 -0.422732 -0.360067 0.831654 -0.422953 -0.439809 0.792262 -0.000001 -0.485342 0.874325 0.422954 -0.439809 0.792261 0.436574 -0.896632 0.073855 -0.000001 -0.996620 0.082153 0.000000 -0.983768 0.179445 0.437139 -0.884805 0.161339 -0.000001 -0.996620 0.082153 -0.436573 -0.896632 0.073855 -0.437139 -0.884804 0.161339 0.000000 -0.983768 0.179445 0.000001 0.542368 0.840141 0.423520 0.491345 0.761059 -0.423517 0.491346 0.761060 -0.423195 0.414445 0.805693 0.000002 0.457403 0.889260 0.423195 0.414444 0.805694 -0.000001 -0.568710 0.822538 0.423232 -0.515282 0.745225 -0.423233 -0.515280 0.745225 -0.423551 -0.585755 0.691010 -0.000000 -0.646599 0.762830 0.423551 -0.585756 0.691010 0.435407 -0.894373 -0.102554 -0.000001 -0.993497 -0.113858 -0.000001 -0.999873 -0.015930 0.435985 -0.899839 -0.014392 -0.000001 -0.993497 -0.113858 -0.435407 -0.894373 -0.102554 -0.435983 -0.899840 -0.014392 -0.000001 -0.999873 -0.015930 0.527632 -0.111086 -0.842178 0.223529 -0.065853 -0.972470 0.312969 0.017924 -0.949594 0.704747 0.008904 -0.709403 0.127925 -0.085153 -0.988122 0.255633 0.013186 -0.966684 0.151072 0.135098 -0.979248 0.235936 0.103946 -0.966193 0.531710 0.142075 -0.834925 0.000002 0.368033 0.929813 0.422932 0.333513 0.842554 -0.422931 0.333514 0.842554 -0.422710 0.249340 0.871290 0.000001 0.275114 0.961412 0.422712 0.249339 0.871289 -0.000001 -0.718261 0.695774 0.423927 -0.650547 0.630139 -0.423925 -0.650548 0.630139 -0.424330 -0.709036 0.563216 
						-0.000002 -0.783004 0.622016 0.424332 -0.709035 0.563216 0.434250 -0.857714 -0.275234 0.000000 -0.952196 -0.305489 -0.000001 -0.977553 -0.210688 0.434817 -0.880293 -0.189783 0.000000 -0.952196 -0.305489 -0.434250 -0.857714 -0.275234 -0.434818 -0.880293 -0.189783 -0.000001 -0.977553 -0.210688 -0.000001 -0.840205 0.542269 0.424784 -0.760651 0.490886 -0.424783 -0.760651 0.490887 -0.425259 -0.804908 0.413857 -0.000000 -0.889312 0.457300 0.425259 -0.804908 0.413858 0.433145 -0.788006 -0.437529 0.000001 -0.874304 -0.485378 0.000001 -0.917669 -0.397347 0.433681 -0.826859 -0.358085 0.000001 -0.874304 -0.485378 -0.433145 -0.788007 -0.437528 -0.433682 -0.826859 -0.358085 0.000001 -0.917669 -0.397347 -0.000000 -0.929855 0.367926 0.425770 -0.841376 0.332877 -0.425771 -0.841375 0.332876 -0.426296 -0.869715 0.248732 -0.000000 -0.961441 0.275010 0.426296 -0.869715 0.248732 0.432136 -0.687886 -0.583157 0.000000 -0.762818 -0.646613 0.000000 -0.822521 -0.568734 0.432619 -0.741538 -0.512799 0.000000 -0.762818 -0.646613 -0.432135 -0.687886 -0.583157 -0.432618 -0.741539 -0.512798 0.000000 -0.822521 -0.568734 0.429907 0.275714 -0.859745 0.000001 0.305389 -0.952228 0.000001 0.210592 -0.977574 0.429781 0.190142 -0.882686 0.000001 0.305389 -0.952228 -0.429908 0.275713 -0.859745 -0.429781 0.190142 -0.882686 0.000001 0.210592 -0.977574 -0.429727 0.102723 -0.897097 0.000001 0.113766 -0.993508 0.000001 0.113766 -0.993508 0.429726 0.102724 -0.897097 -0.000001 -0.983768 0.179446 0.426850 -0.889651 0.162239 -0.426849 -0.889651 0.162238 -0.427404 -0.901008 0.074233 -0.000000 -0.996620 0.082154 0.427405 -0.901007 0.074232 0.431262 -0.561173 -0.706468 -0.000000 -0.622021 -0.783000 -0.000000 -0.695771 -0.718264 0.431673 -0.627575 -0.647926 -0.000000 -0.622021 -0.783000 -0.431265 -0.561173 -0.706467 -0.431673 -0.627576 -0.647926 -0.000000 -0.695771 -0.718264 
						0.430312 0.438027 -0.789280 -0.000000 0.485277 -0.874361 -0.000001 0.397245 -0.917713 0.430075 0.358612 -0.828513 -0.000000 0.485277 -0.874361 -0.430313 0.438027 -0.789280 -0.430077 0.358611 -0.828512 -0.000001 0.397245 -0.917713 0.000000 -0.999873 -0.015928 0.427976 -0.903675 -0.014436 -0.427975 -0.903675 -0.014435 -0.428540 -0.897643 -0.102911 0.000000 -0.993497 -0.113856 0.428540 -0.897643 -0.102911 0.430562 -0.412739 -0.802660 -0.000000 -0.457326 -0.889299 -0.000000 -0.542283 -0.840196 0.430881 -0.489333 -0.758219 -0.000000 -0.457326 -0.889299 -0.430563 -0.412738 -0.802660 -0.430884 -0.489332 -0.758218 -0.000000 -0.542283 -0.840196 0.430927 0.583385 -0.688450 0.000002 0.646520 -0.762897 0.000001 0.568637 -0.822589 0.430590 0.513196 -0.742443 0.000002 0.646520 -0.762897 -0.430928 0.583385 -0.688450 -0.430588 0.513198 -0.742443 0.000001 0.568637 -0.822589 0.000000 -0.977554 -0.210687 0.429110 -0.882969 -0.190341 -0.429110 -0.882969 -0.190341 -0.429661 -0.859812 -0.275889 -0.000000 -0.952196 -0.305488 0.429660 -0.859812 -0.275889 0.532847 0.539046 -0.652306 0.000001 0.700982 -0.713179 -0.000001 0.160557 -0.987027 0.532847 0.539046 -0.652306 0.596612 0.598663 0.534468 0.001040 0.884270 0.466976 0.000001 0.700982 -0.713179 -0.590139 0.596094 0.544433 -0.532845 0.539047 -0.652307 -0.532845 0.539047 -0.652307 -0.151074 0.135101 -0.979247 -0.438298 0.785943 0.436107 -0.999746 -0.019908 -0.010574 -0.999746 -0.020843 -0.008549 -0.437755 0.825149 0.357072 -0.430720 -0.789031 -0.438076 -0.430205 -0.828394 -0.358730 -0.999745 -0.021638 -0.006467 -0.437205 0.856430 0.274551 -0.999744 0.022564 -0.001398 -0.999746 0.022259 -0.003603 -0.429606 0.888325 -0.162226 -0.430143 0.867902 -0.248443 -0.999745 0.021810 -0.005785 -0.999745 -0.022158 -0.004303 -0.436629 0.879492 0.189341 -0.999744 -0.022532 -0.002111 -0.436056 0.894091 0.102253 
						-0.999747 0.021078 -0.007892 -0.430670 0.839139 -0.332219 -0.431162 0.802329 -0.412757 -0.999746 0.020211 -0.009949 -0.999744 -0.022615 0.000110 -0.435463 0.900096 0.014129 -0.999743 -0.022552 0.002328 -0.434888 0.897424 -0.074186 -0.999748 0.019078 -0.011874 -0.431636 0.757821 -0.489283 -0.432068 0.706056 -0.561072 -0.999747 0.017818 -0.013720 -0.999743 -0.022201 0.004516 -0.434303 0.886109 -0.161840 -0.999742 -0.021710 0.006676 -0.433746 0.866238 -0.247985 -0.999748 0.016327 -0.015387 -0.432472 0.647528 -0.627435 -0.432826 0.582808 -0.687748 -0.999748 0.014727 -0.016952 -0.999743 -0.020939 0.008748 -0.433194 0.838009 -0.331790 -0.999741 -0.020039 0.010766 -0.432679 0.801674 -0.412440 -0.999749 0.012936 -0.018296 -0.433144 0.512511 -0.741430 -0.433404 0.437318 -0.787980 -0.999748 0.011059 -0.019518 -0.999742 -0.018889 0.012650 -0.432179 0.757594 -0.489155 -0.999740 -0.017619 0.014453 -0.431727 0.706175 -0.561185 -0.999749 0.009036 -0.020483 -0.433626 0.357944 -0.826949 -0.436295 0.277070 -0.856084 -0.999810 0.007440 -0.018044 0.429777 -0.074235 -0.899878 0.429881 -0.162059 -0.888223 0.999740 0.003982 0.022454 0.999739 0.001812 0.022779 0.430058 -0.248304 -0.867984 0.999739 0.006129 0.021997 0.422551 0.162741 0.891609 -0.999741 -0.016128 0.016073 -0.431299 0.647921 -0.627837 -0.999740 -0.014532 0.017591 -0.999920 0.009198 0.008740 -0.440176 -0.188808 0.877836 -0.457590 0.203729 -0.865509 -0.531711 0.142074 -0.834924 -0.995702 0.018230 0.090803 -0.434792 -0.101337 0.894811 -0.430060 -0.248305 -0.867982 -0.999739 0.006130 0.022002 -0.999740 0.008199 0.021269 -0.430277 -0.332138 -0.839372 -0.999739 0.010222 0.020411 -0.999740 -0.012752 0.018884 -0.999739 -0.010898 0.020063 -0.999740 0.012116 0.019294 -0.999740 0.013936 0.018054 -0.999740 -0.008910 0.020996 -0.999739 -0.006866 0.021797 -0.434590 0.073024 0.897663 
						-0.996093 -0.021737 0.085588 -0.999930 -0.009436 0.007198 -0.439946 0.160920 0.883489 -0.527632 -0.111085 -0.842178 -0.456019 -0.175068 -0.872581 -0.435962 -0.249668 -0.864640 -0.999807 -0.006881 -0.018407 -0.441199 0.246877 0.862783 -0.999741 0.015574 0.016582 -0.999741 0.017122 0.015012 -0.999740 -0.004735 0.022324 -0.999739 -0.002574 0.022711 -0.999749 -0.008420 -0.020753 -0.441082 0.330317 0.834468 -0.433435 -0.331590 -0.837963 -0.433169 -0.412177 -0.801545 -0.999748 -0.010471 -0.019852 -0.440821 0.410588 0.798182 -0.999742 0.018453 0.013251 -0.999741 0.019669 0.011407 0.000001 0.015847 -0.999874 0.429716 0.014313 -0.902850 -0.429715 0.014311 -0.902851 0.000001 0.015847 -0.999874 -0.429776 -0.074236 -0.899879 0.000002 -0.082225 -0.996614 0.000002 -0.082225 -0.996614 -0.999749 -0.012385 -0.018689 -0.440496 0.486942 0.754222 -0.432865 -0.488829 -0.757413 -0.432507 -0.560814 -0.705992 -0.999748 -0.014216 -0.017402 -0.440139 0.558641 0.702993 -0.999743 0.020636 0.009417 -0.999742 0.021472 0.007367 -0.999748 -0.015862 -0.015887 -0.439725 0.625003 0.644990 -0.432118 -0.627437 -0.647763 -0.431681 -0.688063 -0.583285 -0.999747 -0.017403 -0.014267 -0.439288 0.685383 0.580755 -0.999744 0.022030 0.005221 -0.999743 0.022448 0.003042 -0.999747 -0.018716 -0.012461 -0.438800 0.739207 0.510909 -0.431220 -0.742099 -0.513165 -0.999745 0.022578 0.000824 -0.642653 -0.755632 0.126564 -0.650977 -0.757579 -0.047985 0.001894 -0.967214 -0.253957 -0.006755 -0.996557 -0.082634 -0.590987 -0.606640 -0.531716 -0.000621 -0.724542 -0.689230 0.001894 -0.967214 -0.253957 -0.000621 -0.724542 -0.689230 0.622616 -0.634894 -0.457448 0.650406 -0.759382 -0.017648 -0.006755 -0.996557 -0.082634 0.641082 -0.754883 0.138441 -0.430304 -0.014240 0.902572 -0.987285 -0.003996 0.158907 -0.704747 0.008904 -0.709403 -0.479141 0.438925 0.760111 -0.905521 -0.136412 0.401775 
						-0.882818 -0.052291 0.466797 -0.557106 0.543967 0.627482 -0.992467 -0.064043 0.104436 0.430144 0.867901 -0.248443 0.000000 0.961397 -0.275164 -0.000001 0.983738 -0.179608 0.429606 0.888325 -0.162226 -0.000000 -0.210618 0.977568 0.440176 -0.188808 0.877836 -0.000000 -0.210618 0.977568 -0.000000 -0.113777 0.993506 -0.000000 -0.113777 0.993506 0.434793 -0.101337 0.894811 0.431162 0.802329 -0.412757 0.000002 0.889246 -0.457430 0.000002 0.929798 -0.368069 0.430671 0.839139 -0.332219 0.432067 0.706056 -0.561072 0.000000 0.782925 -0.622116 0.000000 0.840130 -0.542385 0.431635 0.757821 -0.489283 0.434589 0.073025 0.897663 -0.000000 0.082250 0.996612 -0.000000 0.179547 0.983749 0.439945 0.160920 0.883489 -0.000000 0.082250 0.996612 -0.000000 0.179547 0.983749 0.000000 0.275115 0.961411 0.000000 0.275115 0.961411 0.441199 0.246877 0.862783 0.432825 0.582808 -0.687748 0.000000 0.646522 -0.762895 0.000000 0.718181 -0.695856 0.432472 0.647529 -0.627435 -0.000000 0.368032 0.929813 0.441082 0.330318 0.834468 -0.000000 0.368032 0.929813 -0.000000 0.457404 0.889259 -0.000000 0.457404 0.889259 0.440821 0.410588 0.798182 0.433404 0.437318 -0.787981 0.000000 0.485278 -0.874360 0.000000 0.568637 -0.822588 0.433143 0.512511 -0.741430 -0.000001 0.542370 0.840140 0.440496 0.486942 0.754222 -0.000001 0.542370 0.840140 -0.000001 0.622111 0.782929 -0.000001 0.622111 0.782929 0.440140 0.558640 0.702992 0.436295 0.277070 -0.856084 -0.000000 0.307930 -0.951409 -0.000000 0.397246 -0.917712 0.433626 0.357944 -0.826949 -0.000000 0.695861 0.718177 0.439726 0.625003 0.644990 -0.000000 0.695861 0.718177 -0.000000 0.762907 0.646508 -0.000000 0.762907 0.646508 0.439289 0.685383 0.580755 -0.000001 0.180583 -0.983560 -0.000000 0.229721 -0.973257 0.457590 0.203729 -0.865509 -0.000000 0.822605 0.568613 
						0.438802 0.739206 0.510908 -0.000000 0.822605 0.568613 -0.000000 0.874380 0.485242 -0.000000 0.874380 0.485242 0.438301 0.785941 0.436107 -0.000000 -0.015840 0.999875 0.430304 -0.014239 0.902572 -0.000000 -0.015840 0.999875 -0.000001 0.917732 0.397199 0.437757 0.825148 0.357071 -0.000001 0.917732 0.397199 -0.000001 0.952247 0.305330 -0.000001 0.952247 0.305330 0.437206 0.856430 0.274551 0.435962 -0.249668 -0.864641 0.000000 -0.277383 -0.960759 0.000001 -0.197025 -0.980398 0.456019 -0.175068 -0.872581 -0.000000 -0.143214 -0.989692 0.000000 0.977589 0.210522 0.436628 0.879492 0.189341 0.000000 0.977589 0.210522 0.000001 0.993517 0.113687 0.000001 0.993517 0.113687 0.436056 0.894092 0.102253 -0.235938 0.103948 -0.966193 -0.312969 0.017924 -0.949594 -0.255635 0.013186 -0.966684 -0.127926 -0.085155 -0.988121 -0.223529 -0.065853 -0.972470 0.433169 -0.412177 -0.801545 -0.000001 -0.457327 -0.889299 -0.000000 -0.367965 -0.929840 0.433435 -0.331589 -0.837963 0.000001 0.999876 0.015757 0.435463 0.900096 0.014129 0.000001 0.999876 0.015757 0.000000 0.996606 -0.082323 0.000000 0.996606 -0.082323 0.434887 0.897424 -0.074186 0.432507 -0.560814 -0.705992 0.000000 -0.622022 -0.783000 -0.000000 -0.542285 -0.840195 0.432865 -0.488829 -0.757413 0.000000 0.983738 -0.179609 0.434303 0.886109 -0.161840 0.000000 0.983738 -0.179609 0.000001 0.961397 -0.275165 0.000001 0.961397 -0.275165 0.433746 0.866238 -0.247985 0.498770 0.453088 0.738878 0.004068 0.607462 0.794338 0.563807 0.550064 0.616077 0.004518 0.713990 0.700142 0.431679 -0.688063 -0.583286 0.000001 -0.762818 -0.646613 0.000001 -0.695771 -0.718264 0.432117 -0.627438 -0.647763 0.000000 0.929798 -0.368071 0.433194 0.838009 -0.331790 0.000000 0.929798 -0.368071 0.000000 0.889245 -0.457431 0.000000 0.889245 -0.457431 0.432680 0.801674 -0.412440 
						0.206391 -0.969936 -0.128946 0.320885 -0.944945 -0.064120 0.399127 -0.908499 0.123807 0.332783 -0.930069 -0.155650 0.705698 -0.704441 0.075848 0.697378 -0.661487 0.275859 0.599136 -0.553406 0.578600 0.455420 -0.559053 0.692858 0.464128 -0.080859 0.882070 0.696558 -0.678924 0.232097 0.545605 -0.819725 -0.174261 0.430718 -0.789032 -0.438077 0.000000 -0.874305 -0.485377 0.000000 -0.822522 -0.568734 0.431219 -0.742099 -0.513166 0.000001 0.840131 -0.542384 0.432179 0.757594 -0.489155 0.000001 0.840131 -0.542384 0.000001 0.782925 -0.622116 0.000001 0.782925 -0.622116 0.431725 0.706176 -0.561185 0.000001 0.179546 0.983750 -0.422549 0.162739 0.891610 0.478407 -0.472639 -0.740094 0.815956 0.015218 -0.577914 0.478407 -0.472639 -0.740094 0.886671 -0.048741 0.459825 0.815956 0.015218 -0.577914 -0.000001 -0.917669 -0.397346 0.430203 -0.828395 -0.358730 0.000001 0.718180 -0.695857 0.431295 0.647923 -0.627837 0.000001 0.718180 -0.695857 0.000001 -0.275060 -0.961427 0.000000 -0.367966 -0.929839 0.430277 -0.332138 -0.839373 0.000001 -0.275060 -0.961427 0.000000 -0.367966 -0.929839 -0.478409 -0.472641 -0.740092 0.000000 -0.593780 -0.804628 -0.000001 -0.102630 -0.994720 -0.478409 -0.472641 -0.740092 0.000000 -0.593780 -0.804628 0.000000 -0.593780 -0.804628 0.999748 0.016328 -0.015388 0.999747 0.017818 -0.013720 0.999748 0.014728 -0.016953 0.999749 0.012936 -0.018296 0.999748 0.011059 -0.019518 0.999749 0.009036 -0.020482 0.999810 0.007440 -0.018044 0.999920 0.009198 0.008739 0.995702 0.018231 0.090802 -0.815953 0.015219 -0.577918 -0.815953 0.015219 -0.577918 0.987286 -0.003996 0.158907 0.996093 -0.021737 0.085589 0.897981 -0.114046 0.424999 0.984510 -0.055309 0.166374 0.999930 -0.009436 0.007198 0.999807 -0.006881 -0.018408 0.999749 -0.008420 -0.020752 0.999748 -0.010471 -0.019851 0.999749 -0.012386 -0.018690 
						0.999748 -0.014217 -0.017403 0.999748 -0.015864 -0.015889 0.999747 -0.017405 -0.014270 0.999747 -0.018719 -0.012463 0.999746 -0.019913 -0.010576 0.999746 -0.020848 -0.008551 0.999745 -0.021639 -0.006468 0.999745 -0.022156 -0.004303 0.999744 -0.022531 -0.002110 0.999744 -0.022614 0.000110 0.999743 -0.022549 0.002328 0.999743 -0.022200 0.004516 0.999742 -0.021709 0.006676 0.999743 -0.020939 0.008748 0.999741 -0.020040 0.010767 0.999742 -0.018886 0.012648 0.999740 -0.017614 0.014449 0.999741 -0.016121 0.016068 0.999740 -0.014530 0.017589 0.999740 -0.012753 0.018885 0.999739 -0.010897 0.020061 0.999740 -0.008907 0.020989 0.999739 -0.006865 0.021796 0.999740 -0.004734 0.022323 0.999739 -0.002574 0.022708 -0.999740 -0.000382 0.022807 -0.999739 0.001810 0.022777 0.000002 -0.179505 -0.983757 -0.429883 -0.162058 -0.888222 0.000002 -0.179505 -0.983757 0.999740 0.008200 0.021270 0.999739 0.010222 0.020412 0.999741 0.012113 0.019289 0.999740 0.013933 0.018051 0.999741 0.015575 0.016583 0.999741 0.017123 0.015013 0.999742 0.018454 0.013251 0.999742 0.019667 0.011406 0.999743 0.020633 0.009416 0.999742 0.021471 0.007367 0.999744 0.022030 0.005221 0.999743 0.022451 0.003042 0.999745 0.022584 0.000824 0.999744 0.022566 -0.001398 0.999746 0.022257 -0.003603 0.999745 0.021809 -0.005785 0.999747 0.021080 -0.007893 0.999746 0.020212 -0.009949 0.999748 0.019078 -0.011875 -0.000001 0.133424 -0.991059 -0.000001 -0.090316 -0.995913 -0.681572 -0.546621 -0.486483 -0.650846 -0.654330 -0.385036 0.046110 -0.978691 -0.200097 -0.122517 -0.929389 -0.348175 -0.608931 -0.679278 -0.409615 0.011781 -0.986886 -0.160989 0.606832 -0.780801 0.148677 0.639310 -0.766169 0.065323 0.046110 -0.978691 -0.200097 0.011781 -0.986886 -0.160989 -0.122517 -0.929389 -0.348175 0.057858 0.670097 0.740015 0.260882 0.614572 0.744474 
						0.194398 0.907967 0.371222 -0.007803 0.928400 0.371502 0.526318 0.506762 0.682775 0.618498 0.648064 0.444380 0.647299 0.723089 0.241136 0.209588 0.964672 0.159625 0.023806 0.994157 0.105288 -0.002918 0.987034 0.160487 -0.052289 0.981686 0.183188 0.560177 0.425972 0.710457 0.002636 0.643890 0.765114 -0.026880 0.336142 0.941428 -0.584647 0.346792 0.733432 -0.572852 0.521208 0.632599 -0.998828 -0.044273 -0.019537 -0.999015 -0.025301 -0.036454 -0.583165 -0.365534 -0.725468 -0.534268 -0.544720 -0.646404 -0.572331 0.382216 0.725498 -0.956861 0.290158 -0.015041 -0.416480 0.696850 0.583905 -0.593863 0.803277 0.045520 -0.514692 0.642891 -0.567260 -0.654662 0.103325 -0.748827 0.153020 0.177801 0.972097 -0.083485 0.296606 0.951344 -0.130213 0.721754 0.679792 0.557994 -0.655000 -0.509526 0.955199 -0.256658 0.147384 0.504484 -0.715514 -0.483255 0.634449 -0.702347 -0.322773 0.610375 0.757375 0.232005 -0.029761 0.999531 0.007228 0.602061 0.716129 0.353103 -0.019552 0.995165 0.096256 -0.624440 0.746957 -0.228319 -0.676743 0.695004 -0.242877 -0.738535 0.571060 -0.358409 -0.259796 0.957432 -0.125814 -0.636753 0.769174 -0.054010 -0.625481 0.779359 -0.037055 -0.987229 0.010367 -0.158971 -0.963047 0.005942 -0.269266 -0.620452 -0.767038 -0.163374 -0.606628 -0.739575 -0.291603 0.903555 -0.007739 0.428402 0.661964 -0.009853 0.749471 0.971984 0.001184 0.235044 0.023439 -0.997000 -0.073768 0.022037 -0.988732 -0.148067 0.023439 -0.997000 -0.073768 0.654960 -0.753848 0.052345 0.022037 -0.988732 -0.148067 0.647172 -0.757537 0.085478 0.987233 0.008579 0.159049 0.956332 -0.000822 0.292283 0.632085 0.758538 0.158397 0.603707 0.738555 0.300125 0.008377 0.996774 0.079819 -0.001974 0.986905 0.161292 0.349295 0.054031 0.935454 -0.214819 0.972983 0.084603 -0.313099 0.671798 -0.671309 -0.252333 0.955352 -0.153725 
						-0.368168 0.570364 -0.734260 0.606487 0.672282 0.424512 -0.002443 0.985804 0.167883 0.609568 0.649866 0.453984 -0.001527 0.974962 0.222368 -0.626116 0.760096 -0.173876 -0.605532 0.765357 -0.218083 0.606188 0.644595 0.465868 -0.006770 0.965629 0.259837 0.594948 0.653241 0.468309 -0.014513 0.960296 0.278605 -0.672453 0.735062 -0.086546 -0.652749 0.747102 -0.125529 0.578220 0.672157 0.462457 -0.023053 0.959947 0.279232 0.564730 0.692702 0.448601 -0.029936 0.965214 0.259740 -0.680039 0.730908 -0.057620 -0.682817 0.727828 -0.063461 0.575354 0.711931 0.402645 -0.015304 0.973907 0.226430 -0.659621 0.749287 -0.058905 0.963406 -0.025146 0.266866 0.918520 -0.055446 0.391467 0.614416 -0.771239 0.166385 0.899568 -0.063471 0.432144 0.635419 -0.759028 0.141840 0.900846 -0.059501 0.430042 0.652150 -0.749733 0.112256 0.906033 -0.052250 0.419969 0.657021 -0.748530 0.089588 0.908958 -0.044607 0.414495 0.651841 -0.753960 0.081533 0.909125 -0.033791 0.415150 0.644303 -0.759779 0.087236 0.909835 -0.021987 0.414387 0.642619 -0.760192 0.095647 0.924114 -0.013131 0.381892 -0.931921 0.027527 -0.361615 -0.911563 0.007259 -0.411097 -0.897246 0.052241 -0.438430 -0.580886 -0.668937 -0.463784 0.010075 -0.982986 -0.183407 -0.584467 -0.653436 -0.481061 0.012371 -0.974976 -0.221966 0.010075 -0.982986 -0.183407 0.012371 -0.974976 -0.221966 -0.595691 -0.642561 -0.481942 0.017022 -0.967012 -0.254162 -0.604845 -0.641797 -0.471444 0.019654 -0.962150 -0.271812 0.017022 -0.967012 -0.254162 0.019654 -0.962150 -0.271812 -0.606809 -0.652988 -0.453200 0.017602 -0.961934 -0.272714 -0.602980 -0.675844 -0.423852 0.015353 -0.967217 -0.253486 0.017602 -0.961934 -0.272714 0.015353 -0.967217 -0.253486 -0.599703 -0.707072 -0.374707 0.016848 -0.977151 -0.211880 0.016848 -0.977151 -0.211880 -0.042172 -0.664437 -0.746153 -0.206351 -0.426398 -0.880684 
						-0.203861 -0.389400 -0.898225 0.075438 -0.680777 -0.728595 -0.042172 -0.664437 -0.746153 0.075438 -0.680777 -0.728595 -0.864906 0.065867 -0.497594 -0.872286 0.063646 -0.484837 -0.892263 0.052812 -0.448418 -0.910925 0.037806 -0.410837 -0.924138 0.018974 -0.381587 -0.933695 0.001688 -0.358066 -0.944573 -0.001886 -0.328297 0.056034 -0.829953 -0.555011 -0.486587 -0.437444 -0.756225 0.056034 -0.829953 -0.555011 -0.308237 0.932125 -0.190088 -0.618660 0.500616 -0.605511 -0.665598 -0.001816 -0.746308 -0.286933 0.002754 -0.957947 -0.256727 0.006563 -0.966462 -0.999740 0.003983 0.022459 0.999740 -0.000382 0.022810 -0.000000 1.000000 -0.000000 -0.000000 1.000000 -0.000000 -0.000000 1.000000 -0.000000 -0.000000 1.000000 -0.000000 -0.000000 1.000000 0.000000 -0.000000 1.000000 0.000000 0.000001 1.000000 0.000000 0.000001 1.000000 0.000000 -0.000001 1.000000 0.000000 -0.000001 1.000000 0.000000 -0.101971 -0.000000 -0.994787 -0.101971 -0.000000 -0.994787 -0.411333 -0.000005 -0.911485 -0.411331 -0.000005 -0.911486 -0.000000 1.000000 -0.000000 -0.000000 1.000000 -0.000000 -0.000000 1.000000 0.000000 -0.000000 1.000000 0.000000 -0.000000 1.000000 -0.000000 -0.000000 1.000000 -0.000000 0.000000 1.000000 0.000000 0.000000 1.000000 0.000000 0.000000 1.000000 0.000000 0.000000 1.000000 0.000000 -0.101971 0.000000 0.994787 -0.101971 0.000000 0.994787 -0.411332 -0.000000 0.911485 -0.411332 -0.000000 0.911485 0.473546 0.000000 -0.880769 0.473546 0.000000 -0.880769 0.210158 0.000000 -0.977667 0.210158 -0.000000 -0.977667 -0.043729 -0.000000 -0.999044 0.052945 -0.000001 -0.998597 0.000004 1.000000 0.000000 0.000004 1.000000 0.000000 -0.000000 -1.000000 -0.000000 -0.000001 -1.000000 -0.000000 -0.000000 -1.000000 -0.000000 -0.000000 -1.000000 -0.000000 -0.098021 0.000001 0.995184 0.000000 0.000005 1.000000 -0.097058 0.000002 0.995279 
						-0.000001 -1.000000 -0.000000 -0.000000 -1.000000 -0.000000 0.000000 -1.000000 0.000000 -0.000001 -1.000000 0.000000 -0.000001 -1.000000 -0.000000 -0.000001 -1.000000 -0.000000 0.000004 -1.000000 0.000000 0.000004 -1.000000 0.000000 -0.694868 -0.000001 -0.719137 -0.694868 -0.000001 -0.719138 -0.867225 0.000000 -0.497916 -0.867225 0.000000 -0.497916 -0.983436 0.000000 -0.181259 -0.983436 0.000000 -0.181259 -0.983436 -0.000001 0.181257 -0.983435 -0.000001 0.181259 -0.867226 -0.000001 0.497914 -0.867225 -0.000001 0.497916 -0.694868 -0.000000 0.719137 -0.694868 -0.000000 0.719137 -0.097058 0.000002 0.995279 0.000000 0.000005 1.000000 0.000000 -1.000000 0.000000 0.000000 -1.000000 0.000000 0.052945 -0.000001 -0.998597 -0.043729 -0.000000 -0.999044 -0.980788 0.000000 0.195076 -0.707104 0.000000 0.707109 -0.707104 0.000000 0.707109 -0.980788 0.000000 0.195076 -1.000000 0.000000 0.000000 -1.000000 0.000000 0.000000 -0.995185 0.000000 0.098017 -0.995185 0.000000 0.098017 0.000000 1.000000 0.000000 0.000000 1.000000 0.000000 0.996161 -0.000000 -0.087534 0.996161 -0.000000 -0.087534 0.937667 0.000000 -0.347535 0.937667 0.000000 -0.347535 0.753025 0.000000 -0.657991 0.753025 0.000000 -0.657991 -0.923880 0.000000 0.382682 -0.923880 0.000000 0.382682 -0.707106 0.000000 0.707108 -0.707106 0.000000 0.707108 0.000000 -1.000000 0.000000 0.000000 -1.000000 0.000000 -0.382682 0.000000 0.923880 -0.382682 0.000000 0.923880 -0.707122 0.000000 -0.707092 -0.980784 0.000000 -0.195098 -0.980784 0.000000 -0.195098 -0.707122 0.000000 -0.707092 -0.043729 0.000000 -0.999044 -0.043729 -0.000000 -0.999044 -0.097058 -0.000002 0.995279 -0.097058 0.000002 0.995279 -0.098021 -0.000001 0.995184 -0.097058 -0.000002 0.995279 -0.043729 0.000000 -0.999044 0.210158 -0.000000 0.977667 0.210158 0.000000 0.977667 0.473546 0.000000 0.880769 
						0.473546 0.000000 0.880769 0.000000 1.000000 0.000000 0.000000 1.000000 0.000000 0.000000 1.000000 0.000000 0.000000 1.000000 0.000000 -0.000000 1.000000 -0.000000 0.000001 1.000000 -0.000000 0.000001 1.000000 -0.000000 -0.000000 1.000000 -0.000000 -0.000000 1.000000 -0.000000 -0.000000 1.000000 -0.000000 -0.101971 0.000001 0.994787 -0.411331 -0.000004 0.911486 -0.411333 -0.000004 0.911485 -0.101971 0.000001 0.994787 -0.000000 1.000000 0.000000 -0.000000 1.000000 -0.000000 -0.000000 1.000000 -0.000000 -0.000000 1.000000 0.000000 -0.000000 1.000000 0.000000 0.000000 1.000000 0.000000 0.000000 1.000000 0.000000 0.000000 1.000000 0.000000 0.000000 1.000000 0.000000 0.000000 1.000000 0.000000 0.000000 1.000000 -0.000000 0.000000 1.000000 -0.000000 -0.101971 0.000000 -0.994787 -0.411332 0.000000 -0.911485 -0.411332 0.000000 -0.911486 -0.101971 0.000000 -0.994787 -0.980788 0.000000 -0.195076 -0.980788 0.000000 -0.195076 -0.707104 0.000000 -0.707109 -0.707104 0.000000 -0.707109 0.052945 -0.000001 0.998597 -0.043729 -0.000000 0.999044 0.000004 1.000000 0.000000 0.000004 1.000000 0.000000 -0.000000 -1.000000 0.000000 -0.000000 -1.000000 0.000000 -0.000000 -1.000000 0.000000 -0.000001 -1.000000 0.000000 -0.098021 0.000001 -0.995184 -0.097058 0.000002 -0.995279 0.000000 0.000005 -1.000000 -0.000000 -1.000000 0.000000 -0.000001 -1.000000 0.000000 0.000000 -1.000000 0.000000 -0.000001 -1.000000 0.000000 -0.000001 -1.000000 0.000000 -0.000001 -1.000000 0.000000 0.000004 -1.000000 -0.000000 0.000004 -1.000000 -0.000000 -0.694868 0.000000 0.719138 -0.694868 0.000000 0.719137 -0.867225 0.000000 0.497917 -0.867225 0.000000 0.497917 -0.983435 0.000000 0.181259 -0.983435 0.000000 0.181259 -0.983436 -0.000001 -0.181259 -0.983436 -0.000001 -0.181257 -0.867225 -0.000001 -0.497916 -0.867226 -0.000001 -0.497914 
						-0.694868 0.000000 -0.719137 -0.694868 0.000000 -0.719137 0.000000 0.000000 -1.000000 0.000000 0.000000 -1.000000 0.000000 0.000000 -1.000000 0.000000 0.000000 -1.000000 -0.097058 0.000002 -0.995279 0.000000 0.000005 -1.000000 0.000000 -1.000000 0.000000 0.000000 -1.000000 0.000000 0.052945 -0.000001 0.998597 -0.043729 -0.000000 0.999044 -1.000000 0.000000 -0.000000 -0.995185 0.000000 -0.098017 -0.995185 0.000000 -0.098017 -1.000000 0.000000 -0.000000 0.937667 0.000000 0.347535 0.937667 0.000000 0.347535 0.996161 0.000000 0.087534 0.996161 0.000000 0.087534 0.000000 0.000000 -1.000000 0.000000 0.000000 -1.000000 0.000000 0.000000 -1.000000 0.000000 0.000000 -1.000000 0.753025 0.000000 0.657991 0.753025 0.000000 0.657991 0.000000 1.000000 -0.000000 0.000000 1.000000 -0.000000 -0.923880 0.000000 -0.382682 -0.923880 0.000000 -0.382682 -0.707106 0.000000 -0.707108 -0.707106 0.000000 -0.707108 -0.382682 0.000000 -0.923880 -0.382682 0.000000 -0.923880 0.000000 -1.000000 0.000000 0.000000 -1.000000 0.000000 -0.707122 0.000000 0.707092 -0.707122 0.000000 0.707092 -0.980784 0.000000 0.195098 -0.980784 0.000000 0.195098 -0.043729 0.000000 0.999044 -0.043729 -0.000000 0.999044 -0.097058 0.000002 -0.995279 -0.097058 -0.000002 -0.995279 -0.098021 -0.000001 -0.995184 -0.097058 -0.000002 -0.995279 -0.043729 0.000000 0.999044 1.000000 0.000000 -0.000000 1.000000 0.000000 -0.000000 -0.000000 -1.000000 -0.000000 -0.000000 -1.000000 -0.000000 -0.000000 -1.000000 -0.000000 -0.000000 -1.000000 -0.000000 -0.000000 -1.000000 0.000000 -0.000001 -1.000000 0.000000 -0.000001 -1.000000 0.000000 -0.000000 -1.000000 0.000000 0.000000 -1.000000 0.000000 0.000000 -1.000000 0.000000 -0.101971 -0.000001 -0.994787 -0.411332 0.000004 -0.911486 -0.411333 0.000004 -0.911485 -0.101971 -0.000001 -0.994787 -0.000000 -1.000000 -0.000000 
						0.000000 -1.000000 0.000000 0.000000 -1.000000 0.000000 -0.000000 -1.000000 -0.000000 -0.000000 -1.000000 -0.000000 0.000000 -1.000000 -0.000000 1.000000 -0.000000 0.000000 1.000000 -0.000000 0.000000 -0.000000 -1.000000 0.000000 -0.000000 -1.000000 0.000000 -0.000000 -1.000000 0.000000 -0.000000 -1.000000 0.000000 -0.101971 0.000000 0.994787 -0.411332 0.000000 0.911485 -0.411332 0.000000 0.911486 -0.101971 0.000000 0.994787 0.052946 0.000001 -0.998597 0.000002 -1.000000 0.000000 0.000002 -1.000000 0.000000 -0.000000 1.000000 -0.000000 -0.000000 1.000000 -0.000000 -0.000000 1.000000 -0.000000 -0.000000 1.000000 -0.000000 0.000000 -0.000005 1.000000 -0.000000 1.000000 -0.000000 -0.000000 1.000000 -0.000000 -0.000001 1.000000 0.000000 -0.000002 1.000000 0.000000 -0.000001 1.000000 -0.000000 -0.000001 1.000000 -0.000000 0.000004 1.000000 0.000000 0.000004 1.000000 0.000000 -0.694868 0.000000 -0.719138 -0.694868 0.000000 -0.719137 -0.867225 0.000000 -0.497916 -0.867225 0.000000 -0.497916 -0.983435 0.000000 -0.181259 -0.983435 0.000000 -0.181259 -0.983436 0.000001 0.181259 -0.983436 0.000001 0.181257 -0.867225 0.000001 0.497916 -0.867226 0.000001 0.497914 -0.694868 0.000000 0.719137 -0.694868 0.000000 0.719137 -0.097058 -0.000002 0.995279 0.000000 -0.000005 1.000000 -0.000003 1.000000 0.000000 -0.000003 1.000000 0.000000 0.052946 0.000001 -0.998597 -0.043729 0.000000 -0.999044 -0.000001 1.000000 0.000000 -0.000001 1.000000 0.000000 -0.000000 -1.000000 0.000000 -0.000000 -1.000000 0.000000 -0.000000 -1.000000 0.000000 -0.000000 -1.000000 0.000000 -0.000000 -1.000000 -0.000000 -0.000000 -1.000000 -0.000000 -0.000001 -1.000000 -0.000000 -0.000001 -1.000000 -0.000000 0.000000 -1.000000 -0.000000 0.000000 -1.000000 -0.000000 -0.101972 0.000000 0.994787 -0.101971 0.000000 0.994787 -0.411333 0.000005 0.911485 
						-0.411332 0.000005 0.911486 -0.000000 -1.000000 0.000000 -0.000000 -1.000000 0.000000 0.000000 -1.000000 -0.000000 0.000000 -1.000000 -0.000000 -0.000000 -1.000000 0.000000 -0.000000 -1.000000 0.000000 -0.000000 -1.000000 0.000000 -0.000000 -1.000000 0.000000 -0.000000 -1.000000 0.000000 -0.000000 -1.000000 0.000000 -0.000000 -1.000000 -0.000000 -0.000000 -1.000000 -0.000000 -0.101971 -0.000000 -0.994787 -0.101971 -0.000000 -0.994787 -0.411332 0.000000 -0.911486 -0.411332 0.000000 -0.911485 0.052946 0.000001 0.998597 0.000002 -1.000000 0.000000 0.000002 -1.000000 0.000000 -0.000000 1.000000 0.000000 -0.000000 1.000000 0.000000 0.000000 1.000000 0.000000 -0.000000 1.000000 0.000000 0.000000 -0.000005 -1.000000 -0.000000 1.000000 0.000000 -0.000000 1.000000 0.000000 -0.000001 1.000000 0.000000 -0.000002 1.000000 0.000000 -0.000001 1.000000 0.000000 -0.000001 1.000000 0.000000 0.000004 1.000000 -0.000000 0.000004 1.000000 -0.000000 -0.694868 0.000001 0.719137 -0.694868 0.000001 0.719138 -0.867225 0.000000 0.497916 -0.867225 0.000000 0.497916 -0.983436 0.000000 0.181259 -0.983436 0.000000 0.181259 -0.983436 0.000001 -0.181258 -0.983435 0.000001 -0.181259 -0.867226 0.000001 -0.497915 -0.867225 0.000001 -0.497916 -0.694868 0.000000 -0.719137 -0.694868 0.000000 -0.719137 -0.097058 -0.000002 -0.995279 0.000000 -0.000005 -1.000000 -0.000003 1.000000 0.000000 -0.000003 1.000000 0.000000 0.052946 0.000001 0.998597 -0.043729 0.000000 0.999044 0.000000 -1.000000 -0.000000 0.000000 -1.000000 -0.000000 -0.000001 1.000000 0.000000 -0.000001 1.000000 0.000000 0.000001 -0.065187 0.997873 0.000001 -0.065187 0.997873 0.000001 -0.065187 0.997873 0.000001 -0.065187 0.997873 0.000000 -1.000000 0.000000 0.000000 -1.000000 0.000000 0.395533 0.142828 0.907278 0.205198 0.355911 0.911713 0.217568 0.115117 0.969233 
						0.381545 0.568708 0.728694 0.199696 0.556822 0.806269 0.024367 0.536091 0.843808 0.026668 0.345565 0.938016 0.037558 0.148330 0.988225 0.204933 0.748567 0.630596 0.388645 0.853036 0.348260 0.209617 0.881417 0.423279 0.036823 0.874661 0.483334 0.028776 0.716960 0.696520 0.218029 0.963249 0.156890 0.393206 0.909991 -0.131548 0.218344 0.970031 -0.106608 0.045717 0.990420 -0.130301 0.044024 0.978843 0.199823 0.215082 0.898347 -0.383030 0.381308 0.722616 -0.576568 0.205284 0.767530 -0.607253 0.028153 0.712296 -0.701315 0.039685 0.892575 -0.449149 0.415155 -0.540260 -0.731960 0.270322 -0.733310 -0.623845 0.232907 -0.548861 -0.802811 0.468954 -0.812665 -0.345916 0.298752 -0.859962 -0.413779 0.132107 -0.868596 -0.477587 0.094044 -0.713670 -0.694140 0.058790 -0.532843 -0.844170 0.194394 0.572035 -0.796861 0.367086 0.344767 -0.863935 0.185335 0.362045 -0.913551 0.007394 0.272471 -0.962136 0.015860 0.494897 -0.868807 0.327245 -0.932434 -0.153222 0.496216 -0.859670 0.121401 0.337755 -0.935490 0.103830 0.180712 -0.974955 0.129640 0.164359 -0.967107 -0.194139 0.375481 -0.116151 -0.919523 0.210750 -0.347417 -0.913721 0.190835 -0.110466 -0.975387 0.031233 -0.341965 -0.939194 0.013571 -0.145592 -0.989252 0.184947 0.115720 -0.975912 0.005936 0.058234 -0.998285 0.496216 -0.859670 0.121401 0.336658 -0.865881 0.370015 0.337755 -0.935490 0.103830 0.479410 -0.680974 0.553571 0.320864 -0.741752 0.588940 0.152072 -0.707063 0.690606 0.175526 -0.880268 0.440815 0.180712 -0.974955 0.129640 0.294094 -0.555001 0.778128 0.434402 -0.315289 0.843734 0.265390 -0.352711 0.897309 0.085840 -0.273239 0.958109 0.119265 -0.494735 0.860821 0.237321 -0.107004 0.965520 0.057552 -0.057399 0.996691 0.015841 -0.309302 -0.950832 0.002101 -0.157859 -0.987460 0.038302 -0.466395 -0.883747 0.040519 -0.408106 -0.912035 
						0.021075 -0.278777 -0.960125 0.009151 -0.158815 -0.987266 0.011079 0.314237 0.949280 0.018774 0.161511 0.986692 0.010043 0.470652 0.882262 0.003499 0.413330 0.910575 0.002363 0.283707 0.958908 0.006754 0.162928 0.986615 0.089400 -0.381740 0.919936 0.126336 -0.614099 0.779052 0.057691 -0.176255 0.982653 0.037447 -0.105497 0.993714 0.067344 -0.284960 0.956171 0.108774 -0.518302 0.848252 0.003199 0.379295 -0.925270 0.014161 0.614600 -0.788712 -0.003313 0.175039 -0.984556 0.002555 0.111140 -0.993801 0.006767 0.291819 -0.956450 0.015684 0.526339 -0.850130 0.070001 -0.635812 -0.768663 0.109507 -0.811426 -0.574104 0.109593 -0.744307 -0.658784 0.069451 -0.560464 -0.825262 0.014462 0.638254 0.769690 0.022583 0.814096 0.580292 0.018699 0.749525 0.661712 0.009236 0.565230 0.824882 0.034041 0.001912 0.999419 0.017859 0.038131 0.999113 -0.003993 -0.000608 -0.999992 0.003236 -0.033795 -0.999424 0.148619 -0.952269 -0.266639 0.169497 -0.976184 0.135411 0.178480 -0.973935 0.139983 0.155119 -0.926914 -0.341715 0.030790 0.960760 0.275665 0.033152 0.990372 -0.134404 0.034112 0.989875 -0.137781 0.029375 0.936803 0.348622 0.158890 -0.840591 0.517843 0.169497 -0.976184 0.135411 0.155149 -0.790968 0.591860 0.178480 -0.973935 0.139983 0.026195 0.849410 -0.527084 0.027280 0.802890 -0.595502 0.022113 -0.137085 -0.990312 0.039740 -0.232086 -0.971883 0.042506 -0.220899 -0.974370 0.019749 -0.131297 -0.991146 0.063110 -0.337201 -0.939315 0.070574 -0.321255 -0.944360 0.093451 -0.305430 -0.947618 0.056357 -0.211951 -0.975654 0.025890 -0.128346 -0.991391 -0.030667 0.336731 0.941101 -0.034016 0.470373 0.881812 -0.072450 0.435708 0.897167 -0.052931 0.312053 0.948589 -0.038693 0.657980 0.752041 -0.099808 0.616400 0.781083 -0.173786 0.565866 0.805974 -0.121807 0.399661 0.908534 -0.085610 0.289459 0.953354 
						0.098553 -0.396731 0.912629 0.044008 -0.188911 0.981008 0.063225 -0.155899 0.985748 0.126398 -0.349448 0.928391 0.011086 -0.052462 0.998561 0.024900 -0.035200 0.999070 0.040427 -0.015485 0.999063 0.091060 -0.120210 0.988563 0.174532 -0.294012 0.939732 -0.002731 0.077765 -0.996968 0.008300 -0.038373 -0.999229 -0.000332 -0.040049 -0.999198 -0.019710 0.065803 -0.997638 -0.002320 -0.044678 -0.998999 -0.032061 0.050463 -0.998211 0.095467 -0.467316 -0.878921 0.108057 -0.444944 -0.889016 0.142805 -0.643771 -0.751775 0.163552 -0.613141 -0.772858 0.217640 -0.570879 -0.791663 0.143078 -0.418544 -0.896855 -0.046574 0.896260 0.441078 -0.139717 0.866385 0.479433 -0.049572 0.989102 -0.138637 -0.161109 0.978083 -0.131897 -0.303813 0.945105 -0.120312 -0.254297 0.816000 0.519112 -0.008523 0.050395 0.998693 -0.000502 0.054683 0.998504 -0.019963 0.140885 0.989825 -0.019676 0.134959 0.990656 -0.026415 0.132862 0.990782 0.004215 0.062346 0.998046 0.206739 -0.869412 -0.448756 0.245707 -0.841251 -0.481586 0.239135 -0.961495 0.135433 0.298021 -0.945344 0.132319 0.422450 -0.897667 0.125418 0.335726 -0.788021 -0.516053 -0.035518 0.745296 -0.665787 -0.118450 0.715522 -0.688475 -0.021562 0.441015 -0.897241 -0.070876 0.405354 -0.911408 -0.124087 0.361661 -0.924015 -0.218448 0.670642 -0.708886 -0.026608 0.232383 0.972260 -0.036312 0.217171 0.975458 -0.055363 0.205479 0.977094 0.239135 -0.961495 0.135433 0.179825 -0.710315 0.680526 0.225856 -0.669294 0.707838 0.298021 -0.945344 0.132319 0.315317 -0.605056 0.731083 0.422450 -0.897667 0.125418 -0.011975 0.227634 -0.973673 -0.041163 0.203065 -0.978300 -0.068688 0.173820 -0.982379 -0.091437 -0.036623 -0.995137 -0.036913 -0.104416 -0.993848 -0.051252 -0.153781 -0.986775 -0.114111 -0.100412 -0.988381 0.013077 -0.167431 -0.985797 0.007255 -0.205669 -0.978595 0.020355 -0.226644 -0.973765 
						-0.043769 -0.185118 -0.981741 -0.111381 -0.143493 -0.983364 0.121170 -0.302952 -0.945271 0.194432 -0.384609 -0.902370 0.206962 -0.390196 -0.897170 0.129350 -0.320609 -0.938338 0.306601 -0.490569 -0.815683 0.324822 -0.479663 -0.815116 0.364383 -0.440534 -0.820460 0.237246 -0.371505 -0.897607 0.153776 -0.317606 -0.935670 -0.288313 0.441958 0.849441 -0.482297 0.633642 0.604886 -0.558063 0.519107 0.647374 -0.318165 0.383338 0.867077 -0.668191 0.737492 -0.098121 -0.817109 0.570890 -0.080103 -0.909811 0.410226 -0.062920 -0.607638 0.412638 0.678606 -0.343672 0.328454 0.879777 0.102608 0.075142 0.991880 0.040062 0.126213 0.991194 0.053842 0.177158 0.982709 0.124670 0.140098 0.982258 -0.015640 0.171324 0.985091 -0.009819 0.207971 0.978086 -0.022268 0.228047 0.973396 0.045477 0.207579 0.977161 0.121275 0.180273 0.976112 0.507677 -0.643532 -0.572826 0.545136 -0.603542 -0.581863 0.708127 -0.700857 0.085768 0.786213 -0.611747 0.087375 0.862564 -0.498502 0.086476 0.604306 -0.532609 -0.592572 -0.478578 0.448664 -0.754760 -0.571736 0.285442 -0.769182 -0.269527 0.184431 -0.945167 -0.317123 0.066840 -0.946026 -0.326728 -0.020105 -0.944905 -0.611850 0.149093 -0.776795 -0.068429 0.216355 0.973914 -0.069832 0.237191 0.968950 -0.122404 0.267032 0.955882 -0.130260 0.269036 0.954281 -0.148062 0.262561 0.953488 -0.085461 0.245306 0.965671 0.708127 -0.700857 0.085768 0.545184 -0.391049 0.741522 0.607897 -0.270105 0.746662 0.786213 -0.611747 0.087375 0.312946 -0.122932 0.941782 0.353405 -0.021005 0.935234 0.365790 0.049686 0.929370 0.645595 -0.165357 0.745563 0.862564 -0.498502 0.086476 -0.160324 0.048592 -0.985868 -0.192218 -0.035898 -0.980695 -0.193982 -0.095182 -0.976377 0.063889 -0.232197 -0.970568 0.066005 -0.260416 -0.963238 0.084993 -0.270393 -0.958991 -0.187331 0.334036 0.923757 -0.202708 0.311637 0.928328 
						-0.222743 0.285987 0.931985 0.183490 0.004034 0.983013 0.213883 0.085041 0.973151 0.216535 0.136881 0.966631 -0.245971 0.263601 0.932745 -0.170268 0.254422 0.951986 -0.369083 0.282715 0.885353 -0.393081 0.253941 0.883743 -0.268544 0.253516 0.929308 -0.191590 0.254420 0.947926 0.209492 0.169895 0.962938 0.368122 0.096913 0.924713 0.108930 0.205127 0.972655 0.094992 0.235489 0.967224 0.200378 0.210682 0.956798 0.367750 0.154116 0.917065 -0.027408 -0.206518 -0.978059 -0.097413 -0.175807 -0.979593 0.039323 -0.237544 -0.970581 0.057508 -0.251674 -0.966102 -0.009654 -0.231866 -0.972700 -0.080565 -0.212730 -0.973784 0.264898 -0.342929 -0.901237 0.177852 -0.304177 -0.935866 0.399189 -0.392438 -0.828638 0.424408 -0.353035 -0.833813 0.285481 -0.321271 -0.902932 0.196710 -0.295376 -0.934911 -0.643521 0.319653 0.695488 -0.964289 0.259745 -0.051756 -0.991870 0.120458 -0.041032 -0.669824 0.246129 0.700541 0.029363 0.225592 0.973779 -0.041155 0.238754 0.970208 -0.059852 0.253108 0.965585 0.012480 0.247511 0.968805 0.653031 -0.454129 -0.606067 0.916907 -0.392569 0.071911 0.956627 -0.286070 0.055031 0.687601 -0.382835 -0.616962 -0.626869 0.032564 -0.778444 -0.320537 -0.089640 -0.942985 -0.310137 -0.161088 -0.936945 -0.631784 -0.079695 -0.771037 -0.106394 0.247569 0.963011 -0.126468 0.254900 0.958661 0.669586 -0.087386 0.737576 0.916907 -0.392569 0.071911 0.687925 0.000286 0.725782 0.956627 -0.286070 0.055031 -0.182589 -0.141423 -0.972965 -0.167607 -0.192015 -0.966974 0.106540 -0.269905 -0.956975 0.124922 -0.272695 -0.953956 0.084418 -0.270012 -0.959149 0.150366 -0.269237 -0.951263 0.151202 -0.255521 -0.954907 0.087391 -0.265779 -0.960065 0.222433 -0.269517 -0.936955 0.221738 -0.244750 -0.943891 0.212160 -0.217314 -0.952766 0.145101 -0.237356 -0.960525 0.084822 -0.255071 -0.963195 -0.216379 0.247365 0.944453 
						-0.296363 0.230700 0.926794 -0.291644 0.196015 0.936228 -0.210121 0.220935 0.952385 -0.424556 0.199849 0.883070 -0.422036 0.149779 0.894121 -0.397015 0.078320 0.914465 -0.267353 0.141197 0.953198 -0.186499 0.175726 0.966612 0.360266 0.259952 0.895898 0.181320 0.279072 0.942996 0.178353 0.290735 0.940034 0.353861 0.295197 0.887492 0.069630 0.281214 0.957116 0.068475 0.279888 0.957588 0.075741 0.264501 0.961407 0.178510 0.289694 0.940325 0.343551 0.319159 0.883238 -0.050989 -0.274973 -0.960099 0.019115 -0.271900 -0.962136 0.024474 -0.276411 -0.960728 -0.043609 -0.288370 -0.956525 0.025399 -0.272452 -0.961834 -0.039396 -0.291688 -0.955702 0.314665 -0.269614 -0.910107 0.313364 -0.230413 -0.921256 0.461555 -0.263812 -0.846977 0.460967 -0.202627 -0.863974 0.444048 -0.140887 -0.884857 0.300204 -0.189924 -0.934776 -0.697944 0.112862 0.707204 -0.693643 0.027027 0.719812 -0.991991 -0.126281 -0.002438 -0.968799 -0.246880 0.021866 -0.923703 -0.380045 0.048361 -0.663941 -0.080741 0.743413 -0.014553 0.276399 0.960933 -0.013444 0.266806 0.963657 -0.085378 0.268515 0.959485 -0.081449 0.253012 0.964029 -0.063490 0.221280 0.973141 -0.000413 0.242047 0.970264 0.737005 -0.223868 -0.637736 0.740558 -0.124317 -0.660394 0.998608 -0.048556 0.020595 0.996624 0.082106 -0.000335 0.976029 0.216378 -0.023401 0.723531 -0.022151 -0.689936 -0.621523 -0.276886 -0.732832 -0.606261 -0.356164 -0.711051 -0.287665 -0.286353 -0.913921 -0.277921 -0.328052 -0.902852 -0.264424 -0.359480 -0.894905 -0.576919 -0.431490 -0.693528 -0.150423 0.259019 0.954087 -0.144351 0.238369 0.960387 -0.122678 0.200297 0.972024 0.998608 -0.048556 0.020595 0.699571 0.180205 0.691467 0.687104 0.264236 0.676807 0.996624 0.082106 -0.000335 0.663057 0.339680 0.667064 0.976029 0.216378 -0.023401 -0.139642 -0.279798 -0.949849 -0.131006 -0.304041 -0.943608 
						-0.123332 -0.317313 -0.940267 0.092589 -0.253026 -0.963019 0.145029 -0.227145 -0.963001 0.165714 -0.257715 -0.951905 0.115112 -0.285911 -0.951317 0.204683 -0.198567 -0.958476 0.222744 -0.228741 -0.947662 0.226817 -0.242489 -0.943267 0.171795 -0.275374 -0.945862 0.125458 -0.307547 -0.943226 -0.155765 0.127015 0.979594 -0.228164 0.076885 0.970582 -0.224400 0.069052 0.972048 -0.155466 0.127910 0.979525 -0.343967 -0.014129 0.938876 -0.329283 -0.037422 0.943490 -0.171655 -0.274487 0.946145 -0.109770 -0.105769 0.988313 -0.058128 -0.023738 0.998027 0.314651 0.331178 0.889560 0.163505 0.282934 0.945100 0.160654 0.278720 0.946840 0.313020 0.317146 0.895230 0.072611 0.247250 0.966227 0.067793 0.247944 0.966399 0.136938 0.143056 0.980195 0.226958 0.173774 0.958276 0.382114 0.193290 0.903675 -0.014951 -0.309989 -0.950623 0.041379 -0.279364 -0.959293 0.067223 -0.316099 -0.946342 0.015304 -0.351744 -0.935971 0.084090 -0.353937 -0.931481 0.046192 -0.401487 -0.914699 0.285490 -0.160535 -0.944841 0.306172 -0.190877 -0.932644 0.419381 -0.096010 -0.902719 0.435588 -0.133045 -0.890260 0.448237 -0.167178 -0.878143 0.319137 -0.209534 -0.924255 -0.582529 -0.238279 0.777099 -0.548563 -0.316680 0.773817 -0.798634 -0.596487 0.079923 -0.707775 -0.699011 0.102167 -0.396966 -0.903223 0.163115 -0.325942 -0.567212 0.756328 0.006664 0.217607 0.976014 0.002566 0.221406 0.975178 -0.047823 0.190349 0.980551 -0.051250 0.195294 0.979405 0.025591 0.079620 0.996497 0.072332 0.117653 0.990417 0.692022 0.055429 -0.719746 0.717947 0.011997 -0.695994 0.944523 0.325459 -0.044192 0.962109 0.270940 -0.030636 0.993178 0.115111 0.018646 0.762749 -0.066816 -0.643234 -0.480614 -0.565094 -0.670581 -0.415026 -0.655023 -0.631426 -0.210461 -0.424028 -0.880856 -0.162370 -0.486056 -0.858712 -0.066113 -0.608141 -0.791071 -0.235237 -0.824678 -0.514364 
						-0.099360 0.161809 0.981807 -0.101610 0.165873 0.980898 -0.018541 0.042032 0.998944 0.944523 0.325459 -0.044192 0.627560 0.394361 0.671303 0.651966 0.359861 0.667413 0.962109 0.270940 -0.030636 0.713688 0.216370 0.666208 0.993178 0.115111 0.018646 -0.088447 -0.352358 -0.931676 -0.054186 -0.403918 -0.913189 -0.003994 -0.491356 -0.870949 0.160773 -0.544715 -0.823066 0.191588 -0.483279 -0.854246 0.324261 -0.654411 -0.683082 0.308235 -0.712874 -0.629922 -0.035361 -0.202795 0.978583 -0.013974 -0.074917 0.997092 0.411471 -0.369499 -0.833164 0.545721 -0.356723 -0.758246 0.634219 -0.629819 -0.448435 0.529923 -0.608047 -0.591152 -0.046098 -0.412420 0.909827 0.170694 -0.616783 0.768402 0.167122 -0.434279 0.885139 0.789214 -0.055988 0.611561 0.982728 -0.183157 0.026435 0.474272 0.042937 0.879331 0.592174 -0.322657 0.738392 0.741841 -0.360558 0.565394 0.780455 -0.283233 -0.557377 0.742840 -0.597134 -0.302688 0.127751 -0.614756 -0.778303 0.095495 -0.742347 -0.663176 0.271721 -0.413482 -0.869022 0.329924 -0.394532 -0.857610 0.464330 -0.603642 -0.648084 0.400603 -0.601575 -0.691104 0.289475 0.088133 0.953120 0.438364 -0.243862 0.865083 0.015866 -0.001389 0.999873 0.053671 0.050531 0.997279 0.105280 0.079914 0.991226 0.253020 -0.259131 0.932112 0.289052 -0.226452 0.930144 0.210380 -0.281608 0.936182 0.031513 -0.904187 -0.425974 0.295165 -0.864227 -0.407417 0.245925 -0.936591 -0.249636 0.228160 -0.448775 -0.864028 0.355898 -0.620101 -0.699150 -0.015201 -0.990595 0.135980 -0.036117 -0.753028 0.656997 0.176485 0.095358 0.979673 0.377698 -0.246983 0.892381 0.982728 -0.183157 0.026435 0.006216 0.250274 -0.968155 0.009454 0.474552 -0.880177 0.006684 0.087249 -0.996164 0.158449 -0.747062 0.645594 0.202187 -0.969205 0.140577 0.093626 -0.447881 0.889178 -0.014239 0.255281 0.966762 -0.011616 0.152475 0.988239 
						-0.012234 0.369624 0.929101 0.014563 0.770000 -0.637878 0.015928 0.990093 -0.139510 0.178426 -0.897658 -0.402958 0.125730 -0.686258 -0.716410 0.202187 -0.969205 0.140577 -0.002666 0.048600 0.998815 0.015243 -0.070957 0.997363 0.010235 0.915966 0.401125 0.001215 0.698861 0.715257 0.083028 -0.504071 -0.859662 0.053444 -0.365292 -0.929358 0.011055 -0.040204 -0.999130 0.019626 -0.148482 -0.988720 0.045655 -0.226329 0.972980 -0.006804 0.511175 0.859450 0.033188 -0.251989 -0.967161 0.132850 -0.070503 0.988625 0.243591 -0.219066 0.944814 0.065501 0.017083 0.997706 -0.164397 0.362516 0.917364 -0.112835 0.271067 0.955924 -0.241549 0.504926 0.828676 0.067815 -0.210942 -0.975143 0.026904 -0.136192 -0.990317 0.116578 -0.292909 -0.949007 -0.108169 0.127094 -0.985975 -0.191918 0.293415 -0.936523 -0.054478 0.020749 -0.998299 0.440490 -0.504787 0.742401 0.591638 -0.799321 0.105116 -0.069868 0.201646 0.976963 -0.028346 0.141167 0.989580 -0.342723 0.588680 -0.732118 -0.478462 0.871230 -0.109692 0.448014 -0.702551 -0.552906 0.280671 -0.515785 -0.809438 0.591638 -0.799321 0.105116 0.015404 0.082114 0.996504 -0.374587 0.738437 0.560710 0.181533 -0.388941 -0.903200 -0.012096 -0.061944 -0.998006 -0.152297 -0.241729 -0.958318 -0.298526 -0.230266 -0.926207 -0.063954 -0.249032 -0.966381 0.698128 0.095545 0.709569 0.985188 -0.167150 0.038283 0.364056 0.213882 0.906487 -0.142399 0.261634 0.954605 -0.075968 0.265960 0.960986 -0.208184 0.255374 0.944163 -0.629931 -0.185528 -0.754166 -0.999692 -0.007899 -0.023509 0.716576 -0.307033 -0.626298 0.446199 -0.312423 -0.838629 0.985188 -0.167150 0.038283 -0.003688 0.267795 0.963469 0.080272 0.264854 0.960942 -0.688127 0.181359 0.702560 -0.412694 0.230801 0.881144 0.303025 -0.299111 -0.904825 0.212467 -0.285916 -0.934404 0.006991 -0.256441 -0.966534 0.073579 -0.264837 -0.961482 
						0.189455 0.251792 0.949056 -0.286571 0.246464 0.925815 0.140456 -0.274557 -0.951258 -0.109829 -0.329306 -0.937814 -0.241437 -0.388016 -0.889467 -0.031082 -0.294912 -0.955019 0.639808 0.383751 0.665869 0.952388 0.302258 -0.039974 0.329251 0.330101 0.884662 -0.103077 0.169183 0.980180 -0.048543 0.195645 0.979473 -0.162892 0.138016 0.976943 -0.531413 -0.500818 -0.683215 -0.861868 -0.502716 0.066784 0.701038 0.041252 -0.711929 0.426004 -0.103047 -0.898834 0.952388 0.302258 -0.039974 0.009096 0.221754 0.975060 0.078804 0.250610 0.964875 -0.618418 -0.176537 0.765764 -0.363417 0.016037 0.931489 0.287772 -0.164471 -0.943470 0.204131 -0.199465 -0.958407 0.029548 -0.269776 -0.962470 0.084887 -0.247576 -0.965143 0.173814 0.284988 0.942640 -0.239712 0.094402 0.966244 0.141071 -0.225086 -0.964072 -0.000000 0.390668 -0.920532 -0.000000 0.390668 -0.920532 0.000016 -0.119224 -0.992867 0.000016 -0.119224 -0.992867 0.000048 -0.599683 -0.800238 0.000048 -0.599683 -0.800238 0.000064 -0.920531 -0.390669 0.000064 -0.920531 -0.390669 0.000064 -0.992537 0.121941 0.000064 -0.992537 0.121941 0.000064 -0.992537 0.121941 0.000064 -0.992537 0.121941 0.000064 -0.798591 0.601874 0.000064 -0.798591 0.601874 0.000048 -0.388158 0.921593 0.000048 -0.388158 0.921593 0.000016 0.124638 0.992202 0.000016 0.124638 0.992202 -0.000000 0.601870 0.798594 -0.000000 0.601870 0.798594 -0.000000 0.920533 0.390666 -0.000000 0.920533 0.390666 -0.000000 0.992537 -0.121941 -0.000000 0.992537 -0.121941 -0.000000 0.798593 -0.601872 -0.000000 0.798593 -0.601872 0.192115 -0.967018 0.167234 0.193340 -0.376181 0.906150 0.295511 -0.770738 -0.564479 0.845339 -0.523317 0.107431 0.136553 -0.779584 0.611230 0.845339 -0.523317 0.107431 0.557386 -0.829988 0.021015 0.395533 0.142829 -0.907278 0.217568 0.115117 -0.969233 0.205198 0.355910 -0.911714 
						0.199696 0.556821 -0.806270 0.381545 0.568708 -0.728694 0.026668 0.345562 -0.938017 0.024367 0.536088 -0.843810 0.037558 0.148328 -0.988225 0.204934 0.748564 -0.630598 0.209617 0.881416 -0.423280 0.388646 0.853035 -0.348261 0.028776 0.716957 -0.696523 0.036823 0.874661 -0.483335 0.218029 0.963249 -0.156891 0.218344 0.970031 0.106608 0.393205 0.909992 0.131546 0.044023 0.978843 -0.199823 0.045717 0.990420 0.130302 0.215082 0.898348 0.383029 0.205284 0.767531 0.607252 0.381308 0.722616 0.576567 0.039685 0.892575 0.449149 0.028153 0.712296 0.701314 0.415155 -0.540259 0.731961 0.232907 -0.548860 0.802812 0.270321 -0.733312 0.623843 0.298752 -0.859962 0.413779 0.468953 -0.812667 0.345914 0.094044 -0.713672 0.694139 0.132107 -0.868596 0.477587 0.058790 -0.532842 0.844170 0.194394 0.572034 0.796862 0.185336 0.362042 0.913551 0.367086 0.344765 0.863936 0.015860 0.494897 0.868807 0.007394 0.272468 0.962136 0.327245 -0.932434 0.153222 0.337755 -0.935489 -0.103832 0.496215 -0.859670 -0.121403 0.164360 -0.967107 0.194141 0.180713 -0.974954 -0.129640 0.375480 -0.116149 0.919524 0.190835 -0.110469 0.975386 0.210751 -0.347415 0.913721 0.031234 -0.341965 0.939194 0.013571 -0.145597 0.989251 0.184947 0.115716 0.975912 0.005936 0.058229 0.998286 0.496215 -0.859670 -0.121403 0.337755 -0.935489 -0.103832 0.336659 -0.865880 -0.370018 0.320865 -0.741751 -0.588941 0.479411 -0.680974 -0.553570 0.175527 -0.880268 -0.440816 0.152072 -0.707064 -0.690605 0.180713 -0.974954 -0.129640 0.294095 -0.555001 -0.778128 0.265390 -0.352711 -0.897309 0.434403 -0.315290 -0.843733 0.119265 -0.494736 -0.860821 0.085840 -0.273238 -0.958109 0.237322 -0.107002 -0.965520 0.057552 -0.057397 -0.996691 0.002102 -0.157860 0.987459 0.015841 -0.309302 0.950832 0.038302 -0.466394 0.883747 0.021075 -0.278777 0.960124 
						0.040519 -0.408106 0.912035 0.009151 -0.158814 0.987266 0.018774 0.161509 -0.986692 0.011079 0.314235 -0.949281 0.010043 0.470650 -0.882263 0.002363 0.283707 -0.958908 0.003499 0.413330 -0.910575 0.006754 0.162928 -0.986615 0.126336 -0.614100 -0.779051 0.089400 -0.381741 -0.919935 0.057691 -0.176256 -0.982652 0.067344 -0.284958 -0.956171 0.037447 -0.105498 -0.993714 0.108774 -0.518300 -0.848253 0.014161 0.614600 0.788711 0.003199 0.379294 0.925270 -0.003313 0.175036 0.984556 0.006767 0.291818 0.956450 0.002555 0.111139 0.993802 0.015684 0.526340 0.850130 0.070001 -0.635812 0.768664 0.109507 -0.811427 0.574104 0.069451 -0.560462 0.825263 0.109593 -0.744306 0.658785 0.014462 0.638253 -0.769691 0.022583 0.814095 -0.580292 0.009236 0.565230 -0.824882 0.018699 0.749525 -0.661712 0.034041 0.001911 -0.999419 0.017859 0.038129 -0.999113 -0.003993 -0.000610 0.999992 0.003236 -0.033795 0.999424 0.148620 -0.952269 0.266639 0.169497 -0.976184 -0.135410 0.155119 -0.926914 0.341715 0.178481 -0.973935 -0.139984 0.030790 0.960761 -0.275665 0.033152 0.990372 0.134404 0.029375 0.936803 -0.348622 0.034112 0.989875 0.137780 0.169497 -0.976184 -0.135410 0.158889 -0.840591 -0.517843 0.155149 -0.790968 -0.591861 0.178481 -0.973935 -0.139984 0.026195 0.849410 0.527084 0.027280 0.802891 0.595501 0.022113 -0.137085 0.990312 0.019749 -0.131297 0.991146 0.042506 -0.220899 0.974370 0.039740 -0.232086 0.971883 0.070574 -0.321254 0.944360 0.063110 -0.337202 0.939315 0.056357 -0.211952 0.975654 0.093451 -0.305430 0.947618 0.025890 -0.128346 0.991391 -0.030667 0.336732 -0.941101 -0.052931 0.312053 -0.948589 -0.072449 0.435709 -0.897167 -0.034016 0.470375 -0.881811 -0.099808 0.616400 -0.781082 -0.038693 0.657981 -0.752040 -0.121807 0.399659 -0.908535 -0.173786 0.565863 -0.805976 -0.085610 0.289457 -0.953355 
						0.098553 -0.396730 -0.912630 0.126398 -0.349449 -0.928391 0.063225 -0.155900 -0.985747 0.044008 -0.188911 -0.981008 0.024900 -0.035201 -0.999070 0.011086 -0.052463 -0.998561 0.091060 -0.120210 -0.988563 0.040427 -0.015485 -0.999063 0.174532 -0.294011 -0.939732 -0.002731 0.077768 0.996968 -0.019710 0.065805 0.997638 -0.000332 -0.040049 0.999198 0.008300 -0.038372 0.999229 -0.002320 -0.044678 0.998999 -0.032061 0.050464 0.998211 0.108057 -0.444942 0.889016 0.095467 -0.467317 0.878920 0.163552 -0.613139 0.772859 0.142805 -0.643771 0.751775 0.143078 -0.418542 0.896856 0.217641 -0.570878 0.791664 -0.139717 0.866385 -0.479434 -0.046573 0.896260 -0.441077 -0.161110 0.978083 0.131897 -0.049572 0.989102 0.138637 -0.254298 0.815999 -0.519113 -0.303813 0.945105 0.120310 -0.000502 0.054683 -0.998504 -0.008523 0.050395 -0.998693 -0.019676 0.134959 -0.990656 -0.019963 0.140885 -0.989825 0.004215 0.062346 -0.998046 -0.026415 0.132863 -0.990782 0.245706 -0.841251 0.481586 0.206739 -0.869412 0.448756 0.298020 -0.945344 -0.132321 0.239135 -0.961495 -0.135432 0.335726 -0.788021 0.516053 0.422450 -0.897667 -0.125417 -0.118450 0.715521 0.688476 -0.035518 0.745295 0.665789 -0.070876 0.405353 0.911409 -0.021562 0.441012 0.897242 -0.218449 0.670644 0.708885 -0.124088 0.361661 0.924015 -0.036312 0.217171 -0.975458 -0.026608 0.232382 -0.972261 -0.055363 0.205478 -0.977094 0.239135 -0.961495 -0.135432 0.298020 -0.945344 -0.132321 0.225856 -0.669293 -0.707839 0.179825 -0.710316 -0.680526 0.315318 -0.605055 -0.731083 0.422450 -0.897667 -0.125417 -0.041163 0.203066 0.978299 -0.011975 0.227635 0.973673 -0.068688 0.173819 0.982379 -0.091437 -0.036624 0.995137 -0.114111 -0.100412 0.988381 -0.051252 -0.153781 0.986775 -0.036913 -0.104416 0.993848 0.007255 -0.205669 0.978595 0.013077 -0.167431 0.985797 -0.043769 -0.185118 0.981741 
						0.020355 -0.226644 0.973765 -0.111380 -0.143493 0.983364 0.121170 -0.302952 0.945271 0.129350 -0.320609 0.938338 0.206962 -0.390196 0.897170 0.194432 -0.384609 0.902370 0.324822 -0.479662 0.815116 0.306601 -0.490569 0.815683 0.237246 -0.371505 0.897607 0.364383 -0.440534 0.820460 0.153776 -0.317606 0.935670 -0.288312 0.441956 -0.849442 -0.318164 0.383337 -0.867078 -0.558062 0.519106 -0.647376 -0.482296 0.633642 -0.604887 -0.817109 0.570892 0.080102 -0.668190 0.737492 0.098123 -0.607635 0.412637 -0.678609 -0.909810 0.410227 0.062919 -0.343671 0.328454 -0.879777 0.102608 0.075142 -0.991880 0.124671 0.140098 -0.982258 0.053842 0.177158 -0.982709 0.040062 0.126213 -0.991194 -0.009819 0.207971 -0.978086 -0.015640 0.171325 -0.985091 0.045477 0.207579 -0.977161 -0.022268 0.228046 -0.973396 0.121275 0.180273 -0.976112 0.545136 -0.603542 0.581863 0.507676 -0.643531 0.572828 0.786213 -0.611747 -0.087378 0.708127 -0.700857 -0.085769 0.604306 -0.532610 0.592572 0.862564 -0.498502 -0.086477 -0.571735 0.285442 0.769183 -0.478577 0.448662 0.754763 -0.317123 0.066839 0.946026 -0.269526 0.184429 0.945167 -0.611848 0.149093 0.776796 -0.326727 -0.020105 0.944905 -0.069832 0.237191 -0.968950 -0.068429 0.216355 -0.973914 -0.130260 0.269036 -0.954281 -0.122404 0.267032 -0.955882 -0.085461 0.245307 -0.965671 -0.148062 0.262562 -0.953488 0.708127 -0.700857 -0.085769 0.786213 -0.611747 -0.087378 0.607896 -0.270105 -0.746663 0.545183 -0.391047 -0.741524 0.353405 -0.021005 -0.935235 0.312945 -0.122933 -0.941782 0.645595 -0.165358 -0.745563 0.365788 0.049686 -0.929371 0.862564 -0.498502 -0.086477 -0.192217 -0.035899 0.980696 -0.160324 0.048591 0.985868 -0.193981 -0.095182 0.976377 0.066005 -0.260416 0.963238 0.063889 -0.232196 0.970568 0.084993 -0.270392 0.958991 -0.202708 0.311635 -0.928328 -0.187332 0.334036 -0.923757 
						-0.222742 0.285987 -0.931986 0.213882 0.085041 -0.973151 0.183489 0.004034 -0.983013 0.216535 0.136881 -0.966631 -0.170268 0.254422 -0.951986 -0.245970 0.263600 -0.932745 -0.369082 0.282715 -0.885354 -0.268544 0.253516 -0.929308 -0.393080 0.253940 -0.883743 -0.191590 0.254419 -0.947926 0.368121 0.096913 -0.924713 0.209492 0.169894 -0.962938 0.108930 0.205127 -0.972655 0.200378 0.210681 -0.956798 0.094992 0.235488 -0.967224 0.367750 0.154116 -0.917065 -0.097413 -0.175807 0.979593 -0.027408 -0.206517 0.978059 0.039323 -0.237543 0.970581 -0.009654 -0.231866 0.972700 0.057508 -0.251672 0.966102 -0.080565 -0.212730 0.973784 0.177852 -0.304177 0.935866 0.264898 -0.342929 0.901237 0.399189 -0.392438 0.828638 0.285480 -0.321271 0.902932 0.424408 -0.353034 0.833813 0.196710 -0.295376 0.934911 -0.643518 0.319652 -0.695491 -0.964289 0.259746 0.051756 -0.669823 0.246128 -0.700542 -0.991870 0.120458 0.041034 0.029363 0.225592 -0.973779 -0.041155 0.238755 -0.970208 0.012480 0.247511 -0.968805 -0.059852 0.253108 -0.965585 0.653029 -0.454129 0.606070 0.916907 -0.392569 -0.071907 0.687599 -0.382834 0.616965 0.956628 -0.286069 -0.055023 -0.626866 0.032564 0.778446 -0.320536 -0.089639 0.942985 -0.631782 -0.079694 0.771039 -0.310136 -0.161088 0.936945 -0.106394 0.247569 -0.963011 -0.126468 0.254900 -0.958661 0.916907 -0.392569 -0.071907 0.669587 -0.087387 -0.737575 0.687927 0.000286 -0.725779 0.956628 -0.286069 -0.055023 -0.182589 -0.141422 0.972965 -0.167607 -0.192015 0.966974 0.106541 -0.269905 0.956975 0.124922 -0.272695 0.953956 0.084419 -0.270012 0.959149 0.087391 -0.265779 0.960065 0.151202 -0.255520 0.954907 0.150366 -0.269237 0.951263 0.221738 -0.244750 0.943891 0.222433 -0.269517 0.936955 0.145101 -0.237355 0.960525 0.212159 -0.217313 0.952766 0.084821 -0.255070 0.963195 -0.216379 0.247365 -0.944453 
						-0.210121 0.220936 -0.952385 -0.291644 0.196016 -0.936227 -0.296363 0.230700 -0.926793 -0.422038 0.149780 -0.894120 -0.424556 0.199849 -0.883070 -0.267352 0.141197 -0.953198 -0.397014 0.078320 -0.914465 -0.186499 0.175727 -0.966612 0.360266 0.259952 -0.895898 0.353860 0.295196 -0.887492 0.178352 0.290735 -0.940034 0.181320 0.279072 -0.942996 0.068475 0.279888 -0.957588 0.069630 0.281214 -0.957116 0.178510 0.289694 -0.940325 0.075741 0.264500 -0.961407 0.343551 0.319159 -0.883238 -0.050989 -0.274973 0.960099 -0.043609 -0.288370 0.956526 0.024474 -0.276410 0.960728 0.019115 -0.271900 0.962136 0.025399 -0.272451 0.961834 -0.039395 -0.291688 0.955702 0.313364 -0.230413 0.921256 0.314665 -0.269615 0.910106 0.460967 -0.202628 0.863974 0.461555 -0.263812 0.846977 0.300203 -0.189924 0.934777 0.444048 -0.140887 0.884857 -0.693642 0.027028 -0.719813 -0.697942 0.112862 -0.707205 -0.968799 -0.246880 -0.021871 -0.991991 -0.126282 0.002436 -0.663940 -0.080741 -0.743414 -0.923702 -0.380046 -0.048367 -0.013444 0.266805 -0.963657 -0.014553 0.276400 -0.960932 -0.081449 0.253011 -0.964029 -0.085379 0.268515 -0.959484 -0.000412 0.242046 -0.970265 -0.063490 0.221280 -0.973141 0.740556 -0.124316 0.660396 0.737003 -0.223868 0.637738 0.996624 0.082106 0.000342 0.998608 -0.048555 -0.020593 0.723531 -0.022151 0.689937 0.976029 0.216378 0.023400 -0.606262 -0.356166 0.711050 -0.621524 -0.276887 0.732831 -0.277922 -0.328053 0.902852 -0.287666 -0.286354 0.913920 -0.576922 -0.431493 0.693524 -0.264424 -0.359480 0.894905 -0.144351 0.238369 -0.960387 -0.150424 0.259019 -0.954087 -0.122678 0.200297 -0.972024 0.998608 -0.048555 -0.020593 0.996624 0.082106 0.000342 0.687105 0.264236 -0.676806 0.699572 0.180205 -0.691466 0.663055 0.339679 -0.667065 0.976029 0.216378 0.023400 -0.131006 -0.304041 0.943608 -0.139642 -0.279798 0.949849 
						-0.123331 -0.317312 0.940267 0.092589 -0.253026 0.963019 0.115112 -0.285911 0.951317 0.165714 -0.257715 0.951904 0.145029 -0.227145 0.963001 0.222744 -0.228741 0.947662 0.204683 -0.198567 0.958476 0.171795 -0.275373 0.945863 0.226817 -0.242489 0.943267 0.125458 -0.307546 0.943226 -0.155766 0.127015 -0.979594 -0.155467 0.127910 -0.979525 -0.224401 0.069052 -0.972048 -0.228165 0.076884 -0.970582 -0.329283 -0.037423 -0.943489 -0.343968 -0.014131 -0.938875 -0.109771 -0.105769 -0.988313 -0.171656 -0.274485 -0.946146 -0.058128 -0.023737 -0.998027 0.314652 0.331178 -0.889559 0.313022 0.317147 -0.895229 0.160654 0.278721 -0.946840 0.163505 0.282934 -0.945100 0.067794 0.247945 -0.966399 0.072611 0.247251 -0.966227 0.226957 0.173774 -0.958276 0.136938 0.143055 -0.980196 0.382114 0.193291 -0.903675 -0.014951 -0.309988 0.950623 0.015304 -0.351743 0.935971 0.067224 -0.316098 0.946342 0.041379 -0.279364 0.959293 0.084090 -0.353936 0.931482 0.046192 -0.401485 0.914700 0.306171 -0.190876 0.932644 0.285489 -0.160535 0.944841 0.435588 -0.133045 0.890260 0.419381 -0.096011 0.902719 0.319137 -0.209534 0.924255 0.448239 -0.167178 0.878142 -0.548562 -0.316681 -0.773817 -0.582529 -0.238280 -0.777099 -0.707774 -0.699011 -0.102169 -0.798634 -0.596487 -0.079920 -0.325942 -0.567211 -0.756329 -0.396965 -0.903223 -0.163117 0.002566 0.221407 -0.975178 0.006664 0.217608 -0.976014 -0.051250 0.195294 -0.979405 -0.047823 0.190349 -0.980551 0.072332 0.117653 -0.990417 0.025591 0.079620 -0.996497 0.717944 0.011997 0.695997 0.692022 0.055429 0.719746 0.962108 0.270940 0.030641 0.944523 0.325458 0.044192 0.762744 -0.066817 0.643240 0.993178 0.115111 -0.018630 -0.415026 -0.655023 0.631425 -0.480612 -0.565092 0.670585 -0.162370 -0.486056 0.858712 -0.210460 -0.424027 0.880856 -0.235237 -0.824679 0.514362 -0.066113 -0.608142 0.791070 
						-0.101610 0.165873 -0.980898 -0.099360 0.161809 -0.981807 -0.018541 0.042032 -0.998944 0.944523 0.325458 0.044192 0.962108 0.270940 0.030641 0.651968 0.359862 -0.667410 0.627560 0.394360 -0.671303 0.713694 0.216372 -0.666201 0.993178 0.115111 -0.018630 -0.054186 -0.403917 0.913189 -0.088447 -0.352358 0.931677 -0.003994 -0.491357 0.870949 0.160774 -0.544714 0.823066 0.308235 -0.712874 0.629922 0.324261 -0.654411 0.683082 0.191587 -0.483278 0.854246 -0.013974 -0.074917 -0.997092 -0.035360 -0.202796 -0.978582 0.411469 -0.369497 0.833166 0.529924 -0.608047 0.591151 0.634218 -0.629819 0.448438 0.545723 -0.356725 0.758244 0.167123 -0.434281 -0.885139 0.170694 -0.616784 -0.768402 -0.046098 -0.412421 -0.909826 0.982728 -0.183157 -0.026426 0.789218 -0.055987 -0.611556 0.741847 -0.360555 -0.565388 0.592179 -0.322655 -0.738388 0.474278 0.042939 -0.879327 0.742840 -0.597137 0.302683 0.780455 -0.283234 0.557377 0.095496 -0.742346 0.663177 0.127752 -0.614755 0.778303 0.271721 -0.413481 0.869023 0.400602 -0.601575 0.691104 0.464330 -0.603642 0.648085 0.329925 -0.394532 0.857610 0.438366 -0.243862 -0.865082 0.289477 0.088133 -0.953119 0.053672 0.050533 -0.997279 0.015866 -0.001386 -0.999873 0.105280 0.079914 -0.991226 0.289052 -0.226452 -0.930144 0.253020 -0.259129 -0.932112 0.210380 -0.281605 -0.936183 0.031513 -0.904187 0.425973 0.245925 -0.936591 0.249637 0.295165 -0.864227 0.407419 0.355898 -0.620102 0.699150 0.228159 -0.448774 0.864028 -0.036117 -0.753028 -0.656996 -0.015201 -0.990595 -0.135980 0.176486 0.095357 -0.979673 0.377698 -0.246984 -0.892381 0.982728 -0.183157 -0.026426 0.009454 0.474551 0.880177 0.006216 0.250274 0.968155 0.006684 0.087251 0.996164 0.202187 -0.969205 -0.140576 0.158448 -0.747062 -0.645595 0.093626 -0.447879 -0.889179 -0.011616 0.152474 -0.988239 -0.014239 0.255280 -0.966762 
						-0.012234 0.369624 -0.929101 0.015928 0.990093 0.139510 0.014563 0.770000 0.637878 0.125730 -0.686258 0.716409 0.178427 -0.897658 0.402957 0.202187 -0.969205 -0.140576 0.015243 -0.070958 -0.997363 -0.002666 0.048600 -0.998815 0.001215 0.698862 -0.715256 0.010235 0.915966 -0.401125 0.053444 -0.365293 0.929357 0.083028 -0.504071 0.859662 0.011055 -0.040204 0.999130 0.019626 -0.148482 0.988720 0.045655 -0.226328 -0.972981 -0.006804 0.511176 -0.859449 0.033188 -0.251990 0.967161 0.243592 -0.219065 -0.944814 0.132850 -0.070502 -0.988625 0.065501 0.017083 -0.997706 -0.112835 0.271067 -0.955924 -0.164397 0.362515 -0.917364 -0.241549 0.504924 -0.828677 0.026904 -0.136192 0.990317 0.067815 -0.210942 0.975143 0.116578 -0.292909 0.949007 -0.191918 0.293416 0.936523 -0.108169 0.127093 0.985975 -0.054478 0.020749 0.998299 0.591639 -0.799321 -0.105113 0.440491 -0.504787 -0.742400 -0.028346 0.141169 -0.989580 -0.069868 0.201646 -0.976963 -0.478462 0.871230 0.109693 -0.342723 0.588680 0.732118 0.280671 -0.515785 0.809438 0.448014 -0.702550 0.552908 0.591639 -0.799321 -0.105113 0.015404 0.082114 -0.996504 -0.374588 0.738436 -0.560710 0.181533 -0.388941 0.903200 -0.012096 -0.061944 0.998006 -0.298525 -0.230266 0.926207 -0.152297 -0.241729 0.958318 -0.063954 -0.249032 0.966381 0.985188 -0.167149 -0.038280 0.698128 0.095545 -0.709569 0.364056 0.213882 -0.906486 -0.075968 0.265961 -0.960986 -0.142400 0.261634 -0.954605 -0.208184 0.255374 -0.944163 -0.999692 -0.007899 0.023507 -0.629930 -0.185528 0.754167 0.446199 -0.312423 0.838629 0.716576 -0.307033 0.626298 0.985188 -0.167149 -0.038280 0.080272 0.264854 -0.960942 -0.003688 0.267795 -0.963469 -0.412695 0.230801 -0.881144 -0.688126 0.181358 -0.702561 0.212467 -0.285916 0.934403 0.303025 -0.299111 0.904825 0.006991 -0.256441 0.966534 0.073579 -0.264837 0.961482 
						0.189456 0.251793 -0.949056 -0.286571 0.246465 -0.925814 0.140456 -0.274557 0.951258 -0.241436 -0.388015 0.889468 -0.109829 -0.329306 0.937814 -0.031082 -0.294912 0.955019 0.952388 0.302258 0.039972 0.639808 0.383750 -0.665870 0.329251 0.330100 -0.884662 -0.048543 0.195645 -0.979473 -0.103077 0.169183 -0.980180 -0.162892 0.138017 -0.976943 -0.861868 -0.502716 -0.066783 -0.531412 -0.500817 0.683215 0.426004 -0.103047 0.898834 0.701038 0.041251 0.711930 0.952388 0.302258 0.039972 0.078805 0.250610 -0.964875 0.009096 0.221754 -0.975060 -0.363417 0.016036 -0.931488 -0.618418 -0.176538 -0.765764 0.204130 -0.199464 0.958407 0.287772 -0.164470 0.943471 0.029548 -0.269776 0.962470 0.084887 -0.247575 0.965143 0.173814 0.284988 -0.942640 -0.239712 0.094402 -0.966244 0.141071 -0.225086 0.964072 -0.000000 0.390668 0.920532 0.000016 -0.119224 0.992867 0.000016 -0.119224 0.992867 -0.000000 0.390668 0.920532 0.000048 -0.599683 0.800238 0.000048 -0.599683 0.800238 0.000064 -0.920531 0.390669 0.000064 -0.920531 0.390669 0.000064 -0.992537 -0.121941 0.000064 -0.992537 -0.121941 0.000064 -0.992537 -0.121941 0.000064 -0.798591 -0.601874 0.000064 -0.798591 -0.601874 0.000064 -0.992537 -0.121941 0.000048 -0.388158 -0.921593 0.000048 -0.388158 -0.921593 0.000016 0.124638 -0.992202 0.000016 0.124638 -0.992202 -0.000000 0.601870 -0.798594 -0.000000 0.601870 -0.798594 -0.000000 0.920533 -0.390666 -0.000000 0.920533 -0.390666 -0.000000 0.992537 0.121941 -0.000000 0.992537 0.121941 -0.000000 0.798593 0.601872 -0.000000 0.798593 0.601872 0.192115 -0.967019 -0.167232 0.193340 -0.376179 -0.906151 0.295511 -0.770738 0.564479 0.845339 -0.523316 -0.107434 0.136553 -0.779586 -0.611227 0.845339 -0.523316 -0.107434 0.557386 -0.829988 -0.021015 1.000000 0.000000 -0.000000 1.000000 0.000000 -0.000000 1.000000 0.000000 -0.000000 
						1.000000 0.000000 -0.000000 1.000000 0.000000 0.000000 1.000000 0.000000 0.000000 1.000000 0.000000 0.000000 1.000000 0.000000 0.000000 1.000000 0.000000 0.000000 1.000000 0.000000 -0.000000 1.000000 0.000000 -0.000000 1.000000 0.000000 -0.000000 1.000000 0.000000 0.000000 1.000000 0.000000 0.000000 1.000000 0.000000 0.000000 1.000000 0.000000 0.000000 1.000000 0.000000 0.000000 1.000000 0.000000 0.000000 1.000000 0.000000 0.000000 1.000000 0.000000 0.000000 1.000000 0.000000 0.000000 1.000000 0.000000 0.000000 1.000000 0.000000 0.000000 1.000000 0.000000 0.000000 1.000000 0.000000 0.000000 1.000000 0.000000 0.000000 1.000000 0.000000 0.000000 1.000000 0.000000 0.000000 1.000000 0.000000 0.000000 1.000000 0.000000 0.000000 1.000000 0.000000 0.000000 1.000000 0.000000 0.000000 1.000000 0.000000 0.000000 1.000000 0.000000 0.000000 1.000000 0.000000 0.000000 1.000000 0.000000 0.000000 1.000000 0.000000 0.000000 1.000000 0.000000 -0.000000 1.000000 0.000000 -0.000000 1.000000 0.000000 -0.000000 1.000000 0.000000 -0.000000 1.000000 0.000000 0.000000 1.000000 0.000000 0.000000 1.000000 0.000000 0.000000 1.000000 0.000000 0.000000 1.000000 0.000000 0.000000 1.000000 0.000000 0.000000 1.000000 0.000000 0.000000 1.000000 0.000000 0.000000 1.000000 0.000000 0.000000 -0.382691 0.000000 0.923877 -0.066165 0.000000 0.997809 -0.066165 0.000000 0.997809 -0.382690 0.000000 0.923877 0.000000 1.000000 0.000000 0.000000 1.000000 0.000000 0.000000 1.000000 0.000000 0.000000 1.000000 0.000000 -0.707105 0.000000 -0.707109 -0.707104 0.000000 -0.707109 -0.555567 0.000000 -0.831472 -0.442971 0.000000 -0.896536 -0.382690 0.000000 0.923877 -0.382690 0.000000 0.923877 -0.707104 0.000000 0.707109 -0.707105 0.000000 0.707109 0.000000 1.000000 0.000000 
						0.000000 1.000000 0.000000 0.000000 1.000000 0.000000 0.000000 1.000000 0.000000 0.980785 0.000000 -0.195091 0.980785 0.000000 -0.195091 0.980785 0.000000 -0.195091 0.980785 0.000000 -0.195091 0.923879 0.000000 0.382686 0.923879 0.000000 0.382686 0.707104 0.000000 0.707109 0.707105 0.000000 0.707109 0.066165 0.000000 -0.997809 0.195108 0.000000 -0.980782 0.382690 0.000000 -0.923877 0.382690 0.000000 -0.923877 -0.923879 0.000000 0.382686 -0.923879 0.000000 0.382686 -1.000000 0.000000 0.000000 -1.000000 0.000000 0.000000 0.000000 1.000000 0.000000 0.000000 1.000000 0.000000 0.000000 1.000000 0.000000 0.000000 1.000000 0.000000 -0.000000 1.000000 0.000000 -0.000000 1.000000 0.000000 -0.000003 1.000000 0.000000 -0.000003 1.000000 0.000000 0.000000 1.000000 0.000000 0.000000 1.000000 0.000000 0.000003 1.000000 0.000000 0.000003 1.000000 0.000000 0.923879 0.000000 -0.382686 0.923879 0.000000 -0.382686 1.000000 0.000000 0.000000 1.000000 0.000000 0.000000 -0.980785 0.000000 0.195091 -0.980785 0.000000 0.195091 -0.980785 0.000000 0.195091 -0.980785 0.000000 0.195091 -0.923879 0.000000 -0.382686 -0.923879 0.000000 -0.382686 0.707104 0.000000 -0.707109 0.707105 0.000000 -0.707109 0.555567 0.000000 0.831472 0.442971 0.000000 0.896536 -0.066165 0.000000 0.997809 -0.195108 0.000000 0.980782 -0.066165 0.000000 -0.997809 -0.066165 0.000000 -0.997809 -0.382691 0.000000 -0.923877 -0.382690 0.000000 -0.923877 -0.000000 1.000000 0.000000 -0.000000 1.000000 0.000000 -0.000000 1.000000 0.000000 -0.000000 1.000000 0.000000 -0.707105 0.000000 0.707109 -0.442971 0.000000 0.896536 -0.555567 0.000000 0.831472 -0.707104 0.000000 0.707109 -0.382690 0.000000 -0.923877 -0.707105 0.000000 -0.707109 -0.707104 0.000000 -0.707109 -0.382690 0.000000 -0.923877 -0.000001 1.000000 0.000000 
						-0.000001 1.000000 0.000000 -0.000001 1.000000 0.000000 -0.000001 1.000000 0.000000 0.980785 0.000000 0.195091 0.980785 0.000000 0.195091 0.980785 0.000000 0.195091 0.980785 0.000000 0.195091 0.923879 0.000000 -0.382686 0.707105 0.000000 -0.707109 0.707104 0.000000 -0.707109 0.923879 0.000000 -0.382686 0.066165 0.000000 0.997809 0.382690 0.000000 0.923877 0.382690 0.000000 0.923877 0.195108 0.000000 0.980782 -0.923879 0.000000 -0.382686 -1.000000 0.000000 0.000000 -1.000000 0.000000 0.000000 -0.923879 0.000000 -0.382686 0.000001 1.000000 0.000000 0.000001 1.000000 0.000000 0.000001 1.000000 0.000000 0.000001 1.000000 0.000000 -0.000000 1.000000 0.000000 -0.000000 1.000000 0.000000 -0.000003 1.000000 0.000000 -0.000003 1.000000 0.000000 0.000000 1.000000 0.000000 0.000000 1.000000 0.000000 0.000003 1.000000 0.000000 0.000003 1.000000 0.000000 0.923879 0.000000 0.382686 1.000000 0.000000 -0.000000 1.000000 0.000000 0.000000 0.923879 0.000000 0.382686 -0.980785 0.000000 -0.195091 -0.980785 0.000000 -0.195091 -0.980785 0.000000 -0.195091 -0.980785 0.000000 -0.195091 -0.923879 0.000000 0.382686 -0.923879 0.000000 0.382686 0.707105 0.000000 0.707109 0.707104 0.000000 0.707109 0.442971 0.000000 -0.896536 0.555567 0.000000 -0.831472 -0.066165 0.000000 -0.997809 -0.195108 0.000000 -0.980782 -0.707105 0.000000 0.707109 -0.707105 0.000000 0.707109 -0.923879 0.000000 0.382686 -0.923879 0.000000 0.382686 -1.000000 0.000000 0.000000 -1.000000 0.000000 0.000000 -0.923879 0.000000 -0.382686 -0.923879 0.000000 -0.382686 -0.707105 0.000000 -0.707109 -0.707105 0.000000 -0.707109 -0.442972 0.000000 -0.896536 -0.442971 0.000000 -0.896536 0.066165 0.000000 -0.997809 0.066165 0.000000 -0.997809 0.382691 0.000000 -0.923877 0.382690 0.000000 -0.923877 0.707105 0.000000 -0.707109 
						0.707105 0.000000 -0.707109 0.923879 0.000000 -0.382686 0.923879 0.000000 -0.382686 1.000000 0.000000 0.000000 1.000000 0.000000 0.000000 0.923879 0.000000 0.382686 1.000000 0.000000 0.000000 1.000000 0.000000 0.000000 0.923879 0.000000 0.382686 0.707105 0.000000 0.707109 0.707105 0.000000 0.707109 0.442972 0.000000 0.896536 0.442971 0.000000 0.896536 0.000000 -1.000000 0.000000 0.000000 -1.000000 0.000000 0.000000 -1.000000 0.000000 0.000000 -1.000000 0.000000 -0.707105 0.000000 -0.707109 -0.442972 0.000000 -0.896536 -0.555569 0.000000 -0.831471 -0.707105 0.000000 -0.707109 -0.382691 0.000000 0.923877 -0.707105 0.000000 0.707109 -0.707105 0.000000 0.707109 -0.382691 0.000000 0.923877 0.000000 -1.000000 0.000000 0.000000 -1.000000 0.000000 0.000000 -1.000000 0.000000 0.000000 -1.000000 0.000000 0.980785 0.000000 -0.195090 0.980785 0.000000 -0.195090 0.980785 0.000000 -0.195090 0.980785 0.000000 -0.195090 0.923879 0.000000 0.382686 0.707105 0.000000 0.707109 0.707105 0.000000 0.707109 0.923878 0.000000 0.382686 0.066165 0.000000 -0.997809 0.382691 0.000000 -0.923877 0.382691 0.000000 -0.923877 0.195107 0.000000 -0.980782 -0.923879 0.000000 0.382686 -1.000000 0.000000 0.000000 -1.000000 0.000000 0.000000 -0.923878 0.000000 0.382686 -0.000000 -1.000000 0.000000 -0.000000 -1.000000 0.000000 -0.000000 -1.000000 0.000000 -0.000000 -1.000000 0.000000 -0.000000 -1.000000 0.000000 -0.000000 -1.000000 0.000000 0.000000 -1.000000 0.000000 0.000000 -1.000000 0.000000 0.000000 -1.000000 0.000000 0.000000 -1.000000 0.000000 -0.000000 -1.000000 0.000000 -0.000000 -1.000000 0.000000 0.923879 0.000000 -0.382686 1.000000 0.000000 0.000000 1.000000 0.000000 0.000000 0.923878 0.000000 -0.382686 -0.980785 0.000000 0.195090 -0.980785 0.000000 0.195090 -0.980785 0.000000 0.195090 
						-0.980785 0.000000 0.195090 -0.923879 0.000000 -0.382686 -0.923878 0.000000 -0.382686 0.707105 0.000000 -0.707109 0.707105 0.000000 -0.707109 0.442972 0.000000 0.896536 0.555569 0.000000 0.831471 -0.066165 0.000000 0.997809 -0.195107 0.000000 0.980782 -0.707105 0.000000 -0.707109 -0.707105 0.000000 -0.707109 -0.923879 0.000000 -0.382686 -0.923879 0.000000 -0.382686 -0.923879 0.000000 -0.382686 -1.000000 0.000000 -0.000000 -1.000000 0.000000 0.000000 -0.923879 0.000000 -0.382686 -1.000000 0.000000 -0.000000 -0.923879 0.000000 0.382686 -0.923879 0.000000 0.382686 -1.000000 0.000000 0.000000 -0.923879 0.000000 0.382686 -0.707105 0.000000 0.707109 -0.707105 0.000000 0.707109 -0.923879 0.000000 0.382686 -0.707105 0.000000 0.707109 -0.442972 0.000000 0.896536 -0.442971 0.000000 0.896536 -0.707105 0.000000 0.707109 -0.442972 0.000000 0.896536 0.066165 0.000000 0.997809 0.066165 0.000000 0.997809 -0.442971 0.000000 0.896536 0.382691 0.000000 0.923877 0.382690 0.000000 0.923877 0.707105 0.000000 0.707109 0.707105 0.000000 0.707109 0.707105 0.000000 0.707109 0.923879 0.000000 0.382686 0.923879 0.000000 0.382686 0.707105 0.000000 0.707109 0.923879 0.000000 0.382686 1.000000 0.000000 0.000000 1.000000 0.000000 -0.000000 0.923879 0.000000 0.382686 1.000000 0.000000 0.000000 0.923879 0.000000 -0.382686 0.923879 0.000000 -0.382686 1.000000 0.000000 -0.000000 0.923879 0.000000 -0.382686 0.707105 0.000000 -0.707109 0.707105 0.000000 -0.707109 0.923879 0.000000 -0.382686 0.707105 0.000000 -0.707109 0.442972 0.000000 -0.896536 0.442971 0.000000 -0.896536 0.707105 0.000000 -0.707109 0.442972 0.000000 -0.896536 0.442971 0.000000 -0.896536 0.000000 -1.000000 0.000000 0.000000 -1.000000 0.000000 0.000000 -1.000000 0.000000 0.000000 -1.000000 0.000000 -0.707105 0.000000 0.707109 
						-0.707105 0.000000 0.707109 -0.555569 0.000000 0.831471 -0.442972 0.000000 0.896536 -0.382691 0.000000 -0.923877 -0.707105 0.000000 -0.707109 0.000000 -1.000000 0.000000 0.000000 -1.000000 0.000000 -0.000000 -1.000000 0.000000 -0.000000 -1.000000 0.000000 0.980785 0.000000 0.195090 0.980785 0.000000 0.195090 0.980785 0.000000 0.195090 0.980785 0.000000 0.195090 0.923879 0.000000 -0.382686 0.923878 0.000000 -0.382686 0.707105 0.000000 -0.707109 0.707105 0.000000 -0.707109 0.195107 0.000000 0.980782 0.382691 0.000000 0.923877 -0.923878 0.000000 -0.382686 -1.000000 0.000000 0.000000 -1.000000 0.000000 -0.000000 0.000000 -1.000000 0.000000 0.000000 -1.000000 0.000000 0.000000 -1.000000 0.000000 0.000000 -1.000000 0.000000 -0.000000 -1.000000 0.000000 -0.000000 -1.000000 0.000000 0.000000 -1.000000 0.000000 0.000000 -1.000000 0.000000 0.000000 -1.000000 0.000000 0.000000 -1.000000 0.000000 -0.000000 -1.000000 0.000000 -0.000000 -1.000000 0.000000 0.923879 0.000000 0.382686 0.923878 0.000000 0.382686 1.000000 0.000000 0.000000 1.000000 0.000000 0.000000 -0.980785 0.000000 -0.195090 -0.980785 0.000000 -0.195090 -0.980785 0.000000 -0.195090 -0.980785 0.000000 -0.195090 -0.923878 0.000000 0.382686 -0.923879 0.000000 0.382686 0.707105 0.000000 0.707109 0.707105 0.000000 -0.707109 0.555569 0.000000 -0.831471 0.442972 0.000000 -0.896536 -0.195107 0.000000 -0.980782 -0.707105 0.000000 0.707109 0.698367 0.007172 0.715704 0.734224 0.007016 0.678871 0.681422 -0.377785 0.626852 0.644391 -0.376797 0.665420 0.524145 -0.704231 0.478885 0.492221 -0.703032 0.513288 0.286836 -0.922667 0.257704 0.265112 -0.921808 0.282819 0.005736 -0.999980 -0.002634 -0.002288 -0.999954 0.009274 -0.002288 -0.999954 0.009274 0.005736 -0.999980 -0.002634 -0.276304 -0.924672 -0.261987 -0.269176 -0.925704 -0.265736 
						-0.516325 -0.708845 -0.480570 -0.494767 -0.710474 -0.500432 -0.678111 -0.386112 -0.625366 -0.644625 -0.387213 -0.659185 -0.737728 -0.005799 -0.675074 -0.696047 -0.005322 -0.717977 -0.686673 0.374931 -0.622822 -0.641497 0.377080 -0.668052 -0.532609 0.699356 -0.476685 -0.489534 0.702119 -0.517093 -0.298139 0.918895 -0.258353 -0.263279 0.920757 -0.287908 -0.017941 0.999839 -0.000246 0.003108 0.999882 -0.015018 0.265699 0.928662 0.258827 0.269406 0.927171 0.260334 0.508987 0.715000 0.479278 0.495189 0.713156 0.496181 0.673756 0.391104 0.626969 0.645917 0.390062 0.656233 0.039942 0.995179 -0.089571 -0.214057 0.905608 -0.366134 0.288214 0.936215 0.201082 0.494244 0.736065 0.462528 0.627183 0.422695 0.654195 0.666457 0.042285 0.744343 0.605452 -0.346287 0.716598 0.453019 -0.681085 0.575236 0.231565 -0.908428 0.348047 -0.024764 -0.997604 0.064599 -0.277485 -0.934240 -0.224047 -0.024764 -0.997604 0.064599 -0.492203 -0.725801 -0.480572 -0.625880 -0.407627 -0.664917 -0.660955 -0.028303 -0.749892 -0.593714 0.353662 -0.722791 -0.436428 0.680931 -0.588102 -0.284201 0.618586 -0.732517 -0.484592 0.302197 -0.820882 -0.068291 0.431544 -0.899503 -0.354137 0.179031 -0.917897 0.050749 0.173777 -0.983477 -0.307844 0.035482 -0.950775 0.042214 0.029848 -0.998663 -0.341228 -0.015193 -0.939858 0.008917 0.000483 -0.999960 -0.374936 -0.006457 -0.927028 -0.610995 -0.062984 -0.789125 -0.587505 -0.101428 -0.802839 -0.625133 -0.106629 -0.773201 -0.674806 -0.055113 -0.735934 -0.701745 -0.011858 -0.712329 -0.637403 -0.424940 -0.642762 -0.733253 -0.368785 -0.571259 -0.854053 -0.223867 -0.469550 -0.905293 -0.082128 -0.416773 -0.921252 -0.014918 -0.388679 -0.547346 -0.729976 -0.409325 -0.771317 -0.581656 -0.258354 -0.958275 -0.275735 -0.075359 -0.995187 -0.092329 -0.032837 -0.999866 -0.015353 -0.005764 -0.356392 -0.926040 -0.124235 -0.716974 -0.686137 0.123140 
						-0.915318 -0.208635 0.344476 -0.930908 -0.087160 0.354703 -0.925784 -0.013315 0.377819 -0.485697 -0.742500 0.461294 -0.736504 -0.181847 0.651532 -0.724457 -0.068268 0.685931 -0.710516 -0.009208 0.703621 -0.485697 -0.742500 0.461294 0.152539 -0.890350 0.428962 -0.185742 -0.596382 0.780915 -0.736504 -0.181847 0.651532 -0.411547 -0.171323 0.895141 -0.724457 -0.068268 0.685931 -0.409887 -0.044848 0.911033 -0.710516 -0.009208 0.703621 -0.386966 -0.003563 0.922087 0.334316 -0.630077 0.700882 0.115014 -0.380964 0.917408 -0.032976 -0.112687 0.993083 -0.026140 -0.014346 0.999555 -0.004521 0.002959 0.999985 0.510137 -0.277549 0.814080 0.397537 -0.124683 0.909076 0.342288 -0.004213 0.939586 0.357805 0.024310 0.933480 0.378418 0.009522 0.925586 0.623310 0.102324 0.775251 0.621837 0.151637 0.768326 0.654958 0.126906 0.744933 0.685692 0.063360 0.725129 0.703510 0.015165 0.710524 0.647148 0.456121 0.610863 0.753856 0.406929 0.515858 0.862719 0.247476 0.440990 0.908023 0.095677 0.407847 0.921534 0.018952 0.387834 0.576317 0.736220 0.354737 0.774594 0.603497 0.189198 0.939664 0.333935 0.074296 0.992892 0.115007 0.030647 0.999775 0.020170 0.006609 0.421201 0.905695 0.048020 0.682073 0.712635 -0.164096 0.878082 0.371688 -0.301364 0.929329 0.117504 -0.350057 0.926617 0.018509 -0.375551 0.204520 0.942528 -0.264220 0.490423 0.718534 -0.493148 0.688758 0.354864 -0.632206 0.727532 0.102276 -0.678407 0.713021 0.014151 -0.701000 -0.042494 0.842236 -0.537432 0.227612 0.620233 -0.750669 0.399332 0.285690 -0.871157 0.416869 0.071423 -0.906156 0.390944 0.007780 -0.920382 0.000000 0.000000 -1.000000 0.382683 0.000000 -0.923880 0.707107 0.000000 -0.707106 0.923880 0.000000 -0.382683 1.000000 -0.000000 0.000000 0.923880 -0.000000 0.382683 0.707107 -0.000000 0.707106 0.382683 0.000000 0.923880 
						0.000000 0.000000 1.000000 -0.382684 0.000000 0.923880 -0.707108 0.000000 0.707106 -0.707108 0.000000 0.707106 -0.923880 0.000000 0.382683 -1.000000 0.000000 0.000000 -0.923880 0.000000 -0.382683 -0.707107 -0.000000 -0.707106 -0.382683 -0.000000 -0.923880 -0.000001 -1.000000 -0.000000 0.000000 -1.000000 0.000000 -0.000001 -1.000000 0.000000 -0.000000 -1.000000 -0.000000 0.000002 -1.000000 0.000001 0.000001 -1.000000 0.000000 0.000001 -1.000000 0.000001 0.000000 -1.000000 -0.000000 0.000000 -1.000000 -0.000001 0.000000 -1.000000 -0.000001 -0.000001 -1.000000 -0.000001 -0.000001 -1.000000 -0.000001 0.000000 -1.000000 0.000001 -0.000001 -1.000000 0.000001 -0.000001 -1.000000 0.000001 0.000000 -1.000000 0.000000 0.000000 -1.000000 -0.000001 0.003851 0.143353 -0.989664 0.004451 0.102653 -0.994707 0.375200 0.148046 -0.915045 0.378500 0.182000 -0.907532 0.378500 0.182000 -0.907532 0.375200 0.148046 -0.915045 0.697675 0.170467 -0.695838 0.700269 0.193410 -0.687180 0.917369 0.167162 -0.361234 0.917451 0.174797 -0.357394 0.989821 0.140541 0.022406 0.991272 0.129816 0.022957 0.910857 0.094160 0.401839 0.914332 0.065109 0.399698 0.694059 0.034839 0.719075 0.698441 -0.009480 0.715605 0.373584 -0.028798 0.927149 0.376434 -0.082623 0.922752 -0.002236 -0.087595 0.996154 -0.002801 -0.143216 0.989688 -0.377962 -0.133130 0.916199 -0.381692 -0.182050 0.906184 -0.697996 -0.158723 0.698290 -0.702639 -0.193203 0.684814 -0.913673 -0.160180 0.373556 -0.916745 -0.174952 0.359124 -0.990604 -0.136416 -0.009748 -0.991278 -0.130044 -0.021383 -0.915321 -0.090014 -0.392537 -0.914739 -0.065303 -0.398732 -0.698937 -0.027601 -0.714651 -0.698705 0.009408 -0.715348 -0.375588 0.040513 -0.925901 -0.376095 0.082688 -0.922884 0.916440 0.108587 -0.385157 0.988411 0.151789 0.001965 0.698423 0.056045 -0.713487 0.369572 -0.011448 -0.929132 
						0.004648 -0.073128 -0.997312 0.369572 -0.011448 -0.929132 -0.378916 -0.141231 -0.914591 -0.707398 -0.179455 -0.683654 -0.921364 -0.174212 -0.347475 -0.990334 -0.133661 0.037050 -0.908921 -0.070144 0.411025 -0.693211 0.003783 0.720724 -0.376723 0.076453 0.923166 -0.005607 0.137539 0.990481 0.366919 0.178691 0.912929 0.686803 0.194598 0.700310 0.905820 0.184247 0.381501 0.907249 0.262789 0.328391 0.683243 0.405048 0.607548 0.919772 0.232681 0.316037 0.711333 0.511824 0.481708 0.899509 0.128517 0.417572 0.744521 0.489981 0.453440 0.816734 0.049120 0.574920 0.722304 0.432030 0.540025 0.359395 0.491531 0.793242 0.399501 0.715108 0.573602 0.476051 0.770542 0.423840 0.514120 0.745284 0.424538 -0.015772 0.507755 0.861357 0.030984 0.814511 0.579320 0.138699 0.933180 0.331569 0.227498 0.942009 0.246707 -0.387829 0.450821 0.803959 -0.340953 0.796314 0.499635 -0.216796 0.957557 0.189959 -0.092001 0.995200 0.033359 -0.703535 0.328589 0.630133 -0.663237 0.663103 0.347004 -0.539237 0.841919 0.019891 -0.396220 0.899517 -0.184060 -0.917560 0.157917 0.364892 -0.889684 0.433349 0.143772 -0.782670 0.603178 -0.153636 -0.640776 0.670570 -0.373821 -0.998231 -0.037635 0.046038 -0.987069 0.138819 -0.080150 -0.911870 0.274989 -0.304753 -0.790376 0.342285 -0.508081 -0.931771 -0.230090 -0.280821 -0.939948 -0.179756 -0.290148 -0.907186 -0.096133 -0.409600 -0.823189 -0.037490 -0.566528 -0.724421 -0.389701 -0.568637 -0.753980 -0.477987 -0.450602 -0.768191 -0.456395 -0.448985 -0.733950 -0.412986 -0.539221 -0.399566 -0.488809 -0.775509 -0.458777 -0.712955 -0.530301 -0.515456 -0.751676 -0.411447 -0.535302 -0.727902 -0.428498 -0.046333 -0.527425 -0.848337 -0.085238 -0.863882 -0.496429 -0.189308 -0.935561 -0.298142 -0.256608 -0.933708 -0.249682 0.336917 -0.666837 -0.664692 0.159050 -0.978438 -0.131769 0.060371 -0.997725 -0.030020 
						0.336917 -0.666837 -0.664692 0.725874 -0.290209 -0.623607 0.634076 -0.730070 -0.254845 0.159050 -0.978438 -0.131769 0.488050 -0.871675 0.044607 0.060371 -0.997725 -0.030020 0.368464 -0.908918 0.195196 0.934575 -0.087289 -0.344892 0.900778 -0.418337 -0.116592 0.759067 -0.620138 0.198105 0.621920 -0.679338 0.389506 0.995900 0.090253 -0.006125 0.991173 -0.084616 0.102059 0.908121 -0.262956 0.325837 0.780771 -0.342511 0.522573 0.698367 0.007172 -0.715704 0.644391 -0.376798 -0.665420 0.681422 -0.377784 -0.626852 0.734224 0.007016 -0.678871 0.492221 -0.703032 -0.513288 0.524145 -0.704231 -0.478885 0.265112 -0.921808 -0.282819 0.286836 -0.922667 -0.257704 -0.002289 -0.999954 -0.009274 0.005736 -0.999980 0.002635 -0.002289 -0.999954 -0.009274 -0.269176 -0.925704 0.265736 -0.276304 -0.924672 0.261987 0.005736 -0.999980 0.002635 -0.494767 -0.710474 0.500432 -0.516325 -0.708845 0.480570 -0.644625 -0.387212 0.659185 -0.678111 -0.386112 0.625366 -0.696047 -0.005321 0.717977 -0.737728 -0.005799 0.675074 -0.641497 0.377079 0.668052 -0.686672 0.374932 0.622822 -0.489534 0.702119 0.517093 -0.532609 0.699356 0.476685 -0.263279 0.920757 0.287909 -0.298138 0.918895 0.258353 0.003108 0.999882 0.015018 -0.017941 0.999839 0.000246 0.269406 0.927171 -0.260334 0.265699 0.928662 -0.258827 0.495189 0.713157 -0.496181 0.508986 0.715000 -0.479278 0.645917 0.390063 -0.656233 0.673756 0.391104 -0.626969 -0.214057 0.905608 0.366134 0.039942 0.995179 0.089571 0.288214 0.936215 -0.201082 0.494244 0.736065 -0.462528 0.627183 0.422696 -0.654194 0.666458 0.042285 -0.744343 0.605452 -0.346286 -0.716599 0.453019 -0.681085 -0.575236 0.231565 -0.908428 -0.348047 -0.024764 -0.997604 -0.064599 -0.024764 -0.997604 -0.064599 -0.277485 -0.934240 0.224047 -0.492203 -0.725801 0.480571 -0.625880 -0.407627 0.664917 -0.660955 -0.028303 0.749892 
						-0.593714 0.353662 0.722791 -0.436428 0.680930 0.588102 -0.484592 0.302197 0.820882 -0.284201 0.618586 0.732517 -0.354137 0.179029 0.917897 -0.068291 0.431543 0.899504 -0.307844 0.035481 0.950775 0.050749 0.173776 0.983477 -0.341228 -0.015193 0.939858 0.042214 0.029847 0.998663 -0.374936 -0.006457 0.927028 0.008917 0.000483 0.999960 -0.610995 -0.062985 0.789125 -0.587505 -0.101429 0.802839 -0.625133 -0.106630 0.773201 -0.674806 -0.055113 0.735934 -0.701745 -0.011858 0.712329 -0.637402 -0.424941 0.642762 -0.733253 -0.368785 0.571259 -0.854053 -0.223868 0.469550 -0.905293 -0.082128 0.416773 -0.921252 -0.014918 0.388679 -0.547346 -0.729976 0.409325 -0.771317 -0.581655 0.258354 -0.958275 -0.275736 0.075360 -0.995187 -0.092329 0.032837 -0.999866 -0.015353 0.005764 -0.356392 -0.926040 0.124235 -0.716975 -0.686136 -0.123140 -0.915319 -0.208632 -0.344477 -0.930908 -0.087161 -0.354703 -0.925784 -0.013314 -0.377819 -0.485698 -0.742498 -0.461296 -0.736504 -0.181844 -0.651532 -0.724457 -0.068268 -0.685931 -0.710516 -0.009208 -0.703621 0.152539 -0.890350 -0.428962 -0.485698 -0.742498 -0.461296 -0.185742 -0.596380 -0.780916 -0.411547 -0.171322 -0.895141 -0.736504 -0.181844 -0.651532 -0.409887 -0.044848 -0.911033 -0.724457 -0.068268 -0.685931 -0.386966 -0.003563 -0.922087 -0.710516 -0.009208 -0.703621 0.334316 -0.630076 -0.700883 0.115014 -0.380964 -0.917408 -0.032976 -0.112687 -0.993083 -0.026140 -0.014345 -0.999555 -0.004521 0.002959 -0.999985 0.510137 -0.277548 -0.814081 0.397537 -0.124683 -0.909076 0.342288 -0.004213 -0.939586 0.357805 0.024310 -0.933480 0.378418 0.009522 -0.925586 0.623311 0.102325 -0.775251 0.621837 0.151637 -0.768326 0.654958 0.126907 -0.744933 0.685692 0.063360 -0.725129 0.703510 0.015165 -0.710524 0.647148 0.456121 -0.610862 0.753856 0.406929 -0.515858 0.862719 0.247476 -0.440990 0.908023 0.095677 -0.407847 
						0.921534 0.018952 -0.387834 0.576317 0.736220 -0.354737 0.774594 0.603497 -0.189198 0.939664 0.333935 -0.074296 0.992892 0.115007 -0.030647 0.999775 0.020170 -0.006609 0.421201 0.905695 -0.048020 0.682073 0.712635 0.164096 0.878082 0.371688 0.301364 0.929330 0.117504 0.350057 0.926617 0.018510 0.375551 0.204520 0.942528 0.264220 0.490423 0.718534 0.493148 0.688758 0.354864 0.632206 0.727532 0.102276 0.678407 0.713021 0.014151 0.701000 -0.042494 0.842236 0.537432 0.227612 0.620232 0.750669 0.399332 0.285691 0.871157 0.416869 0.071423 0.906156 0.390944 0.007779 0.920382 0.000000 0.000000 1.000000 0.382683 0.000000 0.923880 0.707107 0.000000 0.707106 0.923880 0.000000 0.382683 1.000000 -0.000000 0.000000 0.923880 -0.000000 -0.382683 0.707107 -0.000000 -0.707106 0.382683 0.000000 -0.923880 0.000000 0.000000 -1.000000 -0.382684 0.000000 -0.923880 -0.707108 0.000000 -0.707106 -0.707108 0.000000 -0.707106 -0.923880 0.000000 -0.382683 -1.000000 0.000000 0.000000 -0.923880 0.000000 0.382683 -0.707107 -0.000000 0.707106 -0.382683 -0.000000 0.923880 -0.000001 -1.000000 0.000000 -0.000000 -1.000000 0.000000 -0.000001 -1.000000 -0.000000 0.000000 -1.000000 0.000000 0.000001 -1.000000 -0.000001 0.000001 -1.000000 -0.000001 0.000001 -1.000000 -0.000000 -0.000000 -1.000000 0.000000 -0.000000 -1.000000 0.000001 -0.000001 -1.000000 0.000001 -0.000001 -1.000000 0.000001 -0.000001 -1.000000 0.000001 0.000000 -1.000000 -0.000001 -0.000001 -1.000000 -0.000001 -0.000002 -1.000000 -0.000001 0.000000 -1.000000 0.000000 0.000000 -1.000000 0.000001 0.003851 0.143353 0.989664 0.378499 0.182000 0.907532 0.375200 0.148046 0.915045 0.004451 0.102653 0.994707 0.378499 0.182000 0.907532 0.700269 0.193410 0.687180 0.697675 0.170467 0.695838 0.375200 0.148046 0.915045 0.917451 0.174797 0.357393 
						0.917370 0.167162 0.361234 0.991272 0.129816 -0.022957 0.989821 0.140541 -0.022405 0.914332 0.065109 -0.399697 0.910857 0.094160 -0.401838 0.698441 -0.009480 -0.715605 0.694059 0.034839 -0.719075 0.376434 -0.082623 -0.922752 0.373584 -0.028798 -0.927149 -0.002801 -0.143216 -0.989688 -0.002236 -0.087595 -0.996154 -0.381692 -0.182050 -0.906184 -0.377962 -0.133130 -0.916199 -0.702640 -0.193204 -0.684814 -0.697996 -0.158723 -0.698290 -0.916745 -0.174952 -0.359124 -0.913673 -0.160180 -0.373556 -0.991278 -0.130044 0.021383 -0.990604 -0.136416 0.009748 -0.914739 -0.065303 0.398732 -0.915321 -0.090014 0.392537 -0.698705 0.009408 0.715348 -0.698937 -0.027601 0.714650 -0.376095 0.082688 0.922884 -0.375588 0.040513 0.925901 0.988411 0.151789 -0.001964 0.916440 0.108587 0.385158 0.698423 0.056045 0.713487 0.369572 -0.011447 0.929132 0.369572 -0.011447 0.929132 0.004648 -0.073128 0.997312 -0.378916 -0.141231 0.914591 -0.707399 -0.179455 0.683654 -0.921364 -0.174212 0.347475 -0.990334 -0.133661 -0.037049 -0.908921 -0.070144 -0.411025 -0.693211 0.003783 -0.720725 -0.376723 0.076453 -0.923166 -0.005607 0.137539 -0.990481 0.366919 0.178692 -0.912929 0.686803 0.194598 -0.700310 0.905820 0.184248 -0.381500 0.683243 0.405048 -0.607548 0.907249 0.262789 -0.328391 0.711333 0.511824 -0.481708 0.919772 0.232681 -0.316037 0.744521 0.489981 -0.453440 0.899509 0.128517 -0.417572 0.722304 0.432030 -0.540025 0.816734 0.049120 -0.574920 0.359395 0.491531 -0.793242 0.399501 0.715108 -0.573602 0.476051 0.770542 -0.423840 0.514120 0.745284 -0.424538 -0.015772 0.507755 -0.861357 0.030983 0.814511 -0.579320 0.138699 0.933180 -0.331569 0.227498 0.942009 -0.246707 -0.387829 0.450820 -0.803959 -0.340953 0.796314 -0.499635 -0.216796 0.957557 -0.189959 -0.092001 0.995200 -0.033360 -0.703535 0.328589 -0.630133 -0.663237 0.663103 -0.347004 
						-0.539237 0.841919 -0.019891 -0.396220 0.899517 0.184060 -0.917560 0.157917 -0.364892 -0.889684 0.433349 -0.143772 -0.782671 0.603177 0.153636 -0.640776 0.670570 0.373821 -0.998231 -0.037634 -0.046037 -0.987069 0.138819 0.080150 -0.911870 0.274988 0.304753 -0.790376 0.342285 0.508081 -0.931771 -0.230091 0.280822 -0.939948 -0.179756 0.290148 -0.907186 -0.096133 0.409600 -0.823189 -0.037491 0.566528 -0.724421 -0.389701 0.568637 -0.753980 -0.477987 0.450602 -0.768190 -0.456395 0.448985 -0.733950 -0.412987 0.539222 -0.399566 -0.488809 0.775508 -0.458777 -0.712955 0.530300 -0.515456 -0.751676 0.411447 -0.535301 -0.727903 0.428498 -0.046333 -0.527425 0.848337 -0.085238 -0.863883 0.496428 -0.189308 -0.935561 0.298141 -0.256608 -0.933708 0.249682 0.336917 -0.666836 0.664693 0.159050 -0.978438 0.131768 0.060371 -0.997725 0.030020 0.725873 -0.290210 0.623608 0.336917 -0.666836 0.664693 0.634076 -0.730069 0.254846 0.488050 -0.871675 -0.044607 0.159050 -0.978438 0.131768 0.368464 -0.908918 -0.195196 0.060371 -0.997725 0.030020 0.934574 -0.087289 0.344893 0.900778 -0.418337 0.116593 0.759068 -0.620138 -0.198105 0.621920 -0.679338 -0.389506 0.995900 0.090253 0.006126 0.991173 -0.084616 -0.102059 0.908121 -0.262957 -0.325837 0.780772 -0.342510 -0.522573 0.208248 0.036022 -0.977413 0.170019 0.291715 -0.941273 0.170019 0.291715 -0.941273 0.208248 0.036021 -0.977413 -0.120286 0.992679 0.010955 -0.120286 0.992679 0.010955 -0.146439 0.979485 0.138440 -0.146439 0.979485 0.138440 -0.190766 -0.165284 0.967621 -0.190766 -0.165284 0.967621 -0.190766 -0.165284 0.967621 -0.190766 -0.165284 0.967621 -0.970651 -0.115288 -0.211056 -0.970651 -0.115288 -0.211056 -0.970651 -0.115288 -0.211056 -0.970651 -0.115288 -0.211056 0.970651 0.115288 0.211057 0.970651 0.115288 0.211057 0.970651 0.115288 0.211056 0.970651 0.115288 0.211056 
						0.170086 -0.949531 -0.263556 0.170086 -0.949531 -0.263556 0.222203 -0.765618 -0.603701 0.222203 -0.765618 -0.603701 0.238427 -0.346605 -0.907203 0.238427 -0.346605 -0.907203 -0.031436 0.930901 -0.363916 -0.031436 0.930901 -0.363916 0.091989 0.632881 -0.768765 0.091989 0.632881 -0.768765 0.146439 -0.979485 -0.138440 0.146439 -0.979485 -0.138440 -0.970651 -0.115288 -0.211057 -0.970651 -0.115288 -0.211057 -0.970651 -0.115288 -0.211058 -0.970651 -0.115288 -0.211058 -0.970654 -0.115287 -0.211046 -0.970654 -0.115287 -0.211046 0.970651 0.115288 0.211057 0.970651 0.115288 0.211057 0.970651 0.115287 0.211056 0.970651 0.115287 0.211056 0.970651 0.115287 0.211057 0.970651 0.115287 0.211057 0.208248 0.036021 0.977413 0.208248 0.036021 0.977413 0.170019 0.291716 0.941273 0.170019 0.291716 0.941273 -0.120286 0.992679 -0.010955 -0.146439 0.979485 -0.138440 -0.146439 0.979485 -0.138440 -0.120286 0.992679 -0.010955 -0.190766 -0.165284 -0.967621 -0.190766 -0.165284 -0.967621 -0.190766 -0.165284 -0.967621 -0.190766 -0.165284 -0.967621 -0.970651 -0.115288 0.211056 -0.970651 -0.115288 0.211056 -0.970651 -0.115288 0.211056 -0.970651 -0.115288 0.211056 0.970651 0.115288 -0.211056 0.970651 0.115288 -0.211056 0.970651 0.115288 -0.211056 0.970651 0.115288 -0.211056 0.170086 -0.949531 0.263556 0.222203 -0.765617 0.603702 0.222203 -0.765618 0.603702 0.170086 -0.949531 0.263555 0.238428 -0.346604 0.907203 0.238428 -0.346604 0.907203 -0.031436 0.930901 0.363917 -0.031436 0.930901 0.363917 0.091989 0.632882 0.768765 0.091989 0.632882 0.768765 0.146439 -0.979485 0.138440 0.146439 -0.979485 0.138440 -0.970651 -0.115288 0.211057 -0.970651 -0.115288 0.211057 -0.970651 -0.115288 0.211057 -0.970651 -0.115288 0.211057 -0.970654 -0.115286 0.211044 -0.970654 -0.115286 0.211044 0.970651 0.115288 -0.211057 0.970651 0.115288 -0.211057 
						0.970652 0.115288 -0.211055 0.970652 0.115288 -0.211055 0.970652 0.115286 -0.211053 0.970652 0.115286 -0.211053 0.092777 0.601881 -0.793178 0.092777 0.601884 -0.793176 0.170535 0.254087 -0.952028 0.170536 0.254088 -0.952028 0.016789 0.823173 -0.567543 0.016790 0.823173 -0.567542 -0.105634 0.990184 -0.091531 -0.105632 0.990184 -0.091531 -0.169268 0.959371 0.225731 -0.169266 0.959372 0.225732 -0.221642 0.789108 0.572872 -0.221639 0.789108 0.572874 -0.239692 0.554388 0.796996 -0.239689 0.554388 0.796997 -0.215817 0.067027 0.974131 -0.215816 0.067029 0.974131 -0.170539 -0.254088 0.952027 -0.170538 -0.254087 0.952028 -0.092779 -0.601887 0.793174 -0.092780 -0.601886 0.793174 -0.016788 -0.823177 0.567537 -0.016790 -0.823177 0.567537 0.105634 -0.990184 0.091529 0.105631 -0.990184 0.091530 0.169271 -0.959371 -0.225730 0.169266 -0.959373 -0.225729 0.221648 -0.789107 -0.572871 0.221643 -0.789110 -0.572870 0.169266 -0.959373 -0.225729 0.169271 -0.959371 -0.225730 0.239697 -0.554380 -0.797000 0.239693 -0.554383 -0.796998 0.215816 -0.067020 -0.974131 0.215815 -0.067024 -0.974131 -0.970703 -0.122653 -0.206620 -0.970703 -0.122653 -0.206620 -0.970703 -0.122653 -0.206618 -0.970703 -0.122653 -0.206620 -0.970705 -0.122653 -0.206613 -0.970705 -0.122653 -0.206613 -0.970704 -0.122652 -0.206618 0.239697 -0.554380 -0.797000 0.221648 -0.789107 -0.572871 0.221652 -0.789105 -0.572873 0.235497 -0.656520 -0.716605 -0.970703 -0.122652 -0.206620 -0.970704 -0.122650 -0.206619 -0.970704 -0.122650 -0.206619 -0.970703 -0.122653 -0.206619 -0.970703 -0.122653 -0.206619 -0.092779 -0.601887 0.793174 -0.170539 -0.254088 0.952027 -0.170539 -0.254092 0.952026 -0.092777 -0.601889 0.793172 0.045999 -0.938853 0.341232 0.045999 -0.938853 0.341232 0.045999 -0.938853 0.341232 0.045999 -0.938853 0.341232 -0.169268 0.959371 0.225731 -0.105634 0.990184 -0.091531 
						-0.132753 0.990507 0.035661 -0.169268 0.959372 0.225731 -0.970704 -0.122651 -0.206616 -0.970704 -0.122653 -0.206616 -0.970704 -0.122651 -0.206616 -0.235840 0.321728 0.916990 -0.235840 0.321728 0.916990 -0.235840 0.321728 0.916990 -0.235840 0.321728 0.916990 0.235831 -0.321735 -0.916990 0.235831 -0.321735 -0.916990 0.235831 -0.321735 -0.916990 0.235831 -0.321735 -0.916990 -0.046016 0.938854 -0.341228 -0.046016 0.938854 -0.341228 -0.046016 0.938854 -0.341228 -0.046016 0.938854 -0.341228 0.235842 -0.321729 -0.916989 0.235842 -0.321729 -0.916989 0.235842 -0.321729 -0.916989 0.235842 -0.321729 -0.916989 -0.970703 -0.122653 -0.206618 -0.970705 -0.122653 -0.206613 -0.970703 -0.122653 -0.206618 -0.970702 -0.122651 -0.206626 -0.970703 -0.122653 -0.206619 -0.970703 -0.122653 -0.206619 -0.970702 -0.122651 -0.206626 -0.970706 -0.122648 -0.206608 -0.970704 -0.122651 -0.206616 -0.970704 -0.122651 -0.206616 -0.970706 -0.122648 -0.206608 -0.970703 -0.122652 -0.206620 -0.970701 -0.122652 -0.206629 -0.970701 -0.122652 -0.206629 -0.970705 -0.122646 -0.206614 -0.970705 -0.122646 -0.206614 -0.970704 -0.122654 -0.206616 0.016789 0.823173 -0.567543 0.092777 0.601881 -0.793178 0.092774 0.601877 -0.793182 0.047747 0.744262 -0.666179 0.170536 0.254088 -0.952028 0.215816 -0.067020 -0.974131 0.200283 0.062048 -0.977771 0.170536 0.254086 -0.952028 0.169271 -0.959371 -0.225730 0.105634 -0.990184 0.091529 0.132752 -0.990507 -0.035664 0.169273 -0.959371 -0.225731 -0.221642 0.789108 0.572872 -0.221640 0.789110 0.572871 -0.016788 -0.823177 0.567537 -0.047747 -0.744272 0.666168 -0.046015 0.938851 -0.341236 -0.046015 0.938851 -0.341236 -0.046015 0.938851 -0.341236 -0.046015 0.938851 -0.341236 -0.215817 0.067027 0.974131 -0.200284 -0.062044 0.977771 0.169271 -0.959371 -0.225730 0.169273 -0.959371 -0.225731 -0.235834 0.321728 0.916991 -0.235834 0.321728 0.916991 
						-0.235834 0.321728 0.916991 -0.235834 0.321728 0.916991 0.045999 -0.938854 0.341230 0.045999 -0.938854 0.341230 0.045999 -0.938854 0.341230 0.045999 -0.938854 0.341230 -0.239692 0.554388 0.796996 -0.235484 0.656529 0.716601 0.970704 0.122653 0.206617 0.970704 0.122653 0.206616 0.970704 0.122652 0.206614 0.970704 0.122653 0.206617 0.970705 0.122650 0.206611 0.970704 0.122652 0.206614 0.970705 0.122650 0.206611 0.239693 -0.554383 -0.796998 0.235487 -0.656529 -0.716600 0.221643 -0.789111 -0.572869 0.221643 -0.789110 -0.572870 0.970704 0.122653 0.206615 0.970704 0.122653 0.206617 0.970704 0.122653 0.206617 0.970704 0.122653 0.206616 0.970704 0.122653 0.206616 -0.092780 -0.601886 0.793174 -0.092779 -0.601887 0.793173 -0.170538 -0.254087 0.952027 -0.170538 -0.254087 0.952028 0.046002 -0.938854 0.341229 0.046002 -0.938854 0.341229 0.046002 -0.938854 0.341229 0.046002 -0.938854 0.341229 -0.169266 0.959372 0.225732 -0.169262 0.959372 0.225734 -0.132747 0.990508 0.035660 -0.105632 0.990184 -0.091531 0.970703 0.122655 0.206618 0.970703 0.122655 0.206618 0.970703 0.122653 0.206619 -0.235838 0.321728 0.916991 -0.235838 0.321728 0.916991 -0.235838 0.321728 0.916991 -0.235838 0.321728 0.916991 0.235837 -0.321735 -0.916988 0.235837 -0.321735 -0.916988 0.235837 -0.321735 -0.916988 0.235837 -0.321735 -0.916988 -0.046011 0.938853 -0.341230 -0.046011 0.938853 -0.341230 -0.046011 0.938853 -0.341230 -0.046011 0.938853 -0.341230 0.235849 -0.321727 -0.916988 0.235849 -0.321727 -0.916988 0.235849 -0.321727 -0.916988 0.235849 -0.321727 -0.916988 0.970704 0.122651 0.206617 0.970704 0.122651 0.206617 0.970703 0.122650 0.206621 0.970702 0.122656 0.206624 0.970702 0.122656 0.206624 0.970704 0.122652 0.206618 0.970704 0.122652 0.206618 0.970705 0.122646 0.206614 0.970705 0.122646 0.206614 
						0.970704 0.122652 0.206616 0.970704 0.122652 0.206616 0.970704 0.122654 0.206617 0.970705 0.122654 0.206609 0.970705 0.122654 0.206609 0.970703 0.122657 0.206616 0.970703 0.122657 0.206616 0.970704 0.122650 0.206616 0.016790 0.823173 -0.567542 0.047749 0.744264 -0.666177 0.092774 0.601883 -0.793177 0.092777 0.601884 -0.793176 0.170535 0.254087 -0.952028 0.170534 0.254088 -0.952028 0.200281 0.062037 -0.977773 0.215815 -0.067024 -0.974131 0.169266 -0.959373 -0.225729 0.169265 -0.959373 -0.225729 0.132743 -0.990509 -0.035660 0.105631 -0.990184 0.091530 -0.221639 0.789108 0.572874 -0.221633 0.789109 0.572876 -0.016790 -0.823177 0.567537 -0.047754 -0.744271 0.666169 -0.046012 0.938853 -0.341230 -0.046012 0.938853 -0.341230 -0.046012 0.938853 -0.341230 -0.046012 0.938853 -0.341230 -0.200283 -0.062038 0.977772 -0.215816 0.067029 0.974131 0.169265 -0.959373 -0.225729 0.169266 -0.959373 -0.225729 -0.235829 0.321727 0.916993 -0.235829 0.321727 0.916993 -0.235829 0.321727 0.916993 -0.235829 0.321727 0.916993 0.045990 -0.938853 0.341232 0.045990 -0.938853 0.341232 0.045990 -0.938853 0.341232 0.045990 -0.938853 0.341232 -0.239689 0.554388 0.796997 -0.235477 0.656528 0.716604 0.092778 0.601882 0.793178 0.170536 0.254088 0.952028 0.170535 0.254087 0.952028 0.092777 0.601882 0.793177 0.016790 0.823174 0.567542 0.016789 0.823173 0.567543 -0.105634 0.990184 0.091531 -0.105633 0.990184 0.091530 -0.169269 0.959371 -0.225731 -0.169267 0.959372 -0.225732 -0.221643 0.789109 -0.572872 -0.221639 0.789108 -0.572873 -0.239691 0.554388 -0.796996 -0.239689 0.554387 -0.796997 -0.215816 0.067025 -0.974131 -0.215816 0.067027 -0.974131 -0.170538 -0.254091 -0.952027 -0.170538 -0.254088 -0.952028 -0.092779 -0.601888 -0.793173 -0.092780 -0.601886 -0.793174 -0.016790 -0.823177 -0.567536 -0.016791 -0.823176 -0.567537 
						0.105631 -0.990184 -0.091530 0.105629 -0.990184 -0.091531 0.169267 -0.959372 0.225731 0.169263 -0.959373 0.225729 0.221646 -0.789108 0.572871 0.169267 -0.959372 0.225731 0.169263 -0.959373 0.225729 0.221642 -0.789110 0.572870 0.239696 -0.554381 0.796999 0.239694 -0.554384 0.796998 0.215816 -0.067021 0.974131 0.215815 -0.067023 0.974131 -0.970703 -0.122654 0.206621 -0.970703 -0.122654 0.206621 -0.970703 -0.122654 0.206618 -0.970703 -0.122654 0.206621 -0.970705 -0.122653 0.206611 -0.970704 -0.122653 0.206617 -0.970705 -0.122653 0.206611 0.239696 -0.554381 0.796999 0.235495 -0.656521 0.716605 0.221648 -0.789106 0.572873 0.221646 -0.789108 0.572871 -0.970703 -0.122653 0.206620 -0.970703 -0.122651 0.206620 -0.970703 -0.122651 0.206620 -0.970703 -0.122653 0.206620 -0.970703 -0.122653 0.206620 -0.092779 -0.601888 -0.793173 -0.092778 -0.601890 -0.793171 -0.170537 -0.254094 -0.952026 -0.170538 -0.254091 -0.952027 0.045994 -0.938853 -0.341231 0.045994 -0.938853 -0.341231 0.045994 -0.938853 -0.341231 0.045994 -0.938853 -0.341231 -0.169269 0.959371 -0.225731 -0.169270 0.959371 -0.225731 -0.132755 0.990507 -0.035661 -0.105634 0.990184 0.091531 -0.970704 -0.122651 0.206616 -0.970704 -0.122651 0.206616 -0.970704 -0.122653 0.206616 -0.235839 0.321729 -0.916990 -0.235839 0.321729 -0.916990 -0.235839 0.321729 -0.916990 -0.235839 0.321729 -0.916990 0.235829 -0.321734 0.916991 0.235829 -0.321734 0.916991 0.235829 -0.321734 0.916991 0.235829 -0.321734 0.916991 -0.046009 0.938854 0.341228 -0.046009 0.938854 0.341228 -0.046009 0.938854 0.341228 -0.046009 0.938854 0.341228 0.235840 -0.321727 0.916990 0.235840 -0.321727 0.916990 0.235840 -0.321727 0.916990 0.235840 -0.321727 0.916990 -0.970703 -0.122653 0.206618 -0.970703 -0.122653 0.206618 -0.970705 -0.122653 0.206613 -0.970701 -0.122653 0.206628 -0.970701 -0.122653 0.206628 
						-0.970703 -0.122654 0.206620 -0.970703 -0.122654 0.206620 -0.970705 -0.122646 0.206614 -0.970705 -0.122646 0.206614 -0.970704 -0.122650 0.206618 -0.970704 -0.122650 0.206618 -0.970703 -0.122652 0.206620 -0.970701 -0.122653 0.206629 -0.970701 -0.122653 0.206629 -0.970705 -0.122647 0.206614 -0.970705 -0.122647 0.206614 -0.970704 -0.122654 0.206616 0.016790 0.823174 0.567542 0.047751 0.744265 0.666175 0.092776 0.601880 0.793179 0.092778 0.601882 0.793178 0.170536 0.254088 0.952028 0.170536 0.254087 0.952028 0.200283 0.062046 0.977771 0.215816 -0.067021 0.974131 0.169267 -0.959372 0.225731 0.169266 -0.959372 0.225731 0.132744 -0.990508 0.035664 0.105631 -0.990184 -0.091530 -0.221643 0.789109 -0.572872 -0.221641 0.789110 -0.572871 -0.016790 -0.823177 -0.567536 -0.047752 -0.744273 -0.666167 -0.046012 0.938851 0.341236 -0.046012 0.938851 0.341236 -0.046012 0.938851 0.341236 -0.046012 0.938851 0.341236 -0.200283 -0.062046 -0.977771 -0.215816 0.067025 -0.974131 0.169266 -0.959372 0.225731 0.169267 -0.959372 0.225731 -0.235833 0.321730 -0.916991 -0.235833 0.321730 -0.916991 -0.235833 0.321730 -0.916991 -0.235833 0.321730 -0.916991 0.045991 -0.938854 -0.341231 0.045991 -0.938854 -0.341231 0.045991 -0.938854 -0.341231 0.045991 -0.938854 -0.341231 -0.239691 0.554388 -0.796996 -0.235484 0.656529 -0.716601 0.970704 0.122654 -0.206616 0.970704 0.122654 -0.206616 0.970704 0.122653 -0.206614 0.970704 0.122653 -0.206615 0.970705 0.122650 -0.206613 0.970705 0.122650 -0.206613 0.970704 0.122652 -0.206614 0.239694 -0.554384 0.796998 0.221642 -0.789110 0.572870 0.221641 -0.789111 0.572869 0.235490 -0.656529 0.716600 0.970704 0.122653 -0.206615 0.970704 0.122653 -0.206616 0.970704 0.122653 -0.206616 0.970704 0.122653 -0.206616 0.970704 0.122653 -0.206616 -0.092780 -0.601886 -0.793174 -0.170538 -0.254088 -0.952028 
						-0.170538 -0.254087 -0.952028 -0.092780 -0.601885 -0.793175 0.045999 -0.938854 -0.341230 0.045999 -0.938854 -0.341230 0.045999 -0.938854 -0.341230 0.045999 -0.938854 -0.341230 -0.169267 0.959372 -0.225732 -0.105633 0.990184 0.091530 -0.132752 0.990508 -0.035661 -0.169266 0.959371 -0.225733 0.970703 0.122655 -0.206618 0.970703 0.122653 -0.206619 0.970703 0.122655 -0.206618 -0.235838 0.321728 -0.916990 -0.235838 0.321728 -0.916990 -0.235838 0.321728 -0.916990 -0.235838 0.321728 -0.916990 0.235835 -0.321737 0.916988 0.235835 -0.321737 0.916988 0.235835 -0.321737 0.916988 0.235835 -0.321737 0.916988 -0.046016 0.938853 0.341229 -0.046016 0.938853 0.341229 -0.046016 0.938853 0.341229 -0.046016 0.938853 0.341229 0.235850 -0.321727 0.916988 0.235850 -0.321727 0.916988 0.235850 -0.321727 0.916988 0.235850 -0.321727 0.916988 0.970704 0.122652 -0.206617 0.970703 0.122650 -0.206621 0.970704 0.122652 -0.206617 0.970702 0.122655 -0.206622 0.970704 0.122652 -0.206618 0.970704 0.122652 -0.206618 0.970702 0.122655 -0.206622 0.970704 0.122648 -0.206617 0.970704 0.122652 -0.206617 0.970704 0.122652 -0.206617 0.970704 0.122648 -0.206617 0.970704 0.122654 -0.206617 0.970705 0.122655 -0.206609 0.970705 0.122655 -0.206609 0.970703 0.122657 -0.206616 0.970703 0.122657 -0.206616 0.970704 0.122650 -0.206616 0.016789 0.823173 0.567543 0.092777 0.601882 0.793177 0.092774 0.601882 0.793178 0.047748 0.744262 0.666179 0.170535 0.254087 0.952028 0.215815 -0.067023 0.974131 0.200281 0.062039 0.977772 0.170534 0.254088 0.952028 0.169263 -0.959373 0.225729 0.105629 -0.990184 -0.091531 0.132737 -0.990510 0.035661 0.169258 -0.959374 0.225730 -0.221639 0.789108 -0.572873 -0.221634 0.789108 -0.572875 -0.016791 -0.823176 -0.567537 -0.047756 -0.744270 -0.666170 -0.046015 0.938853 0.341231 -0.046015 0.938853 0.341231 
						-0.046015 0.938853 0.341231 -0.046015 0.938853 0.341231 -0.215816 0.067027 -0.974131 -0.200282 -0.062040 -0.977772 0.169263 -0.959373 0.225729 0.169258 -0.959374 0.225730 -0.235828 0.321729 -0.916993 -0.235828 0.321729 -0.916993 -0.235828 0.321729 -0.916993 -0.235828 0.321729 -0.916993 0.045982 -0.938854 -0.341232 0.045982 -0.938854 -0.341232 0.045982 -0.938854 -0.341232 0.045982 -0.938854 -0.341232 -0.239689 0.554387 -0.796997 -0.235476 0.656528 -0.716605 -0.195682 -0.164031 0.966852 -0.195682 -0.164033 0.966851 -0.195682 -0.164033 0.966851 -0.195682 -0.164031 0.966852 0.980607 -0.021782 0.194771 0.956224 0.186837 0.225230 0.956224 0.186837 0.225230 0.980607 -0.021782 0.194771 0.147470 0.969779 0.194376 -0.235842 0.964848 0.115961 -0.235842 0.964848 0.115961 0.147470 0.969779 0.194376 -0.980623 0.042066 -0.191333 -0.969723 0.179249 -0.165853 -0.969723 0.179249 -0.165853 -0.980623 0.042066 -0.191333 0.195682 0.164031 -0.966852 0.195682 0.164033 -0.966851 0.195682 0.164033 -0.966851 0.195682 0.164031 -0.966852 -0.327179 -0.918503 -0.222049 -0.327179 -0.918503 -0.222049 -0.696491 -0.670814 -0.254772 -0.696491 -0.670814 -0.254772 -0.929014 -0.284745 -0.236333 -0.929014 -0.284745 -0.236333 -0.660390 0.750897 -0.006262 -0.660390 0.750897 -0.006262 -0.925738 0.356231 -0.126924 -0.925737 0.356231 -0.126924 0.048278 -0.986328 -0.157566 0.048278 -0.986328 -0.157566 0.576670 -0.816685 -0.021843 0.576670 -0.816685 -0.021843 0.925290 -0.357499 0.126619 0.925290 -0.357499 0.126619 0.925290 -0.357499 0.126619 0.925290 -0.357499 0.126619 0.569793 0.783402 0.248231 0.569793 0.783402 0.248231 0.860466 0.444229 0.249517 0.860466 0.444229 0.249517 0.195682 0.164034 -0.966851 0.195682 0.164034 -0.966851 0.195682 0.164033 -0.966851 0.195682 0.164033 -0.966851 0.195682 0.164033 -0.966851 0.195682 0.164033 -0.966851 
						0.195682 0.164033 -0.966851 0.195682 0.164033 -0.966851 0.195682 0.164033 -0.966851 0.195682 0.164033 -0.966851 0.195682 0.164033 -0.966851 0.195682 0.164033 -0.966851 0.195683 0.164032 -0.966851 0.195683 0.164032 -0.966851 -0.195682 -0.164033 0.966851 -0.195682 -0.164033 0.966851 -0.195682 -0.164033 0.966851 -0.195682 -0.164033 0.966851 -0.195682 -0.164033 0.966851 -0.195682 -0.164033 0.966851 -0.195682 -0.164032 0.966852 -0.195682 -0.164032 0.966852 -0.195682 -0.164033 0.966852 -0.195682 -0.164033 0.966851 -0.195682 -0.164037 0.966851 -0.195682 -0.164037 0.966851 0.979989 0.003955 0.199013 0.979989 0.003955 0.199013 0.979989 0.003955 0.199013 0.979989 0.003955 0.199013 0.195682 0.164033 -0.966851 0.195682 0.164033 -0.966851 0.025134 -0.986427 -0.162267 0.025134 -0.986427 -0.162267 0.025134 -0.986427 -0.162267 0.025134 -0.986427 -0.162267 -0.979989 -0.003954 -0.199014 -0.979989 -0.003954 -0.199014 -0.979989 -0.003954 -0.199014 -0.979989 -0.003954 -0.199014 -0.033979 0.986454 0.160483 -0.033979 0.986454 0.160483 -0.033979 0.986454 0.160483 -0.033979 0.986454 0.160483 -0.195682 -0.164033 -0.966851 -0.195682 -0.164033 -0.966851 -0.195682 -0.164033 -0.966851 -0.195682 -0.164033 -0.966851 0.980607 -0.021782 -0.194771 0.980607 -0.021782 -0.194771 0.956224 0.186837 -0.225230 0.956224 0.186837 -0.225230 0.147469 0.969779 -0.194376 0.147470 0.969779 -0.194376 -0.235842 0.964848 -0.115961 -0.235842 0.964848 -0.115961 -0.980623 0.042066 0.191332 -0.980623 0.042066 0.191332 -0.969723 0.179249 0.165853 -0.969723 0.179249 0.165853 0.195682 0.164030 0.966852 0.195682 0.164030 0.966852 0.195682 0.164033 0.966851 0.195682 0.164033 0.966851 -0.327179 -0.918503 0.222048 -0.696492 -0.670813 0.254772 -0.696492 -0.670814 0.254772 -0.327179 -0.918503 0.222049 -0.929014 -0.284745 0.236333 -0.929014 -0.284745 0.236333 
						-0.660390 0.750897 0.006262 -0.660390 0.750897 0.006262 -0.925737 0.356231 0.126924 -0.925738 0.356231 0.126924 0.048277 -0.986328 0.157566 0.576670 -0.816685 0.021843 0.576670 -0.816685 0.021843 0.048277 -0.986328 0.157566 0.925290 -0.357499 -0.126619 0.925290 -0.357499 -0.126619 0.569793 0.783402 -0.248231 0.569792 0.783402 -0.248231 0.860466 0.444229 -0.249517 0.860466 0.444229 -0.249517 0.195682 0.164034 0.966851 0.195682 0.164034 0.966851 0.195682 0.164033 0.966851 0.195682 0.164033 0.966851 0.195682 0.164033 0.966851 0.195682 0.164033 0.966851 0.195682 0.164033 0.966851 0.195682 0.164033 0.966851 0.195682 0.164033 0.966851 0.195682 0.164033 0.966851 0.195682 0.164033 0.966851 0.195682 0.164033 0.966851 0.195683 0.164031 0.966852 0.195683 0.164031 0.966852 -0.195682 -0.164033 -0.966851 -0.195682 -0.164033 -0.966851 -0.195682 -0.164033 -0.966851 -0.195682 -0.164033 -0.966851 -0.195682 -0.164033 -0.966851 -0.195682 -0.164033 -0.966851 -0.195682 -0.164033 -0.966851 -0.195682 -0.164033 -0.966851 -0.195682 -0.164033 -0.966851 -0.195682 -0.164033 -0.966851 -0.195682 -0.164037 -0.966851 -0.195682 -0.164037 -0.966851 0.979989 0.003955 -0.199013 0.979989 0.003955 -0.199013 0.979989 0.003955 -0.199013 0.979989 0.003955 -0.199013 0.195682 0.164033 0.966851 0.195682 0.164033 0.966851 0.025134 -0.986427 0.162267 0.025134 -0.986427 0.162267 0.025134 -0.986427 0.162267 0.025134 -0.986427 0.162267 -0.979989 -0.003954 0.199014 -0.979989 -0.003954 0.199014 -0.979989 -0.003954 0.199014 -0.979989 -0.003954 0.199014 -0.033978 0.986454 -0.160482 -0.033978 0.986454 -0.160482 -0.033978 0.986454 -0.160482 -0.033978 0.986454 -0.160482 
					</float_array>
					<technique_common>
						<accessor count="4922" offset="0" source="#meshId0-normals-array" stride="3">
							<param name="X" type="float" />
							<param name="Y" type="float" />
							<param name="Z" type="float" />
						</accessor>
					</technique_common>
				</source>
				<source id="meshId0-tangents" name="meshId0-tangents">
					<float_array id="meshId0-tangents-array" count="14766"> 
						-0.843441 -0.499982 -0.196534 -0.807144 -0.558739 -0.190602 -0.897688 -0.404362 0.175063 -0.937438 -0.304398 0.168973 -0.761162 -0.618627 -0.194767 -0.847864 -0.504877 0.161943 -0.913339 -0.373682 0.161780 -0.871101 -0.467636 0.149998 -0.766365 -0.380192 0.517821 -0.807473 -0.242583 0.537719 -0.948069 -0.278092 0.154371 -0.842133 -0.101400 0.529651 0.713695 -0.287355 -0.638801 0.655796 -0.321766 -0.682934 0.737616 -0.010642 -0.675136 0.799945 0.049398 -0.598037 0.592202 -0.364409 -0.718681 0.668497 -0.084551 -0.738893 0.589146 0.190939 -0.785143 0.652467 0.298504 -0.696550 0.710253 0.387101 -0.587957 -0.888673 -0.390242 -0.240770 -0.870689 -0.443118 -0.213418 -0.967472 -0.208085 0.143872 -0.987829 -0.118653 0.100573 -0.974329 -0.185176 0.128032 -0.869044 0.036837 0.493362 -0.991574 -0.098819 0.083761 -0.887441 0.166165 0.429928 0.523682 -0.413565 -0.744796 0.593267 -0.169471 -0.786965 0.450984 -0.467289 -0.760430 0.512664 -0.262155 -0.817588 0.448772 -0.063375 -0.891396 0.521005 0.068739 -0.850782 -0.896367 -0.304424 -0.322261 -0.897249 -0.343420 -0.277500 -0.998389 -0.039484 0.040759 -0.999088 0.026565 -0.033441 -0.999474 -0.022561 0.023289 -0.896837 0.281030 0.341623 -0.997878 0.040504 -0.050988 -0.896911 0.376487 0.231968 0.374817 -0.523547 -0.765121 0.427423 -0.359089 -0.829677 0.295871 -0.580250 -0.758795 0.338324 -0.456628 -0.822817 0.294602 -0.337579 -0.894008 0.373090 -0.200473 -0.905877 -0.513846 -0.801287 -0.306434 -0.584040 -0.768953 -0.260017 -0.661102 -0.750202 0.011884 -0.579398 -0.812283 -0.067039 -0.649996 -0.726903 -0.221626 -0.732131 -0.676740 0.077502 -0.650999 -0.656789 0.380564 -0.589576 -0.755104 0.286737 -0.513551 -0.840897 0.170757 -0.866787 -0.255783 -0.428083 -0.886142 -0.274856 -0.373105 -0.989915 0.076819 -0.119024 -0.970935 0.109452 -0.212849 -0.986792 0.087844 -0.136107 -0.887581 0.448421 0.105448 
						-0.966364 0.117608 -0.228710 -0.868952 0.493822 -0.032584 0.214782 -0.635348 -0.741756 0.246145 -0.551120 -0.797295 0.132185 -0.686865 -0.714663 0.151715 -0.639025 -0.754076 0.131514 -0.592550 -0.794725 0.213881 -0.469821 -0.856460 -0.709062 -0.678542 -0.191862 -0.795164 -0.592791 0.127720 -0.762128 -0.623875 -0.173036 -0.851738 -0.498929 0.160038 -0.763812 -0.403815 0.503512 -0.710226 -0.537634 0.454454 -0.802480 -0.251595 -0.541041 -0.838751 -0.247986 -0.484767 -0.942407 0.123061 -0.311008 -0.904577 0.117240 -0.409871 -0.936856 0.128670 -0.325184 -0.841343 0.510909 -0.176391 -0.898626 0.120652 -0.421799 -0.805226 0.499219 -0.319989 0.048684 -0.732989 -0.678496 0.055871 -0.717056 -0.694773 -0.035129 -0.772093 -0.634538 -0.040537 -0.782286 -0.621599 -0.035870 -0.792740 -0.608503 0.048077 -0.701465 -0.711080 -0.808199 -0.564968 -0.166206 -0.900083 -0.399854 0.173111 -0.846073 -0.504730 -0.171490 -0.939308 -0.299960 0.166507 -0.847486 -0.117477 0.517654 -0.809897 -0.261676 0.524970 -0.707869 -0.291674 -0.643310 -0.758667 -0.266413 -0.594516 -0.858005 0.092172 -0.505303 -0.803101 0.048951 -0.593828 -0.852093 0.093921 -0.514894 -0.761221 0.459519 -0.457587 -0.797742 0.049539 -0.600961 -0.710015 0.393796 -0.583784 -0.118688 -0.802787 -0.584334 -0.136651 -0.832260 -0.537281 -0.201461 -0.823944 -0.529650 -0.231678 -0.865065 -0.444958 -0.203011 -0.910013 -0.361473 -0.119744 -0.863119 -0.490599 -0.874989 -0.445886 -0.188628 -0.968957 -0.203356 0.140600 -0.894509 -0.390881 -0.216944 -0.988812 -0.113789 0.096451 -0.895079 0.153215 0.418759 -0.875994 0.022731 0.481786 -0.588289 -0.368910 -0.719598 -0.650887 -0.326327 -0.685461 -0.740636 -0.010703 -0.671821 -0.671167 -0.084403 -0.736485 -0.736092 -0.010783 -0.676796 -0.652371 0.304988 -0.693826 -0.667697 -0.084760 -0.739592 -0.589047 0.196897 -0.783744 0.465545 -0.791456 -0.396063 0.455796 -0.771945 -0.443115 
						0.647735 -0.735253 -0.199604 0.607657 -0.770676 -0.191863 0.614188 -0.743470 -0.264624 0.679544 -0.728389 -0.087577 0.685725 -0.727841 -0.005375 0.658912 -0.734073 -0.164231 0.640475 -0.753610 -0.147862 -0.282960 -0.834705 -0.472442 -0.324862 -0.879381 -0.348072 -0.366094 -0.832493 -0.415849 -0.421688 -0.871751 -0.249458 -0.367424 -0.926000 -0.086738 -0.285144 -0.931554 -0.225611 -0.904347 -0.342023 -0.255298 -0.998754 -0.034728 0.035850 -0.904411 -0.301259 -0.302133 -0.998768 0.030861 -0.038849 -0.904262 0.364412 0.222519 -0.904521 0.268667 0.331149 -0.449178 -0.471032 -0.759189 -0.520873 -0.417772 -0.744418 -0.595557 -0.169247 -0.785281 -0.514498 -0.261954 -0.816500 -0.593144 -0.169623 -0.787025 -0.520809 0.073898 -0.850469 -0.513056 -0.262218 -0.817322 -0.448379 -0.059191 -0.891882 -0.894757 -0.270264 -0.355482 -0.988924 0.080486 -0.124708 -0.875624 -0.250199 -0.413138 -0.969383 0.112292 -0.218376 -0.875059 0.482434 -0.039112 -0.894364 0.436612 0.097380 -0.295700 -0.582798 -0.756907 -0.373942 -0.526720 -0.763370 -0.428853 -0.358953 -0.828998 -0.339446 -0.456559 -0.822393 -0.428073 -0.359100 -0.829337 -0.372457 -0.197364 -0.906821 -0.338890 -0.456656 -0.822568 -0.293696 -0.335539 -0.895074 -0.847406 -0.241814 -0.472683 -0.940408 0.125111 -0.316196 -0.810641 -0.245280 -0.531694 -0.902364 0.118522 -0.414357 -0.809875 0.489439 -0.323344 -0.846720 0.500200 -0.181288 -0.132740 -0.688127 -0.713345 -0.215105 -0.637249 -0.740030 -0.247081 -0.551100 -0.797019 -0.152699 -0.639030 -0.753872 -0.246247 -0.551221 -0.797194 -0.212729 -0.468762 -0.857327 -0.150963 -0.639203 -0.754076 -0.130170 -0.592301 -0.795132 0.765350 -0.616449 -0.185015 0.713097 -0.671142 -0.202634 0.792535 -0.596151 0.128424 0.848849 -0.503382 0.161438 0.654333 -0.720065 -0.230986 0.728215 -0.680899 0.077969 0.803407 -0.582077 0.125392 0.738182 -0.670221 0.076747 0.647479 -0.657430 0.385432 
						0.707428 -0.536579 0.460032 0.860331 -0.485385 0.155667 0.761113 -0.401565 0.509365 -0.765987 -0.260326 -0.587787 -0.855711 0.092855 -0.509055 -0.714176 -0.286147 -0.638805 -0.800992 0.049182 -0.596651 -0.713299 0.386530 -0.584636 -0.765153 0.450924 -0.459574 0.034936 -0.772053 -0.634597 -0.049178 -0.733603 -0.677797 -0.057001 -0.717097 -0.694639 0.038973 -0.782406 -0.621549 -0.053915 -0.717220 -0.694758 -0.046623 -0.701815 -0.710832 0.043925 -0.782245 -0.621421 0.037293 -0.793445 -0.607498 0.847069 -0.498104 -0.185382 0.810458 -0.557675 -0.179320 0.897356 -0.404994 0.175306 0.936951 -0.305556 0.169584 0.907809 -0.384875 0.166598 0.807053 -0.258572 0.530854 0.945486 -0.284746 0.158034 0.844394 -0.113778 0.523501 -0.656001 -0.321585 -0.682822 -0.738815 -0.010735 -0.673822 -0.592241 -0.365090 -0.718304 -0.669853 -0.084538 -0.737666 -0.591330 0.192524 -0.783112 -0.655085 0.299162 -0.693805 0.202524 -0.822455 -0.531555 0.119061 -0.802045 -0.585277 0.134619 -0.832547 -0.537349 0.228934 -0.865681 -0.445180 0.141578 -0.831732 -0.536822 0.120987 -0.863955 -0.488819 0.238071 -0.863730 -0.444176 0.203874 -0.910805 -0.358985 0.892813 -0.386472 -0.231355 0.874655 -0.440201 -0.202984 0.967177 -0.209024 0.144490 0.987708 -0.119251 0.101057 0.973293 -0.188839 0.130536 0.872675 0.026847 0.487562 0.991255 -0.100673 0.085313 0.891599 0.157654 0.424495 -0.523693 -0.414900 -0.744045 -0.594802 -0.169366 -0.785828 -0.451104 -0.469051 -0.759274 -0.514406 -0.261970 -0.816553 -0.450294 -0.060817 -0.890807 -0.522805 0.070950 -0.849495 0.697797 -0.707002 0.115006 0.737833 -0.481384 0.473151 0.704858 -0.709273 0.010349 0.673201 -0.711336 0.201995 0.429655 -0.491760 0.757343 -0.982027 -0.134604 0.132303 -0.502595 -0.821761 0.268528 -0.806325 -0.402064 0.433803 -0.970914 0.112697 0.211249 -0.719131 0.694747 0.013313 -0.756313 0.642167 -0.124953 
						0.296399 -0.331674 -0.895623 0.374660 -0.193608 -0.906723 -0.006682 -0.088102 -0.996089 -0.005127 -0.256014 -0.966660 0.450254 -0.055828 -0.891154 -0.008296 0.085534 -0.996301 -0.374491 -0.197806 -0.905886 -0.296075 -0.335007 -0.894489 0.017288 0.859213 -0.511327 0.015704 0.737599 -0.675057 0.018831 0.947693 -0.318627 0.806146 0.493145 -0.327013 0.761723 0.452976 -0.463239 0.522510 0.076586 -0.849187 -0.009929 0.260491 -0.965425 0.590708 0.198654 -0.782049 -0.011634 0.431710 -0.901938 0.020148 0.994417 -0.103579 0.021288 0.992077 0.123811 0.871011 0.489496 -0.041645 0.842781 0.505617 -0.184584 0.654104 0.305593 -0.691925 -0.013333 0.593317 -0.804858 0.711910 0.393094 -0.581946 -0.015087 0.738489 -0.674096 0.022032 0.936377 0.350304 0.022448 0.827649 0.560797 0.900283 0.374242 0.222337 0.890299 0.445160 0.095922 0.763346 0.457441 -0.456126 -0.016776 0.859439 -0.510964 0.807639 0.495793 -0.319233 -0.018447 0.947619 -0.318870 0.022368 0.671731 0.740457 0.021940 0.479406 0.877319 0.891788 0.165253 0.421197 0.900771 0.279615 0.332304 0.844093 0.506270 -0.176631 -0.019915 0.994368 -0.104096 0.872078 0.488182 -0.034026 -0.021218 0.992101 0.123636 0.021069 0.264587 0.964132 0.019966 0.041933 0.998921 0.846418 -0.102673 0.522528 0.873531 0.035992 0.485436 0.891110 0.442003 0.102749 -0.022128 0.936015 0.351264 0.900817 0.369471 0.228081 -0.022697 0.825877 0.563393 0.018585 -0.175097 0.984376 0.013939 -0.374913 0.926955 0.765465 -0.385819 0.514982 0.811009 -0.244940 0.531289 0.519958 -0.794438 -0.313866 -0.010293 -0.854264 -0.519738 -0.008623 -0.845640 -0.533684 0.444189 -0.818514 -0.364323 -0.442793 -0.821288 -0.359750 -0.007031 -0.833942 -0.551807 0.365583 -0.831180 -0.418913 0.901006 0.273397 0.336813 -0.022728 0.667063 0.744654 -0.022359 0.470340 0.882202 -0.721226 -0.508011 0.470912 
						-0.012342 -0.545328 0.838132 -0.664439 -0.634599 0.394722 -0.079462 -0.671788 0.736469 0.585498 -0.650645 0.483584 0.701277 -0.515742 0.492159 0.365322 -0.927065 -0.084201 0.285468 -0.932195 -0.222530 -0.005075 -0.989704 -0.143041 -0.006723 -0.999611 0.027050 -0.003478 -0.951914 -0.306346 -0.021478 0.250021 0.968002 -0.020295 0.021533 0.999562 -0.001897 -0.888209 -0.459435 -0.000341 -0.800664 -0.599113 -0.018775 -0.200941 0.979423 -0.017139 -0.405859 0.913775 -0.497599 -0.850236 0.171739 -0.420632 -0.906144 0.044414 0.007891 -0.981611 0.190727 -0.013564 -0.920067 0.391526 -0.350360 -0.932504 -0.087664 0.007296 -0.999719 0.022573 0.354015 -0.930871 -0.090294 0.429436 -0.902052 0.043446 0.494531 -0.846259 0.198205 0.001208 -0.691532 -0.722345 0.002759 -0.563294 -0.826252 -0.015341 -0.584777 0.811049 -0.013576 -0.732299 0.680848 -0.274166 -0.934949 -0.225173 0.005315 -0.989359 -0.145396 -0.194726 -0.911813 -0.361496 0.003836 -0.951201 -0.308549 0.196511 -0.911104 -0.362317 0.276824 -0.933879 -0.226358 0.004309 -0.418682 -0.908123 0.005886 -0.260733 -0.965393 0.589019 -0.762295 -0.268261 0.655491 -0.755108 0.011967 0.582918 -0.809780 -0.066812 0.671730 -0.740703 0.011739 0.596518 -0.799882 -0.065995 0.517232 -0.837137 0.177965 0.587125 -0.755224 0.291413 -0.113378 -0.863568 -0.491320 0.002352 -0.886904 -0.461948 -0.030970 -0.791883 -0.609888 0.000880 -0.798586 -0.601880 0.031889 -0.792042 -0.609634 0.114613 -0.863233 -0.491623 0.007462 -0.092845 -0.995653 0.009086 0.081127 -0.996662 0.051822 -0.699293 -0.712954 -0.000598 -0.688604 -0.725137 0.134381 -0.589063 -0.796835 -0.002088 -0.559565 -0.828784 -0.133812 -0.590636 -0.795766 -0.051116 -0.700091 -0.712222 0.010704 0.256753 -0.966418 0.012379 0.428884 -0.903275 0.216104 -0.465072 -0.858491 -0.003588 -0.414323 -0.910123 -0.215653 -0.467504 -0.857283 0.014025 0.591493 -0.806188 
						0.488255 -0.531222 0.692394 0.817483 0.042091 0.574413 0.894379 0.115237 0.432210 0.568846 -0.444994 0.691661 0.822559 -0.052529 -0.566248 0.530046 0.565949 -0.631469 0.616198 0.513899 -0.596831 0.876754 -0.120529 -0.465591 0.761431 0.356708 -0.541278 0.960780 -0.191563 -0.200513 0.988749 0.102651 0.108802 0.775119 -0.244471 0.582602 -0.093130 -0.795601 0.598620 -0.581004 -0.760864 0.288999 0.456872 -0.759293 0.463403 -0.299560 -0.702783 0.645260 -0.210404 -0.677925 0.704378 -0.876257 -0.289494 0.385185 -0.046390 -0.592565 0.804186 -0.827048 -0.295184 0.478391 0.809301 -0.248778 -0.532110 0.765116 -0.262660 -0.587883 0.854812 0.093206 -0.510500 0.901618 0.119018 -0.415836 -0.705171 -0.677907 -0.207790 -0.788743 -0.600934 0.129472 -0.643492 -0.730083 -0.229994 -0.725260 -0.684004 0.078333 -0.822651 -0.555794 0.119746 -0.764385 -0.640573 0.073359 0.873159 -0.255758 -0.414947 0.845525 -0.246418 -0.473672 0.939812 0.125765 -0.317705 0.968938 0.113124 -0.219915 0.900788 -0.307811 -0.306323 0.891692 -0.276506 -0.358370 0.988632 0.081552 -0.126319 0.998654 0.032272 -0.040614 -0.528459 -0.786413 -0.319820 -0.447041 -0.814006 -0.370874 -0.501317 -0.851203 -0.155356 -0.587810 -0.806258 -0.066541 -0.364643 -0.829154 -0.423721 -0.414259 -0.875037 -0.250398 -0.490684 -0.857178 -0.156447 -0.408262 -0.877639 -0.251143 -0.576469 -0.814350 -0.067208 0.890215 -0.396545 -0.224207 0.900282 -0.348401 -0.260978 0.998891 -0.032769 0.033819 0.989363 -0.110978 0.094050 -0.283071 -0.831138 -0.478624 -0.323679 -0.879759 -0.348220 -0.200489 -0.821739 -0.533432 -0.229612 -0.865500 -0.445183 -0.320173 -0.880867 -0.348658 -0.227840 -0.865870 -0.445373 0.842303 -0.507477 -0.181640 0.870775 -0.450300 -0.197438 0.970210 -0.199285 0.137762 0.941682 -0.294226 0.163298 -0.116756 -0.801913 -0.585921 -0.133721 -0.832595 -0.537499 -0.032564 -0.772458 -0.634230 
						-0.037018 -0.782392 -0.621685 -0.132773 -0.832702 -0.537568 -0.036233 -0.782415 -0.621703 0.760134 -0.622609 -0.185889 0.805329 -0.565648 -0.177448 0.903898 -0.392550 0.169921 0.857575 -0.489365 0.158386 0.051505 -0.734512 -0.676638 0.059699 -0.716896 -0.694620 0.134886 -0.689465 -0.711649 0.155681 -0.638625 -0.753606 0.060638 -0.716855 -0.694580 0.156801 -0.638511 -0.753470 0.698837 -0.684246 -0.208409 0.801211 -0.582379 0.137461 0.742339 -0.659009 0.120995 0.217049 -0.638926 -0.738013 0.250105 -0.550542 -0.796461 0.297436 -0.584682 -0.754770 0.342260 -0.455937 -0.821571 0.251277 -0.550370 -0.796212 0.343189 -0.455772 -0.821275 -0.601214 -0.750354 -0.274793 -0.674586 -0.738103 0.011693 -0.673083 -0.739474 0.011714 0.375532 -0.528647 -0.761254 0.431334 -0.358349 -0.827972 0.450706 -0.472816 -0.757172 0.516563 -0.261439 -0.815361 0.431713 -0.358277 -0.827805 0.516107 -0.261523 -0.815622 0.359649 -0.832366 -0.421688 0.423216 -0.819848 -0.385664 0.491027 -0.854069 -0.171637 0.410194 -0.876211 -0.252973 0.578483 -0.807286 -0.116819 0.522427 -0.419214 -0.742515 0.597184 -0.168862 -0.784128 0.589976 -0.369821 -0.717746 0.672382 -0.084152 -0.735405 0.595664 -0.169100 -0.785232 0.669732 -0.084425 -0.737788 0.624222 -0.749666 0.219882 0.676231 -0.696478 0.240061 0.626377 -0.774126 0.091554 0.660601 -0.750448 0.020852 0.642523 -0.744808 0.180069 0.198378 -0.823901 -0.530880 0.279793 -0.834381 -0.474894 0.321260 -0.880550 -0.348459 0.227915 -0.865894 -0.445290 0.652775 -0.326540 -0.683562 0.741467 -0.010573 -0.670906 0.710032 -0.291074 -0.641195 0.803631 0.048992 -0.593108 0.737689 -0.010639 -0.675057 0.798950 0.049508 -0.599356 0.032568 -0.772789 -0.633827 0.115812 -0.803089 -0.584495 0.133049 -0.832725 -0.537464 0.037141 -0.782459 -0.621593 0.761134 -0.264922 -0.592023 0.858274 0.092174 -0.504847 0.805286 -0.249219 -0.537963 
						0.904695 0.117237 -0.409612 0.852961 0.093751 -0.513486 0.899204 0.120393 -0.420641 -0.960113 0.224460 0.166737 -0.772333 0.619225 -0.141638 -0.959481 0.200356 0.198126 -0.770553 0.618824 -0.152660 -0.133856 -0.688343 -0.712929 -0.050839 -0.734092 -0.677144 -0.059033 -0.717012 -0.694557 -0.154590 -0.638839 -0.753649 0.841886 -0.244776 -0.480951 0.942412 0.123101 -0.310975 0.870254 -0.251903 -0.423322 0.970919 0.109512 -0.212894 0.937210 0.128369 -0.324282 0.966560 0.117302 -0.228038 0.821391 0.100135 -0.561506 0.745474 0.158383 -0.647444 0.597438 0.360113 -0.716510 0.795242 0.232041 -0.560131 0.660234 0.292380 -0.691812 0.300878 0.570055 -0.764533 -0.491210 0.805175 -0.332275 0.042000 0.790875 -0.610535 0.160392 0.790976 -0.590450 0.441334 0.699618 -0.561924 0.610368 0.658811 -0.439795 -0.296595 -0.582207 -0.757011 -0.215962 -0.637126 -0.739886 -0.248716 -0.550862 -0.796675 -0.340586 -0.456359 -0.822033 0.889897 -0.270492 -0.367311 0.989898 0.076900 -0.119117 0.900367 -0.299912 -0.315266 0.999090 0.026528 -0.033387 0.986896 0.087517 -0.135563 0.997927 0.040040 -0.050392 -0.503953 -0.849695 -0.155079 -0.441222 -0.896243 0.045518 0.363744 -0.790503 -0.492743 0.456007 -0.586544 -0.669346 0.233427 0.905871 -0.353425 -0.198585 0.857912 -0.473868 0.878039 0.270125 -0.395070 -0.375185 -0.525510 -0.763594 -0.429409 -0.358847 -0.828756 0.901391 -0.339078 -0.269296 0.998369 -0.039724 0.040997 0.999432 -0.023449 0.024199 0.284856 -0.832381 -0.475393 0.321400 -0.880506 -0.348441 0.411472 -0.876266 -0.250696 0.332568 -0.876913 -0.347019 0.424389 -0.870553 -0.249062 0.653918 -0.752570 -0.077646 0.695923 -0.577818 -0.426401 0.698526 -0.715564 -0.005434 0.957247 -0.232758 -0.171763 0.876915 -0.212674 0.431033 0.951013 0.248751 0.183567 0.022393 -0.731972 -0.680967 0.022409 -0.760301 -0.649185 0.022051 -0.786467 -0.617238 
						0.021216 -0.809154 -0.587214 0.020106 -0.827601 -0.560956 0.018667 -0.841576 -0.539816 0.015770 -0.852621 -0.522292 0.003437 -0.859428 -0.511245 -0.032192 -0.851169 -0.523903 0.363110 -0.764383 0.532794 0.348036 -0.785279 0.512062 -0.099207 -0.796574 -0.596345 -0.066333 -0.823972 -0.562735 -0.139980 0.841622 -0.521612 -0.050796 0.818262 -0.572597 -0.011843 -0.833007 -0.553136 0.004579 -0.829349 -0.558712 0.005076 -0.817325 -0.576154 0.003465 -0.801880 -0.597475 0.001868 -0.784668 -0.619913 0.000296 -0.766037 -0.642797 -0.001266 -0.746384 -0.665515 -0.002829 -0.726138 -0.687544 -0.004385 -0.705831 -0.708367 -0.005965 -0.686018 -0.727560 -0.007546 -0.667389 -0.744671 -0.009170 -0.650630 -0.759339 -0.010790 -0.636593 -0.771125 -0.012464 -0.626074 -0.779664 -0.014112 -0.620005 -0.784471 -0.015795 -0.619136 -0.785125 -0.017390 -0.624247 -0.781034 -0.018956 -0.635649 -0.771745 -0.020308 -0.653379 -0.756759 -0.021489 -0.676711 -0.735935 -0.022284 -0.704365 -0.709489 -0.022747 -0.734333 -0.678408 -0.022688 -0.764400 -0.644343 -0.022241 -0.792395 -0.609603 -0.021309 -0.816682 -0.576695 -0.020114 -0.836281 -0.547933 -0.018611 -0.850816 -0.525133 -0.017014 -0.860310 -0.509487 -0.015307 -0.864597 -0.502232 -0.013643 -0.864407 -0.502607 -0.011908 -0.843983 0.536237 -0.010130 -0.928621 0.370891 0.498593 -0.852756 -0.155604 0.512844 -0.844537 -0.154104 0.442909 -0.895113 0.051042 -0.005468 -0.819591 -0.572923 -0.003957 -0.803043 -0.595908 -0.002450 -0.784754 -0.619802 -0.000963 -0.765131 -0.643874 0.000529 -0.744616 -0.667493 0.002031 -0.723671 -0.690143 0.003545 -0.702853 -0.711326 0.005096 -0.682739 -0.730644 0.006663 -0.664025 -0.747680 0.008289 -0.647415 -0.762092 0.009926 -0.633742 -0.773481 0.011628 -0.623769 -0.781522 0.013318 -0.618386 -0.785762 0.015054 -0.618255 -0.785833 0.016712 -0.624021 -0.781229 0.018340 -0.635894 -0.771558 0.019758 -0.653733 -0.756468 
						0.021007 -0.676689 -0.735969 0.021863 -0.703430 -0.710428 0.709683 -0.698222 0.094000 0.630704 -0.772852 -0.070088 0.557211 -0.818627 -0.139159 0.848293 -0.280162 -0.449342 0.893557 -0.049139 -0.446253 0.636560 -0.746704 -0.192937 0.907359 -0.042749 -0.418178 0.833285 -0.286889 -0.472579 0.697779 0.613735 -0.369369 0.700682 0.613817 -0.363694 0.929679 -0.048471 -0.365168 0.645680 -0.724423 -0.241473 0.879920 -0.066245 -0.470482 -0.687044 0.564526 0.457473 -0.672159 0.270194 0.689346 -0.745566 0.382694 0.545597 -0.617149 0.699187 0.360923 -0.654452 0.104870 0.748796 -0.754913 0.103076 0.647674 -0.832067 0.078083 0.549152 -0.838830 0.261276 0.477597 -0.686525 0.690517 0.227749 -0.613754 0.751557 0.241804 -0.527708 0.824311 0.205028 -0.941433 0.259588 0.215216 -0.735536 0.650281 -0.190059 -0.808066 -0.229772 0.542434 -0.803808 -0.125138 0.581578 -0.911340 0.378755 0.161258 0.041198 -0.566159 0.823266 0.844232 -0.382533 0.375420 0.739471 -0.608574 0.287785 0.044363 -0.551623 0.832913 -0.132081 -0.480508 0.866987 -0.777713 0.027515 0.628018 0.427115 -0.766768 0.479207 0.034394 -0.645610 0.762892 -0.385957 -0.234784 0.892140 -0.702871 0.160567 0.692958 -0.867913 0.447453 0.215668 -0.634058 0.772175 0.041426 -0.744129 0.381957 0.548070 0.100342 0.749320 -0.654561 0.810730 0.299256 -0.503153 0.686551 0.320184 -0.652786 0.803201 0.183545 -0.566727 -0.893824 -0.023376 0.447808 -0.720751 0.652524 0.233946 -0.786405 -0.285379 0.547837 -0.422188 -0.806175 0.414536 -0.590587 -0.709456 0.384551 -0.640845 -0.657070 0.396959 -0.906239 0.023026 0.422138 -0.686330 0.690146 0.229453 -0.724980 -0.621077 0.297770 0.038240 -0.986612 0.158536 0.002491 -0.996754 0.080476 -0.766466 -0.622630 0.157675 0.757395 -0.649118 -0.070694 0.771830 -0.634154 -0.046131 0.778799 -0.627273 0.000000 -0.010495 -0.999945 0.000000 
						-0.782662 -0.622447 -0.000000 -0.197933 0.962121 -0.187472 -0.087105 0.975641 -0.201340 -0.035452 0.989286 -0.141618 0.979744 -0.008128 -0.200090 0.995170 0.016233 -0.096817 0.947741 -0.026489 -0.317938 0.702439 0.636125 -0.319255 0.737443 0.652752 -0.173471 0.980019 0.008336 -0.198729 0.752240 0.658889 -0.000000 0.999732 0.023169 -0.000000 0.999732 0.023169 -0.000000 -0.044649 0.987849 -0.148866 -0.020157 0.997249 -0.071327 -0.747766 0.655121 0.107993 -0.759112 0.647184 0.070014 -0.764120 0.645074 0.000000 -0.010930 0.999940 0.000000 -0.964745 0.040570 0.260040 -0.989452 0.019807 0.143503 -0.999925 0.012258 -0.000000 -0.361578 0.928785 -0.081367 -0.044615 -0.716473 0.696187 -0.504065 -0.036259 0.862904 -0.136885 -0.814377 0.563962 -0.540558 -0.270937 0.796486 -0.891514 0.073902 0.446924 -0.656240 0.724703 0.210130 -0.637699 -0.630586 0.442381 -0.631754 -0.625222 0.458240 -0.895349 0.097701 0.434516 -0.656227 0.734947 0.170936 -0.905946 0.104081 0.410400 -0.671830 0.728516 0.133821 -0.627651 -0.626116 0.462638 -0.626609 -0.627632 0.461995 -0.915742 0.099119 0.389348 -0.692485 0.712377 0.113944 -0.922567 0.087176 0.375859 -0.713259 0.691653 0.113478 -0.628907 -0.629767 0.455927 -0.641245 -0.631033 0.436581 -0.928511 0.069363 0.364770 -0.728512 0.673830 0.123384 -0.941099 0.062472 0.332309 -0.736067 0.665339 0.124617 -0.675634 -0.625463 0.390276 -0.005859 0.993377 -0.114754 0.008639 0.992696 -0.120333 -0.002891 0.988498 -0.151203 0.672262 0.622132 -0.401268 -0.026228 0.981295 -0.190714 0.649953 0.624924 -0.432472 -0.048647 0.972913 -0.225997 0.637238 0.622354 -0.454536 -0.066018 0.966312 -0.248764 0.634248 0.613083 -0.471019 -0.079658 0.964202 -0.252920 0.638168 0.603437 -0.478127 -0.085123 0.967471 -0.238230 0.647421 0.602597 -0.466608 -0.070910 0.976157 -0.205156 0.666990 0.616478 -0.418425 
						0.065196 -0.984643 0.161951 0.023769 -0.990336 0.136641 0.005953 -0.991454 0.130318 0.860628 -0.084864 -0.502113 0.636216 -0.728525 -0.253928 0.919701 -0.062884 -0.387552 0.913901 -0.079051 -0.398166 0.867741 -0.099835 -0.486886 0.639789 -0.735763 -0.222088 0.888110 -0.102151 -0.448136 0.655876 -0.735492 -0.169936 0.914173 -0.087905 -0.395677 0.914010 -0.092895 -0.394913 0.910349 -0.095182 -0.402746 0.677006 -0.726137 -0.119948 0.929196 -0.084971 -0.359688 0.698955 -0.709862 -0.086934 0.912039 -0.096325 -0.398631 0.911843 -0.090473 -0.400446 0.945005 -0.068795 -0.319738 0.720514 -0.689446 -0.074325 0.961161 -0.042556 -0.272689 0.740502 -0.667847 -0.075084 0.922100 -0.066748 -0.381152 0.965196 -0.220022 -0.141374 0.982074 -0.164894 -0.091329 0.960843 -0.145747 -0.235666 0.606526 -0.770438 -0.196344 0.773375 -0.622456 -0.120165 0.749949 -0.442824 -0.491410 0.010387 -0.988791 0.148941 0.027484 -0.983545 0.178562 0.048106 -0.976364 0.210713 0.067106 -0.968955 0.237955 0.083697 -0.964452 0.250654 0.091297 -0.965817 0.242617 0.075960 -0.974105 0.212955 0.528627 -0.836587 -0.143788 0.702742 -0.362089 -0.612409 0.879778 -0.221787 -0.420477 -0.244666 -0.855142 0.457023 -0.654578 -0.352810 0.668620 0.300459 -0.949277 0.092725 0.153820 -0.978860 0.134802 0.452429 -0.882829 0.126176 -0.008395 -0.979748 0.200057 -0.011969 -0.859948 -0.510241 -0.845905 0.090336 0.525628 -0.939976 0.298355 0.165619 -0.903829 0.392674 0.170002 -0.811829 0.232411 0.535648 -0.944170 0.288053 0.159901 -0.840444 0.507176 -0.190855 -0.803511 0.565588 -0.185689 -0.905736 0.388956 0.168393 -0.757265 0.624605 -0.190836 -0.856845 0.490937 0.157472 -0.860873 0.484506 0.155409 -0.771000 0.371331 0.517371 0.715153 -0.388846 -0.580823 0.798761 -0.049527 -0.599607 0.736474 0.010661 -0.676382 0.657113 -0.300792 -0.691178 0.709922 0.285130 -0.643982 
						0.652193 0.320124 -0.687142 0.588925 0.363224 -0.721967 0.667397 0.084663 -0.739874 0.593281 -0.193333 -0.781435 -0.889252 -0.177288 0.421663 -0.987727 0.119144 0.100991 -0.968167 0.205886 0.142352 -0.871952 -0.048248 0.487208 -0.990973 0.102266 0.086684 -0.887297 0.397668 -0.233591 -0.868443 0.450529 -0.206954 -0.972558 0.191374 0.132318 0.592178 0.169641 -0.787748 0.524424 -0.070882 -0.848502 0.520836 0.412718 -0.747258 0.448625 0.466684 -0.762195 0.511552 0.262357 -0.818220 0.451343 0.061722 -0.890213 -0.896139 -0.385126 0.220482 -0.999293 -0.023391 -0.029444 -0.998206 0.041658 0.043004 -0.897387 -0.291203 0.331507 -0.997902 -0.040271 -0.050692 -0.896915 0.311196 -0.314166 -0.896822 0.350632 -0.269754 -0.999399 0.024121 0.024900 0.426241 0.359311 -0.830189 0.374765 0.199414 -0.905420 0.372953 0.523112 -0.766329 0.294455 0.579931 -0.759590 0.337049 0.456851 -0.823216 0.295424 0.337087 -0.893922 -0.519471 0.836610 0.173876 -0.591307 0.803715 -0.066330 -0.662087 0.749333 0.011870 -0.585323 0.759129 0.284816 -0.518577 0.797501 -0.308333 -0.587786 0.765480 -0.261817 -0.653535 0.723076 -0.223725 -0.732831 0.675993 0.077416 -0.646852 0.661671 0.379176 -0.865807 -0.498370 -0.044787 -0.972771 -0.105987 -0.206116 -0.990823 -0.073298 -0.113568 -0.885542 -0.455103 0.093254 -0.965780 -0.118606 -0.230656 -0.869096 0.261166 -0.420078 -0.887623 0.281003 -0.364914 -0.986629 -0.088381 -0.136938 0.244767 0.551319 -0.797582 0.213976 0.469770 -0.856464 0.213745 0.635105 -0.742263 0.131417 0.686671 -0.714991 0.150256 0.639169 -0.754245 0.131089 0.592748 -0.794648 -0.796361 0.591255 0.127387 -0.705372 0.544655 0.453653 -0.712904 0.673678 -0.194743 -0.765991 0.618064 -0.176791 -0.852930 0.497081 0.159441 -0.758844 0.412603 0.503900 -0.800662 -0.499853 -0.330284 -0.908469 -0.114941 -0.401838 -0.945243 -0.120078 -0.303474 
						-0.837341 -0.513370 -0.187913 -0.896866 -0.121637 -0.425247 -0.805905 0.255293 -0.534175 -0.841726 0.252538 -0.477202 -0.935761 -0.129743 -0.327901 0.054362 0.717115 -0.694831 0.047375 0.701724 -0.710872 0.048057 0.732811 -0.678733 -0.035757 0.771889 -0.634751 -0.042034 0.782238 -0.621560 -0.036559 0.792917 -0.608232 -0.901208 0.397715 0.172183 -0.805230 0.271822 0.526990 -0.811811 0.558350 -0.170907 -0.849176 0.497512 -0.177153 -0.940310 0.297550 0.165170 -0.843481 0.128414 0.521584 -0.705234 -0.392039 -0.590720 -0.808631 -0.048331 -0.586328 -0.862787 -0.090722 -0.497362 -0.756405 -0.458727 -0.466283 -0.794732 -0.049863 -0.604909 -0.711512 0.293862 -0.638275 -0.762333 0.269326 -0.588482 -0.849756 -0.094599 -0.518619 -0.138099 0.832091 -0.537171 -0.120143 0.863170 -0.490411 -0.119452 0.802500 -0.584572 -0.202497 0.823489 -0.529962 -0.233040 0.864776 -0.444809 -0.202867 0.910015 -0.361549 -0.969756 0.200763 0.138809 -0.872916 -0.011596 0.487733 -0.877369 0.438308 -0.195217 -0.895994 0.383237 -0.224333 -0.989326 0.111161 0.094223 -0.893126 -0.142508 0.426635 -0.585000 -0.194511 -0.787363 -0.677086 0.083789 -0.731119 -0.746528 0.010600 -0.665270 -0.647866 -0.302720 -0.699021 -0.663827 0.085154 -0.743023 -0.591295 0.370024 -0.716556 -0.654333 0.327931 -0.681403 -0.732667 0.010843 -0.680501 0.492124 0.848067 0.196458 0.639306 0.763026 0.095279 0.634375 0.740147 0.223049 0.453155 0.763718 0.459767 0.665467 0.746107 0.021856 0.646456 0.741156 0.181060 0.673859 0.710708 0.202009 0.687960 0.684347 0.241619 0.583689 0.652844 0.482806 -0.326145 0.878971 -0.347908 -0.284272 0.931700 -0.226106 -0.284386 0.833977 -0.472870 -0.361401 0.835276 -0.414370 -0.410606 0.876627 -0.250852 -0.362177 0.927774 -0.089791 -0.998928 0.032209 0.033249 -0.903807 -0.258947 0.340704 -0.904833 0.334589 -0.263300 -0.903873 0.294304 -0.310482 
						-0.998581 -0.033130 -0.041707 -0.904824 -0.356153 0.233341 -0.445518 0.061057 -0.893188 -0.519039 0.261117 -0.813890 -0.601009 0.168391 -0.781302 -0.517332 -0.071684 -0.852777 -0.509165 0.262925 -0.819525 -0.450999 0.471511 -0.757811 -0.523364 0.418534 -0.742240 -0.589241 0.170227 -0.789821 -0.988389 -0.082395 -0.127667 -0.896160 -0.430149 0.108949 -0.893245 0.263984 -0.363904 -0.873260 0.244737 -0.421333 -0.968549 -0.113787 -0.221282 -0.877966 -0.477940 -0.027387 -0.291984 0.336575 -0.895244 -0.340874 0.456308 -0.821941 -0.432032 0.358350 -0.827607 -0.370204 0.198808 -0.907427 -0.336204 0.457124 -0.823410 -0.296244 0.582925 -0.756597 -0.375146 0.527009 -0.762579 -0.424716 0.359728 -0.830790 -0.939353 -0.126181 -0.318897 -0.850539 -0.497672 -0.170018 -0.844369 0.237233 -0.480377 -0.807140 0.241568 -0.538674 -0.901169 -0.119208 -0.416754 -0.814357 -0.488693 -0.313054 -0.129206 0.592754 -0.794952 -0.149987 0.639299 -0.754189 -0.246527 0.551181 -0.797135 -0.211460 0.469457 -0.857260 -0.150892 0.639210 -0.754084 -0.132377 0.688034 -0.713503 -0.215176 0.637265 -0.739995 -0.244804 0.551429 -0.797494 0.765977 0.392727 0.508964 0.849460 0.502446 0.161140 0.792716 0.595921 0.128376 0.712233 0.529479 0.460843 0.857342 0.490157 0.157199 0.761617 0.622143 -0.181323 0.709340 0.675966 -0.199766 0.801003 0.585235 0.126074 0.650586 0.724172 -0.228721 0.736334 0.672225 0.076977 0.728839 0.680239 0.077894 0.651888 0.652164 0.386943 -0.854450 -0.093227 -0.511100 -0.770004 -0.451633 -0.450691 -0.762258 0.257426 -0.593881 -0.710434 0.283950 -0.643938 -0.799727 -0.049322 -0.598334 -0.718210 -0.388266 -0.577428 0.038089 0.793654 -0.607176 0.045499 0.782189 -0.621377 -0.052306 0.717280 -0.694819 -0.045824 0.702113 -0.710589 0.040466 0.782359 -0.621512 0.035492 0.771868 -0.634791 -0.048669 0.733455 -0.677993 -0.055635 0.717151 -0.694693 
						0.848342 0.102547 0.519423 0.937007 0.305423 0.169512 0.897768 0.404223 0.174973 0.811627 0.248297 0.528782 0.943682 0.289285 0.160555 0.844057 0.505213 -0.179800 0.806935 0.564226 -0.174659 0.905213 0.389990 0.168812 -0.737581 0.010755 -0.675173 -0.659754 -0.301460 -0.688365 -0.652430 0.319961 -0.686994 -0.589002 0.363916 -0.721555 -0.668651 0.084661 -0.738741 -0.595497 -0.194945 -0.779346 0.205119 0.910790 -0.358311 0.237665 0.863818 -0.444223 0.142437 0.831629 -0.536754 0.121927 0.864080 -0.488364 0.231366 0.865170 -0.444917 0.202496 0.822468 -0.531546 0.119371 0.801926 -0.585376 0.136322 0.832352 -0.537221 0.893474 -0.168877 0.416154 0.987298 0.121210 0.102722 0.966896 0.209900 0.145100 0.875703 -0.038417 0.481320 0.990894 0.102720 0.087053 0.891387 0.393953 -0.224123 0.872355 0.447638 -0.196512 0.972312 0.192226 0.132883 -0.593619 0.169549 -0.786683 -0.526261 -0.073131 -0.847172 -0.520890 0.414062 -0.746476 -0.448781 0.468452 -0.761018 -0.513214 0.262189 -0.817232 -0.452911 0.059119 -0.889594 0.438485 0.483409 0.757658 0.745503 0.475335 0.467207 0.701533 0.703392 0.114418 -0.719130 0.694748 -0.013315 -0.756312 0.642167 0.124953 -0.970916 0.112696 -0.211240 -0.982026 -0.134609 -0.132307 -0.806325 -0.402068 -0.433798 -0.502616 -0.821755 -0.268506 0.709358 0.704842 0.003013 0.688075 0.725614 -0.006045 0.297991 0.584813 -0.754450 -0.005966 0.686019 -0.727559 -0.007546 0.667385 -0.744675 0.376725 0.528939 -0.760462 -0.295216 0.581888 -0.757795 -0.373353 0.525078 -0.764789 -0.009170 0.650630 -0.759340 0.452513 0.473296 -0.755793 0.015053 0.618250 -0.785837 0.016709 0.624027 -0.781224 0.761366 0.259726 -0.594023 0.805795 0.245035 -0.539121 0.018337 0.635889 -0.771563 -0.010790 0.636594 -0.771124 0.524886 0.419969 -0.740352 -0.012465 0.626077 -0.779662 0.592958 0.370929 -0.714711 
						0.019754 0.653727 -0.756473 0.842492 0.241807 -0.481390 0.870812 0.250280 -0.423139 0.021004 0.676691 -0.735967 -0.014111 0.620000 -0.784475 0.656185 0.328127 -0.679525 -0.015795 0.619143 -0.785120 0.713656 0.293246 -0.636162 0.021861 0.703425 -0.710434 0.890201 0.270242 -0.366757 0.900265 0.300905 -0.314611 0.022391 0.731969 -0.680970 -0.017391 0.624251 -0.781030 0.764775 0.267806 -0.586003 -0.018956 0.635634 -0.771758 0.808697 0.252896 -0.531087 0.022408 0.760294 -0.649193 0.900764 0.341067 -0.268880 0.891665 0.389036 -0.231483 0.022052 0.786469 -0.617236 -0.020307 0.653389 -0.756750 0.844846 0.249308 -0.473371 -0.021490 0.676719 -0.735927 0.872551 0.257279 -0.415287 0.021216 0.809151 -0.587218 0.873087 0.442869 -0.203926 0.845324 0.500365 -0.187249 0.020106 0.827604 -0.560952 -0.022285 0.704369 -0.709484 0.891367 0.276655 -0.359064 -0.022749 0.734337 -0.678404 0.900893 0.306711 -0.307115 0.018666 0.841573 -0.539821 0.808840 0.559116 -0.182117 0.763798 0.616987 -0.189576 0.015771 0.852616 -0.522299 0.520721 0.834569 0.179846 0.445863 0.893545 0.052758 -0.008396 0.979748 0.200056 -0.010134 0.928624 0.370885 0.367584 0.926292 -0.082859 -0.006724 0.999611 0.027055 -0.443894 0.894844 0.047039 -0.022690 0.764396 -0.644348 0.900930 0.346341 -0.261482 -0.022244 0.792388 -0.609612 0.003437 0.859430 -0.511242 -0.702026 0.681901 -0.205354 0.702873 0.679062 -0.211763 0.614289 0.743356 -0.264709 -0.032193 0.851168 -0.523905 -0.642466 0.731181 -0.229371 0.364342 0.831927 -0.418511 -0.007031 0.833941 -0.551809 -0.005467 0.819590 -0.572924 0.284266 0.832686 -0.475212 -0.003955 0.803042 -0.595909 -0.021310 0.816682 -0.576694 -0.020112 0.836285 -0.547925 -0.002451 0.784754 -0.619802 -0.000962 0.765129 -0.643876 -0.018611 0.850816 -0.525134 -0.017017 0.860307 -0.509492 -0.524876 0.789412 -0.318329 
						-0.066333 0.823971 -0.562735 -0.011843 0.833005 -0.553138 -0.445536 0.815083 -0.370321 0.463195 0.793437 -0.394852 0.427092 0.817136 -0.387146 0.360453 0.831882 -0.421954 0.004578 0.829348 -0.558713 -0.363904 0.829606 -0.423472 0.000529 0.744614 -0.667495 0.002031 0.723670 -0.690143 -0.015310 0.864592 -0.502241 -0.013643 0.864407 -0.502608 0.005076 0.817325 -0.576155 -0.282596 0.831387 -0.478472 0.281225 0.833643 -0.475343 0.199251 0.823514 -0.531153 0.003465 0.801878 -0.597477 -0.200456 0.821754 -0.533421 0.003545 0.702852 -0.711327 0.005096 0.682736 -0.730647 0.662071 0.749347 0.011877 0.590581 0.751903 0.293011 0.586663 0.764513 -0.267106 0.663857 0.747766 0.011852 0.517229 0.796658 -0.312746 0.587658 0.806370 -0.066528 0.588379 0.805847 -0.066485 0.001868 0.784666 -0.619915 -0.117059 0.801795 -0.586022 0.116455 0.802844 -0.584705 0.033111 0.772609 -0.634018 0.000296 0.766036 -0.642798 -0.033057 0.772292 -0.634407 0.006663 0.664025 -0.747681 0.008289 0.647410 -0.762097 -0.001266 0.746383 -0.665516 0.051037 0.734374 -0.676823 -0.050257 0.733924 -0.677369 -0.133124 0.688155 -0.713247 -0.002828 0.726136 -0.687546 0.134578 0.689384 -0.711786 0.009925 0.633738 -0.773484 0.011628 0.623770 -0.781522 -0.004384 0.705829 -0.708368 0.217136 0.638947 -0.737969 -0.214956 0.636886 -0.740385 0.013318 0.618384 -0.785763 0.488244 -0.531218 -0.692406 0.568843 -0.444989 -0.691666 0.894376 0.115237 -0.432218 0.817492 0.042088 -0.574400 0.775119 -0.244473 -0.582600 0.988748 0.102656 -0.108806 0.876755 -0.120530 0.465588 0.960785 -0.191552 0.200501 0.761428 0.356697 0.541290 0.616189 0.513891 0.596848 0.822561 -0.052528 0.566246 0.530035 0.565941 0.631485 -0.595721 0.755701 -0.272089 -0.099209 0.796571 -0.596349 0.452198 0.776123 -0.439488 -0.876256 -0.289491 -0.385188 -0.210407 -0.677916 -0.704386 
						-0.299567 -0.702768 -0.645273 -0.827047 -0.295184 -0.478393 -0.046384 -0.592571 -0.804182 0.810647 -0.492447 -0.316776 0.900463 -0.119678 -0.418143 0.853614 -0.093558 -0.512436 0.766577 -0.453715 -0.454426 -0.812364 0.570070 0.122822 -0.725823 0.500728 0.471650 -0.797711 0.589513 0.127011 -0.732535 0.676309 0.077451 -0.750681 0.656375 0.075168 -0.668513 0.629430 0.396116 0.873968 -0.485060 -0.029936 0.968108 -0.114603 -0.222785 0.938776 -0.126812 -0.320341 0.846637 -0.503147 -0.173344 0.900921 -0.366024 0.233170 0.998455 -0.034572 -0.043507 0.988089 -0.083465 -0.129284 0.892157 -0.438750 0.107489 -0.502093 0.847094 0.174169 -0.569023 0.819535 -0.067636 -0.486706 0.859370 -0.156846 -0.423842 0.904552 0.046302 -0.598164 0.798658 -0.065913 -0.510088 0.846145 -0.154433 -0.419210 0.872855 -0.249774 -0.405276 0.878917 -0.251508 -0.352161 0.931927 -0.086578 0.889944 -0.154591 0.429071 0.989882 0.108249 0.091736 0.999059 0.030184 0.031152 0.900147 -0.269942 0.341857 -0.318595 0.881361 -0.348854 -0.275485 0.934748 -0.224397 -0.326337 0.878909 -0.347883 -0.231569 0.865088 -0.444971 -0.227643 0.865911 -0.445395 -0.195735 0.911817 -0.360941 0.842531 0.113701 0.526511 0.942718 0.291678 0.161884 0.971026 0.196578 0.135891 0.870585 -0.024893 0.491388 -0.133663 0.832601 -0.537503 -0.114183 0.863686 -0.490927 -0.135215 0.832424 -0.537389 -0.038319 0.782354 -0.621654 -0.037716 0.782372 -0.621669 -0.031687 0.792079 -0.609595 0.760354 0.395225 0.515421 0.858820 0.487386 0.157746 0.905297 0.389826 0.168742 0.806188 0.255847 0.533482 0.059186 0.716918 -0.694641 0.051068 0.699585 -0.712722 0.058388 0.716952 -0.694673 0.153952 0.638801 -0.753812 0.155998 0.638594 -0.753567 0.133441 0.589516 -0.796658 0.750535 0.649966 0.119334 0.802368 0.580869 0.137104 0.696932 0.522308 0.491407 0.251709 0.550306 -0.796119 
						0.214846 0.465773 -0.858427 0.247844 0.550873 -0.796940 0.339057 0.456499 -0.822587 0.345290 0.455398 -0.820602 0.294696 0.332719 -0.895797 -0.661358 0.749976 0.011881 -0.586343 0.755811 0.291465 -0.674896 0.737821 0.011688 0.435752 0.357506 -0.826020 0.372416 0.195063 -0.907335 0.427216 0.359128 -0.829767 0.511272 0.262407 -0.818379 0.522132 0.260405 -0.812137 0.447403 0.057706 -0.892469 0.353430 0.931059 -0.090642 0.411550 0.875624 -0.252803 0.496673 0.850925 -0.171005 0.428052 0.902750 0.042583 0.562758 0.818101 -0.118384 0.603539 0.167856 -0.779464 0.519044 -0.074366 -0.851506 0.590897 0.169838 -0.788667 0.665101 0.084896 -0.741912 0.679113 0.083450 -0.729275 0.586672 -0.196269 -0.785681 0.679119 0.728803 -0.087428 0.643256 0.739594 -0.198045 0.652468 0.740200 -0.162445 0.633689 0.759399 -0.147484 0.605700 0.772299 -0.191523 0.196438 0.911104 -0.362357 0.229045 0.865657 -0.445169 0.322005 0.880315 -0.348366 0.275996 0.934008 -0.226837 0.748099 0.010456 -0.663505 0.649618 -0.303340 -0.697123 0.733535 0.010709 -0.679567 0.795316 -0.049904 -0.604138 0.809789 -0.048301 -0.584730 0.707146 -0.391359 -0.588882 0.032533 0.792214 -0.609376 0.038489 0.782419 -0.621561 0.134320 0.832581 -0.537371 0.115020 0.863290 -0.491427 0.863594 -0.090557 -0.495989 0.758548 -0.456677 -0.464814 0.850048 -0.094601 -0.518139 0.897010 -0.121626 -0.424948 0.908982 -0.114699 -0.400744 0.803093 -0.496457 -0.329502 -0.772334 0.619225 0.141638 -0.960114 0.224456 -0.166734 -0.770554 0.618822 0.152663 -0.959482 0.200353 -0.198124 -0.133463 0.590801 -0.795702 -0.153200 0.638980 -0.753814 -0.057626 0.717071 -0.694614 -0.050480 0.700331 -0.712031 0.945534 -0.119816 -0.302671 0.840109 -0.508756 -0.188106 0.935759 -0.129796 -0.327883 0.965751 -0.118690 -0.230732 0.972920 -0.105731 -0.205540 0.868947 -0.492745 -0.046177 
						0.821417 0.100145 0.561467 0.795242 0.232041 0.560132 0.597431 0.360111 0.716517 0.745484 0.158388 0.647430 0.610358 0.658804 0.439818 0.441324 0.699613 0.561938 0.160395 0.790978 0.590447 0.041997 0.790874 0.610536 -0.491219 0.805168 0.332279 0.300872 0.570052 0.764537 0.660237 0.292382 0.691809 -0.296961 0.334471 -0.894396 -0.339294 0.456584 -0.822442 -0.247356 0.551060 -0.796962 -0.215817 0.467414 -0.857290 0.990898 -0.073012 -0.113092 0.889081 -0.448696 0.090591 0.986592 -0.088520 -0.137112 0.997896 -0.040334 -0.050757 0.999321 -0.022924 -0.028848 0.900059 -0.378117 0.216615 -0.502845 0.850330 -0.155195 -0.440494 0.822872 -0.358951 0.703770 0.710427 0.001233 0.362520 0.765222 0.531991 0.878039 0.270111 0.395078 -0.198584 0.857914 0.473864 0.233427 0.905870 0.353429 -0.428174 0.359081 -0.829294 -0.376217 0.196704 -0.905411 0.998121 0.042634 0.044004 0.901585 -0.283615 0.326659 0.999394 0.024219 0.024998 0.420409 0.872336 -0.249571 0.330490 0.877591 -0.347289 0.287152 0.931910 -0.221555 0.415811 0.874371 -0.250153 0.324682 0.879464 -0.348030 0.462543 0.580773 -0.669893 0.701035 0.573802 -0.423440 0.655210 0.751458 -0.077532 0.876914 -0.212670 -0.431037 0.951029 0.248713 -0.183538 0.957248 -0.232754 0.171763 0.022368 -0.671734 0.740454 0.022447 -0.827653 0.560791 0.021939 -0.479406 0.877319 0.021068 -0.264589 0.964131 0.019965 -0.041937 0.998921 0.018585 0.175095 0.984376 0.013939 0.374907 0.926958 -0.012342 0.545325 0.838134 -0.079462 0.671786 0.736471 0.360082 0.795447 -0.487447 0.348024 -0.785291 -0.512051 -0.093130 0.795600 0.598621 -0.013564 0.920067 0.391526 -0.139993 0.841608 0.521631 -0.050799 0.818248 0.572616 0.007890 0.981611 0.190730 0.007296 0.999719 0.022576 0.005314 0.989360 -0.145393 0.003836 0.951202 -0.308547 0.002352 0.886904 -0.461947 
						0.000879 0.798588 -0.601878 -0.000598 0.688606 -0.725136 -0.002087 0.559567 -0.828782 -0.003588 0.414325 -0.910122 -0.005127 0.256015 -0.966659 -0.006683 0.088103 -0.996089 -0.008297 -0.085530 -0.996301 -0.009928 -0.260489 -0.965426 -0.011633 -0.431707 -0.901939 -0.013332 -0.593314 -0.804861 -0.015087 -0.738489 -0.674097 -0.016776 -0.859438 -0.510965 -0.018447 -0.947616 -0.318879 -0.019916 -0.994367 -0.104106 -0.021218 -0.992100 0.123642 -0.022126 -0.936014 0.351268 -0.022693 -0.825880 0.563390 -0.022724 -0.667066 0.744652 -0.022357 -0.470337 0.882204 -0.021475 -0.250012 0.968004 -0.020292 -0.021539 0.999562 -0.018772 0.200940 0.979424 -0.017135 0.405842 0.913783 -0.015341 0.584774 0.811051 -0.013579 0.732294 0.680854 -0.011969 0.859945 -0.510246 -0.010295 0.854261 -0.519743 0.506828 0.848045 -0.154741 0.442226 0.819888 -0.363620 0.503914 0.849724 -0.155047 -0.005074 0.989704 -0.143041 -0.003478 0.951915 -0.306344 -0.001898 0.888209 -0.459436 -0.000341 0.800666 -0.599111 0.001208 0.691533 -0.722344 0.002760 0.563295 -0.826251 0.004309 0.418684 -0.908122 0.005885 0.260735 -0.965392 0.007461 0.092845 -0.995653 0.009086 -0.081125 -0.996662 0.010705 -0.256748 -0.966419 0.012380 -0.428882 -0.903276 0.014026 -0.591490 -0.806190 0.015704 -0.737596 -0.675059 0.017286 -0.859213 -0.511326 0.018830 -0.947691 -0.318632 0.020150 -0.994416 -0.103589 0.021289 -0.992079 0.123797 0.022030 -0.936379 0.350299 0.720789 0.686957 0.092482 0.633253 0.770781 -0.069900 0.557209 -0.818628 0.139164 0.636561 -0.746703 0.192935 0.893559 -0.049138 0.446249 0.848291 -0.280163 0.449346 0.645681 -0.724423 0.241470 0.879922 -0.066244 0.470478 0.700685 0.613819 0.363686 0.697786 0.613739 0.369350 0.907368 -0.042744 0.418159 0.929680 -0.048471 0.365166 0.833303 -0.286881 0.472551 -0.687043 0.564527 -0.457473 -0.617148 0.699187 -0.360923 
						-0.745566 0.382695 -0.545597 -0.672157 0.270195 -0.689347 -0.527707 0.824311 -0.205029 -0.613755 0.751557 -0.241800 -0.686529 0.690517 -0.227737 -0.838829 0.261276 -0.477599 -0.832064 0.078084 -0.549155 -0.754914 0.103076 -0.647673 -0.654450 0.104871 -0.748797 -0.735538 0.650278 0.190062 -0.941442 0.259569 -0.215200 -0.911338 0.378760 -0.161259 -0.803807 -0.125123 -0.581583 -0.808065 -0.229767 -0.542438 0.041198 -0.566158 -0.823267 0.044363 -0.551622 -0.832913 0.739473 -0.608570 -0.287788 0.844232 -0.382531 -0.375423 -0.777714 0.027511 -0.628017 -0.132081 -0.480509 -0.866987 -0.702874 0.160562 -0.692955 -0.385956 -0.234782 -0.892141 0.034379 -0.645617 -0.762887 0.427119 -0.766765 -0.479209 -0.634056 0.772177 -0.041427 -0.867903 0.447470 -0.215673 -0.744132 0.381954 -0.548068 0.810730 0.299258 0.503151 0.100343 0.749322 0.654559 0.803201 0.183543 0.566728 0.686563 0.320203 0.652765 -0.720760 0.652523 -0.233920 -0.893822 -0.023376 -0.447812 -0.686331 0.690146 -0.229453 -0.906239 0.023026 -0.422138 -0.640844 -0.657069 -0.396962 -0.590587 -0.709456 -0.384551 -0.422187 -0.806174 -0.414539 -0.786408 -0.285379 -0.547834 -0.724980 -0.621077 -0.297770 -0.766466 -0.622630 -0.157675 0.002492 -0.996754 -0.080476 0.038239 -0.986612 -0.158536 0.771830 -0.634154 0.046131 0.757395 -0.649118 0.070694 -0.087106 0.975640 0.201341 -0.197936 0.962120 0.187474 -0.035451 0.989286 0.141617 0.995170 0.016232 0.096817 0.979744 -0.008128 0.200090 0.980019 0.008336 0.198729 0.737443 0.652752 0.173471 0.947741 -0.026489 0.317938 0.702439 0.636125 0.319255 -0.020157 0.997249 0.071327 -0.044649 0.987849 0.148866 -0.759112 0.647184 -0.070014 -0.747766 0.655121 -0.107993 -0.989452 0.019807 -0.143503 -0.964745 0.040570 -0.260040 -0.361576 0.928785 0.081366 -0.504030 -0.036248 -0.862925 -0.044606 -0.716471 -0.696189 -0.540553 -0.270936 -0.796490 
						-0.136899 -0.814379 -0.563956 -0.656241 0.724702 -0.210130 -0.891514 0.073902 -0.446925 -0.656227 0.734947 -0.170936 -0.895349 0.097701 -0.434516 -0.631754 -0.625222 -0.458240 -0.637700 -0.630586 -0.442379 -0.671830 0.728517 -0.133821 -0.905948 0.104080 -0.410396 -0.692487 0.712376 -0.113941 -0.915743 0.099119 -0.389345 -0.626607 -0.627631 -0.461998 -0.627650 -0.626116 -0.462638 -0.713260 0.691653 -0.113476 -0.922567 0.087176 -0.375859 -0.728512 0.673829 -0.123384 -0.928511 0.069362 -0.364770 -0.641233 -0.631025 -0.436610 -0.628894 -0.629757 -0.455959 -0.736067 0.665339 -0.124617 -0.941099 0.062472 -0.332309 -0.675633 -0.625462 -0.390277 -0.005861 0.993376 0.114763 0.008639 0.992696 0.120332 0.672262 0.622133 0.401267 -0.002891 0.988498 0.151203 0.649952 0.624923 0.432473 -0.026228 0.981295 0.190715 0.637238 0.622354 0.454537 -0.048647 0.972913 0.225994 0.634248 0.613084 0.471017 -0.066017 0.966312 0.248762 0.638169 0.603437 0.478125 -0.079657 0.964202 0.252920 0.647421 0.602597 0.466608 -0.085123 0.967471 0.238230 0.666990 0.616478 0.418425 -0.070910 0.976157 0.205156 0.023769 -0.990335 -0.136641 0.065197 -0.984642 -0.161954 0.005953 -0.991454 -0.130319 0.636217 -0.728525 0.253927 0.860626 -0.084865 0.502116 0.639789 -0.735763 0.222088 0.867734 -0.099839 0.486899 0.919702 -0.062883 0.387549 0.913901 -0.079052 0.398165 0.655878 -0.735491 0.169933 0.888088 -0.102163 0.448177 0.677003 -0.726139 0.119954 0.910349 -0.095182 0.402746 0.914173 -0.087905 0.395678 0.914013 -0.092893 0.394908 0.698942 -0.709871 0.086965 0.929196 -0.084970 0.359686 0.720505 -0.689453 0.074348 0.945006 -0.068795 0.319736 0.912039 -0.096325 0.398630 0.911843 -0.090474 0.400447 0.740502 -0.667847 0.075084 0.961161 -0.042556 0.272689 0.922099 -0.066749 0.381152 0.965195 -0.220025 0.141376 0.773376 -0.622455 0.120164 
						0.606527 -0.770437 0.196344 0.749946 -0.442827 0.491412 0.982075 -0.164890 0.091325 0.960843 -0.145746 0.235666 0.010386 -0.988792 -0.148939 0.027483 -0.983545 -0.178560 0.048121 -0.976357 -0.210740 0.067109 -0.968953 -0.237963 0.083700 -0.964449 -0.250662 0.091295 -0.965818 -0.242613 0.075958 -0.974106 -0.212950 0.702735 -0.362093 0.612415 0.528627 -0.836587 0.143790 0.879782 -0.221782 0.420471 -0.654581 -0.352809 -0.668617 -0.244667 -0.855142 -0.457023 0.153824 -0.978859 -0.134806 0.300448 -0.949281 -0.092722 0.452404 -0.882843 -0.126170 -0.008620 0.845639 -0.533686 -0.011912 0.843984 0.536236 0.105747 0.000000 0.994393 0.105737 0.000000 0.994394 0.105756 0.000000 0.994392 0.105735 0.000000 0.994394 0.105739 -0.000000 0.994394 0.105747 -0.000000 0.994393 0.105738 -0.000000 0.994394 0.105742 -0.000000 0.994394 0.105739 -0.000000 0.994394 0.105740 -0.000000 0.994394 0.000004 -1.000000 -0.000000 -0.000000 -1.000000 0.000000 -0.000001 -1.000000 0.000006 0.000000 -1.000000 0.000006 0.105739 0.000000 0.994394 0.105737 0.000000 0.994394 0.105735 -0.000000 0.994394 0.105736 -0.000000 0.994394 0.105741 0.000000 0.994394 0.105766 0.000000 0.994391 0.105752 -0.000000 0.994393 0.105739 -0.000000 0.994394 0.105734 -0.000000 0.994394 0.105744 -0.000000 0.994393 0.000009 -1.000000 0.000001 -0.000000 -1.000000 0.000000 -0.000002 -1.000000 -0.000001 -0.000004 -1.000000 -0.000002 -0.147781 -0.985823 -0.079455 -0.147777 -0.985824 -0.079453 -0.165627 -0.985546 -0.035603 -0.165625 -0.985546 -0.035602 -0.168326 -0.985704 0.007368 -0.169865 -0.985426 -0.009006 0.105775 -0.000000 0.994390 0.105740 -0.000000 0.994394 -0.000002 0.000000 -1.000000 0.022752 0.000000 -0.999741 -0.033230 0.000000 -0.999448 -0.000001 0.000000 -1.000000 0.040307 -0.999179 0.003971 0.040717 -0.999171 0.000005 0.040319 -0.999179 0.003934 
						0.241978 -0.000000 -0.970282 -0.261354 0.000000 -0.965243 -0.528945 0.000000 -0.848656 0.521691 -0.000000 -0.853135 -0.000002 0.000000 -1.000000 0.000000 0.000000 -1.000000 -0.000000 -0.000000 -1.000000 -0.000000 -0.000000 -1.000000 -0.000002 -1.000000 0.000003 -0.000003 -1.000000 0.000004 0.000000 -1.000000 0.000000 -0.000001 -1.000000 0.000001 0.000000 -1.000000 0.000000 0.000000 -1.000000 0.000000 0.000003 -1.000000 0.000007 0.000001 -1.000000 -0.000000 0.000009 -1.000000 0.000014 0.000008 -1.000000 0.000012 0.000001 -1.000000 0.000000 0.000008 -1.000000 0.000008 0.000020 -1.000000 0.000004 0.000002 -1.000000 0.000005 0.601202 0.000000 -0.799097 0.708542 0.000000 -0.705669 0.000010 -1.000000 0.000001 0.000001 -1.000000 0.000000 -0.195014 -0.025261 -0.980475 -0.701485 0.125871 -0.701481 -0.702105 -0.118761 -0.702100 -0.194742 0.058516 -0.979108 0.000000 -0.999171 0.040701 0.000000 -0.999172 0.040696 0.003970 -0.999179 0.040306 0.003970 -0.999180 0.040304 0.105739 0.000000 0.994394 0.105740 0.000000 0.994394 -0.014855 -0.985495 -0.169056 -0.014855 -0.985495 -0.169054 -0.058273 -0.985842 -0.157225 -0.058274 -0.985842 -0.157226 -0.110253 -0.985862 -0.126177 -0.110250 -0.985863 -0.126173 0.015275 -0.999203 0.036878 0.015275 -0.999203 0.036878 0.028224 -0.999203 0.028224 0.028224 -0.999203 0.028224 -0.596078 0.000000 -0.802927 -0.702410 0.000000 -0.711772 0.036879 -0.999203 0.015276 0.036877 -0.999203 0.015275 0.702428 -0.114661 -0.702458 0.194705 0.063477 -0.978806 0.194931 -0.041459 -0.979940 0.702143 0.118102 -0.702173 0.936214 -0.349033 -0.040979 0.949878 0.309845 -0.041577 -0.947997 0.304556 -0.092446 -0.936037 -0.339857 -0.091280 0.040305 -0.999180 0.003968 0.040308 -0.999180 0.003929 -0.168327 -0.985704 0.007368 0.000001 1.000000 0.000000 0.000000 1.000000 -0.000000 0.000000 1.000000 0.000000 
						0.000000 1.000000 0.000000 0.000006 -0.000000 1.000000 0.000008 -0.000000 1.000000 -0.000015 -0.000000 1.000000 -0.000007 -0.000000 1.000000 -0.000004 0.000000 1.000000 0.000002 0.000000 1.000000 0.000000 0.000000 1.000000 0.000002 0.000000 1.000000 -0.000003 0.000000 1.000000 -0.000005 0.000000 1.000000 0.000009 1.000000 0.000000 0.000000 1.000000 0.000004 0.000010 1.000000 0.000009 0.000000 1.000000 -0.000001 0.000002 -0.000000 1.000000 0.000002 0.000000 1.000000 -0.000003 0.000000 1.000000 0.000002 -0.000000 1.000000 -0.000015 -0.000000 1.000000 -0.000001 -0.000000 1.000000 -0.000009 -0.000000 1.000000 0.000000 -0.000000 1.000000 0.000000 -0.000000 1.000000 -0.000012 -0.000000 1.000000 0.000001 0.000000 1.000000 -0.000004 0.000000 1.000000 -0.000009 1.000000 0.000001 -0.000017 1.000000 0.000008 -0.000026 1.000000 0.000012 -0.000008 1.000000 0.000001 0.194774 0.055645 -0.979269 0.194998 -0.028237 -0.980397 0.701186 0.129158 -0.701182 0.702348 -0.115848 -0.702343 0.000020 1.000000 -0.000001 0.000009 1.000000 0.000000 0.000000 0.000000 1.000000 0.000000 0.000000 1.000000 -0.039981 -0.000000 -0.999200 -0.039983 -0.000000 -0.999200 -0.004996 -0.000000 -0.999988 -0.062053 -0.000000 -0.998073 -0.000003 1.000000 0.000002 -0.000007 1.000000 0.000003 -0.000020 1.000000 0.000005 0.236976 -0.000000 -0.971516 -0.265507 0.000000 -0.964109 0.518150 0.000000 -0.855290 -0.529064 0.000000 -0.848582 -0.039978 -0.000000 -0.999201 -0.039981 -0.000000 -0.999200 -0.039980 0.000000 -0.999200 -0.040008 0.000000 -0.999199 0.000018 1.000000 0.000018 0.000017 1.000000 0.000016 0.000005 1.000000 0.000009 0.000000 1.000000 0.000000 0.000000 1.000000 0.000000 0.000000 1.000000 0.000000 -0.000001 1.000000 -0.000000 -0.000002 1.000000 0.000006 -0.000008 1.000000 0.000011 -0.000013 1.000000 0.000020 
						-0.000022 1.000000 0.000021 -0.000022 1.000000 0.000022 0.000000 1.000000 0.000000 0.000000 1.000000 0.000000 0.000000 1.000000 0.000000 0.000000 1.000000 0.000000 -0.000020 1.000000 0.000004 -0.000002 1.000000 0.000005 -0.607265 0.000000 -0.794500 -0.712456 0.000000 -0.701717 0.000020 1.000000 -0.000001 0.000002 1.000000 0.000000 0.000000 1.000000 0.000000 0.000000 1.000000 0.000000 0.000000 1.000000 0.000000 0.000000 1.000000 0.000000 0.000000 1.000000 0.000000 0.000000 1.000000 0.000000 0.000000 1.000000 0.000000 0.000000 1.000000 0.000000 0.000000 1.000000 0.000000 0.000000 1.000000 0.000000 0.000000 1.000000 0.000000 0.000000 1.000000 0.000000 0.000000 1.000000 0.000000 0.000000 1.000000 0.000000 0.000000 0.000000 1.000000 -0.000000 0.000000 1.000000 0.000000 1.000000 0.000000 0.000000 1.000000 0.000000 0.000000 1.000000 0.000000 0.000000 1.000000 0.000000 0.000000 1.000000 0.000000 0.000000 1.000000 0.000000 0.694375 0.000000 -0.719614 0.586196 0.000000 -0.810169 -0.701876 0.121237 -0.701906 -0.702660 -0.111790 -0.702689 -0.194731 0.061320 -0.978938 -0.194913 -0.043528 -0.979854 -0.934796 0.352820 -0.040917 -0.950996 -0.306388 -0.041626 0.933207 0.347625 -0.091004 0.950212 -0.297509 -0.092662 0.000003 1.000000 -0.000002 0.000007 1.000000 -0.000003 0.000005 1.000000 0.000000 0.000000 1.000000 0.000000 0.000000 1.000000 0.000000 0.105728 0.000000 -0.994395 0.105744 0.000000 -0.994393 0.105748 0.000000 -0.994393 0.105726 0.000000 -0.994395 0.105739 -0.000000 -0.994394 0.105743 -0.000000 -0.994393 0.105745 -0.000000 -0.994393 0.105740 -0.000000 -0.994394 0.105739 -0.000000 -0.994394 0.105738 -0.000000 -0.994394 -0.000009 1.000000 0.000000 -0.000000 1.000000 0.000004 -0.000002 1.000000 0.000005 -0.000000 1.000000 -0.000001 0.105737 0.000000 -0.994394 
						0.105737 -0.000000 -0.994394 0.105737 -0.000000 -0.994394 0.105739 0.000000 -0.994394 0.105730 0.000000 -0.994395 0.105766 0.000000 -0.994391 0.000000 -0.985385 -0.170341 0.000000 -0.985385 -0.170341 0.105746 -0.000000 -0.994393 0.105746 -0.000000 -0.994393 0.105727 -0.000000 -0.994395 0.105730 -0.000000 -0.994395 0.000009 1.000000 0.000001 -0.000004 1.000000 -0.000002 -0.000002 1.000000 -0.000001 -0.000000 1.000000 -0.000000 -0.169864 -0.985426 -0.009007 0.105750 0.000000 -0.994393 0.105759 0.000000 -0.994392 0.049842 -0.000000 -0.998757 0.049840 -0.000000 -0.998757 0.015098 -0.000000 -0.999886 0.072464 -0.000000 -0.997371 0.040683 -0.999172 -0.000005 -0.226667 -0.000000 -0.973972 0.275643 0.000000 -0.961260 -0.515316 -0.000000 -0.857000 0.531580 0.000001 -0.847008 0.049850 -0.000000 -0.998757 0.049840 -0.000000 -0.998757 0.049850 0.000000 -0.998757 0.049800 0.000000 -0.998759 -0.000003 1.000000 0.000003 -0.000002 1.000000 0.000002 -0.000001 1.000000 0.000001 0.000000 1.000000 0.000000 0.000000 1.000000 0.000000 0.000000 1.000000 0.000000 0.000001 1.000000 -0.000000 0.000005 1.000000 0.000017 0.000019 1.000000 0.000031 0.000020 1.000000 0.000032 0.000016 1.000000 0.000015 0.000000 1.000000 0.000000 0.000020 1.000000 0.000004 0.000002 1.000000 0.000005 0.601880 0.000002 -0.798587 0.705270 0.000002 -0.708939 -0.000020 1.000000 -0.000001 -0.000002 1.000000 0.000000 -0.702339 -0.000001 -0.711842 -0.591410 -0.000001 -0.806371 -0.000006 -0.000000 -1.000000 0.000007 -0.000000 -1.000000 0.000016 -0.000000 -1.000000 -0.000008 -0.000000 -1.000000 -0.000001 0.000000 -1.000000 -0.000002 0.000000 -1.000000 0.000000 0.000000 -1.000000 -0.000002 0.000000 -1.000000 -0.000000 0.000000 -1.000000 -0.000001 0.000000 -1.000000 0.000009 -1.000000 0.000001 0.000000 -1.000000 0.000000 0.000001 -1.000000 0.000006 
						-0.000000 -1.000000 0.000006 -0.000002 -0.000000 -1.000000 -0.000002 -0.000000 -1.000000 -0.000000 0.000000 -1.000000 -0.000002 0.000000 -1.000000 0.000001 -0.000000 -1.000000 0.000015 -0.000000 -1.000000 0.000009 -0.000000 -1.000000 0.000012 -0.000000 -1.000000 0.000000 -0.000000 -1.000000 -0.000000 -0.000000 -1.000000 -0.000001 0.000000 -1.000000 0.000004 0.000000 -1.000000 -0.000025 -1.000000 0.000003 -0.000021 -1.000000 0.000003 0.000002 -1.000000 -0.000001 -0.000004 -1.000000 0.000002 0.000011 1.000000 -0.000001 0.000000 0.000000 -1.000000 0.000000 0.000000 -1.000000 -0.009898 0.000000 -0.999951 -0.033097 0.000000 -0.999452 0.022976 0.000000 -0.999736 -0.009901 0.000000 -0.999951 0.000020 1.000000 -0.000005 -0.251963 -0.000000 -0.967737 0.251031 0.000000 -0.967979 0.526081 0.000000 -0.850434 -0.524089 -0.000001 -0.851664 -0.009900 0.000000 -0.999951 -0.009899 0.000000 -0.999951 -0.009935 -0.000000 -0.999951 -0.009901 -0.000000 -0.999951 0.000002 -1.000000 0.000003 0.000003 -1.000000 0.000004 0.000000 -1.000000 0.000000 0.000001 -1.000000 0.000001 0.000002 -1.000000 0.000011 0.000000 -1.000000 0.000000 -0.000006 -1.000000 0.000027 -0.000005 -1.000000 0.000020 -0.000009 -1.000000 0.000014 -0.000014 -1.000000 0.000022 -0.000001 -1.000000 0.000000 -0.000008 -1.000000 0.000008 -0.000020 -1.000000 0.000004 -0.000029 -1.000000 0.000005 -0.595798 -0.000002 -0.803134 -0.701254 -0.000002 -0.712911 0.000020 -1.000000 -0.000001 0.000002 -1.000000 0.000000 0.000000 0.000000 -1.000000 0.000000 0.000000 -1.000000 0.601263 0.000001 -0.799051 0.709943 0.000001 -0.704259 0.105746 -0.992278 -0.064822 0.105745 -0.992278 -0.064822 0.105745 -0.992278 -0.064822 0.105745 -0.992278 -0.064822 0.105741 0.000000 -0.994394 0.105742 0.000000 -0.994394 0.061673 0.981475 -0.181395 0.062877 0.924818 -0.375178 0.064863 0.989120 -0.132039 
						0.050492 0.774331 -0.630764 0.061946 0.814023 -0.577520 0.060474 0.841723 -0.536512 0.064046 0.935831 -0.346581 0.068626 0.986205 -0.150635 0.058098 0.633830 -0.771287 0.036963 0.363234 -0.930965 0.052073 0.422219 -0.904997 0.048791 0.481512 -0.875080 0.056233 0.694544 -0.717249 0.039978 0.151808 -0.987601 0.018536 -0.150889 -0.988377 0.027374 -0.115289 -0.992955 0.023063 -0.131449 -0.991055 0.037943 0.198234 -0.979420 0.012433 -0.394697 -0.918727 0.002089 -0.624361 -0.781133 0.003139 -0.620980 -0.783820 -0.000702 -0.701578 -0.712592 0.009201 -0.449810 -0.893077 -0.027852 -0.811743 0.583351 -0.031601 -0.654378 0.755507 -0.008339 -0.826610 0.562713 -0.068235 -0.423817 0.903174 -0.062377 -0.450249 0.890722 -0.068441 -0.488653 0.869790 -0.037524 -0.699276 0.713867 -0.019761 -0.846088 0.532677 -0.004136 -0.811873 -0.583820 -0.006333 -0.927828 -0.372956 -0.003680 -0.929394 -0.369070 -0.006909 -0.962125 -0.272521 -0.005295 -0.868863 -0.495025 -0.115008 -0.200247 0.972972 -0.203787 0.020594 0.978799 -0.191843 0.039575 0.980627 -0.168619 0.099147 0.980682 -0.113368 -0.214032 0.970226 -0.011653 -0.992630 0.120626 -0.004172 -0.935026 0.354555 0.000618 -0.993634 0.112654 -0.010412 -0.939712 0.341807 -0.007086 -0.989332 0.145507 -0.004118 -0.992943 -0.118519 -0.006294 -0.998281 -0.058272 0.264905 0.283080 0.921787 0.198978 0.449497 0.870839 0.284387 0.206584 0.936187 0.126688 0.677879 0.724176 0.148774 0.653571 0.742099 0.153764 0.707150 0.690142 0.204348 0.470592 0.858362 0.262664 0.174862 0.948910 0.109293 0.828319 0.549493 0.084304 0.946854 0.310419 0.085410 0.935624 0.342511 0.092203 0.959710 0.265435 0.116915 0.867976 0.482648 0.071716 0.993133 0.092436 0.077481 0.995591 0.052861 0.002166 -0.950939 0.309372 0.003507 -0.987454 0.157865 -0.002702 -0.884441 0.466645 0.020971 -0.912236 0.409128 
						0.024683 -0.959900 0.279254 0.024594 -0.986973 0.158996 0.056918 0.947601 -0.314345 0.058788 0.984981 -0.162349 0.055699 0.880673 -0.470438 0.046239 0.909539 -0.413037 0.042186 0.958029 -0.283551 0.039412 0.985827 -0.163068 0.086971 0.923098 0.374601 0.117217 0.789084 0.602998 0.070958 0.982526 0.172066 0.042588 0.993677 0.103888 0.052895 0.958018 0.281785 0.077754 0.855137 0.512538 0.001821 -0.925276 -0.379291 0.004383 -0.788821 -0.614607 0.002062 -0.984558 -0.175046 0.018453 -0.993641 -0.111075 0.014860 -0.956395 -0.291697 0.013850 -0.850267 -0.526169 -0.014213 -0.771111 0.636542 -0.038889 -0.580633 0.813236 -0.013762 -0.663849 0.747740 0.010590 -0.826799 0.562398 0.053722 0.768163 -0.637997 0.049141 0.578834 -0.813963 0.051212 0.660241 -0.749306 0.050014 0.823623 -0.564928 0.062743 0.998022 -0.004046 0.039056 0.998483 -0.038805 0.003059 -0.999995 0.000596 0.022159 -0.999181 0.033858 -0.084390 -0.280863 0.956031 -0.149779 0.110287 0.982549 -0.151409 0.113388 0.981946 -0.066426 -0.354905 0.932539 0.039809 0.274398 -0.960792 0.025885 -0.135284 -0.990469 0.033025 -0.138902 -0.989755 0.046124 0.347131 -0.936682 0.168116 0.539882 0.824782 0.235988 0.173603 0.956123 0.131553 0.610321 0.781154 0.217130 0.177746 0.959823 0.012338 -0.527499 -0.849466 0.019372 -0.596037 -0.802724 0.166875 -0.976152 0.138851 0.170007 -0.956899 0.235460 0.280405 -0.933416 0.223847 0.276180 -0.952051 0.131621 0.165220 -0.924674 0.343046 0.274935 -0.903785 0.327998 0.405479 -0.857599 0.316402 0.410117 -0.886044 0.216174 0.404698 -0.905477 0.127792 -0.075988 0.938034 -0.338110 -0.055521 0.880070 -0.471586 -0.162677 0.882323 -0.441636 -0.187230 0.929974 -0.316376 -0.030961 0.751454 -0.659059 -0.127869 0.770547 -0.624425 -0.255962 0.764344 -0.591829 -0.299162 0.857999 -0.417539 -0.325183 0.896350 -0.301352 
						-0.070551 0.912001 0.404076 -0.094614 0.976757 0.192337 -0.203678 0.964919 0.165668 -0.171927 0.914016 0.367445 -0.104663 0.993077 0.053336 -0.218095 0.975116 0.039792 -0.353650 0.934934 0.028801 -0.335027 0.931126 0.144086 -0.292097 0.895960 0.334567 0.142731 -0.986734 -0.077358 0.157256 -0.986780 0.039201 0.264395 -0.963644 0.038536 0.246940 -0.966597 -0.068635 0.392090 -0.919049 0.040192 0.373995 -0.925565 -0.058803 0.150397 -0.866046 0.476807 0.257011 -0.851348 0.457331 0.118177 -0.743035 0.658736 0.219162 -0.741249 0.634443 0.340730 -0.715636 0.609728 0.386164 -0.810746 0.439965 0.001829 0.441632 -0.897194 -0.064374 0.475211 -0.877514 0.044090 -0.136505 -0.989658 0.045738 -0.126100 -0.990963 0.044707 -0.111999 -0.992702 -0.158076 0.494469 -0.854700 -0.107260 0.992921 -0.051019 -0.222425 0.973485 -0.053425 -0.103020 0.984462 -0.142200 -0.217936 0.966442 -0.135989 -0.355111 0.925237 -0.133540 -0.359214 0.931533 -0.056674 0.042341 -0.450285 0.891881 0.129128 -0.463983 0.876382 -0.100039 0.114341 0.988392 -0.056266 0.120980 0.991059 -0.053068 0.113638 0.992104 0.221992 -0.466228 0.856359 0.080007 -0.661948 -0.745267 0.145201 -0.673422 -0.724858 0.105086 -0.891479 -0.440708 0.196197 -0.890192 -0.411175 0.314308 -0.868935 -0.382311 0.233180 -0.669514 -0.705250 -0.092237 0.967885 -0.233861 -0.205749 0.953565 -0.219956 -0.343393 0.914981 -0.211873 0.137318 0.171566 0.975556 -0.003423 0.691347 0.722515 -0.085756 0.710132 0.698826 0.101167 0.169117 0.980390 -0.170236 0.721822 0.670814 0.108413 0.187422 0.976279 0.125080 -0.965754 -0.227321 0.224999 -0.952097 -0.207093 0.350257 -0.917820 -0.186887 0.654784 -0.755123 -0.032374 0.656971 -0.751936 0.054599 0.775427 -0.628794 0.057718 0.780901 -0.624082 -0.026755 0.654521 -0.743889 0.135027 0.764705 -0.629440 0.137957 0.859045 -0.494318 0.133010 
						0.871946 -0.486735 0.052905 0.878263 -0.477246 -0.029836 0.632193 -0.710622 0.308787 0.605351 -0.676808 0.418904 0.692608 -0.589238 0.416043 0.726134 -0.613794 0.309818 0.551456 -0.606930 0.572304 0.633733 -0.529366 0.564052 0.715727 -0.431176 0.549383 0.777650 -0.481141 0.404676 0.813904 -0.496220 0.302202 -0.582645 0.623008 -0.521905 -0.441577 0.420505 -0.792581 -0.576692 0.318332 -0.752391 -0.727292 0.487987 -0.482613 0.010049 -0.122926 -0.992365 -0.005127 -0.146142 -0.989250 -0.005935 -0.164451 -0.986367 -0.664961 0.202893 -0.718792 -0.825431 0.341105 -0.449790 -0.602862 0.797843 0.001922 -0.617548 0.782974 -0.074739 -0.730140 0.678325 -0.082281 -0.710323 0.703801 -0.010226 -0.625208 0.767180 -0.143352 -0.743924 0.652092 -0.146123 -0.844912 0.516188 -0.140261 -0.829526 0.552875 -0.078842 -0.807556 0.589728 -0.008580 0.396522 -0.415747 0.818489 0.469983 -0.354726 0.808261 -0.057124 0.064206 0.996300 -0.042073 0.088075 0.995225 -0.035152 0.111459 0.993147 0.539415 -0.273874 0.796257 0.463328 -0.601132 -0.651128 0.579311 -0.523419 -0.624845 0.608919 -0.727728 -0.315643 0.744147 -0.600865 -0.291903 0.841339 -0.461666 -0.281094 0.668841 -0.426739 -0.608725 -0.628071 0.749130 -0.210549 -0.753434 0.624068 -0.207066 -0.626493 0.726199 -0.283093 -0.758744 0.592516 -0.270614 -0.860099 0.441708 -0.255193 -0.855107 0.479380 -0.197451 0.186067 0.302399 0.934844 -0.320548 0.720079 0.615415 -0.406318 0.702090 0.584786 0.173366 0.354070 0.919010 -0.515210 0.811044 0.277067 -0.615801 0.747361 0.249483 -0.709801 0.660776 0.244043 -0.495344 0.652379 0.573617 0.135284 0.391941 0.909989 0.644400 -0.751420 -0.141830 0.776848 -0.616184 -0.129708 0.874124 -0.468536 -0.127991 0.647015 -0.730818 0.217430 0.748827 -0.625079 0.220306 0.839969 -0.498255 0.214930 -0.617058 0.691683 -0.375252 -0.756115 0.552597 -0.350609 
						-0.856217 0.399716 -0.327290 -0.575518 0.811137 0.104097 -0.679331 0.728820 0.085617 -0.774569 0.626786 0.084755 -0.918146 0.245056 -0.311375 -0.927590 0.284647 -0.241977 -0.881887 0.194144 -0.429632 -0.906661 0.053034 -0.418513 -0.948876 0.096523 -0.300530 -0.964280 0.131199 -0.230109 -0.860452 0.499820 0.099010 -0.795586 0.547530 0.259335 -0.891838 0.452334 0.004485 -0.953718 0.299995 0.020626 -0.927940 0.354101 0.116363 -0.866676 0.414285 0.277922 0.941941 -0.332896 0.043896 0.945292 -0.324255 -0.035808 0.931706 -0.342281 0.121520 0.977070 -0.184526 0.106231 0.983692 -0.176918 0.032410 0.984060 -0.172371 -0.043760 0.856523 -0.345643 0.383275 0.890932 -0.354065 0.284392 0.793807 -0.304340 0.526543 0.850553 -0.160385 0.500835 0.913294 -0.194387 0.357921 0.944471 -0.198898 0.261561 -0.711932 0.083763 -0.697235 0.003938 -0.181333 -0.983414 0.015968 -0.202073 -0.979240 -0.728457 -0.035072 -0.684193 -0.911010 0.406937 -0.066803 -0.922542 0.363816 -0.128663 -0.971765 0.206397 -0.114338 -0.966638 0.250885 -0.051645 0.605360 -0.167864 0.778050 -0.011672 0.153729 0.988044 0.007469 0.212931 0.977039 0.653461 -0.044146 0.755672 0.729888 -0.325001 -0.601363 0.905039 -0.322801 -0.276954 0.941383 -0.189614 -0.279005 0.764421 -0.228941 -0.602700 -0.927959 0.323178 -0.185604 -0.970823 0.166686 -0.172393 -0.574649 0.568208 0.588998 0.092377 0.384045 0.918681 -0.642157 0.466249 0.608478 0.053739 0.358956 0.931806 0.938648 -0.319560 -0.129700 0.975461 -0.174349 -0.134457 0.914886 -0.350315 0.200657 0.964287 -0.192957 0.181433 0.991878 0.114682 0.055015 0.986016 0.110774 0.124507 0.961838 0.260891 0.082489 0.965344 0.260505 0.015755 0.973840 0.107221 0.200348 0.952619 0.261057 0.156097 0.900815 0.421450 0.104464 0.908740 0.415934 0.034497 0.911772 0.409727 -0.028210 -0.972095 -0.144378 -0.184897 
						-0.950404 -0.167100 -0.262317 -0.928921 -0.291491 -0.228339 -0.950288 -0.275108 -0.145839 -0.900375 -0.195824 -0.388558 -0.878456 -0.311310 -0.362493 -0.840903 -0.430290 -0.328226 -0.888293 -0.419480 -0.187011 -0.906887 -0.409192 -0.100586 -0.932513 0.126142 0.338389 -0.983423 0.052877 0.173444 -0.971020 -0.102463 0.215922 -0.925027 -0.029779 0.378732 -0.997283 -0.003507 0.073582 -0.981107 -0.155191 0.115517 -0.935004 -0.316167 0.160644 -0.927096 -0.270599 0.259364 -0.885403 -0.203478 0.417920 0.990467 0.109260 -0.083894 0.993271 0.115104 -0.012795 0.965421 0.256036 -0.049071 0.962492 0.244501 -0.117593 0.912489 0.399300 -0.089011 0.911174 0.382088 -0.154176 0.948951 0.111456 0.295077 0.930617 0.267678 0.249600 0.887111 0.138457 0.440300 0.870542 0.292212 0.395940 0.823130 0.454257 0.340745 0.880631 0.431774 0.195089 -0.709340 -0.244829 -0.660980 -0.684344 -0.336582 -0.646827 0.032171 -0.233957 -0.971715 0.037778 -0.234288 -0.971433 0.039590 -0.220249 -0.974640 -0.651393 -0.425793 -0.628003 -0.998751 -0.049957 -0.000756 -0.979526 -0.197118 0.040910 -0.994051 -0.088315 -0.063739 -0.972865 -0.230350 -0.021740 -0.925688 -0.377432 0.025429 -0.932275 -0.351086 0.087187 0.675628 0.217867 0.704316 0.655559 0.349657 0.669315 -0.003522 0.328215 0.944596 -0.030657 0.375908 0.926150 -0.073249 0.427839 0.900882 0.610014 0.488322 0.624039 0.771521 -0.054083 -0.633901 0.750893 0.038114 -0.659323 0.947583 0.053453 -0.315008 0.922151 0.172152 -0.346413 0.875854 0.298902 -0.378863 0.714596 0.144622 -0.684424 -0.985212 -0.119362 -0.122926 -0.963290 -0.255862 -0.081282 -0.917523 -0.396213 -0.034155 -0.005598 0.290697 0.956799 -0.713403 0.231254 0.661496 -0.716485 0.091837 0.691531 -0.018969 0.234217 0.971999 -0.688988 -0.071467 0.721241 -0.009750 0.150885 0.988503 0.980798 0.092804 -0.171529 0.953709 0.221243 -0.203695 
						0.904542 0.353759 -0.238029 0.677774 0.724532 -0.125201 0.664606 0.743395 -0.075256 0.451273 0.878077 -0.159166 0.467121 0.860769 -0.202174 0.652125 0.757903 -0.017753 0.440612 0.890754 -0.111441 0.205034 0.958693 -0.197152 0.215255 0.947429 -0.236734 0.223827 0.935000 -0.275093 -0.724557 -0.688727 -0.025911 -0.733326 -0.669316 -0.119370 -0.576135 -0.813889 -0.075186 -0.545482 -0.837812 0.022828 -0.710387 -0.649946 -0.270038 -0.579490 -0.780897 -0.233218 -0.330877 -0.888549 -0.317807 -0.316549 -0.938829 -0.135632 -0.303433 -0.952000 -0.040316 -0.660946 -0.596193 0.455746 -0.694024 -0.647861 0.314018 -0.479478 -0.816463 0.321696 -0.451688 -0.779463 0.434068 -0.700312 -0.677149 0.225905 -0.484766 -0.838417 0.249115 -0.268559 -0.947096 0.175744 -0.277529 -0.931616 0.234669 -0.266985 -0.913090 0.308197 0.714256 0.662012 -0.227109 0.694083 0.698668 -0.173526 0.489583 0.836899 -0.244765 0.524841 0.799583 -0.291907 0.249177 0.912563 -0.324254 0.272510 0.886010 -0.375132 0.632469 0.772267 0.059891 0.425436 0.903853 -0.045321 0.583398 0.790373 0.186971 0.388422 0.919981 0.052561 0.176549 0.979563 -0.096369 0.198623 0.968381 -0.150955 -0.550949 -0.587160 -0.593041 -0.439866 -0.677765 -0.589196 0.051573 -0.200147 -0.978407 0.063549 -0.207037 -0.976267 0.039586 -0.194401 -0.980123 -0.232359 -0.727413 -0.645662 -0.701481 -0.694577 0.159649 -0.489017 -0.850347 0.194351 -0.704571 -0.702270 0.101965 -0.498295 -0.854899 0.144392 -0.272990 -0.958379 0.083584 -0.265421 -0.954940 0.132823 0.397083 0.803424 0.443661 0.228787 0.940237 0.252211 -0.209335 0.700198 0.682570 -0.236955 0.886397 0.397683 -0.116220 0.990201 0.077429 0.100378 0.994826 0.015691 0.615674 0.327098 -0.716904 0.519697 0.398973 -0.755471 0.732891 0.527869 -0.429214 0.592854 0.647613 -0.478667 0.335656 0.733048 -0.591588 0.287904 0.446340 -0.847285 
						-0.712142 -0.700692 0.043409 -0.516235 -0.851648 0.090540 -0.288165 -0.956944 0.034916 0.124190 -0.229330 0.965393 -0.488406 -0.472070 0.733900 -0.301548 -0.684551 0.663671 0.174556 -0.525707 0.832564 -0.162087 -0.874268 0.457583 0.085266 -0.825937 0.557277 0.733776 0.609486 -0.300167 0.567511 0.740010 -0.360992 0.310417 0.827322 -0.468167 0.038646 0.836749 -0.546221 0.040115 0.873498 -0.485173 -0.021532 0.716805 -0.696941 -0.001711 0.661746 -0.749726 0.022183 -0.979113 -0.202104 -0.015768 -0.997049 -0.075135 0.098043 0.926776 -0.362594 0.109478 0.927460 -0.357537 0.190837 0.689584 -0.698609 0.119150 0.743544 -0.657986 0.046697 -0.910689 -0.410445 0.041540 -0.774649 -0.631025 0.080684 -0.888730 -0.451275 -0.170028 -0.976828 0.129992 -0.184983 -0.968287 0.167933 -0.116510 -0.986964 0.111033 -0.197016 -0.946498 -0.255590 -0.267251 -0.932260 -0.243859 0.123919 0.943891 -0.306126 0.273589 0.683425 -0.676816 0.040566 0.787315 -0.615215 0.042748 0.668664 -0.742335 0.073743 0.909288 -0.409583 0.084936 0.917199 -0.389270 0.067948 0.753875 -0.653495 0.033459 0.763374 -0.645089 -0.089035 -0.988956 0.118488 -0.147547 -0.968956 -0.198377 -0.033721 -0.999431 -0.000854 -0.058464 -0.996847 0.053655 -0.066620 -0.993960 0.087210 -0.089801 -0.965593 -0.244062 -0.119620 -0.972548 -0.199602 -0.011909 -0.958281 -0.285580 0.018261 0.426635 -0.904239 0.008994 0.428910 -0.903303 -0.065292 0.240953 -0.968338 0.055158 0.891968 -0.448721 0.000432 0.748243 -0.663424 0.048671 -0.136568 -0.989434 0.098214 -0.656918 -0.747538 -0.067746 -0.991759 0.108738 -0.138867 -0.967977 -0.209131 0.181570 0.926742 -0.328909 0.056646 -0.966707 -0.249536 0.046128 -0.879486 -0.473684 0.068149 -0.993910 -0.086594 0.069623 0.660680 0.747432 0.178745 0.177650 0.967725 0.011591 0.893530 0.448853 -0.010807 0.966764 -0.255441 -0.018697 0.988100 -0.152673 
						0.000875 0.929174 -0.369642 0.040307 -0.637879 -0.769081 0.040723 -0.140054 -0.989306 -0.025457 -0.413604 0.910101 0.039833 -0.718066 0.694835 -0.137627 0.113998 0.983902 -0.021865 0.998577 -0.048647 -0.019792 0.997262 0.071253 0.038105 0.400497 -0.915505 0.028272 0.714947 -0.698607 0.068709 -0.857692 0.509552 0.081609 -0.925977 0.368656 0.078015 -0.996111 0.040946 0.084418 -0.985133 0.149619 -0.011001 0.973823 0.227041 0.014723 0.859428 -0.511045 0.086051 -0.963380 0.253957 -0.462320 0.877896 0.124732 -0.410003 0.859574 0.305009 -0.484824 0.874449 0.016856 -0.455810 0.796847 -0.396575 -0.476245 0.829603 -0.291462 -0.412695 0.719433 -0.558658 0.534869 -0.817382 0.214012 0.533421 -0.835887 0.129446 0.527623 -0.791271 0.309038 0.493558 -0.854065 -0.164237 0.455041 -0.818884 -0.349809 0.513228 -0.857028 -0.045820 -0.248087 0.726305 0.641041 0.157500 0.242468 0.957289 -0.488146 0.847178 -0.209768 -0.494204 0.858542 -0.136631 0.340306 -0.648591 -0.680824 0.031736 -0.107680 -0.993679 0.313791 -0.455531 0.833083 0.457607 -0.669405 0.585229 -0.072975 0.076753 0.994376 -0.493840 0.867207 -0.063826 -0.287011 0.482690 -0.827427 0.506757 -0.750120 0.424873 0.525866 -0.849304 0.046341 0.988335 -0.037025 -0.147728 0.954373 -0.064471 -0.291575 0.997875 -0.028020 -0.058818 -0.689953 0.354530 0.631089 0.019883 0.333094 0.942684 -0.913334 0.272628 0.302481 -0.988063 0.019694 -0.152788 -0.994004 0.055811 -0.094024 -0.977107 -0.011039 -0.212462 0.776604 -0.139707 -0.614304 0.024675 -0.221779 -0.974785 0.676277 0.085968 0.731614 0.880885 -0.012068 0.473177 0.008536 0.270777 0.962604 -0.994679 0.098215 -0.031106 -0.988216 0.147198 0.041979 -0.725332 -0.146084 -0.672721 -0.910496 -0.076828 -0.406318 0.943170 -0.041770 0.329674 0.971049 -0.045072 0.234591 0.999508 -0.027748 0.014591 0.995847 -0.032317 0.085110 
						-0.969029 0.203871 0.139354 -0.957482 -0.040141 -0.285687 0.986809 -0.039295 0.157046 0.832613 0.484833 -0.267755 0.811705 0.421578 -0.404236 0.832017 0.521842 -0.188225 -0.615851 -0.262302 0.742917 0.041777 0.000501 0.999127 -0.801780 -0.397126 0.446587 -0.838198 -0.545333 0.005980 -0.841275 -0.536626 0.065495 -0.834277 -0.547881 -0.061703 0.668340 0.247690 -0.701407 0.043395 -0.204313 -0.977943 0.527039 0.642544 0.556208 0.730733 0.624962 0.274684 -0.134570 0.534377 0.834466 -0.844856 -0.519915 0.126124 -0.846640 -0.494161 0.197498 -0.608497 -0.509052 -0.608767 -0.784594 -0.544391 -0.296734 0.784889 0.604987 0.133938 0.804796 0.591583 0.048292 0.826704 0.547842 -0.128178 0.820736 0.566604 -0.073158 -0.839687 -0.457212 0.293059 -0.823364 -0.547109 -0.150812 0.814305 0.580208 -0.016307 0.001882 -0.920530 -0.390667 0.033405 -0.920018 -0.390450 0.033152 -0.992322 0.119159 -0.008826 -0.992829 0.119219 0.032766 -0.799807 0.599362 -0.029574 -0.799889 0.599419 0.033045 -0.390453 0.920029 -0.062829 -0.389901 0.918711 0.033754 0.121874 0.991971 -0.081131 0.121534 0.989266 0.159276 0.120395 0.979865 0.034956 0.121869 0.991930 0.034586 0.601515 0.798112 0.141509 0.595824 0.790550 0.034416 0.921047 0.387927 0.106124 0.916390 0.385962 0.034275 0.991619 -0.124566 0.078124 0.989170 -0.124259 0.034086 0.798130 -0.601520 0.061107 0.797102 -0.600745 0.033876 0.390442 -0.920004 0.045687 0.390258 -0.919571 0.033693 -0.121872 -0.991974 0.029045 -0.121890 -0.992119 0.033551 -0.601533 -0.798143 0.013549 -0.601817 -0.798519 0.031518 -0.164240 -0.985917 0.021287 -0.921750 -0.387199 -0.026144 0.584122 -0.811245 -0.472896 -0.826556 -0.305246 0.117366 -0.599932 -0.791395 0.443975 0.576325 -0.686102 -0.107496 -0.097242 -0.989439 0.061606 0.981484 0.181369 0.064795 0.989127 0.132024 0.062876 0.924818 0.375177 
						0.061908 0.814030 0.577514 0.050448 0.774344 0.630750 0.064059 0.935831 0.346578 0.060455 0.841726 0.536510 0.068615 0.986206 0.150633 0.058049 0.633842 0.771281 0.052058 0.422224 0.904996 0.036946 0.363243 0.930962 0.056194 0.694549 0.717247 0.048765 0.481514 0.875081 0.039953 0.151815 0.987601 0.027361 -0.115286 0.992956 0.018516 -0.150878 0.988379 0.037958 0.198233 0.979420 0.023064 -0.131450 0.991055 0.012432 -0.394695 0.918728 0.003094 -0.620972 0.783827 0.002055 -0.624349 0.781142 0.009185 -0.449810 0.893077 -0.000718 -0.701578 0.712593 -0.027944 -0.811766 -0.583313 -0.008406 -0.826620 -0.562698 -0.031695 -0.654394 -0.755489 -0.062395 -0.450253 -0.890718 -0.068281 -0.423836 -0.903162 -0.037537 -0.699275 -0.713867 -0.068440 -0.488653 -0.869790 -0.019781 -0.846089 -0.532675 -0.004163 -0.811870 0.583823 -0.003673 -0.929396 0.369067 -0.006346 -0.927827 0.372958 -0.005296 -0.868862 0.495026 -0.006927 -0.962126 0.272518 -0.115018 -0.200249 -0.972970 -0.191900 0.039556 -0.980617 -0.203775 0.020605 -0.978801 -0.113375 -0.214035 -0.970224 -0.168632 0.099145 -0.980680 -0.011705 -0.992632 -0.120604 0.000561 -0.993635 -0.112645 -0.004214 -0.935029 -0.354545 -0.010448 -0.939712 -0.341806 -0.007087 -0.989331 -0.145512 -0.004163 -0.992943 0.118524 -0.006297 -0.998281 0.058266 0.264933 0.283097 -0.921774 0.284430 0.206600 -0.936171 0.198996 0.449504 -0.870831 0.148754 0.653569 -0.742105 0.126652 0.677867 -0.724193 0.204326 0.470592 -0.858367 0.153760 0.707149 -0.690144 0.262644 0.174861 -0.948916 0.109206 0.828312 -0.549520 0.085350 0.935623 -0.342528 0.084222 0.946848 -0.310459 0.116898 0.867976 -0.482652 0.092186 0.959711 -0.265436 0.071642 0.993136 -0.092453 0.077457 0.995593 -0.052861 0.003497 -0.987454 -0.157866 0.002170 -0.950938 -0.309373 -0.002703 -0.884441 -0.466644 0.024690 -0.959900 -0.279254 
						0.020964 -0.912236 -0.409128 0.024608 -0.986973 -0.158995 0.058789 0.984981 0.162348 0.056932 0.947601 0.314343 0.055699 0.880674 0.470437 0.042189 0.958029 0.283551 0.046230 0.909540 0.413038 0.039402 0.985828 0.163068 0.117219 0.789083 -0.602999 0.086963 0.923098 -0.374603 0.070934 0.982528 -0.172069 0.052904 0.958019 -0.281783 0.042602 0.993676 -0.103889 0.077749 0.855138 -0.512537 0.004389 -0.788821 0.614607 0.001820 -0.925276 0.379290 0.002061 -0.984559 0.175044 0.014877 -0.956395 0.291697 0.018445 -0.993641 0.111074 0.013840 -0.850267 0.526170 -0.014212 -0.771111 -0.636542 -0.038890 -0.580633 -0.813236 0.010580 -0.826800 -0.562397 -0.013755 -0.663849 -0.747740 0.053704 0.768165 0.637996 0.049156 0.578834 0.813963 0.050013 0.823623 0.564928 0.051212 0.660241 0.749306 0.062727 0.998023 0.004045 0.039052 0.998483 0.038803 0.003046 -0.999995 -0.000598 0.022144 -0.999181 -0.033859 -0.084397 -0.280864 -0.956030 -0.149781 0.110287 -0.982549 -0.066412 -0.354904 -0.932541 -0.151424 0.113385 -0.981944 0.039815 0.274398 0.960792 0.025857 -0.135283 0.990470 0.046125 0.347131 0.936682 0.033026 -0.138902 0.989755 0.236017 0.173607 -0.956116 0.168132 0.539882 -0.824778 0.131525 0.610320 -0.781160 0.217095 0.177741 -0.959832 0.012336 -0.527499 0.849466 0.019342 -0.596035 0.802725 0.166871 -0.976153 -0.138851 0.276176 -0.952052 -0.131621 0.280410 -0.933415 -0.223847 0.170001 -0.956901 -0.235459 0.274944 -0.903783 -0.327998 0.165224 -0.924673 -0.343047 0.410117 -0.886043 -0.216175 0.405478 -0.857599 -0.316403 0.404703 -0.905475 -0.127792 -0.075973 0.938035 0.338111 -0.187227 0.929974 0.316376 -0.162685 0.882321 0.441636 -0.055512 0.880070 0.471588 -0.127886 0.770544 0.624425 -0.030977 0.751452 0.659061 -0.299158 0.858002 0.417538 -0.255975 0.764342 0.591826 -0.325179 0.896352 0.301350 
						-0.070556 0.912001 -0.404075 -0.171924 0.914016 -0.367446 -0.203687 0.964917 -0.165670 -0.094605 0.976758 -0.192337 -0.218102 0.975114 -0.039793 -0.104666 0.993076 -0.053337 -0.335025 0.931127 -0.144086 -0.353652 0.934934 -0.028802 -0.292099 0.895959 -0.334567 0.142728 -0.986734 0.077360 0.246927 -0.966600 0.068636 0.264382 -0.963648 -0.038536 0.157254 -0.986780 -0.039200 0.392095 -0.919046 -0.040192 0.373989 -0.925567 0.058803 0.257021 -0.851346 -0.457329 0.150396 -0.866046 -0.476807 0.219158 -0.741251 -0.634442 0.118175 -0.743036 -0.658735 0.386171 -0.810744 -0.439963 0.340720 -0.715642 -0.609727 -0.064369 0.475212 0.877514 0.001819 0.441631 0.897195 0.045763 -0.126095 0.990962 0.044071 -0.136507 0.989658 -0.158122 0.494456 0.854699 0.044698 -0.112001 0.992702 -0.222420 0.973486 0.053425 -0.107268 0.992920 0.051019 -0.217936 0.966442 0.135989 -0.103023 0.984462 0.142199 -0.359215 0.931533 0.056674 -0.355113 0.925236 0.133541 0.129102 -0.463990 -0.876382 0.042360 -0.450281 -0.891882 -0.056286 0.120975 -0.991058 -0.100000 0.114350 -0.988395 0.222001 -0.466225 -0.856359 -0.053012 0.113664 -0.992104 0.145211 -0.673420 0.724858 0.079994 -0.661951 0.745266 0.196195 -0.890193 0.411174 0.105098 -0.891478 0.440705 0.233205 -0.669504 0.705252 0.314307 -0.868936 0.382312 -0.205751 0.953565 0.219956 -0.092243 0.967884 0.233861 -0.343392 0.914982 0.211873 0.137313 0.171564 -0.975557 0.101178 0.169122 -0.980388 -0.085745 0.710135 -0.698824 -0.003436 0.691345 -0.722517 -0.170253 0.721817 -0.670816 0.108400 0.187415 -0.976281 0.224999 -0.952096 0.207094 0.125086 -0.965753 0.227321 0.350249 -0.917823 0.186886 0.654784 -0.755123 0.032374 0.780901 -0.624082 0.026755 0.775427 -0.628794 -0.057718 0.656973 -0.751934 -0.054598 0.764701 -0.629444 -0.137958 0.654518 -0.743891 -0.135027 0.871943 -0.486741 -0.052906 
						0.859046 -0.494316 -0.133009 0.878263 -0.477246 0.029836 0.632189 -0.710625 -0.308787 0.726133 -0.613794 -0.309818 0.692606 -0.589241 -0.416044 0.605343 -0.676815 -0.418905 0.633732 -0.529367 -0.564052 0.551449 -0.606936 -0.572304 0.777654 -0.481137 -0.404675 0.715728 -0.431176 -0.549382 0.813903 -0.496221 -0.302203 -0.582645 0.623010 0.521904 -0.727291 0.487989 0.482612 -0.576696 0.318330 0.752388 -0.441569 0.420514 0.792581 -0.005132 -0.146146 0.989250 0.010032 -0.122944 0.992363 -0.664965 0.202890 0.718789 -0.005943 -0.164464 0.986365 -0.825432 0.341104 0.449789 -0.602855 0.797848 -0.001922 -0.710329 0.703795 0.010225 -0.730139 0.678326 0.082281 -0.617547 0.782975 0.074739 -0.743916 0.652102 0.146125 -0.625211 0.767178 0.143352 -0.829523 0.552879 0.078842 -0.844909 0.516193 0.140262 -0.807562 0.589721 0.008578 0.469993 -0.354716 -0.808259 0.396536 -0.415738 -0.818487 -0.042073 0.088080 -0.995225 -0.057098 0.064234 -0.996300 0.539406 -0.273885 -0.796259 -0.035177 0.111417 -0.993151 0.579310 -0.523422 0.624843 0.463296 -0.601164 0.651121 0.744145 -0.600867 0.291902 0.608920 -0.727727 0.315642 0.668838 -0.426748 0.608722 0.841342 -0.461659 0.281095 -0.753435 0.624067 0.207066 -0.628074 0.749128 0.210548 -0.758750 0.592509 0.270613 -0.626496 0.726196 0.283093 -0.855107 0.479379 0.197451 -0.860099 0.441708 0.255193 0.186080 0.302413 -0.934837 0.173382 0.354092 -0.918998 -0.406320 0.702090 -0.584786 -0.320549 0.720080 -0.615413 -0.615804 0.747357 -0.249484 -0.515221 0.811036 -0.277069 -0.495346 0.652376 -0.573618 -0.709805 0.660772 -0.244044 0.135296 0.391961 -0.909979 0.776847 -0.616186 0.129707 0.644409 -0.751413 0.141831 0.874128 -0.468528 0.127993 0.748827 -0.625079 -0.220306 0.647020 -0.730814 -0.217429 0.839972 -0.498251 -0.214929 -0.756118 0.552593 0.350607 -0.617060 0.691681 0.375251 
						-0.856223 0.399707 0.327288 -0.679329 0.728823 -0.085616 -0.575520 0.811136 -0.104098 -0.774569 0.626786 -0.084755 -0.927591 0.284644 0.241977 -0.918145 0.245062 0.311376 -0.881890 0.194134 0.429629 -0.948879 0.096506 0.300526 -0.906659 0.053050 0.418516 -0.964280 0.131203 0.230110 -0.795583 0.547534 -0.259332 -0.860456 0.499811 -0.099013 -0.891838 0.452332 -0.004485 -0.927941 0.354098 -0.116364 -0.953718 0.299993 -0.020627 -0.866677 0.414282 -0.277923 0.945293 -0.324250 0.035809 0.941942 -0.332893 -0.043895 0.931706 -0.342283 -0.121520 0.983690 -0.176926 -0.032412 0.977069 -0.184530 -0.106232 0.984061 -0.172363 0.043761 0.890932 -0.354064 -0.284392 0.856524 -0.345641 -0.383275 0.793807 -0.304340 -0.526543 0.913290 -0.194399 -0.357924 0.850552 -0.160389 -0.500836 0.944470 -0.198900 -0.261562 -0.711932 0.083774 0.697234 0.003928 -0.181369 0.983407 -0.728457 -0.035065 0.684194 0.015967 -0.202100 0.979235 -0.911008 0.406941 0.066804 -0.922544 0.363811 0.128662 -0.966638 0.250886 0.051645 -0.971764 0.206399 0.114338 0.605355 -0.167880 -0.778050 -0.011688 0.153683 -0.988051 0.653468 -0.044134 -0.755666 0.007487 0.212962 -0.977032 0.729882 -0.325028 0.601355 0.905046 -0.322779 0.276957 0.764425 -0.228925 0.602701 0.941383 -0.189618 0.279004 -0.927960 0.323174 0.185603 -0.970824 0.166680 0.172392 0.092376 0.384034 -0.918686 -0.574649 0.568206 -0.589000 -0.642155 0.466250 -0.608480 0.053743 0.358948 -0.931809 0.938646 -0.319564 0.129699 0.975461 -0.174349 0.134457 0.914882 -0.350323 -0.200659 0.964289 -0.192949 -0.181431 0.991878 0.114681 -0.055015 0.965344 0.260505 -0.015755 0.961840 0.260883 -0.082491 0.986015 0.110780 -0.124506 0.952617 0.261066 -0.156094 0.973840 0.107231 -0.200345 0.908739 0.415937 -0.034496 0.900813 0.421454 -0.104462 0.911774 0.409724 0.028209 -0.972095 -0.144371 0.184899 
						-0.950289 -0.275103 0.145840 -0.928916 -0.291510 0.228334 -0.950403 -0.167101 0.262318 -0.878457 -0.311302 0.362496 -0.900373 -0.195847 0.388552 -0.888292 -0.419481 0.187010 -0.840889 -0.430325 0.328216 -0.906891 -0.409184 0.100588 -0.932513 0.126148 -0.338387 -0.925030 -0.029764 -0.378727 -0.971018 -0.102474 -0.215924 -0.983423 0.052870 -0.173447 -0.981105 -0.155202 -0.115520 -0.997283 -0.003506 -0.073582 -0.927093 -0.270606 -0.259366 -0.935002 -0.316170 -0.160645 -0.885398 -0.203494 -0.417924 0.990466 0.109263 0.083895 0.962495 0.244492 0.117590 0.965421 0.256035 0.049071 0.993272 0.115096 0.012792 0.912486 0.399308 0.089013 0.911177 0.382082 0.154174 0.930619 0.267671 -0.249602 0.948951 0.111450 -0.295079 0.870544 0.292205 -0.395942 0.887111 0.138448 -0.440302 0.880632 0.431773 -0.195089 0.823136 0.454244 -0.340749 -0.684350 -0.336563 0.646831 -0.709345 -0.244802 0.660986 0.037776 -0.234296 0.971431 0.032165 -0.233920 0.971724 -0.651401 -0.425775 0.628007 0.039577 -0.220232 0.974644 -0.979526 -0.197116 -0.040910 -0.998751 -0.049952 0.000757 -0.972865 -0.230351 0.021740 -0.994051 -0.088319 0.063738 -0.932273 -0.351092 -0.087189 -0.925687 -0.377434 -0.025429 0.655563 0.349649 -0.669316 0.675629 0.217860 -0.704317 -0.030650 0.375886 -0.926159 -0.003522 0.328178 -0.944609 0.610012 0.488329 -0.624036 -0.073264 0.427901 -0.900852 0.750891 0.038119 0.659325 0.771517 -0.054062 0.633908 0.922147 0.172161 0.346417 0.947581 0.053464 0.315012 0.714608 0.144587 0.684420 0.875852 0.298906 0.378864 -0.963292 -0.255855 0.081284 -0.985211 -0.119369 0.122924 -0.917529 -0.396198 0.034159 -0.005597 0.290668 -0.956808 -0.018959 0.234167 -0.972012 -0.716483 0.091833 -0.691533 -0.713403 0.231243 -0.661501 -0.688997 -0.071442 -0.721234 -0.009765 0.150947 -0.988494 0.953710 0.221239 0.203694 0.980802 0.092780 0.171523 
						0.904545 0.353754 0.238027 0.677776 0.724531 0.125200 0.467116 0.860772 0.202176 0.451268 0.878079 0.159168 0.664607 0.743394 0.075255 0.440611 0.890754 0.111441 0.652127 0.757902 0.017752 0.215264 0.947428 0.236731 0.205034 0.958693 0.197152 0.223820 0.935001 0.275094 -0.724556 -0.688729 0.025911 -0.545473 -0.837818 -0.022830 -0.576111 -0.813906 0.075180 -0.733324 -0.669318 0.119370 -0.579476 -0.780909 0.233215 -0.710412 -0.649914 0.270049 -0.316565 -0.938824 0.135633 -0.330854 -0.888559 0.317804 -0.303441 -0.951997 0.040316 -0.660941 -0.596198 -0.455747 -0.451678 -0.779469 -0.434069 -0.479476 -0.816464 -0.321697 -0.694026 -0.647858 -0.314018 -0.484785 -0.838407 -0.249114 -0.700308 -0.677153 -0.225906 -0.277529 -0.931616 -0.234669 -0.268567 -0.947093 -0.175744 -0.266976 -0.913093 -0.308195 0.714265 0.662004 0.227107 0.524839 0.799584 0.291907 0.489595 0.836892 0.244762 0.694076 0.698675 0.173529 0.249189 0.912560 0.324251 0.272532 0.886006 0.375128 0.425438 0.903852 0.045320 0.632465 0.772270 -0.059889 0.388420 0.919982 -0.052561 0.583410 0.790363 -0.186977 0.198615 0.968382 0.150958 0.176551 0.979563 0.096367 -0.439934 -0.677702 0.589218 -0.550923 -0.587194 0.593032 0.063503 -0.206994 0.976279 0.051619 -0.200203 0.978394 -0.232401 -0.727396 0.645666 0.039660 -0.194434 0.980114 -0.489014 -0.850349 -0.194352 -0.701487 -0.694571 -0.159648 -0.498282 -0.854906 -0.144395 -0.704568 -0.702273 -0.101966 -0.265433 -0.954936 -0.132823 -0.272979 -0.958382 -0.083585 0.228782 0.940241 -0.252204 0.397085 0.803422 -0.443663 -0.236953 0.886396 -0.397686 -0.209345 0.700223 -0.682541 0.100386 0.994825 -0.015698 -0.116219 0.990200 -0.077441 0.519698 0.398971 0.755471 0.615658 0.327123 0.716907 0.592827 0.647633 0.478674 0.732870 0.527894 0.429220 0.288009 0.446299 0.847271 0.335582 0.733071 0.591601 
						-0.516248 -0.851640 -0.090537 -0.712137 -0.700697 -0.043411 -0.288145 -0.956950 -0.034917 0.124183 -0.229312 -0.965399 0.174544 -0.525643 -0.832607 -0.301573 -0.684526 -0.663686 -0.488401 -0.472076 -0.733899 -0.162082 -0.874268 -0.457586 0.085276 -0.825945 -0.557263 0.567519 0.740005 0.360991 0.733785 0.609476 0.300163 0.310403 0.827325 0.468170 0.038638 0.836749 0.546222 -0.001794 0.661726 0.749744 -0.021643 0.716778 0.696966 0.040125 0.873499 0.485170 -0.015735 -0.997049 0.075135 0.022167 -0.979113 0.202105 0.098034 0.926776 0.362596 0.119175 0.743553 0.657972 0.190677 0.689509 0.698727 0.109458 0.927456 0.357553 0.080560 -0.888748 0.451262 0.041613 -0.774638 0.631034 0.046751 -0.910687 0.410443 -0.184981 -0.968288 -0.167931 -0.170026 -0.976828 -0.129992 -0.267221 -0.932260 0.243892 -0.196906 -0.946497 0.255677 -0.116510 -0.986963 -0.111036 0.273704 0.683499 0.676695 0.123901 0.943886 0.306151 0.042818 0.668668 0.742327 0.040545 0.787314 0.615217 0.073736 0.909288 0.409584 0.033468 0.763377 0.645086 0.067876 0.753854 0.653527 0.084941 0.917200 0.389268 -0.147471 -0.968960 0.198416 -0.089041 -0.988955 -0.118490 -0.058437 -0.996848 -0.053656 -0.033762 -0.999430 0.000850 -0.066608 -0.993961 -0.087209 -0.119583 -0.972550 0.199614 -0.089846 -0.965592 0.244048 -0.011836 -0.958278 0.285592 0.018320 0.426636 0.904238 -0.065013 0.241028 0.968338 0.008832 0.428867 0.903324 0.000473 0.748254 0.663413 0.055189 0.891970 0.448714 0.098153 -0.656920 0.747544 0.048482 -0.136566 0.989444 -0.067764 -0.991758 -0.108741 -0.138924 -0.967974 0.209107 0.181566 0.926732 0.328941 0.046126 -0.879487 0.473683 0.056656 -0.966707 0.249536 0.068140 -0.993911 0.086596 0.178728 0.177647 -0.967728 0.069622 0.660681 -0.747431 0.011593 0.893532 -0.448850 -0.018694 0.988100 0.152673 -0.010802 0.966765 0.255440 
						0.000879 0.929174 0.369642 0.040745 -0.140055 0.989305 0.040291 -0.637880 0.769082 0.039834 -0.718065 -0.694835 -0.025463 -0.413604 -0.910101 -0.137662 0.113989 -0.983898 -0.019796 0.997262 -0.071253 -0.021873 0.998577 0.048646 0.028250 0.714947 0.698608 0.038109 0.400497 0.915505 0.081611 -0.925976 -0.368657 0.068702 -0.857693 -0.509552 0.078010 -0.996111 -0.040946 0.084418 -0.985133 -0.149619 -0.011008 0.973823 -0.227040 0.014729 0.859427 0.511046 0.086046 -0.963380 -0.253957 -0.410011 0.859570 -0.305010 -0.462325 0.877894 -0.124732 -0.484821 0.874451 -0.016857 -0.476251 0.829600 0.291461 -0.455801 0.796852 0.396575 -0.412686 0.719439 0.558657 0.533416 -0.835889 -0.129446 0.534868 -0.817383 -0.214012 0.527622 -0.791272 -0.309038 0.455038 -0.818886 0.349809 0.493553 -0.854068 0.164237 0.513235 -0.857024 0.045820 0.157491 0.242458 -0.957294 -0.248096 0.726300 -0.641043 -0.494204 0.858542 0.136632 -0.488149 0.847176 0.209768 0.031705 -0.107698 0.993678 0.340288 -0.648601 0.680824 0.457596 -0.669412 -0.585230 0.313803 -0.455525 -0.833082 -0.072931 0.076781 -0.994377 -0.493839 0.867208 0.063826 -0.287023 0.482684 0.827426 0.506753 -0.750122 -0.424874 0.525874 -0.849299 -0.046340 0.954373 -0.064454 0.291579 0.988335 -0.037021 0.147729 0.997875 -0.028018 0.058819 0.019888 0.333114 -0.942677 -0.689952 0.354530 -0.631089 -0.913335 0.272622 -0.302483 -0.994005 0.055803 0.094022 -0.988063 0.019686 0.152786 -0.977106 -0.011027 0.212466 0.024674 -0.221807 0.974778 0.776604 -0.139705 0.614303 0.880884 -0.012072 -0.473178 0.676280 0.085987 -0.731609 0.008544 0.270813 -0.962594 -0.988216 0.147194 -0.041981 -0.994678 0.098220 0.031107 -0.910496 -0.076830 0.406318 -0.725333 -0.146115 0.672712 0.971049 -0.045066 -0.234589 0.943171 -0.041762 -0.329672 0.999508 -0.027750 -0.014592 0.995847 -0.032331 -0.085114 
						-0.969029 0.203872 -0.139354 -0.957482 -0.040133 0.285689 0.986808 -0.039306 -0.157050 0.811697 0.421591 0.404238 0.832622 0.484820 0.267750 0.832026 0.521828 0.188222 0.041765 0.000532 -0.999127 -0.615845 -0.262315 -0.742917 -0.801769 -0.397145 -0.446590 -0.841273 -0.536629 -0.065495 -0.838198 -0.545334 -0.005981 -0.834280 -0.547878 0.061704 0.043402 -0.204322 0.977941 0.668310 0.247738 0.701418 0.730742 0.624950 -0.274689 0.527046 0.642534 -0.556212 -0.134582 0.534407 -0.834444 -0.846639 -0.494163 -0.197498 -0.844855 -0.519917 -0.126124 -0.784598 -0.544384 0.296736 -0.608481 -0.509078 0.608761 0.804799 0.591580 -0.048293 0.784885 0.604994 -0.133935 0.826703 0.547843 0.128179 0.820734 0.566607 0.073159 -0.839693 -0.457201 -0.293056 -0.823363 -0.547110 0.150812 0.814304 0.580210 0.016308 0.001866 -0.920530 0.390667 -0.008876 -0.992828 -0.119219 0.033166 -0.992321 -0.119159 0.033426 -0.920017 0.390449 -0.029690 -0.799886 -0.599417 0.032844 -0.799805 -0.599360 -0.062886 -0.389899 -0.918708 0.033141 -0.390452 -0.920026 -0.081087 0.121534 -0.989270 0.033803 0.121874 -0.991970 0.159289 0.120394 -0.979863 0.141447 0.595829 -0.790557 0.034557 0.601516 -0.798113 0.034991 0.121869 -0.991929 0.106018 0.916401 -0.385966 0.034381 0.921049 -0.387927 0.078058 0.989175 0.124259 0.034289 0.991619 0.124566 0.061049 0.797105 0.600747 0.034088 0.798130 0.601520 0.045656 0.390259 0.919573 0.033875 0.390442 0.920004 0.029017 -0.121890 0.992119 0.033698 -0.121872 0.991974 0.013521 -0.601817 0.798520 0.033571 -0.601533 0.798142 0.031705 -0.164201 0.985917 0.021337 -0.921746 0.387206 -0.026133 0.584125 0.811243 -0.472898 -0.826559 0.305233 0.117358 -0.599931 0.791397 0.444108 0.576603 0.685782 -0.107493 -0.097240 0.989439 0.000000 -0.793353 -0.608761 0.000000 -0.793353 -0.608761 0.000000 -0.793354 -0.608761 
						0.000000 -0.793353 -0.608761 0.000000 -0.793349 -0.608767 0.000000 -0.793353 -0.608762 0.000000 -0.793353 -0.608762 0.000000 -0.793348 -0.608769 0.000000 -0.793353 -0.608762 0.000000 -0.793353 -0.608762 0.000000 -0.793353 -0.608762 0.000000 -0.793353 -0.608762 0.000000 -0.793354 -0.608761 0.000000 -0.793353 -0.608762 0.000000 -0.793351 -0.608764 0.000000 -0.793353 -0.608762 0.000000 -0.793353 -0.608763 0.000000 -0.793353 -0.608762 0.000000 -0.793353 -0.608761 0.000000 -0.793353 -0.608762 0.000000 -0.793353 -0.608762 0.000000 -0.793353 -0.608762 0.000000 -0.793354 -0.608761 0.000000 -0.793353 -0.608761 0.000000 -0.793353 -0.608762 -0.000000 0.793353 -0.608762 -0.000000 0.793353 -0.608762 -0.000000 0.793353 -0.608762 -0.000000 0.793353 -0.608762 -0.000000 0.793362 -0.608750 -0.000000 0.793354 -0.608761 -0.000000 0.793354 -0.608761 -0.000000 0.793358 -0.608756 -0.000000 0.793354 -0.608760 -0.000000 0.793353 -0.608761 -0.000000 0.793353 -0.608762 -0.000000 0.793353 -0.608762 -0.000000 0.793356 -0.608758 -0.000000 0.793353 -0.608761 -0.000000 0.793361 -0.608751 -0.000000 0.793354 -0.608760 -0.000000 0.793354 -0.608761 -0.000000 0.793353 -0.608761 -0.000000 0.793353 -0.608761 -0.000000 0.793354 -0.608761 -0.000000 0.793353 -0.608762 -0.000000 0.793353 -0.608761 -0.000000 0.793349 -0.608767 -0.000000 0.793356 -0.608758 -0.000000 0.793353 -0.608761 -0.923877 0.000000 -0.382691 -0.997809 0.000000 -0.066165 -0.997809 0.000000 -0.066165 -0.923877 0.000000 -0.382690 0.980774 0.000000 -0.195147 0.980785 0.000000 -0.195093 0.980786 0.000000 -0.195086 0.980776 0.000000 -0.195139 -0.538857 -0.647511 0.538854 -0.565019 -0.601259 0.565015 -0.738619 -0.459210 0.493526 -0.778189 -0.496573 0.384497 -0.741244 -0.596896 -0.307040 -0.735156 -0.605653 -0.304518 -0.416793 -0.807817 -0.416791 -0.440012 -0.782803 -0.440010 0.952455 0.000000 -0.304681 
						0.999402 0.000000 -0.034576 0.999791 0.000000 -0.020465 0.969259 0.000000 -0.246041 0.000000 1.000000 0.000000 0.000000 1.000000 0.000000 0.000000 1.000000 0.000000 0.000000 1.000000 0.000000 0.187530 -0.871701 -0.452735 0.218006 -0.821871 -0.526309 0.565025 -0.601247 -0.565021 0.538853 -0.647518 -0.538850 0.862105 -0.503496 0.057166 0.847749 -0.502872 0.168643 0.735133 -0.605685 0.304508 0.741221 -0.596929 0.307030 -0.117714 -0.951516 -0.284185 -0.086818 -0.973926 -0.209597 0.000000 -0.979345 0.202198 0.000000 -0.995312 0.096715 -0.952455 0.000000 0.304679 -0.999403 0.000000 0.034552 -0.999791 0.000000 0.020424 -0.969265 0.000000 0.246020 0.991801 0.000000 -0.127796 0.982535 0.000000 -0.186076 0.991260 0.000003 -0.131926 0.991414 0.000003 -0.130760 -0.991805 0.000000 0.127759 -0.982542 0.000000 0.186040 -0.991235 0.000003 0.132112 -0.991414 0.000003 0.130762 0.117697 -0.951530 0.284145 0.086793 -0.973941 0.209535 0.000000 -0.979315 -0.202339 0.000000 -0.995296 -0.096878 0.000000 1.000000 0.000000 0.000001 1.000000 0.000007 0.000024 1.000000 0.000122 0.000023 1.000000 0.000115 -0.218036 -0.821817 0.526381 -0.187554 -0.871666 0.452793 0.416773 -0.807838 0.416770 0.439995 -0.782822 0.439993 0.738638 -0.459167 -0.493538 0.778203 -0.496545 -0.384504 -0.862118 -0.503473 -0.057167 -0.847762 -0.502850 -0.168646 0.026415 0.999650 -0.001752 0.989949 -0.125266 -0.065644 0.903626 -0.208226 -0.374302 0.117993 0.991811 -0.048876 0.980785 0.000000 0.195094 0.980785 0.000000 0.195093 0.980786 0.000000 0.195086 0.980786 0.000000 0.195087 -0.538797 -0.647610 -0.538794 -0.778141 -0.496666 -0.384473 -0.738583 -0.459295 -0.493501 -0.564962 -0.601366 -0.564958 -0.741177 -0.596993 0.307012 -0.440001 -0.782815 0.439999 -0.416804 -0.807806 0.416801 -0.735090 -0.605747 0.304490 0.952459 0.000001 0.304666 
						0.969260 0.000001 0.246038 0.999790 0.000001 0.020472 0.999403 0.000001 0.034553 0.000000 1.000000 0.000000 0.000000 1.000000 0.000000 0.000000 1.000000 0.000000 0.000000 1.000000 0.000000 0.187530 -0.871702 0.452734 0.538865 -0.647497 0.538862 0.565035 -0.601228 0.565031 0.218008 -0.821867 0.526315 0.862106 -0.503494 -0.057166 0.741213 -0.596941 -0.307027 0.735126 -0.605695 -0.304505 0.847748 -0.502875 -0.168643 -0.117782 -0.951458 0.284350 0.000000 -0.995304 -0.096803 0.000000 -0.979325 -0.202295 -0.086884 -0.973886 0.209755 -0.952457 0.000001 -0.304671 -0.969262 0.000001 -0.246031 -0.999791 0.000001 -0.020443 -0.999403 0.000001 -0.034562 0.982536 0.000000 0.186071 0.991790 0.000000 0.127877 0.991453 0.000003 0.130467 0.991252 0.000003 0.131982 -0.982530 0.000000 -0.186103 -0.991803 0.000000 -0.127775 -0.991375 0.000003 -0.131053 -0.991243 0.000003 -0.132052 0.117714 -0.951515 -0.284186 0.000000 -0.995301 0.096833 0.000000 -0.979325 0.202295 0.086813 -0.973929 -0.209584 0.000000 1.000000 0.000000 0.000000 1.000000 0.000000 0.000000 1.000000 0.000000 0.000000 1.000000 0.000000 -0.187532 -0.871699 -0.452739 -0.218002 -0.821878 -0.526300 0.440011 -0.782805 -0.440008 0.416794 -0.807817 -0.416791 0.778189 -0.496572 0.384497 0.738620 -0.459208 0.493526 -0.862070 -0.503555 0.057164 -0.847710 -0.502941 0.168636 -0.707109 0.000000 -0.707105 -0.707109 0.000000 -0.707105 -0.382686 0.000000 -0.923879 -0.382686 0.000000 -0.923879 0.000000 0.000000 -1.000000 0.000000 0.000000 -1.000000 0.382686 0.000000 -0.923879 0.382686 0.000000 -0.923879 0.707109 0.000000 -0.707105 0.707109 0.000000 -0.707105 0.896536 0.000000 -0.442972 0.896536 0.000000 -0.442971 0.997809 0.000000 0.066165 0.997809 0.000000 0.066165 0.923877 0.000000 0.382691 0.923877 0.000000 0.382690 0.707109 0.000000 0.707105 
						0.707109 0.000000 0.707105 0.382686 0.000000 0.923879 0.382686 0.000000 0.923879 0.000000 0.000000 1.000000 0.000000 0.000000 1.000000 -0.382686 0.000000 0.923879 0.000000 0.000000 1.000000 0.000000 0.000000 1.000000 -0.382686 0.000000 0.923879 -0.707109 0.000000 0.707105 -0.707109 0.000000 0.707105 -0.896536 0.000000 0.442972 -0.896536 0.000000 0.442971 -0.980785 -0.000000 0.195094 -0.980785 -0.000000 0.195093 -0.980786 -0.000000 0.195085 -0.980786 -0.000000 0.195086 0.538813 -0.647583 -0.538811 0.778171 -0.496606 -0.384489 0.738616 -0.459215 -0.493526 0.564987 -0.601318 -0.564984 0.741180 -0.596988 0.307014 0.439913 -0.782914 0.439911 0.416697 -0.807917 0.416694 0.735085 -0.605753 0.304489 -0.952476 -0.000000 0.304614 -0.969276 -0.000000 0.245975 -0.999791 -0.000000 0.020434 -0.999403 -0.000000 0.034550 0.000000 1.000000 0.000000 -0.000022 1.000000 -0.000110 -0.000023 1.000000 -0.000117 -0.000001 1.000000 -0.000006 -0.187529 -0.871704 0.452731 -0.538805 -0.647597 0.538802 -0.564979 -0.601332 0.564976 -0.217998 -0.821886 0.526289 -0.862125 -0.503461 -0.057168 -0.741212 -0.596941 -0.307027 -0.735117 -0.605708 -0.304502 -0.847767 -0.502842 -0.168647 0.117705 -0.951523 0.284163 0.000000 -0.995302 -0.096814 0.000000 -0.979328 -0.202278 0.086810 -0.973931 0.209576 0.952491 -0.000000 -0.304566 0.969279 -0.000000 -0.245966 0.999790 -0.000000 -0.020467 0.999403 -0.000000 -0.034547 -0.982543 0.000000 0.186036 -0.991806 0.000000 0.127754 -0.991378 -0.000000 0.131035 -0.991244 -0.000000 0.132042 0.982537 0.000000 -0.186070 0.991798 0.000000 -0.127818 0.991414 -0.000000 -0.130762 0.991259 -0.000000 -0.131933 -0.117701 -0.951527 -0.284154 0.000000 -0.995290 0.096940 0.000000 -0.979302 0.202406 -0.086799 -0.973938 -0.209551 0.000000 1.000000 0.000000 0.000000 1.000000 0.000000 0.000000 1.000000 0.000000 
						0.000000 1.000000 0.000000 0.187528 -0.871705 -0.452729 0.218001 -0.821880 -0.526298 -0.439922 -0.782904 -0.439920 -0.416703 -0.807910 -0.416701 -0.778171 -0.496606 0.384489 -0.738616 -0.459215 0.493526 0.862115 -0.503478 0.057167 0.847755 -0.502863 0.168644 0.654004 -0.380211 -0.654001 0.183225 0.965845 -0.183224 0.272265 -0.702729 -0.657300 0.125983 0.944257 -0.304148 -0.381842 0.066360 0.921842 0.000000 0.000000 -1.000000 0.000000 0.000000 -1.000000 0.382686 0.000000 -0.923879 0.000000 0.067075 0.997748 -0.109446 -0.958232 -0.264223 -0.109445 -0.958232 -0.264223 0.000000 -0.958232 -0.285993 0.381865 0.065443 0.921898 -0.076138 -0.994186 -0.076138 -0.076138 -0.994186 -0.076138 -0.041206 -0.994186 -0.099479 0.706241 0.049530 0.706237 -0.028634 -0.999490 -0.014148 -0.028634 -0.999490 -0.014148 -0.022339 -0.999501 -0.022339 0.895329 0.051857 0.442376 0.997096 0.037804 -0.066118 0.070092 -0.997530 -0.004648 0.022084 -0.999697 0.010912 0.913211 0.151512 -0.378273 0.125858 -0.990677 -0.052133 0.621775 0.476230 -0.621772 0.111976 -0.987382 -0.111976 -0.705404 -0.069386 0.705401 0.127806 -0.942583 -0.308548 0.127806 -0.942583 -0.308549 0.236153 -0.942584 -0.236152 -0.381730 -0.070647 0.921570 0.000000 0.041395 -0.999143 0.000000 0.041395 -0.999143 0.382358 0.041395 -0.923087 0.000000 -0.071080 0.997471 -0.107837 0.959476 -0.260341 -0.107837 0.959476 -0.260341 0.000000 0.959476 -0.281791 0.381769 -0.069162 0.921666 -0.075147 0.994337 -0.075147 -0.075147 0.994337 -0.075147 -0.040669 0.994337 -0.098184 0.706092 -0.053609 0.706088 -0.027824 0.999518 -0.013747 -0.027824 0.999518 -0.013747 -0.021707 0.999529 -0.021707 0.894775 -0.062640 0.442102 0.022764 0.999678 0.011248 0.999380 0.000000 0.035204 0.999937 0.000000 0.011209 0.999970 0.000000 0.007780 0.999495 0.000000 0.031777 0.390279 -0.833887 0.390277 
						-0.703018 0.107412 -0.703014 -0.826842 0.105371 -0.552476 -0.891460 0.106260 -0.440464 0.866285 -0.347544 -0.358835 0.511840 -0.689958 -0.511837 0.982105 0.000000 -0.188334 0.935764 0.000000 0.352626 0.955043 -0.000000 0.296468 0.992864 -0.000000 -0.119253 0.145299 0.667310 -0.730469 0.137883 0.707448 -0.693185 -0.172369 0.468369 0.866556 -0.167056 0.516478 0.839847 0.125513 0.944685 0.303012 0.147664 0.922557 0.356489 0.408501 0.816245 0.408499 0.413398 0.811299 0.413395 0.979124 0.058111 -0.194778 0.890711 0.265534 -0.368953 0.142922 -0.927642 -0.345042 0.000000 -0.999437 0.033550 0.000000 -0.998252 -0.059108 0.998542 0.000000 -0.053983 0.931151 0.000000 0.364634 0.957685 0.000000 0.287819 0.999642 0.000000 -0.026769 0.993996 -0.000000 -0.109419 0.996167 -0.000000 -0.087475 0.998170 0.000000 -0.060470 0.999278 0.000000 -0.037986 0.993273 0.000000 -0.115800 0.997894 0.000000 -0.064863 0.997717 -0.000000 -0.067531 0.998743 -0.000000 -0.050117 0.164706 0.902640 -0.397633 0.139497 0.931196 -0.336772 0.000000 0.998487 0.054988 0.000000 0.999195 -0.040121 0.152608 -0.622972 -0.767213 0.145562 -0.665803 -0.731791 -0.161861 -0.558246 0.813733 -0.155508 -0.603835 0.781793 0.138595 -0.932114 0.334596 0.117356 -0.951818 0.283320 0.517953 0.680774 -0.517950 -0.703994 -0.093753 -0.703990 -0.827947 -0.091967 -0.553214 -0.892671 -0.092745 -0.441062 0.953837 -0.232789 -0.189747 0.383446 -0.840202 0.383444 0.096626 0.989851 -0.104205 -0.142026 0.979408 0.143484 0.156286 0.911836 0.379644 0.358680 0.917447 0.172163 0.431017 0.704342 0.564027 0.568880 0.706124 0.421621 0.631047 0.384378 0.673820 0.698250 0.385818 0.602986 0.703932 0.002166 0.710264 0.740336 0.004540 0.672222 0.601153 0.006035 0.799111 0.869925 0.003691 0.493170 0.812427 -0.370356 0.450331 0.535020 -0.373156 0.757963 
						0.652536 -0.689055 0.315277 0.371545 -0.693510 0.617250 0.401721 -0.907253 0.124550 0.147543 -0.909046 0.389700 0.097503 -0.990394 -0.098045 -0.105205 -0.988424 0.109318 -0.215160 -0.923174 -0.318521 -0.349988 -0.918797 -0.182536 -0.490670 -0.714054 -0.499370 -0.549015 -0.708888 -0.442787 -0.689080 -0.394490 -0.607903 -0.669672 -0.389250 -0.632474 -0.783954 -0.014220 -0.620656 -0.690477 -0.008718 -0.723301 -0.764599 0.366516 -0.530146 -0.605551 0.373294 -0.702823 -0.635699 0.687649 -0.350749 -0.425754 0.697041 -0.576947 -0.418121 0.901344 -0.112936 -0.178837 0.913005 -0.366660 -0.675055 -0.039215 -0.736725 -0.691499 -0.405224 -0.598016 -0.554458 0.334372 -0.762084 -0.343652 0.654148 -0.673791 -0.074513 0.868636 -0.489816 0.209160 0.947691 -0.241111 0.461842 0.886147 0.038010 0.645927 0.695484 0.314770 0.739994 0.396729 0.543153 0.753628 0.023828 0.656869 0.422228 -0.328065 0.845043 0.508388 0.043072 0.860050 0.228347 -0.640399 0.733312 0.002185 -0.853459 0.521155 -0.234394 -0.941505 0.242131 -0.446779 -0.891946 -0.069436 -0.608226 -0.704943 -0.364853 -0.703654 -0.653527 -0.278879 -0.582605 -0.811498 0.045187 -0.821260 -0.536230 -0.194910 -0.730312 -0.666020 0.151860 -0.914543 -0.387594 -0.115678 -0.834773 -0.489532 0.252016 -0.968065 -0.246008 -0.048273 -0.892398 -0.308857 0.328989 -0.992433 -0.122464 -0.008909 -0.915887 -0.152140 0.371490 -0.395987 -0.838840 0.373553 -0.534543 -0.696205 0.479126 -0.623792 -0.527173 0.577037 -0.682196 -0.333797 0.650529 -0.701452 -0.163332 0.693749 -0.162249 -0.741459 0.651086 -0.260878 -0.623264 0.737214 -0.318825 -0.487967 0.812551 -0.373817 -0.311968 0.873462 -0.382114 -0.152009 0.911527 0.100588 -0.542928 0.833734 0.047731 -0.457651 0.887850 0.029361 -0.357189 0.933571 -0.009848 -0.239167 0.970928 -0.003893 -0.119178 0.992865 0.363035 -0.259765 0.894834 0.352978 -0.205005 0.912896 
						0.377264 -0.144855 0.914707 0.363736 -0.132744 0.921995 0.377752 -0.072523 0.923062 0.607377 0.092856 0.788969 0.662621 -0.000304 0.748955 0.689189 -0.052368 0.722686 0.703202 -0.046195 0.709488 0.622764 0.076394 0.778672 0.756357 0.384545 0.529197 0.782981 0.390336 0.484332 0.613808 0.225092 0.756685 0.816362 0.367368 0.445639 0.655970 0.237493 0.716450 0.866328 0.293402 0.404217 0.695020 0.147218 0.703757 0.908355 0.170510 0.381862 0.732778 0.641447 0.227116 0.791951 0.592668 0.146826 0.851065 0.517800 0.087016 0.932157 0.360845 0.029556 0.981938 0.189162 0.003880 0.584768 0.806007 -0.091645 0.673804 0.712171 -0.196977 0.764024 0.583308 -0.275716 0.862057 0.375651 -0.340211 0.908870 0.185628 -0.373493 0.339768 0.857489 -0.386356 0.455719 0.727801 -0.512471 0.574267 0.557162 -0.599823 0.666251 0.346578 -0.660298 0.699374 0.162896 -0.695946 0.044692 0.777198 -0.627667 0.172148 0.635370 -0.752775 0.298715 0.454250 -0.839301 0.368890 0.278763 -0.886685 0.382661 0.125235 -0.915362 -0.249546 0.571881 -0.781460 -0.137405 0.452581 -0.881073 -0.034145 0.307642 -0.950889 0.009498 0.180106 -0.983601 0.005024 0.077631 -0.996970 -0.497124 0.274827 -0.823005 -0.427593 0.206610 -0.880043 -0.371543 0.132714 -0.918881 -0.359136 0.067246 -0.930860 -0.375922 0.024409 -0.926330 -0.664865 -0.064349 -0.744187 -0.657817 -0.065957 -0.750284 -0.659053 -0.056896 -0.749942 -0.677684 -0.047033 -0.733848 -0.700474 -0.029275 -0.713077 -0.734762 -0.390840 -0.554408 -0.795587 -0.326045 -0.510624 -0.851331 -0.237094 -0.467998 -0.892781 -0.155120 -0.422942 -0.917236 -0.079736 -0.390282 -1.000000 0.000841 0.000000 -0.923877 0.002566 -0.382682 -0.707099 0.004637 -0.707100 -0.382674 0.006879 -0.923858 0.000000 0.009191 -0.999958 0.382658 0.011473 -0.923819 0.707041 0.013555 -0.707042 0.923772 0.015296 -0.382639 
						0.999861 0.016660 -0.000000 0.923735 0.017701 0.382624 0.706969 0.019685 0.706971 0.707105 -0.002016 0.707106 0.382682 -0.002192 0.923877 0.000000 -0.002033 0.999998 -0.382683 -0.001753 0.923878 -0.707106 -0.001297 0.707107 -0.923880 -0.000474 0.382683 0.980783 -0.000001 -0.195101 0.980781 0.000000 -0.195114 0.980782 -0.000001 -0.195105 0.980786 -0.000000 -0.195089 0.980766 0.000002 -0.195188 0.980786 0.000001 -0.195084 0.980786 0.000001 -0.195088 0.980786 0.000000 -0.195086 0.980780 0.000000 -0.195117 0.980780 0.000000 -0.195116 0.980791 -0.000000 -0.195064 0.980785 -0.000001 -0.195093 0.980786 -0.000000 -0.195087 0.980785 -0.000001 -0.195090 0.980786 -0.000001 -0.195086 0.980773 0.000000 -0.195151 0.980791 0.000000 -0.195064 0.992501 0.120370 0.021298 0.999045 0.042772 0.008884 0.922260 0.039493 0.384548 0.917352 0.056849 0.393996 0.914100 0.080586 0.397400 0.883710 0.240835 0.401317 0.660442 0.223328 0.716896 0.699355 0.007323 0.714737 0.325224 0.208442 0.922378 0.373254 -0.067215 0.925291 -0.044225 0.154109 0.987064 -0.006114 -0.128682 0.991667 -0.409158 0.078308 0.909097 -0.384635 -0.169178 0.907433 -0.719579 0.002899 0.694404 -0.704853 -0.182288 0.685532 -0.926666 -0.056338 0.371640 -0.918143 -0.166303 0.359663 -0.995656 -0.092532 -0.010371 -0.992030 -0.124278 -0.020792 -0.913328 -0.108405 -0.392529 -0.915210 -0.062639 -0.398078 -0.690214 -0.110706 -0.715087 -0.699225 0.009150 -0.714844 -0.360028 -0.107584 -0.926718 -0.376754 0.079806 -0.922869 0.024111 -0.104040 -0.994281 0.003221 0.138297 -0.990386 0.400332 -0.097251 -0.911195 0.382812 0.175623 -0.906979 0.714379 -0.074326 -0.695800 0.704149 0.185756 -0.685324 0.926088 -0.022379 -0.376643 0.918291 0.166197 -0.359332 0.314241 0.400652 0.860657 -0.061763 0.390296 0.918616 0.662014 0.328189 0.673817 0.907656 0.218530 0.358338 
						0.999908 0.013064 0.003703 0.927038 0.072753 0.367843 0.921698 -0.146271 -0.359273 0.704849 -0.251204 -0.663389 0.385514 -0.295303 -0.874171 0.004627 -0.298807 -0.954302 -0.379409 -0.269730 -0.885039 -0.705010 -0.211301 -0.676988 -0.922036 -0.126747 -0.365765 -0.999767 -0.021413 -0.002686 -0.929922 0.096629 0.354835 -0.726442 0.215813 0.652462 -0.422291 0.320267 0.847997 -0.420577 0.573627 0.702898 -0.727298 0.451496 0.516904 -0.375789 0.754338 0.538290 -0.688335 0.645885 0.330193 -0.308406 0.863757 0.398510 -0.609289 0.776320 0.161537 -0.236489 0.937337 0.255874 -0.518735 0.854878 0.009910 -0.928265 0.275479 0.249870 -0.895884 0.437232 0.078867 -0.824734 0.558477 -0.088983 -0.733317 0.638666 -0.233136 -0.995560 0.071974 -0.060657 -0.969461 0.165562 -0.180927 -0.916920 0.247510 -0.313045 -0.844916 0.316904 -0.430917 -0.919719 -0.131669 -0.369838 -0.900912 -0.124961 -0.415624 -0.870498 -0.101549 -0.481582 -0.831481 -0.058347 -0.552481 -0.710545 -0.309230 -0.632062 -0.701658 -0.389624 -0.596548 -0.693067 -0.430234 -0.578409 -0.692060 -0.424328 -0.583950 -0.396264 -0.438319 -0.806754 -0.400328 -0.588980 -0.702026 -0.411521 -0.686634 -0.599320 -0.446226 -0.721530 -0.529412 -0.020915 -0.502540 -0.864301 -0.039072 -0.693293 -0.719596 -0.067087 -0.832290 -0.550267 -0.130339 -0.904320 -0.406469 0.360390 -0.492827 -0.791985 0.331168 -0.686076 -0.647787 0.290728 -0.846959 -0.445127 0.209502 -0.947461 -0.241716 0.689354 -0.406475 -0.599641 0.656608 -0.568761 -0.495356 0.611096 -0.731825 -0.301652 0.524920 -0.848707 -0.064464 0.916020 -0.245587 -0.317166 0.888540 -0.365087 -0.277864 0.850226 -0.508501 -0.136169 0.772888 -0.626749 0.099145 0.998898 -0.030797 -0.035409 0.995692 -0.092105 -0.010682 0.977304 -0.208922 0.035041 0.921669 -0.314173 0.227645 0.939897 0.196583 0.279194 0.979462 0.139627 0.145457 0.963730 0.050428 0.262071 
						0.912206 0.056357 0.405837 0.686349 0.365019 0.629036 0.685851 0.378755 0.621413 0.792719 0.047010 0.607772 0.663307 0.403633 0.630162 0.730062 0.023625 0.682973 0.637870 0.399929 0.658163 0.333509 0.552472 0.763902 0.373470 0.609193 0.699574 0.365928 0.658112 0.658016 0.390434 0.700170 0.597766 -0.051015 0.616257 0.785891 -0.005723 0.741801 0.670596 0.029206 0.816083 0.577197 0.078271 0.883389 0.462057 -0.096271 -0.989922 -0.103859 -0.358344 -0.917510 0.172526 -0.155966 -0.911764 0.379949 0.142376 -0.979302 0.143863 -0.568569 -0.706164 0.421974 -0.430678 -0.704301 0.564337 -0.697901 -0.385838 0.603377 -0.630692 -0.384363 0.674161 -0.739949 -0.004545 0.672648 -0.703611 -0.002164 0.710582 -0.600688 -0.006040 0.799461 -0.534601 0.373124 0.758275 -0.812164 0.370401 0.450769 -0.869655 -0.003688 0.493645 -0.371155 0.693450 0.617552 -0.652223 0.689140 0.315739 -0.147144 0.908964 0.390041 -0.401358 0.907351 0.125005 0.105567 0.988346 0.109668 -0.097129 0.990471 -0.097636 0.350328 0.918739 -0.182176 0.215513 0.923217 -0.318159 0.549371 0.708853 -0.442402 0.491031 0.714070 -0.498991 0.670029 0.389237 -0.632104 0.689438 0.394492 -0.607497 0.690869 0.008711 -0.722927 0.784270 0.014226 -0.620256 0.605976 -0.373312 -0.702446 0.764904 -0.366486 -0.529726 0.426175 -0.697082 -0.576586 0.635972 -0.687589 -0.350371 0.179212 -0.913065 -0.366328 0.418433 -0.901248 -0.112542 0.691860 0.405159 -0.597642 0.675464 0.039165 -0.736353 0.554847 -0.334426 -0.761777 0.344090 -0.654243 -0.673475 0.074948 -0.868780 -0.489493 -0.208824 -0.947839 -0.240819 -0.461538 -0.886292 0.038336 -0.645614 -0.695601 0.315154 -0.739672 -0.396795 0.543542 -0.753285 -0.023862 0.657261 -0.507990 -0.043097 0.860284 -0.421820 0.327998 0.845272 -0.227924 0.640272 0.733555 -0.001768 0.853285 0.521442 0.234774 0.941327 0.242457 
						0.447137 0.891795 -0.069069 0.608545 0.704847 -0.364505 0.582963 0.811223 0.045500 0.703932 0.653341 -0.278613 0.730595 0.665669 0.152039 0.821492 0.535933 -0.194749 0.835023 0.489054 0.252115 0.914759 0.387108 -0.115603 0.892557 0.308344 0.329039 0.968211 0.245434 -0.048262 0.915951 0.151696 0.371513 0.992504 0.121884 -0.008909 0.396348 0.838555 0.373811 0.534897 0.695790 0.479334 0.624040 0.526727 0.577176 0.682343 0.333306 0.650627 0.701508 0.162889 0.693796 0.162644 0.741186 0.651299 0.261185 0.622927 0.737391 0.319031 0.487543 0.812725 0.373908 0.311543 0.873575 0.382150 0.151525 0.911593 -0.100145 0.542707 0.833931 -0.047399 0.457299 0.888049 -0.029223 0.356754 0.933741 0.009898 0.238678 0.971048 0.003902 0.118653 0.992928 -0.362622 0.259634 0.895039 -0.352719 0.204706 0.913063 -0.377189 0.144343 0.914819 -0.363718 0.132214 0.922079 -0.377760 0.071992 0.923101 -0.607116 -0.093132 0.789137 -0.662540 -0.000284 0.749027 -0.689182 0.051841 0.722731 -0.703214 0.045722 0.709507 -0.756013 -0.384676 0.529592 -0.622476 -0.076706 0.778870 -0.782712 -0.390655 0.484510 -0.816159 -0.367825 0.445633 -0.613648 -0.225634 0.756654 -0.866179 -0.293901 0.404174 -0.655863 -0.237980 0.716386 -0.908281 -0.170967 0.381833 -0.694967 -0.147690 0.703710 -0.732485 -0.641664 0.227449 -0.791638 -0.593039 0.147020 -0.850811 -0.518211 0.087054 -0.931990 -0.361278 0.029558 -0.981839 -0.189679 0.003878 -0.584457 -0.806265 -0.091362 -0.673517 -0.712490 -0.196807 -0.763735 -0.583737 -0.275609 -0.861885 -0.376094 -0.340157 -0.908780 -0.186135 -0.373461 -0.339391 -0.857758 -0.386089 -0.455372 -0.728165 -0.512262 -0.574016 -0.557581 -0.599674 -0.666106 -0.347040 -0.660202 -0.699312 -0.163373 -0.695896 -0.044351 -0.777392 -0.627451 -0.171804 -0.635726 -0.752553 -0.298494 -0.454713 -0.839129 -0.368783 -0.279279 -0.886568 
						-0.382628 -0.125725 -0.915308 0.249924 -0.572056 -0.781210 0.137671 -0.452863 -0.880887 0.034297 -0.308039 -0.950755 -0.009433 -0.180644 -0.983503 -0.005014 -0.078134 -0.996930 0.497569 -0.275016 -0.822673 0.427860 -0.206913 -0.879843 0.371696 -0.133179 -0.918752 0.359180 -0.067764 -0.930805 0.375926 -0.024918 -0.926315 0.665268 0.064165 -0.743842 0.658125 0.065585 -0.750047 0.659202 0.056433 -0.749845 0.677733 0.046573 -0.733831 0.700491 0.028730 -0.713083 0.735069 0.390672 -0.554120 0.795886 0.325664 -0.510399 0.851490 0.236661 -0.467928 0.892866 0.154627 -0.422943 0.917281 0.079150 -0.390296 0.999999 -0.001358 0.000000 0.923875 -0.003115 -0.382682 0.707097 -0.005153 -0.707098 0.382673 -0.007398 -0.923854 0.000000 -0.009745 -0.999953 -0.382656 -0.011998 -0.923813 -0.707037 -0.014042 -0.707038 -0.923764 -0.015824 -0.382636 -0.999851 -0.017245 -0.000000 -0.923726 -0.018211 0.382620 -0.706963 -0.020143 0.706964 -0.707105 0.001519 0.707107 -0.382683 0.001688 0.923878 0.000000 0.001525 0.999999 0.382683 0.001244 0.923879 0.707106 0.000773 0.707107 0.923880 -0.000049 0.382683 0.980785 -0.000001 -0.195090 0.980785 -0.000000 -0.195092 0.980785 -0.000001 -0.195090 0.980786 0.000000 -0.195089 0.980785 0.000001 -0.195092 0.980785 0.000001 -0.195090 0.980787 0.000001 -0.195084 0.980786 -0.000000 -0.195088 0.980784 -0.000001 -0.195099 0.980785 -0.000001 -0.195093 0.980787 -0.000001 -0.195081 0.980786 -0.000001 -0.195085 0.980786 0.000000 -0.195087 0.980785 -0.000001 -0.195092 0.980798 -0.000002 -0.195026 0.980798 0.000000 -0.195026 0.980784 -0.000000 -0.195096 -0.992600 -0.119567 0.021182 -0.917454 -0.056034 0.393875 -0.922344 -0.038595 0.384437 -0.999079 -0.042008 0.008806 -0.914184 -0.080018 0.397321 -0.699435 -0.006773 0.714664 -0.660598 -0.222789 0.716920 -0.883857 -0.240332 0.401295 -0.373340 0.067833 0.925211 
						-0.325374 -0.207810 0.922468 0.006020 0.129387 0.991576 0.044114 -0.153314 0.987192 0.384544 0.169878 0.907341 0.409110 -0.077451 0.909192 0.704723 0.183309 0.685392 0.719581 -0.003000 0.694402 0.918004 0.167398 0.359508 0.926683 0.055938 0.371659 0.991926 0.125080 -0.020908 0.995613 0.092982 -0.010411 0.915109 0.063405 -0.398189 0.913251 0.108909 -0.392571 0.699103 -0.008248 -0.714974 0.690100 0.111289 -0.715106 0.376630 -0.078895 -0.922998 0.359926 0.108114 -0.926695 -0.003322 -0.137538 -0.990491 -0.024182 0.104559 -0.994225 -0.382913 -0.174855 -0.907085 -0.400358 0.097845 -0.911120 -0.704256 -0.184927 -0.685439 -0.714358 0.074916 -0.695758 -0.918392 -0.165392 -0.359446 -0.926064 0.023038 -0.376662 0.061692 -0.389830 0.918818 -0.314366 -0.400195 0.860824 -0.662133 -0.327778 0.673900 -0.907727 -0.218179 0.358370 -0.927080 -0.072085 0.367868 -0.999916 -0.012397 0.003752 -0.921643 0.146915 -0.359151 -0.704816 0.251787 -0.663203 -0.385539 0.295785 -0.873997 -0.004698 0.299289 -0.954151 0.379313 0.270265 -0.884917 0.704927 0.211842 -0.676905 0.921994 0.127218 -0.365709 0.999761 0.021722 -0.002643 0.929927 -0.096424 0.354877 0.726453 -0.215367 0.652597 0.422275 -0.319825 0.848172 0.727327 -0.451143 0.517172 0.420579 -0.573244 0.703211 0.688405 -0.645608 0.330589 0.375846 -0.754028 0.538685 0.609430 -0.776115 0.161990 0.308554 -0.863523 0.398902 0.518974 -0.854728 0.010350 0.236736 -0.937175 0.256239 0.928306 -0.275126 0.250107 0.895958 -0.437024 0.079178 0.824872 -0.558337 -0.088574 0.733553 -0.638564 -0.232669 0.995609 -0.071520 -0.060390 0.969573 -0.165305 -0.180560 0.917104 -0.247382 -0.312607 0.845157 -0.316849 -0.430483 0.919752 0.132144 -0.369587 0.901035 0.125234 -0.415274 0.870721 0.101686 -0.481150 0.831765 0.058387 -0.552049 0.710551 0.309669 -0.631840 0.701802 0.389978 -0.596147 
						0.693311 0.430400 -0.577992 0.692379 0.424383 -0.583532 0.396249 0.438730 -0.806538 0.400470 0.589423 -0.701573 0.411776 0.686856 -0.598890 0.446557 0.721621 -0.529009 0.020885 0.502992 -0.864039 0.039152 0.693654 -0.719244 0.067292 0.832533 -0.549873 0.130686 0.904468 -0.406028 -0.360416 0.493321 -0.791666 -0.331122 0.686465 -0.647398 -0.290555 0.847257 -0.444672 -0.209207 0.947638 -0.241276 -0.689355 0.406924 -0.599335 -0.656596 0.569144 -0.494931 -0.610981 0.732130 -0.301144 -0.524684 0.848887 -0.064005 -0.915998 0.246108 -0.316827 -0.888543 0.365448 -0.277381 -0.850165 0.508743 -0.135650 -0.772695 0.626906 0.099656 -0.998894 0.031300 -0.035096 -0.995669 0.092412 -0.010144 -0.977245 0.209101 0.035640 -0.921502 0.314271 0.228184 -0.939864 -0.196164 0.279598 -0.979378 -0.139524 0.146121 -0.963567 -0.050400 0.262674 -0.686366 -0.364703 0.629201 -0.912116 -0.056070 0.406079 -0.685722 -0.378550 0.621679 -0.663071 -0.403517 0.630484 -0.792438 -0.046914 0.608145 -0.637548 -0.399873 0.658509 -0.729710 -0.023593 0.683349 -0.333570 -0.552065 0.764169 -0.373368 -0.608883 0.699899 -0.365694 -0.657927 0.658332 -0.390144 -0.700076 0.598065 0.050976 -0.615863 0.786202 0.005790 -0.741464 0.670967 -0.029002 -0.815832 0.577561 -0.077973 -0.883236 0.462401 -0.970651 -0.115288 -0.211056 -0.970652 -0.115288 -0.211055 -0.970652 -0.115288 -0.211055 -0.970651 -0.115287 -0.211056 -0.970651 -0.115288 -0.211057 -0.970651 -0.115288 -0.211057 -0.970652 -0.115288 -0.211055 -0.970651 -0.115288 -0.211056 -0.970651 -0.115287 -0.211056 -0.970651 -0.115288 -0.211056 -0.970651 -0.115288 -0.211056 -0.970651 -0.115287 -0.211056 0.190766 0.165283 -0.967621 0.190766 0.165283 -0.967621 0.190767 0.165274 -0.967622 0.190769 0.165260 -0.967624 -0.190765 -0.165293 0.967619 -0.190764 -0.165304 0.967618 -0.190766 -0.165284 0.967621 -0.190766 -0.165284 0.967621 
						-0.970651 -0.115288 -0.211056 -0.970651 -0.115287 -0.211060 -0.970651 -0.115285 -0.211060 -0.970651 -0.115285 -0.211060 -0.970651 -0.115288 -0.211056 -0.970652 -0.115284 -0.211057 -0.970651 -0.115287 -0.211057 -0.970651 -0.115287 -0.211057 -0.970651 -0.115287 -0.211056 -0.970651 -0.115288 -0.211056 -0.970651 -0.115288 -0.211056 -0.970651 -0.115288 -0.211056 0.190766 0.165283 -0.967621 0.190772 0.165244 -0.967626 0.190760 0.165337 -0.967613 0.190768 0.165283 -0.967620 0.190744 0.165363 -0.967612 0.190737 0.165409 -0.967605 -0.190767 -0.165285 0.967620 -0.190760 -0.165328 0.967614 -0.190774 -0.165229 0.967628 -0.190762 -0.165305 0.967618 -0.190775 -0.165224 0.967629 -0.190794 -0.165099 0.967647 0.970651 0.115288 -0.211056 0.970651 0.115287 -0.211056 0.970652 0.115287 -0.211055 0.970651 0.115288 -0.211055 0.970651 0.115288 -0.211057 0.970651 0.115288 -0.211056 0.970652 0.115288 -0.211055 0.970651 0.115288 -0.211057 0.970651 0.115287 -0.211056 0.970651 0.115287 -0.211056 0.970651 0.115288 -0.211056 0.970651 0.115288 -0.211056 -0.190766 -0.165283 -0.967621 -0.190765 -0.165291 -0.967620 -0.190762 -0.165308 -0.967617 -0.190766 -0.165283 -0.967621 0.190765 0.165291 0.967620 0.190766 0.165284 0.967621 0.190766 0.165285 0.967621 0.190763 0.165305 0.967618 0.970651 0.115288 -0.211056 0.970651 0.115288 -0.211056 0.970651 0.115288 -0.211056 0.970651 0.115288 -0.211056 0.970651 0.115288 -0.211056 0.970651 0.115288 -0.211056 0.970651 0.115287 -0.211057 0.970651 0.115287 -0.211056 0.970651 0.115288 -0.211056 0.970651 0.115288 -0.211056 0.970651 0.115288 -0.211056 0.970651 0.115288 -0.211056 -0.190765 -0.165290 -0.967620 -0.190759 -0.165331 -0.967614 -0.190771 -0.165256 -0.967624 -0.190764 -0.165297 -0.967619 -0.190770 -0.165173 -0.967639 -0.190778 -0.165124 -0.967646 0.190760 0.165325 0.967615 0.190766 0.165286 0.967620 
						0.190763 0.165295 0.967619 0.190771 0.165244 0.967626 0.190788 0.165119 0.967644 0.190776 0.165198 0.967633 0.970704 0.122655 0.206615 0.970704 0.122654 0.206615 0.970704 0.122653 0.206615 0.970704 0.122652 0.206616 0.970704 0.122655 0.206616 0.970704 0.122654 0.206616 0.970703 0.122655 0.206617 0.970704 0.122653 0.206617 0.970704 0.122653 0.206618 0.970704 0.122650 0.206617 0.970704 0.122650 0.206616 0.970705 0.122647 0.206614 0.970704 0.122652 0.206617 0.970704 0.122650 0.206615 0.970704 0.122652 0.206618 0.970704 0.122652 0.206617 0.970703 0.122652 0.206619 0.970704 0.122652 0.206618 0.970704 0.122653 0.206618 0.970703 0.122652 0.206618 0.970704 0.122654 0.206617 0.970704 0.122653 0.206618 0.970703 0.122655 0.206617 0.970704 0.122652 0.206618 0.970703 0.122655 0.206619 0.970704 0.122651 0.206617 0.970703 0.122655 0.206620 0.970704 0.122651 0.206617 0.970704 0.122651 0.206618 0.970703 0.122655 0.206618 0.970703 0.122654 0.206621 0.970703 0.122653 0.206618 0.970704 0.122652 0.206618 0.970704 0.122652 0.206617 -0.199290 0.891359 0.407139 -0.199290 0.891359 0.407139 -0.199289 0.891361 0.407137 -0.199288 0.891367 0.407124 -0.199287 0.891357 0.407144 -0.199287 0.891358 0.407144 -0.199286 0.891367 0.407125 0.384126 -0.699786 0.602285 0.447787 -0.439512 0.778663 0.450861 -0.437985 0.777749 0.353314 -0.629060 0.692425 -0.199285 0.891372 0.407113 -0.199282 0.891376 0.407106 -0.199282 0.891376 0.407106 -0.199284 0.891376 0.407106 -0.199284 0.891376 0.407106 0.933716 -0.329242 -0.140622 0.715753 -0.695979 -0.057537 0.676878 -0.732345 -0.074209 0.916095 -0.363686 -0.168824 0.235834 -0.321731 -0.916991 0.235833 -0.321731 -0.916991 0.235833 -0.321731 -0.916991 0.235834 -0.321731 -0.916991 -0.458444 0.126106 -0.879731 -0.199389 -0.111267 -0.973583 
						-0.165193 0.013365 -0.986171 -0.402393 0.141804 -0.904418 0.236786 -0.342244 -0.909286 0.235836 -0.321728 -0.916991 0.236058 -0.326362 -0.915295 0.046009 -0.938852 0.341232 0.045991 -0.938855 0.341228 0.045988 -0.938855 0.341227 0.046006 -0.938853 0.341231 0.970705 0.122651 0.206613 0.970705 0.122649 0.206613 0.970705 0.122648 0.206613 0.970705 0.122651 0.206613 -0.970817 -0.122514 -0.206166 -0.970718 -0.122650 -0.206554 -0.970702 -0.122671 -0.206615 -0.970801 -0.122535 -0.206227 0.046009 -0.938852 0.341233 0.045991 -0.938854 0.341229 0.045989 -0.938855 0.341228 0.046006 -0.938852 0.341232 0.236142 -0.328047 -0.914671 0.235832 -0.321731 -0.916991 0.235017 -0.305646 -0.922685 0.042558 -0.934076 0.354529 0.045860 -0.938667 0.341762 0.046866 -0.940034 0.337847 0.048167 -0.941784 0.332750 0.011066 -0.881811 0.471473 0.041449 -0.932489 0.358812 0.048411 -0.942104 0.331808 0.050269 -0.944541 0.324524 0.045995 -0.938854 0.341231 0.233760 -0.282912 -0.930224 0.239068 -0.406379 -0.881874 0.236789 -0.342399 -0.909227 0.239586 -0.429066 -0.870920 0.045998 -0.938854 0.341229 0.623741 -0.452255 -0.637506 0.725983 -0.586076 -0.359810 0.737200 -0.576987 -0.351599 0.617901 -0.546023 -0.565735 0.884093 -0.466074 0.033976 0.906634 -0.356663 0.225400 0.923377 -0.345565 0.167212 0.894321 -0.445517 0.041295 0.835188 0.018028 0.549669 0.815921 0.138921 0.561226 0.820138 0.089571 0.565111 0.835167 0.018019 0.549701 -0.780691 0.208420 -0.589137 -0.748163 0.239172 -0.618910 0.977525 -0.132813 -0.163721 0.969114 -0.196063 -0.149590 -0.970695 -0.122682 -0.206640 -0.970695 -0.122682 -0.206640 -0.970695 -0.122682 -0.206640 -0.970695 -0.122682 -0.206640 0.496630 -0.851427 0.168611 0.484372 -0.873766 0.043773 0.523903 -0.106408 0.845105 0.529558 -0.104631 0.841796 -0.970704 -0.122648 -0.206617 -0.970704 -0.122644 -0.206618 
						-0.970705 -0.122643 -0.206618 -0.970704 -0.122647 -0.206617 0.235833 -0.321730 -0.916991 0.235832 -0.321730 -0.916991 0.235832 -0.321730 -0.916991 0.235833 -0.321730 -0.916991 -0.874597 0.233074 -0.425155 -0.847183 0.222662 -0.482392 0.134239 0.436361 -0.889702 0.134237 0.436364 -0.889700 0.134235 0.436370 -0.889698 0.134239 0.436361 -0.889702 0.134230 0.436383 -0.889692 0.134233 0.436375 -0.889695 0.134230 0.436382 -0.889693 0.414766 0.800716 -0.432231 0.440512 0.729349 -0.523450 0.606563 0.571561 -0.552630 0.603838 0.572360 -0.554783 0.134236 0.436370 -0.889698 0.134233 0.436387 -0.889690 0.134233 0.436389 -0.889689 0.134239 0.436355 -0.889705 0.134239 0.436356 -0.889704 0.670094 0.551464 0.496852 0.635770 0.577261 0.512413 0.406323 0.862076 0.302865 0.449725 0.839607 0.304643 0.970711 0.122648 0.206588 0.970711 0.122648 0.206588 0.970711 0.122648 0.206588 0.970711 0.122648 0.206588 -0.688749 0.048683 -0.723364 -0.704595 0.042357 -0.708344 -0.771139 -0.080611 -0.631543 -0.756783 -0.139760 -0.638550 -0.045270 0.937856 -0.344059 -0.051121 0.945635 -0.321187 -0.045996 0.938854 -0.341231 -0.046010 0.938853 -0.341231 -0.046010 0.938853 -0.341231 -0.046009 0.938853 -0.341231 -0.046009 0.938853 -0.341231 -0.045989 0.938853 -0.341234 -0.045988 0.938853 -0.341234 -0.045988 0.938853 -0.341234 -0.045988 0.938853 -0.341234 -0.970699 -0.122671 -0.206627 -0.970700 -0.122670 -0.206624 -0.970705 -0.122663 -0.206606 -0.970704 -0.122664 -0.206609 -0.045988 0.938855 -0.341227 -0.045991 0.938855 -0.341228 -0.046009 0.938853 -0.341231 -0.046007 0.938853 -0.341231 0.236021 -0.325554 -0.915592 0.234107 -0.289125 -0.928224 0.235838 -0.321728 -0.916990 -0.042600 0.934129 -0.354386 -0.048189 0.941806 -0.332684 -0.046870 0.940041 -0.337825 -0.045868 0.938680 -0.341726 -0.026902 0.909982 -0.413774 -0.050460 0.944793 -0.323759 
						-0.048087 0.941672 -0.333079 -0.043883 0.935936 -0.349426 -0.045999 0.938854 -0.341228 0.239775 -0.439137 -0.865833 0.230927 -0.238755 -0.943222 -0.026081 0.908598 -0.416856 -0.058826 0.955039 -0.290587 -0.045995 0.938855 -0.341227 -0.216793 -0.551121 -0.805770 -0.219967 -0.642730 -0.733835 -0.392277 -0.710089 -0.584716 -0.375878 -0.716497 -0.587663 -0.691861 -0.657075 -0.299299 -0.709626 -0.638659 -0.297565 -0.816969 -0.540286 -0.201623 -0.820877 -0.552696 -0.143835 0.963540 0.209239 -0.166764 0.963539 0.209238 -0.166769 0.973482 0.137056 -0.183165 0.979935 0.088006 -0.178836 -0.482244 0.421914 -0.767743 -0.496215 0.414466 -0.762882 0.777664 0.346021 0.524889 0.752953 0.411410 0.513618 -0.970705 -0.122665 -0.206606 -0.970705 -0.122664 -0.206603 -0.970709 -0.122659 -0.206589 -0.970708 -0.122660 -0.206591 0.228423 0.967533 0.108177 0.297916 0.954592 0.000318 0.781309 0.270225 -0.562615 0.777195 0.270773 -0.568023 0.970706 0.122643 0.206613 0.970706 0.122644 0.206613 0.970706 0.122647 0.206611 0.970706 0.122646 0.206612 0.235833 -0.321734 -0.916990 0.235833 -0.321734 -0.916990 0.235833 -0.321734 -0.916990 0.235833 -0.321734 -0.916990 -0.407837 0.687483 -0.600863 -0.379198 0.616834 -0.689727 -0.525028 0.706438 -0.474649 -0.737934 0.673200 -0.047485 -0.268717 0.941551 -0.203156 -0.295789 0.777311 -0.555244 -0.399772 0.525803 -0.750808 -0.277212 0.549203 -0.788372 -0.357556 0.048068 -0.932654 -0.233713 0.064746 -0.970147 -0.256991 -0.264077 -0.929634 -0.157280 -0.252396 -0.954756 -0.037136 -0.593888 -0.803690 -0.044352 -0.595035 -0.802475 0.193769 -0.777092 -0.598817 0.065943 -0.809735 -0.583079 0.332754 -0.932875 -0.137907 0.208222 -0.971534 -0.112980 0.533182 -0.836308 0.127696 0.290639 -0.936166 0.197792 0.768397 -0.549889 0.327395 0.368068 -0.760916 0.534353 0.885645 -0.275689 0.373669 0.403343 -0.524960 0.749488 
						0.693879 0.007462 0.720053 0.381325 -0.044676 0.923361 0.314241 0.269616 0.910252 0.314587 0.269644 0.910125 -0.004948 0.586566 0.809886 0.072612 0.240552 0.967916 0.072457 0.240527 0.967934 -0.005036 0.586547 0.809899 -0.469659 0.652265 0.594955 -0.080875 0.806674 0.585437 -0.824991 0.521144 0.218629 -0.215035 0.969886 0.114371 -0.000630 -0.858603 -0.512640 -0.017412 -0.821739 -0.569598 -0.156566 -0.329425 -0.931110 -0.045453 -0.750650 -0.659135 -0.219003 0.097910 -0.970799 -0.217745 0.085449 -0.972258 -0.205749 -0.019793 -0.978405 0.399539 -0.691863 -0.601410 0.370092 -0.621210 -0.690746 0.466009 -0.430339 -0.773074 0.463001 -0.431873 -0.774025 -0.137153 -0.423228 -0.895582 -0.240277 0.490232 -0.837819 -0.240067 0.458735 -0.855529 0.073813 -0.970540 -0.229356 0.082183 -0.977518 -0.194174 -0.942412 -0.203999 0.265037 -0.982408 -0.074329 0.171316 -0.900447 0.432543 0.045853 -0.934478 0.348143 0.074477 -0.235834 0.321732 -0.916990 -0.235834 0.321732 -0.916990 -0.235833 0.321732 -0.916990 -0.235833 0.321732 -0.916990 0.458539 -0.126078 -0.879685 0.402539 -0.141764 -0.904359 0.165262 -0.013355 -0.986159 0.199473 0.111274 -0.973565 -0.236786 0.342233 -0.909290 -0.236060 0.326388 -0.915285 -0.235836 0.321728 -0.916991 0.046009 -0.938852 -0.341232 0.046006 -0.938853 -0.341232 0.045988 -0.938855 -0.341228 0.045991 -0.938855 -0.341228 -0.970705 -0.122651 0.206611 -0.970705 -0.122650 0.206611 -0.970706 -0.122648 0.206612 -0.970705 -0.122648 0.206611 0.982311 0.104592 -0.155324 0.966881 0.127700 -0.220985 0.748530 0.258605 -0.610596 0.793761 0.241750 -0.558123 0.327417 0.914744 0.236731 0.292889 0.923263 0.248600 0.063841 0.946699 0.315731 0.100142 0.946630 0.306371 0.235864 -0.322277 0.916791 0.234856 -0.302614 0.923725 0.235832 -0.321731 0.916991 0.040147 -0.930611 -0.363801 0.049833 -0.943976 -0.326231 
						0.047526 -0.940921 -0.335273 0.045790 -0.938571 -0.342034 0.108821 0.542254 0.833138 0.185957 0.161073 0.969265 0.056972 0.717900 0.693811 0.040153 0.765015 0.642759 -0.018978 0.896355 0.442930 0.238318 -0.381463 0.893135 0.233141 -0.272537 0.933471 -0.239584 0.428926 -0.870989 -0.236793 0.342462 -0.909202 0.045999 -0.938854 -0.341229 0.624308 -0.452005 0.637127 0.618481 -0.545738 0.565377 0.740184 -0.574513 0.349374 0.727914 -0.584535 0.358414 0.889355 -0.455660 -0.037698 0.900567 -0.432282 -0.045946 0.930287 -0.325103 -0.169926 0.913259 -0.339166 -0.225665 0.835042 0.017947 -0.549893 0.835046 0.017947 -0.549888 0.820080 0.089554 -0.565198 0.815834 0.138922 -0.561351 0.780541 -0.208568 -0.589283 0.748062 -0.239262 -0.618997 -0.543918 -0.468761 0.696000 -0.690396 -0.457381 0.560496 -0.970695 -0.122678 0.206641 -0.970695 -0.122678 0.206641 -0.970695 -0.122678 0.206641 -0.970695 -0.122678 0.206641 -0.797110 0.590584 0.125801 -0.806389 0.550324 0.216518 0.536586 -0.102410 -0.837609 0.532187 -0.103803 -0.840239 -0.970705 -0.122647 0.206616 -0.970705 -0.122647 0.206616 -0.970705 -0.122643 0.206618 -0.970705 -0.122644 0.206618 0.235833 -0.321732 0.916990 0.235833 -0.321732 0.916990 0.235832 -0.321732 0.916990 0.235832 -0.321732 0.916990 0.874408 -0.233431 -0.425347 0.847002 -0.222937 -0.482583 -0.127211 -0.467159 -0.874974 -0.127211 -0.467159 -0.874974 -0.128653 -0.460938 -0.878057 -0.120627 -0.494923 -0.860523 -0.128410 -0.461988 -0.877541 -0.128408 -0.461995 -0.877537 -0.126273 -0.471174 -0.872955 -0.106250 -0.830977 -0.546066 -0.307643 -0.614065 -0.726829 -0.296702 -0.614200 -0.731250 -0.114532 -0.750945 -0.650357 -0.113534 -0.523717 -0.844293 -0.126494 -0.470238 -0.873427 -0.121337 -0.491984 -0.862107 -0.122127 -0.488693 -0.863866 -0.130518 -0.452823 -0.881996 -0.978374 0.203017 -0.039612 -0.968767 -0.133282 0.209108 
						-0.925726 -0.289680 0.243139 -0.990100 0.140038 0.009550 -0.801206 -0.238690 0.548723 -0.801307 -0.238648 0.548592 -0.801323 -0.238641 0.548572 -0.801222 -0.238683 0.548702 0.963484 0.112859 -0.242820 0.866494 0.046495 0.497018 0.710777 0.120214 0.693069 0.984502 0.153925 -0.084044 0.129676 -0.991340 0.020734 0.048934 -0.942793 -0.329768 0.126055 -0.992018 0.003323 -0.892738 -0.444518 0.073640 -0.260705 -0.929964 -0.259230 -0.143939 -0.944764 -0.294454 -0.838920 -0.543680 0.025008 0.045988 -0.938852 -0.341236 0.033836 -0.940313 -0.338623 0.031922 -0.940530 -0.338207 0.044075 -0.939092 -0.340828 -0.235833 0.321725 -0.916993 -0.220930 0.323567 -0.920051 -0.218579 0.323850 -0.920513 -0.233490 0.322020 -0.917488 0.913121 -0.249531 -0.322404 0.913191 -0.249340 -0.322355 0.913202 -0.249310 -0.322347 0.913132 -0.249501 -0.322396 -0.235696 0.318914 -0.918009 -0.235838 0.321728 -0.916990 -0.234605 0.298028 -0.925278 0.044867 -0.937302 -0.345618 -0.025644 -0.802111 -0.596625 -0.040633 -0.763727 -0.644259 -0.040047 -0.765295 -0.642433 -0.024914 -0.803898 -0.594245 -0.200064 -0.063665 -0.977712 -0.201605 -0.052090 -0.978081 -0.044624 -0.752929 -0.656587 -0.235124 0.307693 -0.921977 -0.232284 0.259145 -0.937490 -0.238081 0.375091 -0.895893 0.232165 -0.700380 0.674957 0.238034 -0.608205 0.757249 -0.037755 -0.771365 -0.635272 0.208145 0.552310 -0.807236 0.379753 0.715008 -0.586985 0.396499 0.708394 -0.583923 0.211140 0.644349 -0.735007 0.698535 0.650262 -0.298676 0.818667 0.556152 -0.143107 0.814266 0.544458 -0.201335 0.716243 0.631563 -0.296858 -0.936751 -0.227793 -0.265720 -0.932341 -0.130625 0.337161 -0.841823 -0.093674 0.531563 -0.980421 -0.187283 -0.060829 0.844868 -0.137944 -0.516884 0.878176 -0.093861 -0.469038 -0.934875 0.214220 -0.283053 -0.947667 0.244529 -0.205261 0.335296 0.336291 -0.880048 0.541258 0.310537 -0.781413 
						0.571080 0.304991 -0.762134 0.368898 0.333418 -0.867610 -0.646509 -0.757446 0.091114 -0.440023 -0.885981 0.146348 -0.553517 -0.282036 -0.783629 -0.553536 -0.282034 -0.783616 -0.970706 -0.122643 0.206612 -0.970706 -0.122646 0.206611 -0.970706 -0.122647 0.206611 -0.970706 -0.122643 0.206612 -0.235833 0.321735 -0.916989 -0.235833 0.321735 -0.916989 -0.235833 0.321735 -0.916989 -0.235833 0.321735 -0.916989 0.783997 -0.373669 -0.495702 0.790138 -0.300003 -0.534490 0.973033 0.090304 0.212254 0.973032 0.090313 0.212255 0.973033 0.090306 0.212254 0.973033 0.090308 0.212254 -0.195048 -0.205551 0.959013 -0.186299 -0.204875 0.960895 -0.186299 -0.204877 0.960894 -0.195048 -0.205551 0.959013 -0.155070 -0.171424 0.972917 -0.155822 -0.155329 0.975496 -0.155825 -0.155329 0.975495 -0.155075 -0.171423 0.972916 -0.195118 -0.122451 0.973106 -0.189292 -0.122635 0.974233 -0.189292 -0.122634 0.974233 -0.195119 -0.122451 0.973106 -0.973035 -0.090292 -0.212252 -0.973033 -0.090306 -0.212255 -0.973033 -0.090307 -0.212255 -0.973033 -0.090303 -0.212253 -0.234193 -0.148835 0.960730 -0.234193 -0.148835 0.960730 -0.223811 -0.134253 0.965342 -0.223812 -0.134252 0.965342 -0.208639 -0.124411 0.970047 -0.208639 -0.124412 0.970047 -0.166052 -0.137895 0.976428 -0.166054 -0.137896 0.976428 -0.182017 -0.125529 0.975250 -0.182018 -0.125531 0.975250 -0.236251 -0.164550 0.957658 -0.236251 -0.164550 0.957658 -0.226986 -0.185847 0.956001 -0.226985 -0.185846 0.956002 -0.208951 -0.201916 0.956854 -0.208951 -0.201917 0.956854 -0.208951 -0.201915 0.956854 -0.208950 -0.201914 0.956855 -0.162833 -0.188445 0.968491 -0.162831 -0.188446 0.968491 -0.175821 -0.200754 0.963735 -0.175822 -0.200752 0.963735 -0.973033 -0.090307 -0.212255 -0.973033 -0.090307 -0.212255 -0.973032 -0.090310 -0.212255 -0.973033 -0.090307 -0.212255 -0.973032 -0.090310 -0.212255 -0.973033 -0.090309 -0.212255 
						-0.973033 -0.090304 -0.212254 -0.973032 -0.090312 -0.212255 -0.973033 -0.090307 -0.212255 -0.973033 -0.090308 -0.212255 -0.973033 -0.090307 -0.212254 -0.973033 -0.090307 -0.212254 -0.973033 -0.090306 -0.212255 -0.973033 -0.090307 -0.212255 0.973032 0.090312 0.212255 0.973032 0.090313 0.212255 0.973033 0.090308 0.212255 0.973032 0.090311 0.212255 0.973032 0.090310 0.212255 0.973032 0.090309 0.212255 0.973032 0.090310 0.212255 0.973032 0.090310 0.212255 0.973032 0.090311 0.212255 0.973032 0.090310 0.212255 0.973033 0.090304 0.212254 0.973032 0.090314 0.212256 0.195684 0.164033 -0.966851 0.195684 0.164031 -0.966851 0.195684 0.164031 -0.966851 0.195684 0.164032 -0.966851 -0.973033 -0.090306 -0.212254 -0.973032 -0.090313 -0.212255 0.195687 0.164032 -0.966851 0.195687 0.164032 -0.966851 0.195687 0.164032 -0.966851 0.195687 0.164032 -0.966851 -0.195684 -0.164033 0.966851 -0.195684 -0.164033 0.966851 -0.195684 -0.164033 0.966851 -0.195684 -0.164033 0.966851 0.195687 0.164034 -0.966850 0.195687 0.164034 -0.966850 0.195687 0.164034 -0.966850 0.195687 0.164034 -0.966850 -0.973033 -0.090302 0.212254 -0.973033 -0.090303 0.212254 -0.973033 -0.090302 0.212254 -0.973033 -0.090306 0.212255 -0.100980 0.795581 -0.597372 -0.107034 0.772987 -0.625328 -0.280579 0.366700 -0.887021 -0.279820 0.358490 -0.890610 0.256965 -0.227343 -0.939300 0.185240 -0.220128 -0.957721 0.613603 0.055319 -0.787674 0.606514 0.052909 -0.793311 0.138717 0.838751 0.526549 0.138628 0.839099 0.526019 0.201945 0.970475 0.131893 0.204407 0.967383 0.149627 0.973033 0.090304 -0.212254 0.973032 0.090314 -0.212255 0.973032 0.090309 -0.212255 0.973033 0.090307 -0.212255 0.388423 0.083492 0.917691 0.167207 0.193554 0.966736 0.066615 0.293071 0.953767 0.362967 0.094802 0.926967 0.038140 0.561579 0.826543 0.010884 0.617359 0.786606 
						0.640494 0.567608 -0.517290 0.670036 0.592999 -0.446547 0.345798 0.933260 -0.097205 0.352027 0.934378 -0.054910 0.806010 0.131640 0.577078 0.812816 0.576223 0.085424 0.816784 0.575745 -0.037168 0.840136 0.125418 0.527676 0.278742 0.867427 -0.412158 0.281690 0.871361 -0.401721 -0.053323 -0.266180 -0.962447 -0.217113 -0.147824 -0.964889 -0.290021 0.024396 -0.956709 -0.336768 0.128377 -0.932795 0.973033 0.090308 -0.212255 0.973033 0.090308 -0.212255 0.973033 0.090309 -0.212255 0.973033 0.090309 -0.212255 0.973033 0.090307 -0.212254 0.973033 0.090305 -0.212254 0.973033 0.090305 -0.212254 0.973033 0.090307 -0.212255 0.973033 0.090307 -0.212255 0.973033 0.090307 -0.212255 0.973033 0.090308 -0.212254 0.973033 0.090308 -0.212255 0.973032 0.090311 -0.212255 0.973032 0.090311 -0.212255 -0.973033 -0.090304 0.212254 -0.973032 -0.090310 0.212255 -0.973032 -0.090309 0.212255 -0.973032 -0.090311 0.212255 -0.973033 -0.090308 0.212255 -0.973033 -0.090306 0.212254 -0.973033 -0.090306 0.212254 -0.973033 -0.090307 0.212254 -0.973033 -0.090307 0.212254 -0.973032 -0.090310 0.212255 -0.973032 -0.090308 0.212255 -0.973031 -0.090319 0.212257 -0.195683 -0.164033 -0.966851 -0.195683 -0.164044 -0.966849 -0.195681 -0.164085 -0.966843 -0.195682 -0.164074 -0.966845 0.973033 0.090307 -0.212255 0.973032 0.090309 -0.212255 0.195687 0.164033 0.966851 0.195687 0.164033 0.966851 0.195687 0.164032 0.966851 0.195687 0.164033 0.966851 0.195684 0.164034 0.966851 0.195684 0.164033 0.966851 0.195684 0.164033 0.966851 0.195684 0.164033 0.966851 -0.195687 -0.164034 -0.966850 -0.195687 -0.164034 -0.966850 -0.195687 -0.164034 -0.966850 -0.195687 -0.164034 -0.966850 
					</float_array>
					<technique_common>
						<accessor count="4922" offset="0" source="#meshId0-tangents-array" stride="3">
							<param name="X" type="float" />
							<param name="Y" type="float" />
							<param name="Z" type="float" />
						</accessor>
					</technique_common>
				</source>
				<source id="meshId0-bitangents" name="meshId0-bitangents">
					<float_array id="meshId0-bitangents-array" count="14766"> 
						-0.306712 0.748510 -0.587929 -0.392164 0.748791 -0.534340 -0.440631 0.823799 -0.356651 -0.348152 0.819624 -0.454979 -0.475206 0.736337 -0.481650 -0.530214 0.807348 -0.258963 -0.407199 0.838161 -0.362869 -0.491104 0.829475 -0.266061 -0.466768 0.883372 -0.042222 -0.391486 0.902237 -0.180851 -0.318065 0.828919 -0.460138 -0.310284 0.894409 -0.322113 -0.553679 0.327172 -0.765766 -0.621557 0.283314 -0.730343 -0.675220 -0.011624 -0.737525 -0.600073 0.065853 -0.797230 -0.682781 0.246704 -0.687712 -0.743715 -0.076000 -0.664163 -0.685420 -0.396483 -0.610738 -0.625051 -0.307724 -0.717368 -0.558087 -0.199418 -0.805463 -0.127475 0.714636 -0.687783 -0.218206 0.736906 -0.639810 -0.252979 0.795782 -0.550212 -0.155542 0.753545 -0.638730 -0.225127 0.801422 -0.554112 -0.224668 0.859085 -0.459889 -0.129542 0.756402 -0.641152 -0.135789 0.797109 -0.588369 -0.736974 0.218635 -0.639584 -0.805006 -0.124896 -0.579971 -0.783881 0.200026 -0.587809 -0.858589 -0.156532 -0.488182 -0.785149 -0.504334 -0.359426 -0.738869 -0.462723 -0.489857 0.056578 0.642434 -0.764249 -0.035565 0.682678 -0.729853 -0.056748 0.694652 -0.717104 0.042708 0.621449 -0.782290 -0.032425 0.695408 -0.717884 -0.044772 0.710640 -0.702130 0.065118 0.620696 -0.781342 0.047179 0.603037 -0.796317 -0.823305 0.191463 -0.534332 -0.904052 -0.169772 -0.392260 -0.855121 0.193125 -0.481114 -0.941030 -0.164170 -0.295823 -0.855560 -0.509930 -0.089381 -0.824089 -0.520165 -0.224291 -0.746666 0.593617 -0.300180 -0.693172 0.639144 -0.333178 -0.750296 0.661020 -0.010471 -0.815045 0.577434 0.047656 -0.631742 0.678953 -0.374067 -0.681163 0.727377 -0.083300 -0.630706 0.746989 0.210280 -0.688468 0.655448 0.310485 -0.746868 0.536035 0.393515 0.237010 0.543978 -0.804931 0.147747 0.595539 -0.789623 0.141661 0.536801 -0.831732 0.239342 0.444008 -0.863466 0.161993 0.535107 -0.829107 0.138840 0.478678 -0.866944 
						0.257177 0.441917 -0.859400 0.228946 0.342747 -0.911102 -0.879242 0.204870 -0.430073 -0.969233 -0.139963 -0.202479 -0.895618 0.226174 -0.383031 -0.988424 -0.098085 -0.115744 -0.895718 -0.414513 0.160836 -0.879462 -0.474241 0.040526 -0.564598 0.709319 -0.422014 -0.606394 0.777327 -0.167475 -0.490517 0.730852 -0.474604 -0.523968 0.811038 -0.260144 -0.487890 0.871950 -0.040814 -0.563133 0.821282 0.091533 0.405512 0.435202 -0.803840 0.323181 0.489790 -0.809728 0.334470 0.346735 -0.876302 0.426309 0.248766 -0.869699 0.349715 0.344693 -0.871141 0.316373 0.200904 -0.927117 0.438716 0.247129 -0.863977 0.400034 0.059004 -0.914599 -0.904217 0.256219 -0.341677 -0.998438 -0.040125 -0.038878 -0.905038 0.293876 -0.307479 -0.999178 0.031738 0.025218 -0.905008 -0.232497 0.356239 -0.904249 -0.332969 0.267329 -0.410012 0.742403 -0.529838 -0.435719 0.825997 -0.357601 -0.324454 0.742842 -0.585589 -0.343075 0.821260 -0.455886 -0.320741 0.890375 -0.323044 -0.406647 0.895476 -0.180997 0.555271 0.333131 -0.762035 0.483048 0.382288 -0.787731 0.513641 0.153964 -0.844078 0.595842 0.065977 -0.800387 0.523390 0.152904 -0.838262 0.479014 -0.077213 -0.874405 0.602999 0.065536 -0.795045 0.552523 -0.202426 -0.808543 -0.898079 0.337804 -0.281677 -0.990619 0.114806 0.074115 -0.883357 0.386461 -0.265195 -0.972793 0.206022 0.105970 -0.883001 0.010590 0.469251 -0.897937 -0.116646 0.424384 -0.235089 0.731897 -0.639579 -0.247229 0.797004 -0.551055 -0.143027 0.710002 -0.689522 -0.149167 0.754294 -0.639366 -0.139418 0.795874 -0.589193 -0.231316 0.856720 -0.461004 0.681422 0.252988 -0.686776 0.621500 0.289483 -0.727968 0.671907 -0.011798 -0.740542 0.741306 -0.076417 -0.666803 0.676881 -0.011726 -0.735999 0.619942 -0.311887 -0.719999 0.744433 -0.076022 -0.663355 0.680767 -0.401657 -0.612559 0.710544 0.601047 -0.365882 0.543675 0.635627 -0.548084 
						0.694615 0.677555 -0.241721 0.762095 0.633815 -0.132252 0.583145 0.653504 -0.482571 0.694661 0.677233 -0.242490 0.712010 0.672307 -0.202596 0.707451 0.678943 -0.196340 0.757250 0.651782 -0.041867 -0.860850 0.438220 -0.258652 -0.945762 0.302061 0.119559 -0.829032 0.494757 -0.260620 -0.906741 0.405417 0.116011 -0.828441 0.283467 0.483045 -0.860128 0.144831 0.489084 -0.049439 0.678092 -0.733312 -0.049912 0.694906 -0.717366 0.044549 0.637583 -0.769093 0.049615 0.621250 -0.782040 0.047469 0.603716 -0.795785 -0.046130 0.710357 -0.702328 0.780811 0.206048 -0.589812 0.734592 0.224833 -0.640175 0.803313 -0.125477 -0.582189 0.857491 -0.157174 -0.489903 0.805097 -0.124968 -0.579830 0.734637 -0.468639 -0.490597 0.858355 -0.156733 -0.488530 0.781271 -0.510709 -0.358877 0.137729 0.590227 -0.795401 0.148426 0.536264 -0.830898 0.228992 0.538074 -0.811196 0.245556 0.443299 -0.862084 0.231140 0.345517 -0.909501 0.140255 0.480396 -0.865764 0.851438 0.198473 -0.485450 0.819810 0.197156 -0.537626 0.903374 -0.170403 -0.393545 0.940625 -0.164760 -0.296779 0.903744 -0.170093 -0.392830 0.820486 -0.526642 -0.222376 0.940826 -0.164491 -0.296293 0.852132 -0.516196 -0.086098 0.317210 0.483336 -0.815944 0.340048 0.346001 -0.874443 0.401413 0.428292 -0.809589 0.430975 0.248159 -0.867570 0.402957 0.063602 -0.913006 0.319035 0.204666 -0.925380 0.891987 0.230852 -0.388674 0.875541 0.209844 -0.435194 0.968995 -0.140524 -0.203229 0.988273 -0.098737 -0.116482 0.969207 -0.140050 -0.202543 0.876121 -0.479982 0.045048 0.988540 -0.097614 -0.115157 0.892365 -0.419514 0.166412 0.478978 0.737545 -0.476033 0.553879 0.716529 -0.424034 0.609827 0.774761 -0.166902 0.528635 0.808298 -0.259229 0.622241 0.686261 -0.376646 0.685348 0.723487 -0.082848 0.595430 0.785390 -0.169192 0.674601 0.733390 -0.083982 0.629372 0.746481 0.216001 
						0.561102 0.822149 0.096100 0.509736 0.819231 -0.262736 0.485682 0.873343 -0.037214 0.480690 0.375169 -0.792581 0.517455 0.153554 -0.841821 0.554327 0.326043 -0.765779 0.598675 0.065806 -0.798285 0.555454 -0.196926 -0.807893 0.482018 -0.072032 -0.873195 0.901549 0.298360 -0.313354 0.900690 0.260721 -0.347538 0.998374 -0.040942 -0.039660 0.999240 0.030516 0.024241 0.998546 -0.038725 -0.037513 0.900825 -0.337054 0.273694 0.999035 0.034394 0.027322 0.901456 -0.235645 0.363110 0.311941 0.748347 -0.585380 0.397735 0.748596 -0.530482 0.441308 0.823515 -0.356471 0.349462 0.819232 -0.454681 0.419385 0.833107 -0.360623 0.404601 0.896960 -0.178215 0.325661 0.826696 -0.458823 0.319111 0.891732 -0.320908 0.621692 0.282761 -0.730442 0.673908 -0.011767 -0.738722 0.682352 0.246874 -0.688076 0.742494 -0.076267 -0.665497 0.683142 -0.396449 -0.613307 0.622656 -0.306388 -0.720018 0.879545 0.391426 -0.270529 0.894518 0.342461 -0.287328 0.990898 0.113106 0.073002 0.973442 0.203591 0.104697 0.989927 0.118953 0.076775 0.894261 -0.118888 0.431465 0.971248 0.211717 0.108876 0.879234 0.009077 0.476304 0.131098 0.714354 -0.687395 0.222654 0.736784 -0.638415 0.254103 0.795588 -0.549974 0.156312 0.753518 -0.638575 0.229565 0.800619 -0.553452 0.230283 0.857850 -0.459415 0.131959 0.756224 -0.640868 0.139107 0.796747 -0.588084 0.735942 0.219596 -0.640442 0.803872 -0.125317 -0.581451 0.782240 0.201775 -0.589397 0.857547 -0.157145 -0.489815 0.782706 -0.506975 -0.361038 0.736573 -0.464038 -0.492066 0.716295 0.688745 -0.112036 0.674984 0.526206 -0.517209 0.468243 0.454271 -0.757882 0.723863 0.689746 0.016514 0.729023 0.683813 0.030427 0.188739 -0.700361 0.688384 0.680790 -0.184763 0.708793 0.039694 0.694991 0.717922 0.239427 0.453168 0.858669 -0.446014 -0.476189 0.757836 0.268412 0.478773 0.835901 
						-0.848552 -0.521813 -0.087579 -0.817313 -0.530703 -0.224397 0.021517 -0.995893 0.087941 0.021956 -0.966468 0.255846 -0.778538 -0.513236 -0.361203 0.021006 -0.996100 -0.085692 0.821390 -0.524056 -0.225130 0.852539 -0.514975 -0.089319 -0.014479 -0.511134 -0.859379 -0.016265 -0.674862 -0.737764 -0.012433 -0.318437 -0.947863 -0.406334 0.059619 -0.911778 -0.484992 -0.075438 -0.871259 -0.732352 -0.469712 -0.492983 0.020271 -0.965222 -0.260644 -0.678911 -0.401419 -0.614771 0.019411 -0.901731 -0.431861 -0.010031 -0.103394 -0.994590 -0.007367 0.123991 -0.992256 -0.235455 0.341560 -0.909889 -0.322867 0.200493 -0.924965 -0.618482 -0.310550 -0.721831 0.018266 -0.804651 -0.593467 -0.551415 -0.200267 -0.809836 0.016919 -0.673888 -0.738640 -0.004436 0.350477 -0.936561 -0.001363 0.560963 -0.827840 -0.052994 0.601188 -0.797348 -0.145118 0.477011 -0.866834 -0.478210 -0.074557 -0.875075 0.015225 -0.510757 -0.859591 -0.399481 0.061817 -0.914655 0.013247 -0.318664 -0.947775 0.001753 0.740615 -0.671928 0.004794 0.877470 -0.479608 0.131825 0.795630 -0.591266 0.039736 0.708888 -0.704201 -0.315994 0.203547 -0.926670 0.010878 -0.103894 -0.994529 -0.228624 0.344958 -0.910349 0.008204 0.123833 -0.992269 0.007632 0.964275 -0.264793 0.010229 0.999059 -0.042144 0.309416 0.893426 -0.325655 0.222106 0.857926 -0.463284 -0.138366 0.480297 -0.866123 0.005205 0.351453 -0.936191 -0.046277 0.603994 -0.795644 0.002010 0.563574 -0.826063 0.012481 0.984510 0.174885 0.013661 0.927030 0.374738 0.472980 0.879986 -0.043756 0.392725 0.901044 -0.184084 0.738198 0.602791 -0.302832 -0.020399 0.519836 -0.854022 -0.021121 0.533738 -0.845386 0.786063 0.551154 -0.279881 -0.790815 0.546811 -0.274973 -0.021734 0.551818 -0.833682 0.825468 0.497478 -0.266682 0.046580 0.710951 -0.701697 -0.001287 0.744826 -0.667257 -0.004547 0.882366 -0.470542 -0.534863 0.840402 0.087441 
						0.002943 0.838172 0.545398 -0.607846 0.766169 0.208586 -0.047574 0.740519 0.670349 0.611944 0.745973 0.262770 0.546646 0.832169 0.093128 0.825584 0.280882 0.489403 0.856371 0.143864 0.495916 -0.022225 -0.142895 0.989488 -0.021824 0.027191 0.999392 -0.022561 -0.306195 0.951701 -0.007625 0.968157 -0.250230 -0.010461 0.999709 -0.021749 -0.022695 -0.459279 0.888002 -0.022799 -0.598951 0.800461 -0.012942 0.979563 0.200721 -0.015123 0.913910 0.405635 -0.750685 0.521312 0.405840 -0.793421 0.391163 0.466342 -0.008864 0.190657 0.981617 -0.087258 0.391157 0.916178 -0.826191 0.263607 0.497916 0.018248 0.022703 0.999576 0.827412 0.266731 0.494210 0.779507 0.394530 0.486533 0.690683 0.521063 0.501449 -0.022718 -0.722178 0.691334 -0.022606 -0.826079 0.563101 -0.016895 0.811180 0.584552 -0.018378 0.680979 0.732073 -0.854564 0.129463 0.502950 0.021757 -0.145249 0.989156 -0.876219 -0.003928 0.481898 0.022113 -0.308395 0.951001 0.879630 0.000569 0.475659 0.857615 0.133857 0.496567 -0.022308 -0.907945 0.418495 -0.021962 -0.965211 0.260550 0.684399 0.647072 -0.335999 0.755203 0.655409 -0.010388 0.812531 0.580944 0.047930 0.740796 0.671646 -0.010646 0.802600 0.594498 0.049048 0.740111 0.541932 0.398178 0.686026 0.655311 0.316126 -0.890567 -0.130912 0.435606 0.022297 -0.461788 0.886710 -0.897396 -0.246664 0.365839 0.022453 -0.601713 0.798397 0.901066 -0.241158 0.360447 0.894143 -0.125997 0.429690 -0.021418 -0.995467 0.092668 -0.020802 -0.996472 -0.081301 -0.896636 -0.346929 0.275108 0.022444 -0.724964 0.688421 -0.888238 -0.428083 0.166667 0.022410 -0.828604 0.559387 0.892047 -0.421567 0.162895 0.900367 -0.340875 0.270449 -0.019949 -0.966226 -0.256923 -0.018972 -0.903081 -0.429051 -0.872211 -0.487118 0.044330 0.022201 -0.909938 0.414151 0.876096 -0.480342 0.041561 -0.017717 -0.805994 -0.591658 
						-0.590427 0.383175 0.710333 -0.575913 0.071433 0.814384 -0.447305 0.226314 0.865275 -0.502635 0.477552 0.720626 0.568639 0.064149 0.820082 0.555035 0.331444 0.762943 0.444154 0.399056 0.802173 0.480936 0.223541 0.847780 0.180479 0.685323 0.705521 0.277311 0.662073 0.696245 -0.149582 0.681542 0.716328 -0.223442 0.756452 0.614698 -0.128818 0.605808 0.785113 -0.690849 0.648756 0.319129 0.542771 0.650688 0.531041 -0.361796 0.709480 0.604766 -0.368460 0.722364 0.585173 -0.050981 0.850610 0.523319 -0.113389 0.802973 0.585130 0.075005 0.785473 0.614334 -0.400012 0.429948 -0.809404 -0.479621 0.376680 -0.792512 -0.518938 0.153531 -0.840911 -0.432533 0.248093 -0.866813 -0.555859 0.710489 -0.431540 -0.614724 0.771050 -0.166124 -0.629979 0.675803 -0.382644 -0.688475 0.720551 -0.082518 -0.568547 0.804197 -0.173265 -0.644760 0.759422 -0.086970 -0.227358 0.539312 -0.810834 -0.315612 0.484896 -0.815638 -0.341692 0.345917 -0.873835 -0.247305 0.443221 -0.861624 -0.043577 0.637759 -0.769002 -0.136291 0.590975 -0.795093 -0.150357 0.536219 -0.830580 -0.051874 0.621279 -0.781871 -0.729289 0.613369 -0.303177 -0.778847 0.558121 -0.286181 -0.865264 0.493170 0.090009 -0.808999 0.585818 0.048347 -0.819987 0.501553 -0.275800 -0.910159 0.398273 0.113968 -0.871338 0.482710 0.088100 -0.912865 0.392508 0.112318 -0.817119 0.574516 0.047414 0.142053 0.709286 -0.690459 0.049609 0.677734 -0.733632 0.047091 0.695084 -0.717385 0.145470 0.754780 -0.639645 -0.851656 0.447326 -0.273096 -0.946167 0.300961 0.119124 -0.874918 0.395175 -0.279921 -0.973282 0.204184 0.105026 -0.947359 0.297701 0.117834 -0.973699 0.202609 0.104215 0.320447 0.742442 -0.588297 0.232677 0.731138 -0.641326 0.242266 0.798083 -0.551698 0.336504 0.823369 -0.456978 -0.890130 0.346156 -0.296385 -0.991019 0.112344 0.072526 -0.897339 0.302042 -0.321797 
						-0.999315 0.028983 0.023029 -0.991146 0.111548 0.072012 -0.999343 0.028368 0.022541 0.481501 0.731840 -0.482252 0.404246 0.742912 -0.533543 0.427749 0.829518 -0.359070 0.514358 0.815905 -0.264074 -0.896654 0.264315 -0.355174 -0.998216 -0.042874 -0.041542 -0.888162 0.234283 -0.395322 -0.987807 -0.100649 -0.118770 -0.998160 -0.043549 -0.042195 -0.987630 -0.101373 -0.119624 0.549763 0.700216 -0.455477 0.598382 0.779784 -0.184055 0.670025 0.730134 -0.134054 -0.871977 0.212949 -0.440805 -0.968219 -0.142213 -0.205737 -0.848190 0.201100 -0.490033 -0.939605 -0.166079 -0.299265 -0.967915 -0.142879 -0.206701 -0.939266 -0.166530 -0.300077 -0.673335 0.660883 -0.331441 -0.738196 0.674502 -0.010685 -0.739567 0.672998 -0.010662 -0.816913 0.199151 -0.541287 -0.902193 -0.171326 -0.395849 -0.778277 0.207298 -0.592716 -0.856249 -0.157722 -0.491895 -0.902011 -0.171476 -0.396197 -0.856524 -0.157582 -0.491461 0.824979 0.494807 -0.273087 0.782902 0.545161 -0.299774 0.871144 0.481402 0.096745 0.911999 0.394097 0.113781 0.815695 0.572519 0.082847 -0.732411 0.225286 -0.642511 -0.802105 -0.125719 -0.583800 -0.679547 0.252650 -0.688756 -0.740205 -0.076440 -0.668023 -0.803234 -0.125399 -0.582315 -0.742603 -0.076139 -0.665390 0.715820 0.661573 0.223433 0.697886 0.710009 0.094033 0.746785 0.629597 0.214289 0.739758 0.655421 0.152254 0.722369 0.667148 0.181925 0.879210 0.388970 -0.275121 0.856651 0.440292 -0.268873 0.946991 0.298720 0.118212 0.973681 0.202684 0.104231 -0.619885 0.288443 -0.729756 -0.670990 -0.011683 -0.741375 -0.553830 0.331522 -0.763784 -0.595128 0.066157 -0.800903 -0.675141 -0.011624 -0.737597 -0.601397 0.065772 -0.796238 0.901042 0.297128 -0.315973 0.893988 0.340725 -0.291017 0.991109 0.111787 0.072150 0.999310 0.029081 0.023103 -0.481722 0.380299 -0.789504 -0.513193 0.154153 -0.844316 -0.404201 0.433038 -0.805667 
						-0.426059 0.248940 -0.869771 -0.521975 0.153199 -0.839090 -0.437531 0.247429 -0.864492 0.279584 0.761975 0.584145 0.393358 0.641305 0.658785 0.281737 0.670880 0.685962 0.297272 0.560792 0.772750 0.892040 0.229681 -0.389245 0.900383 0.259675 -0.349113 0.998256 -0.042401 -0.041073 0.987979 -0.099960 -0.117925 -0.321827 0.487674 -0.811543 -0.334454 0.346874 -0.876253 -0.235472 0.542090 -0.806654 -0.239410 0.444129 -0.863385 -0.348766 0.344959 -0.871416 -0.256439 0.442135 -0.859509 0.531713 0.221805 0.817364 0.577515 0.331492 0.746050 0.695533 0.212012 0.686502 0.514415 0.230729 0.825919 0.516145 0.492510 0.700734 0.651367 0.462709 0.601349 0.737087 0.587500 0.333986 0.889285 0.248950 0.383661 0.784417 0.260957 0.562664 0.564701 0.270128 0.779836 0.359779 0.264067 0.894890 0.852356 0.196128 -0.484791 0.876020 0.208229 -0.435006 0.968576 -0.141452 -0.204575 0.940213 -0.165312 -0.297776 -0.145960 0.594042 -0.791081 -0.141783 0.536906 -0.831643 -0.054326 0.641382 -0.765296 -0.042643 0.621551 -0.782212 -0.161358 0.535278 -0.829121 -0.064363 0.620827 -0.781301 -0.863731 0.495764 0.090481 -0.791691 0.412631 0.450512 0.449349 0.612269 -0.650548 0.750456 0.657709 -0.065081 -0.528900 0.423279 0.735595 0.417586 0.511479 0.751007 -0.013193 0.838837 0.544223 0.821073 0.193911 -0.536878 0.903110 -0.170624 -0.394055 0.038403 0.682072 -0.730276 0.057085 0.694722 -0.717010 0.033696 0.695462 -0.717773 0.856574 0.443651 -0.263543 0.946943 0.298851 0.118263 0.911422 0.395600 0.113179 0.943079 0.309235 0.122372 0.905480 0.408019 0.116732 0.756565 0.650465 0.067112 0.718117 0.559960 0.413223 0.532154 0.514376 0.672480 0.289273 0.770229 0.568391 -0.046323 0.855210 0.516207 -0.309151 0.765214 0.564689 -0.002091 0.681102 -0.732186 0.001100 0.649366 -0.760475 0.004241 0.617456 -0.786594 
						0.007208 0.587455 -0.809225 0.009950 0.561207 -0.827615 0.012360 0.540063 -0.841534 0.011499 0.522477 -0.852576 -0.012213 0.511173 -0.859391 -0.086839 0.524575 -0.846924 0.449861 0.644583 0.618173 0.461622 0.618955 0.635453 -0.124197 0.604528 -0.786843 -0.058290 0.566214 -0.822195 0.417178 0.527888 0.739795 0.167809 0.572179 0.802777 -0.000776 0.553182 -0.833060 0.019111 0.558688 -0.829158 0.021812 0.576115 -0.817078 0.022174 0.597393 -0.801642 0.022342 0.619792 -0.784448 0.022467 0.642640 -0.765839 0.022414 0.665327 -0.746216 0.022327 0.687329 -0.726003 0.022056 0.708133 -0.705735 0.021738 0.727312 -0.685963 0.021226 0.744418 -0.667377 0.020639 0.759086 -0.650663 0.019825 0.770882 -0.636670 0.018888 0.779438 -0.626195 0.017673 0.784272 -0.620166 0.016266 0.784960 -0.619333 0.014520 0.780912 -0.624473 0.012510 0.771673 -0.635897 0.010130 0.756741 -0.653636 0.007461 0.735976 -0.676967 0.004491 0.709587 -0.704604 0.001340 0.678561 -0.734543 -0.001896 0.644541 -0.764567 -0.005081 0.609836 -0.792512 -0.008068 0.576947 -0.816742 -0.010808 0.548193 -0.836282 -0.013184 0.525388 -0.850761 -0.015251 0.509725 -0.860202 -0.016921 0.502443 -0.864445 -0.018337 0.502786 -0.864217 -0.019451 0.536369 0.843759 -0.020478 0.371025 0.928397 0.866836 0.490494 0.089501 0.858482 0.504513 0.092059 0.786787 0.415343 0.456570 -0.022133 0.572890 -0.819333 -0.022484 0.595833 -0.802794 -0.022651 0.619688 -0.784521 -0.022787 0.643724 -0.764919 -0.022741 0.667312 -0.744431 -0.022680 0.689933 -0.723518 -0.022439 0.711096 -0.702737 -0.022158 0.730398 -0.682663 -0.021682 0.747425 -0.663992 -0.021134 0.761835 -0.647426 -0.020349 0.773231 -0.633798 -0.019441 0.781286 -0.623870 -0.018251 0.785551 -0.618528 -0.016868 0.785653 -0.618437 -0.015143 0.781090 -0.624234 -0.013151 0.771468 -0.636133 -0.010787 0.756432 -0.653984 
						-0.008144 0.735991 -0.676942 -0.005201 0.710509 -0.703669 0.704521 0.703338 -0.094688 0.776024 0.628126 0.056964 0.474315 0.176228 0.862536 0.515159 0.240302 0.822719 0.446576 0.199375 0.872250 0.413752 0.119527 0.902509 0.417821 0.200842 0.886052 0.539097 0.232230 0.809595 0.323090 0.190560 0.926984 0.375233 0.116526 0.919577 0.368183 0.153971 0.916916 0.460762 0.117440 0.879719 0.474977 0.147200 0.867600 0.724309 0.481954 0.493048 0.740366 0.255088 0.621924 0.637449 0.170707 0.751344 0.742339 0.365293 0.561688 0.754294 0.159042 0.636983 0.655818 0.123044 0.744824 0.554164 0.074534 0.829064 0.502430 0.033800 0.863957 0.331191 0.018124 0.943390 0.490681 0.123184 0.862588 0.666719 0.252396 0.701272 0.337189 0.719736 0.606863 0.381037 0.629033 0.677590 0.137367 0.821916 0.552796 0.109906 0.929557 0.351915 0.410776 0.862295 0.296160 -0.025387 0.823106 0.567319 0.042772 0.746290 0.664245 0.336305 0.704289 0.625201 -0.000965 0.833710 0.552202 0.258791 0.827599 0.498104 0.260000 0.923663 0.281506 0.623690 0.633554 0.457843 0.856685 0.412165 0.310179 0.705949 0.547377 0.449460 0.576644 0.699013 0.422922 0.489650 0.843689 0.220073 0.757994 0.610027 0.230894 0.655222 0.577218 0.487343 0.278436 0.610448 0.741503 0.177086 0.693845 0.698011 0.355136 0.635759 0.685338 0.316802 0.674056 0.667297 0.447429 0.019788 0.894101 0.328573 0.024423 0.944163 0.560421 0.043385 0.827070 0.525665 0.154833 0.836482 0.439574 0.116802 0.890580 0.446533 0.101560 0.888985 0.422313 0.095485 0.901407 0.408011 0.104201 0.907011 0.262581 0.150450 0.953109 0.266603 0.162975 0.949927 0.159289 0.079844 0.983998 0.145957 0.070221 0.986796 0.241569 0.177974 0.953923 0.138989 0.097475 0.985485 0.000000 0.000000 1.000000 0.000000 0.000000 1.000000 
						0.000000 -0.000000 1.000000 0.722928 0.272445 0.634940 0.419524 0.219238 0.880871 0.232359 0.145983 0.961612 0.199039 0.149477 0.968525 0.095329 0.075681 0.992565 0.318278 0.147336 0.936478 0.296222 0.146570 0.943806 0.164939 0.075015 0.983447 0.197517 0.076952 0.977274 -0.000000 0.000000 1.000000 0.000000 -0.000000 1.000000 0.000000 -0.000000 1.000000 0.288854 0.155415 0.944674 0.158000 0.073623 0.984691 0.276376 0.159227 0.947767 0.155621 0.075986 0.984890 0.000000 0.000000 1.000000 -0.000000 -0.000000 1.000000 0.263178 0.156119 0.952031 0.144621 0.077775 0.986426 -0.000000 -0.000000 1.000000 0.864439 0.366660 0.343956 0.948672 0.188026 0.254300 0.836523 0.228013 0.498236 0.919627 0.107123 0.377902 0.802574 0.117883 0.584790 0.452986 0.150763 0.878678 0.448912 0.151141 0.880701 0.476099 0.128804 0.869907 0.457018 0.177065 0.871655 0.445362 0.199761 0.872782 0.444739 0.193719 0.874460 0.423338 0.238177 0.874103 0.425652 0.231863 0.874677 0.424233 0.223198 0.877616 0.393914 0.256439 0.882650 0.401504 0.260782 0.877945 0.408046 0.256507 0.876187 0.385147 0.266275 0.883606 0.396135 0.264237 0.879350 0.371801 0.271404 0.887752 0.355461 0.259943 0.897818 0.370097 0.252091 0.894135 0.387749 0.257133 0.885174 0.337784 0.218179 0.915587 0.356614 0.224674 0.906834 0.329272 0.217635 0.918812 0.267984 0.112118 0.956877 0.395279 0.107146 0.912290 0.436771 0.137267 0.889038 0.412987 0.134691 0.900722 0.433346 0.183083 0.882435 0.416898 0.182611 0.890421 0.420401 0.225191 0.878949 0.410643 0.224892 0.883627 0.411628 0.253480 0.875392 0.407497 0.252648 0.877562 0.408835 0.263006 0.873889 0.409689 0.259631 0.874498 0.406145 0.252024 0.878368 0.407087 0.244159 0.880152 0.375480 0.216667 0.901149 0.377048 0.205093 0.903201 
						0.405959 0.174430 0.897090 0.361881 0.135933 0.922260 0.441492 0.119537 0.889267 0.509135 0.162903 0.845130 0.507740 0.147564 0.848778 0.392491 0.172584 0.903419 0.405749 0.207781 0.890054 0.496862 0.198632 0.844792 0.499067 0.177975 0.848090 0.459315 0.233352 0.857074 0.463658 0.214865 0.859566 0.404967 0.239083 0.882520 0.405216 0.256200 0.877589 0.413374 0.255359 0.874022 0.419315 0.246621 0.873701 0.369168 0.259735 0.892330 0.378476 0.264014 0.887160 0.409726 0.255742 0.875626 0.410252 0.237287 0.880561 0.326695 0.244454 0.912969 0.342455 0.260575 0.902677 0.275475 0.208245 0.938482 0.303336 0.232443 0.924098 0.386585 0.201796 0.899906 0.258105 0.714223 0.650591 0.183718 0.728926 0.659480 0.266627 0.717843 0.643126 0.768483 0.504770 0.393244 0.599425 0.656302 0.458210 0.657180 0.583480 0.477143 0.501827 0.133988 0.854527 0.488223 0.169082 0.856183 0.448947 0.209583 0.868632 0.407079 0.244329 0.880108 0.372779 0.263576 0.889698 0.346236 0.259221 0.901624 0.319394 0.226089 0.920256 0.695547 0.329795 0.638318 0.709235 0.424344 0.562955 0.472071 0.511847 0.717748 0.746591 0.134594 0.651526 0.690302 0.081666 0.718897 0.909612 0.314430 0.271551 0.730287 0.204521 0.651807 0.854049 0.469648 0.223677 -0.021201 0.200194 0.979527 -0.019420 0.510382 -0.859729 -0.299850 -0.895594 -0.328636 -0.341241 -0.821843 -0.456211 -0.427894 -0.829434 -0.359091 -0.382371 -0.904910 -0.186894 -0.329459 -0.825510 -0.458246 -0.314831 -0.743654 -0.589797 -0.399556 -0.743631 -0.536067 -0.423843 -0.831183 -0.359849 -0.481392 -0.731273 -0.483220 -0.515574 -0.815900 -0.261706 -0.508820 -0.819736 -0.262937 -0.459073 -0.887133 -0.047404 -0.551795 0.195993 -0.810623 -0.601649 -0.065756 -0.796049 -0.676466 0.011606 -0.736383 -0.620165 0.305489 -0.722545 -0.558508 -0.329114 -0.761415 
						-0.625336 -0.285170 -0.726384 -0.685609 -0.248447 -0.684262 -0.744702 0.075875 -0.663070 -0.681844 0.395321 -0.615475 -0.123374 -0.794709 -0.594320 -0.156188 -0.753467 -0.638665 -0.250306 -0.796354 -0.550607 -0.213101 -0.858519 -0.466404 -0.134061 -0.755943 -0.640763 -0.136728 -0.710531 -0.690255 -0.226977 -0.732398 -0.641930 -0.232663 -0.799965 -0.553104 -0.805807 0.124667 -0.578906 -0.736447 0.462399 -0.493796 -0.738989 -0.220227 -0.636706 -0.785234 -0.201430 -0.585519 -0.859252 0.156192 -0.487124 -0.783675 0.504538 -0.362346 0.060083 -0.597556 -0.799573 0.037604 -0.621577 -0.782450 -0.059873 -0.694525 -0.716973 -0.031891 -0.706533 -0.706962 0.064741 -0.620712 -0.781362 0.047102 -0.639181 -0.767612 -0.045067 -0.679003 -0.732751 -0.034667 -0.695355 -0.717829 -0.904610 0.169302 -0.391176 -0.823328 0.520571 -0.226134 -0.824151 -0.192648 -0.532599 -0.855609 -0.194086 -0.479858 -0.941487 0.163550 -0.294709 -0.855275 0.510256 -0.090241 -0.742764 -0.542701 0.392144 -0.806447 -0.589303 0.048635 -0.749427 -0.662004 -0.010487 -0.692089 -0.650782 0.312243 -0.743388 -0.598693 -0.298231 -0.689997 -0.643300 -0.331766 -0.628079 -0.683026 -0.372817 -0.680411 -0.728072 -0.083379 -0.634959 -0.742668 0.212770 0.240568 -0.336100 -0.910584 0.231770 -0.444847 -0.865098 0.135168 -0.537292 -0.832494 0.151299 -0.472328 -0.868340 0.259364 -0.441650 -0.858881 0.228401 -0.541414 -0.809138 0.138569 -0.592663 -0.793441 0.162982 -0.535018 -0.828971 -0.969582 0.139177 -0.201346 -0.879438 0.474293 0.040434 -0.879494 -0.205620 -0.429198 -0.895732 -0.226762 -0.382418 -0.988647 0.097141 -0.114631 -0.895780 0.414231 0.161214 -0.604822 -0.778497 -0.167729 -0.569200 -0.816642 0.095428 -0.559737 -0.713941 -0.420694 -0.484462 -0.735772 -0.473219 -0.522026 -0.812172 -0.260511 -0.495581 -0.867827 -0.035724 0.409090 -0.053370 -0.910932 0.417953 -0.249837 -0.873439 0.326367 -0.347780 -0.878939 
						0.326818 -0.194532 -0.924850 0.442302 -0.246647 -0.862284 0.398662 -0.433043 -0.808419 0.315353 -0.487458 -0.814210 0.352636 -0.344291 -0.870122 -0.998521 0.039041 -0.037829 -0.904287 0.332423 0.267880 -0.904251 -0.256727 -0.341206 -0.905014 -0.294412 -0.307038 -0.999116 -0.032910 0.026151 -0.904981 0.231893 0.356701 -0.433387 -0.827029 -0.358049 -0.415813 -0.892449 -0.175028 -0.402816 -0.747394 -0.528339 -0.316246 -0.747697 -0.583899 -0.340319 -0.822136 -0.456372 -0.331135 -0.888863 -0.316657 0.558613 0.205808 -0.803489 0.588317 -0.066432 -0.805897 0.505568 -0.154823 -0.848782 0.486580 0.081793 -0.869799 0.606961 -0.065290 -0.792045 0.550595 -0.331203 -0.766257 0.477239 -0.380243 -0.792249 0.527176 -0.152485 -0.835963 -0.990419 -0.116022 0.074902 -0.897884 0.116263 0.424601 -0.897978 -0.338486 -0.281180 -0.883120 -0.387428 -0.264572 -0.972467 -0.207232 0.106595 -0.883035 -0.010443 0.469191 -0.244077 -0.797661 -0.551510 -0.242678 -0.856942 -0.454705 -0.226047 -0.736459 -0.637598 -0.133416 -0.714157 -0.687153 -0.145722 -0.754687 -0.639697 -0.151430 -0.797860 -0.583513 0.684249 0.402817 -0.607900 0.735904 0.077091 -0.672683 0.665354 0.011891 -0.746433 0.624649 0.314087 -0.714956 0.747886 0.075581 -0.659510 0.678816 -0.251354 -0.689949 0.617873 -0.287663 -0.731767 0.680588 0.011670 -0.732574 0.692400 -0.518114 0.502136 0.735746 -0.643004 0.212658 0.706838 -0.672206 0.220272 0.545878 -0.645489 0.534193 0.735383 -0.660358 0.152112 0.718851 -0.671203 0.180940 0.723250 -0.690393 0.016331 0.686327 -0.721709 0.089952 0.613670 -0.744049 0.264196 -0.945320 -0.303253 0.120033 -0.860417 -0.143887 0.488854 -0.860380 -0.439602 -0.257868 -0.831087 -0.490044 -0.262968 -0.911813 -0.394762 0.112964 -0.830748 -0.277605 0.482486 -0.046291 -0.695028 -0.717491 -0.058471 -0.713958 -0.697743 -0.039549 -0.681790 -0.730478 0.054386 -0.640822 -0.765760 
						0.053264 -0.621133 -0.781893 0.035144 -0.608626 -0.792679 0.782905 0.510489 -0.355613 0.854751 0.158560 -0.494227 0.799243 0.126625 -0.587518 0.737090 0.468983 -0.486574 0.860669 0.155544 -0.484825 0.779761 -0.204950 -0.591581 0.732819 -0.223413 -0.642700 0.807957 0.124145 -0.576015 0.151946 -0.535973 -0.830449 0.128282 -0.486192 -0.864385 0.147218 -0.593062 -0.791583 0.237848 -0.540581 -0.806970 0.248823 -0.442918 -0.861343 0.219843 -0.351706 -0.909930 0.852719 0.515522 -0.084300 0.940109 0.165453 -0.298027 0.901858 0.171667 -0.396462 0.821505 0.526099 -0.219888 0.941789 0.163187 -0.293944 0.851249 -0.198101 -0.485933 0.819259 -0.196382 -0.538747 0.905327 0.168760 -0.389748 0.342953 -0.345612 -0.873462 0.308712 -0.210736 -0.927517 0.325208 -0.485601 -0.811438 0.408407 -0.430397 -0.804961 0.433468 -0.247831 -0.866421 0.393821 -0.069103 -0.916586 0.892505 0.418875 0.167272 0.988688 0.096984 -0.114413 0.969136 0.140209 -0.202774 0.876428 0.479303 0.046291 0.988550 0.097569 -0.115103 0.892040 -0.231133 -0.388384 0.875523 -0.209793 -0.435254 0.969573 0.139229 -0.201356 0.477974 -0.877352 -0.042355 0.527653 -0.808879 -0.259416 0.609592 -0.774938 -0.166939 0.554990 -0.826739 0.092135 0.514748 -0.816384 -0.261823 0.484891 -0.732749 -0.477452 0.558682 -0.711980 -0.425393 0.598661 -0.783039 -0.168684 0.626157 -0.681926 -0.378027 0.676618 -0.731554 -0.083770 0.684685 -0.724107 -0.082917 0.624802 -0.751086 0.213288 0.519533 -0.153328 -0.840581 0.474230 0.067453 -0.877813 0.486582 -0.377165 -0.788025 0.559115 -0.327959 -0.761468 0.600364 -0.065701 -0.797024 0.549089 0.193481 -0.813060 0.901422 0.234943 0.363647 0.998964 -0.035626 0.028301 0.998631 0.037569 -0.036393 0.900865 0.336433 0.274326 0.999181 -0.031685 0.025171 0.901527 -0.298837 -0.312962 0.900716 -0.261137 -0.347156 0.998451 0.039961 -0.038709 
						0.308460 -0.893093 -0.327470 0.349310 -0.819282 -0.454708 0.440468 -0.823893 -0.356634 0.395344 -0.899859 -0.184273 0.330853 -0.825119 -0.457947 0.319997 -0.743567 -0.587120 0.404833 -0.743672 -0.532036 0.424959 -0.830725 -0.359592 0.675258 0.011748 -0.737488 0.617706 0.304127 -0.725221 0.625438 -0.284598 -0.726520 0.685150 -0.248600 -0.684666 0.743576 0.076130 -0.664303 0.679512 0.395264 -0.618085 0.878944 -0.010366 0.476812 0.971347 -0.211355 0.108690 0.989804 -0.119675 0.077241 0.894134 0.117979 0.431978 0.972867 -0.205754 0.105810 0.879552 -0.391399 -0.270547 0.894477 -0.342738 -0.287125 0.990665 -0.114538 0.073925 0.126514 -0.794445 -0.594014 0.158883 -0.753206 -0.638308 0.255170 -0.795358 -0.549812 0.218489 -0.857411 -0.465949 0.134647 -0.755950 -0.640633 0.140467 -0.710256 -0.689787 0.231496 -0.732290 -0.640438 0.233685 -0.799813 -0.552892 0.804746 0.125068 -0.580294 0.734107 0.463700 -0.496053 0.737929 -0.221173 -0.637608 0.783573 -0.203166 -0.587143 0.858261 0.156780 -0.488680 0.781194 0.507176 -0.364017 0.723744 -0.689742 0.021220 0.666502 -0.531677 -0.522584 0.712637 -0.692432 -0.112637 0.446011 0.476188 0.757839 -0.268413 -0.478773 0.835901 -0.239419 -0.453174 0.858669 -0.188745 0.700360 0.688383 -0.039686 -0.694991 0.717922 -0.680774 0.184788 0.708802 0.461398 -0.461113 -0.757949 0.709738 -0.674709 -0.202581 -0.847995 -0.200718 -0.490526 0.021738 -0.727311 -0.685964 0.021227 -0.744421 -0.667373 -0.816364 -0.198378 -0.542399 0.852835 -0.197070 -0.483566 0.821907 -0.195083 -0.535174 0.020638 -0.759087 -0.650662 -0.777228 -0.206198 -0.594473 -0.016867 -0.785657 -0.618432 -0.015140 -0.781085 -0.624241 -0.485551 -0.378710 -0.787921 -0.407027 -0.432093 -0.804751 -0.013149 -0.771473 -0.636127 0.019826 -0.770881 -0.636671 -0.730651 -0.223877 -0.645003 0.018889 -0.779436 -0.626197 -0.676945 -0.251022 -0.691905 
						-0.010786 -0.756437 -0.653978 -0.323621 -0.487212 -0.811107 -0.236192 -0.541875 -0.806588 -0.008142 -0.735989 -0.676944 0.017673 -0.784276 -0.620160 -0.616273 -0.286637 -0.733517 0.016265 -0.784954 -0.619340 -0.549152 -0.329603 -0.767981 -0.005201 -0.710514 -0.703664 -0.145712 -0.593866 -0.791259 -0.053304 -0.641047 -0.765649 -0.002091 -0.681105 -0.732182 0.014520 -0.780908 -0.624477 -0.475920 -0.378274 -0.793983 0.012511 -0.771685 -0.635882 -0.397333 -0.430901 -0.810216 0.001099 -0.649374 -0.760468 0.039890 -0.681455 -0.730772 0.132649 -0.713432 -0.688054 0.004242 -0.617455 -0.786595 0.010129 -0.756733 -0.653646 -0.313971 -0.485373 -0.815987 0.007462 -0.735968 -0.676975 -0.226813 -0.539561 -0.810821 0.007208 -0.587458 -0.809222 0.223842 -0.735663 -0.639293 0.312390 -0.747253 -0.586536 0.009949 -0.561203 -0.827619 0.004491 -0.709583 -0.704608 -0.136698 -0.591196 -0.794859 0.001339 -0.678556 -0.734547 -0.044755 -0.638158 -0.768604 0.012360 -0.540068 -0.841531 0.397173 -0.747840 -0.531967 0.475667 -0.736586 -0.480814 0.011498 -0.522484 -0.852571 0.737659 -0.545879 0.397335 0.785117 -0.418706 0.456374 -0.021202 -0.200192 0.979527 -0.020481 -0.371019 0.928399 0.824580 -0.283423 0.489632 -0.021823 -0.027196 0.999392 -0.790195 -0.415656 0.450357 -0.001895 -0.644545 -0.764564 0.048026 -0.678414 -0.733108 -0.005080 -0.609844 -0.792505 -0.012214 -0.511171 -0.859392 -0.559825 -0.706656 -0.432705 0.544592 -0.705244 -0.453927 0.583038 -0.653633 -0.482525 -0.086839 -0.524577 -0.846923 -0.631025 -0.674614 -0.383017 0.826016 -0.496228 -0.267311 -0.021731 -0.551820 -0.833680 -0.022130 -0.572892 -0.819332 0.856770 -0.443078 -0.263871 -0.022483 -0.595834 -0.802793 -0.008068 -0.576947 -0.816742 -0.010807 -0.548186 -0.836287 -0.022651 -0.619688 -0.784521 -0.022787 -0.643726 -0.764917 -0.013184 -0.525388 -0.850760 -0.015254 -0.509730 -0.860199 -0.731872 -0.609504 -0.304742 
						-0.058290 -0.566214 -0.822194 -0.000776 -0.553185 -0.833058 -0.779709 -0.556547 -0.286897 0.712077 -0.598430 -0.367189 0.780794 -0.549218 -0.297859 0.824627 -0.495619 -0.272676 0.019110 -0.558690 -0.829157 -0.820315 -0.500806 -0.276182 -0.022743 -0.667314 -0.744430 -0.022680 -0.689934 -0.723517 -0.016923 -0.502452 -0.864440 -0.018338 -0.502787 -0.864216 0.021813 -0.576116 -0.817077 -0.851814 -0.446862 -0.273363 0.856182 -0.441686 -0.268079 0.879013 -0.389787 -0.274594 0.022175 -0.597396 -0.801640 -0.874925 -0.395144 -0.279941 -0.022439 -0.711097 -0.702736 -0.022159 -0.730400 -0.682660 0.749441 -0.661988 -0.010491 0.683050 -0.659118 0.314652 0.686419 -0.644449 -0.336918 0.747860 -0.663773 -0.010520 0.740113 -0.599854 -0.303987 0.809110 -0.585668 0.048321 0.808585 -0.586387 0.048381 0.022343 -0.619794 -0.784446 -0.890090 -0.346429 -0.296187 0.893905 -0.341303 -0.290597 0.901022 -0.297594 -0.315590 0.022469 -0.642641 -0.765838 -0.897321 -0.302466 -0.321449 -0.021682 -0.747426 -0.663991 -0.021134 -0.761840 -0.647421 0.022414 -0.665328 -0.746215 -0.896681 -0.264698 -0.354821 0.900416 -0.260149 -0.348675 0.892149 -0.230245 -0.388661 0.022325 -0.687331 -0.726001 -0.888209 -0.234522 -0.395075 -0.020349 -0.773234 -0.633795 -0.019441 -0.781286 -0.623871 0.022053 -0.708135 -0.705733 -0.871955 -0.212884 -0.440879 0.876267 -0.208961 -0.434157 -0.018251 -0.785552 -0.618527 0.590437 -0.383182 0.710321 0.502639 -0.477555 0.720621 0.447313 -0.226315 0.865271 0.575901 -0.071432 0.814393 0.223439 -0.756452 0.614699 0.149588 -0.681542 0.716326 -0.480933 -0.223540 0.847781 -0.277295 -0.662077 0.696248 -0.180491 -0.685330 0.705511 -0.444166 -0.399069 0.802160 -0.568637 -0.064146 0.820083 -0.555047 -0.331455 0.762929 -0.678200 -0.654762 -0.333664 -0.124198 -0.604532 -0.786839 0.546671 -0.630519 -0.550996 0.050976 -0.850612 0.523318 0.368456 -0.722372 0.585165 
						0.361791 -0.709495 0.604751 -0.075007 -0.785472 0.614335 0.113388 -0.802968 0.585137 -0.397276 -0.065140 -0.915385 -0.434933 -0.247775 -0.865702 -0.520907 -0.153316 -0.839732 -0.477282 0.070865 -0.875888 -0.583151 -0.794141 -0.171099 -0.528608 -0.844762 0.083367 -0.603041 -0.779817 -0.168012 -0.680729 -0.727778 -0.083346 -0.660665 -0.745806 -0.085410 -0.603362 -0.770421 0.205926 -0.224231 -0.347829 -0.910349 -0.250533 -0.442841 -0.860886 -0.344528 -0.345534 -0.872873 -0.312615 -0.206615 -0.927137 -0.040735 -0.606227 -0.794248 -0.055571 -0.621155 -0.781715 -0.153886 -0.535924 -0.830123 -0.133215 -0.482914 -0.865476 -0.747686 -0.526402 0.404803 -0.822321 -0.567095 0.046802 -0.873566 -0.478797 0.087387 -0.791711 -0.394830 0.466158 -0.801373 -0.596138 0.049199 -0.860122 -0.501799 0.091585 -0.907889 -0.403033 0.115331 -0.914195 -0.389636 0.111497 -0.825425 -0.265640 0.498105 0.143746 -0.797770 -0.585577 0.141892 -0.755176 -0.639981 0.043377 -0.695201 -0.717505 0.051991 -0.712628 -0.699613 -0.947891 -0.296234 0.117253 -0.854140 -0.130906 0.503298 -0.945254 -0.303432 0.120102 -0.972819 -0.205925 0.105920 -0.973745 -0.202434 0.104124 -0.875994 0.002879 0.482314 0.319847 -0.892090 -0.319176 0.333590 -0.824275 -0.457480 0.238976 -0.798754 -0.552161 0.233386 -0.858320 -0.456967 -0.991027 -0.112296 0.072494 -0.890464 0.130132 0.436051 -0.990816 -0.113600 0.073336 -0.999266 -0.030001 0.023838 -0.999289 -0.029529 0.023463 -0.897370 0.246031 0.366327 0.481153 -0.875802 -0.038237 0.512278 -0.817089 -0.264457 0.424780 -0.830802 -0.359626 0.402530 -0.898008 -0.177628 -0.998247 0.042506 -0.041185 -0.896679 0.346341 0.275708 -0.998294 0.041933 -0.040630 -0.988078 0.099531 -0.117451 -0.987757 0.100854 -0.119012 -0.888380 0.427460 0.167509 0.660830 -0.738196 -0.135534 0.596830 -0.780910 -0.184321 0.552176 -0.828064 0.097018 -0.967803 0.143125 -0.207057 
						-0.872522 0.486446 0.045566 -0.968800 0.140927 -0.203878 -0.940766 0.164525 -0.296465 -0.938496 0.167549 -0.301915 -0.849145 0.521147 -0.085782 -0.750070 -0.661275 -0.010476 -0.686324 -0.654635 0.316879 -0.737913 -0.674811 -0.010690 -0.900067 0.173080 -0.399904 -0.818337 0.530171 -0.221908 -0.904150 0.169689 -0.392070 -0.859419 0.156106 -0.486857 -0.852865 0.159422 -0.497199 -0.780181 0.513027 -0.357940 0.827662 -0.266073 0.494146 0.911387 -0.395400 0.114157 0.867938 -0.486937 0.097858 0.780268 -0.392929 0.486610 0.826622 -0.556957 0.080595 -0.797333 0.127058 -0.590014 -0.734812 0.470068 -0.488965 -0.806747 0.124397 -0.577654 -0.746753 0.075614 -0.660789 -0.734034 0.077207 -0.674710 -0.682402 0.402590 -0.610122 0.695076 -0.676788 -0.242545 0.698765 -0.672814 -0.243000 0.713398 -0.672257 -0.197824 0.762937 -0.645029 -0.043185 0.763650 -0.631836 -0.132744 0.879646 -0.000493 0.475629 0.973416 -0.203690 0.104748 0.946738 -0.299413 0.118486 0.857881 -0.132956 0.496349 -0.663588 0.011788 -0.748006 -0.623192 0.312750 -0.716812 -0.679651 0.011559 -0.733444 -0.606196 -0.065473 -0.792616 -0.586721 -0.066664 -0.807040 -0.557511 0.203637 -0.804807 0.901043 0.240592 0.360883 0.999259 -0.030137 0.023941 0.990938 -0.112855 0.072839 0.894091 0.125604 0.429913 -0.504188 -0.155109 -0.849550 -0.485784 0.079107 -0.870492 -0.526705 -0.152676 -0.836225 -0.442011 -0.246825 -0.862382 -0.416835 -0.250119 -0.873893 -0.408541 -0.056235 -0.911006 -0.393357 -0.641305 0.658786 -0.279579 -0.761977 0.584146 -0.297268 -0.560793 0.772750 -0.281734 -0.670879 0.685965 0.892099 0.421335 0.163206 0.988195 0.099062 -0.116863 0.998338 0.041391 -0.040094 0.900403 0.340380 0.270952 -0.325524 -0.348023 -0.879155 -0.326435 -0.197254 -0.924409 -0.352639 -0.344426 -0.870067 -0.259469 -0.441765 -0.858790 -0.231141 -0.445044 -0.865165 -0.240247 -0.338409 -0.909814 
						-0.531674 -0.221800 0.817391 -0.514415 -0.230729 0.825918 -0.695538 -0.212015 0.686495 -0.577502 -0.331488 0.746061 -0.359795 -0.264084 0.894878 -0.564709 -0.270140 0.779826 -0.784417 -0.260953 0.562666 -0.889286 -0.248953 0.383658 -0.737082 -0.587509 0.333982 -0.651370 -0.462713 0.601344 -0.516142 -0.492508 0.700737 0.852230 0.515324 -0.090249 0.940680 0.164686 -0.296647 0.968925 0.140680 -0.203456 0.876056 0.480430 0.041400 -0.134612 -0.537447 -0.832484 -0.150851 -0.474050 -0.867480 -0.163204 -0.535112 -0.828867 -0.064831 -0.620807 -0.781278 -0.036847 -0.621693 -0.782394 -0.059225 -0.598618 -0.798842 -0.864377 -0.494673 0.090284 -0.792097 -0.544423 -0.276019 0.525200 -0.521446 0.672502 0.450329 -0.643586 0.618871 0.013178 -0.838840 0.544219 -0.417587 -0.511476 0.751009 0.528893 -0.423283 0.735597 0.903696 0.170133 -0.392922 0.820601 0.524471 -0.227033 0.061270 -0.694550 -0.716831 0.033585 -0.706936 -0.706480 0.034806 -0.695436 -0.717745 0.907335 -0.404193 0.115638 0.943810 -0.307302 0.121609 0.855807 -0.145698 0.496353 0.909451 -0.399772 0.114373 0.945823 -0.301902 0.119472 0.746444 -0.662807 -0.059230 0.713127 -0.564072 0.416261 0.755447 -0.651750 0.067244 0.046330 -0.855209 0.516209 0.309102 -0.765224 0.564702 -0.289270 -0.770228 0.568394 0.001753 -0.740612 -0.671930 -0.001363 -0.560957 -0.827844 0.004794 -0.877470 -0.479608 0.007631 -0.964274 -0.264795 0.010228 -0.999059 -0.042147 0.012481 -0.984510 0.174883 0.013661 -0.927033 0.374732 0.002943 -0.838175 0.545394 -0.047573 -0.740521 0.670348 0.452284 -0.605832 -0.654528 -0.461627 -0.618939 0.635464 -0.128818 -0.605809 0.785112 -0.087258 -0.391157 0.916178 -0.417173 -0.527911 0.739782 -0.167807 -0.572198 0.802764 -0.008866 -0.190660 0.981616 0.018247 -0.022706 0.999576 0.021756 0.145246 0.989156 0.022113 0.308393 0.951002 0.022298 0.461787 0.886711 
						0.022455 0.601711 0.798399 0.022445 0.724963 0.688423 0.022410 0.828602 0.559389 0.022200 0.909936 0.414153 0.021957 0.966468 0.255848 0.021520 0.995893 0.087941 0.021006 0.996101 -0.085688 0.020269 0.965222 -0.260643 0.019410 0.901732 -0.431859 0.018266 0.804654 -0.593463 0.016919 0.673889 -0.738639 0.015225 0.510758 -0.859590 0.013248 0.318674 -0.947772 0.010879 0.103905 -0.994528 0.008204 -0.123839 -0.992268 0.005204 -0.351457 -0.936190 0.002010 -0.563571 -0.826065 -0.001286 -0.744824 -0.667260 -0.004546 -0.882367 -0.470540 -0.007624 -0.968159 -0.250221 -0.010460 -0.999709 -0.021754 -0.012941 -0.979563 0.200721 -0.015119 -0.913917 0.405619 -0.016893 -0.811182 0.584549 -0.018381 -0.680984 0.732067 -0.019418 -0.510386 -0.859726 -0.020398 -0.519842 -0.854019 0.862047 -0.498596 0.090980 0.787170 -0.549109 -0.280790 0.863754 -0.495729 0.090457 -0.022224 0.142896 0.989488 -0.022562 0.306193 0.951702 -0.022698 0.459280 0.888002 -0.022801 0.598949 0.800462 -0.022718 0.722177 0.691335 -0.022604 0.826079 0.563102 -0.022307 0.907944 0.418497 -0.021961 0.965210 0.260552 -0.021418 0.995467 0.092667 -0.020802 0.996473 -0.081300 -0.019950 0.966227 -0.256918 -0.018974 0.903082 -0.429050 -0.017719 0.805996 -0.591656 -0.016265 0.674865 -0.737762 -0.014477 0.511134 -0.859379 -0.012432 0.318442 -0.947861 -0.010033 0.103404 -0.994589 -0.007368 -0.123978 -0.992258 -0.004436 -0.350473 -0.936562 0.693155 -0.714344 -0.096171 0.773944 -0.630666 0.057192 -0.474319 -0.176223 0.862535 -0.413751 -0.119528 0.902509 -0.446572 -0.199375 0.872252 -0.515163 -0.240301 0.822717 -0.460760 -0.117442 0.879720 -0.474972 -0.147201 0.867602 -0.375227 -0.116521 0.919580 -0.323076 -0.190547 0.926992 -0.417801 -0.200843 0.886061 -0.368180 -0.153971 0.916917 -0.539069 -0.232239 0.809611 -0.724310 -0.481953 0.493048 -0.742340 -0.365293 0.561688 
						-0.637449 -0.170707 0.751344 -0.740367 -0.255087 0.621922 -0.666720 -0.252395 0.701272 -0.490679 -0.123187 0.862589 -0.331183 -0.018133 0.943393 -0.502433 -0.033799 0.863955 -0.554168 -0.074533 0.829061 -0.655817 -0.123044 0.744825 -0.754295 -0.159041 0.636981 -0.381034 -0.629036 0.677589 -0.337165 -0.719743 0.606869 -0.410782 -0.862293 0.296158 -0.109919 -0.929559 0.351906 -0.137373 -0.821918 0.552792 0.025387 -0.823107 0.567319 0.000965 -0.833710 0.552202 -0.336302 -0.704292 0.625199 -0.042769 -0.746291 0.664244 -0.259997 -0.923663 0.281509 -0.258791 -0.827599 0.498105 -0.576639 -0.699014 0.422927 -0.705949 -0.547378 0.449458 -0.856686 -0.412154 0.310192 -0.623689 -0.633558 0.457840 -0.757996 -0.610024 0.230894 -0.489668 -0.843679 0.220069 -0.655219 -0.577220 0.487345 -0.177084 -0.693844 0.698013 -0.278436 -0.610445 0.741505 -0.316804 -0.674056 0.667296 -0.355115 -0.635750 0.685358 -0.328554 -0.024441 0.944169 -0.447433 -0.019788 0.894099 -0.408010 -0.104201 0.907011 -0.422313 -0.095485 0.901407 -0.446535 -0.101562 0.888984 -0.439574 -0.116802 0.890579 -0.525667 -0.154836 0.836481 -0.560418 -0.043384 0.827073 -0.262581 -0.150449 0.953109 -0.145957 -0.070221 0.986796 -0.159289 -0.079844 0.983998 -0.266604 -0.162975 0.949927 -0.138989 -0.097475 0.985485 -0.241569 -0.177974 0.953923 -0.419524 -0.219239 0.880871 -0.722928 -0.272448 0.634939 -0.232358 -0.145982 0.961613 -0.095329 -0.075681 0.992565 -0.199039 -0.149477 0.968525 -0.197517 -0.076952 0.977274 -0.164939 -0.075015 0.983447 -0.318278 -0.147336 0.936478 -0.296222 -0.146570 0.943806 -0.158000 -0.073623 0.984691 -0.288854 -0.155415 0.944674 -0.155620 -0.075986 0.984890 -0.276376 -0.159227 0.947767 -0.144621 -0.077775 0.986426 -0.263178 -0.156119 0.952031 -0.864439 -0.366659 0.343956 -0.836545 -0.228015 0.498199 -0.948672 -0.188032 0.254293 -0.802578 -0.117884 0.584784 
						-0.919625 -0.107111 0.377911 -0.448911 -0.151141 0.880701 -0.452987 -0.150762 0.878677 -0.444740 -0.193719 0.874460 -0.445362 -0.199761 0.872782 -0.457018 -0.177065 0.871655 -0.476098 -0.128803 0.869908 -0.425653 -0.231863 0.874677 -0.423334 -0.238177 0.874105 -0.408043 -0.256509 0.876187 -0.401502 -0.260782 0.877946 -0.393917 -0.256442 0.882648 -0.424234 -0.223199 0.877615 -0.396133 -0.264238 0.879350 -0.385147 -0.266275 0.883606 -0.387749 -0.257133 0.885174 -0.370097 -0.252091 0.894135 -0.355482 -0.259964 0.897804 -0.371824 -0.271427 0.887736 -0.356614 -0.224675 0.906834 -0.337784 -0.218179 0.915587 -0.329273 -0.217637 0.918811 -0.267984 -0.112127 0.956876 -0.395280 -0.107145 0.912291 -0.412986 -0.134690 0.900723 -0.436771 -0.137267 0.889038 -0.416899 -0.182613 0.890420 -0.433346 -0.183084 0.882435 -0.410644 -0.224892 0.883626 -0.420402 -0.225189 0.878950 -0.407496 -0.252647 0.877563 -0.411628 -0.253478 0.875392 -0.409688 -0.259630 0.874499 -0.408835 -0.263005 0.873889 -0.407087 -0.244158 0.880152 -0.406145 -0.252024 0.878368 -0.377048 -0.205093 0.903201 -0.375480 -0.216667 0.901149 -0.361881 -0.135934 0.922260 -0.405959 -0.174434 0.897090 -0.441491 -0.119538 0.889267 -0.507739 -0.147565 0.848779 -0.509137 -0.162903 0.845128 -0.499067 -0.177975 0.848090 -0.496875 -0.198631 0.844784 -0.392488 -0.172584 0.903420 -0.405748 -0.207781 0.890054 -0.463656 -0.214868 0.859567 -0.459358 -0.233347 0.857053 -0.419320 -0.246616 0.873700 -0.413374 -0.255359 0.874022 -0.404968 -0.239083 0.882520 -0.405209 -0.256201 0.877591 -0.378500 -0.263990 0.887157 -0.369167 -0.259736 0.892330 -0.342474 -0.260557 0.902675 -0.326693 -0.244454 0.912970 -0.409725 -0.255742 0.875626 -0.410253 -0.237287 0.880561 -0.303336 -0.232443 0.924098 -0.275475 -0.208245 0.938482 -0.386586 -0.201796 0.899905 -0.258108 -0.714222 0.650590 -0.599424 -0.656304 0.458210 
						-0.768482 -0.504771 0.393244 -0.657184 -0.583478 0.477140 -0.183713 -0.728927 0.659481 -0.266626 -0.717844 0.643126 -0.501827 -0.133986 0.854528 -0.488223 -0.169080 0.856183 -0.448945 -0.209614 0.868625 -0.407078 -0.244337 0.880106 -0.372778 -0.263585 0.889696 -0.346236 -0.259217 0.901625 -0.319395 -0.226083 0.920257 -0.709242 -0.424342 0.562948 -0.695548 -0.329795 0.638317 -0.472063 -0.511850 0.717751 -0.690300 -0.081665 0.718900 -0.746591 -0.134594 0.651526 -0.730286 -0.204527 0.651806 -0.909616 -0.314418 0.271552 -0.854062 -0.469622 0.223681 -0.021118 -0.533741 -0.845385 -0.019456 -0.536368 0.843760 0.994393 0.000000 -0.105747 0.994394 0.000000 -0.105737 0.994392 0.000000 -0.105756 0.994394 0.000000 -0.105735 0.994394 0.000000 -0.105739 0.994393 0.000000 -0.105747 0.994394 -0.000001 -0.105738 0.994394 -0.000001 -0.105742 0.994394 0.000001 -0.105739 0.994394 0.000001 -0.105740 -0.994787 -0.000004 0.101971 -0.994787 0.000000 0.101971 -0.911485 0.000004 0.411333 -0.911486 0.000002 0.411331 0.994394 0.000000 -0.105739 0.994394 0.000000 -0.105737 0.994394 0.000000 -0.105735 0.994394 0.000000 -0.105736 0.994394 0.000000 -0.105741 0.994391 0.000000 -0.105766 0.994393 0.000000 -0.105752 0.994394 0.000000 -0.105739 0.994394 0.000000 -0.105734 0.994393 0.000000 -0.105744 0.994787 0.000009 0.101971 0.994787 -0.000000 0.101971 0.911485 -0.000002 0.411332 0.911485 -0.000004 0.411332 -0.868283 0.167786 -0.466833 -0.868283 0.167782 -0.466833 -0.963536 0.169410 -0.207121 -0.963536 0.169408 -0.207121 -0.984761 0.168488 0.043104 -0.984044 0.170104 -0.052174 0.994390 -0.000004 -0.105775 0.994394 -0.000004 -0.105740 1.000000 -0.000000 -0.000002 0.999741 -0.000001 0.022752 0.999448 -0.000000 -0.033230 1.000000 -0.000000 -0.000001 0.994368 0.040503 0.097941 0.999171 0.040717 -0.000000 0.994462 0.040510 0.096978 
						0.970282 -0.000001 0.241978 0.965243 -0.000000 -0.261354 0.848656 0.000000 -0.528945 0.853135 -0.000001 0.521691 1.000000 -0.000001 -0.000002 1.000000 -0.000001 -0.000000 1.000000 0.000004 -0.000000 1.000000 0.000004 -0.000000 -0.719137 0.000003 0.694868 -0.719138 0.000005 0.694868 -0.497916 0.000000 0.867225 -0.497916 0.000001 0.867225 -0.181259 0.000000 0.983436 -0.181259 0.000000 0.983436 0.181257 0.000007 0.983436 0.181259 0.000000 0.983435 0.497914 0.000016 0.867226 0.497916 0.000015 0.867225 0.719137 0.000000 0.694868 0.719137 0.000011 0.694868 0.995279 0.000020 0.097058 1.000000 0.000002 -0.000000 0.799097 0.000000 0.601202 0.705669 0.000000 0.708542 -0.998597 -0.000010 -0.052945 -0.999044 -0.000001 0.043729 0.004928 -0.999681 0.024775 -0.089004 -0.992047 -0.089004 0.083977 -0.992923 0.083976 -0.011415 -0.998286 -0.057392 0.000000 0.040701 0.999171 0.000000 0.040696 0.999172 0.097937 0.040501 0.994368 0.097937 0.040499 0.994368 0.994394 0.000000 -0.105739 0.994394 0.000000 -0.105740 -0.086264 0.169707 -0.981712 -0.086264 0.169706 -0.981712 -0.342614 0.167676 -0.924392 -0.342614 0.167677 -0.924392 -0.648689 0.167560 -0.742379 -0.648689 0.167555 -0.742380 0.382377 0.039916 0.923144 0.382377 0.039916 0.923144 0.706545 0.039914 0.706542 0.706545 0.039915 0.706542 0.802927 0.000000 -0.596078 0.711772 0.000000 -0.702410 0.923144 0.039917 0.382377 0.923144 0.039915 0.382377 -0.081076 -0.993405 0.081080 0.012384 -0.997983 -0.062258 -0.008089 -0.999140 0.040662 0.083509 -0.993001 -0.083513 -0.348699 -0.937111 0.015263 0.309549 -0.950787 -0.013549 -0.303118 -0.952494 -0.029561 0.338252 -0.940477 0.032987 0.994368 0.040500 0.097941 0.994462 0.040499 0.096978 -0.984761 0.168488 0.043104 -0.977667 0.000001 0.210158 -0.977667 0.000000 0.210158 -0.880769 0.000000 0.473546 
						-0.880769 0.000000 0.473546 1.000000 0.000000 -0.000006 1.000000 0.000000 -0.000008 1.000000 -0.000000 0.000015 1.000000 -0.000000 0.000007 1.000000 0.000000 0.000004 1.000000 -0.000001 -0.000002 1.000000 -0.000001 -0.000000 1.000000 0.000000 -0.000002 1.000000 0.000000 0.000003 1.000000 0.000000 0.000005 -0.994787 0.000009 -0.101971 -0.911486 0.000002 -0.411331 -0.911485 0.000013 -0.411333 -0.994787 0.000000 -0.101971 1.000000 0.000000 -0.000002 1.000000 0.000000 -0.000002 1.000000 0.000000 0.000003 1.000000 0.000000 -0.000002 1.000000 0.000000 0.000015 1.000000 -0.000000 0.000001 1.000000 -0.000000 0.000009 1.000000 0.000000 -0.000000 1.000000 0.000000 0.000000 1.000000 -0.000000 0.000012 1.000000 -0.000000 -0.000001 1.000000 -0.000000 0.000004 0.994787 0.000009 -0.101971 0.911485 0.000019 -0.411332 0.911486 0.000029 -0.411332 0.994787 0.000008 -0.101971 0.010855 -0.998451 -0.054576 -0.005508 -0.999601 0.027694 0.091329 -0.991624 -0.091328 -0.081917 -0.993267 0.081917 -0.998597 0.000020 0.052945 -0.999044 0.000009 -0.043729 1.000000 -0.000004 0.000000 1.000000 -0.000004 0.000000 0.999200 -0.000000 -0.039981 0.999200 -0.000000 -0.039983 0.999988 -0.000000 -0.004996 0.998073 -0.000001 -0.062053 0.995184 0.000003 -0.098021 0.995279 0.000007 -0.097058 1.000000 0.000020 0.000000 0.971516 -0.000000 0.236976 0.964109 -0.000001 -0.265507 0.855290 0.000000 0.518150 0.848582 -0.000001 -0.529064 0.999201 -0.000001 -0.039978 0.999200 -0.000001 -0.039981 0.999200 0.000004 -0.039980 0.999199 0.000004 -0.040008 -0.719138 0.000026 -0.694868 -0.719137 0.000023 -0.694868 -0.497917 0.000011 -0.867225 -0.497917 0.000000 -0.867225 -0.181259 0.000000 -0.983435 -0.181259 0.000000 -0.983435 0.181259 0.000000 -0.983436 0.181257 0.000006 -0.983436 0.497916 0.000013 -0.867225 0.497914 0.000024 -0.867226 
						0.719137 0.000031 -0.694868 0.719137 0.000031 -0.694868 1.000000 0.000000 0.000000 1.000000 0.000000 0.000000 1.000000 0.000000 0.000000 1.000000 0.000000 0.000000 0.995279 0.000020 -0.097058 1.000000 0.000002 0.000000 0.794500 0.000000 -0.607265 0.701717 0.000000 -0.712456 -0.998597 0.000020 0.052945 -0.999044 0.000002 -0.043729 0.000000 0.000000 -1.000000 0.098017 0.000000 -0.995185 0.098017 0.000000 -0.995185 0.000000 0.000000 -1.000000 -0.347535 0.000000 0.937667 -0.347535 0.000000 0.937667 -0.087534 0.000000 0.996161 -0.087534 0.000000 0.996162 1.000000 0.000000 0.000000 1.000000 0.000000 0.000000 1.000000 0.000000 0.000000 1.000000 0.000000 0.000000 -0.657991 0.000000 0.753025 -0.657991 0.000000 0.753025 1.000000 0.000000 0.000000 1.000000 0.000000 0.000000 0.382682 0.000000 -0.923880 0.382682 0.000000 -0.923880 0.707108 0.000000 -0.707106 0.707108 0.000000 -0.707106 0.923880 0.000000 -0.382682 0.923880 0.000000 -0.382682 0.719614 0.000000 0.694375 0.810169 0.000000 0.586196 -0.085726 -0.992624 -0.085730 0.079046 -0.993732 0.079049 -0.011963 -0.998118 -0.060142 0.008492 -0.999052 0.042691 -0.352482 -0.935691 -0.015428 0.306094 -0.951907 0.013398 0.345984 -0.937634 -0.033741 -0.296104 -0.954719 0.028877 0.995184 -0.000003 -0.098021 0.995279 -0.000007 -0.097058 -0.999044 0.000005 -0.043729 0.000000 0.000000 1.000000 0.000000 0.000000 1.000000 0.994395 -0.000000 0.105728 0.994393 -0.000000 0.105744 0.994393 -0.000000 0.105748 0.994395 -0.000000 0.105726 0.994394 -0.000000 0.105739 0.994393 -0.000001 0.105743 0.994393 -0.000001 0.105745 0.994394 -0.000000 0.105740 0.994394 0.000000 0.105739 0.994394 0.000000 0.105738 0.994787 0.000009 -0.101971 0.911486 0.000002 -0.411332 0.911485 0.000004 -0.411333 0.994787 0.000000 -0.101971 0.994394 -0.000000 0.105737 
						0.994394 0.000000 0.105737 0.994394 0.000000 0.105737 0.994394 -0.000000 0.105739 0.994395 -0.000000 0.105730 0.994391 -0.000000 0.105766 0.000000 0.170341 -0.985385 0.000000 0.170341 -0.985385 0.994393 -0.000000 0.105746 0.994393 -0.000000 0.105746 0.994395 -0.000000 0.105727 0.994395 -0.000000 0.105730 -0.994787 0.000009 -0.101971 -0.911485 -0.000004 -0.411332 -0.911486 -0.000002 -0.411332 -0.994787 -0.000000 -0.101971 -0.984044 0.170103 -0.052174 0.994393 0.000002 0.105750 0.994392 0.000002 0.105759 -0.998757 -0.000000 -0.049842 -0.998757 -0.000000 -0.049840 -0.999886 -0.000000 -0.015098 -0.997371 -0.000000 -0.072464 0.999172 0.040683 0.000000 -0.973972 -0.000000 0.226667 -0.961260 -0.000000 -0.275643 -0.857000 -0.000001 0.515316 -0.847008 -0.000001 -0.531580 -0.998757 -0.000001 -0.049850 -0.998757 -0.000001 -0.049840 -0.998757 0.000004 -0.049850 -0.998759 0.000004 -0.049800 0.719138 0.000005 -0.694868 0.719137 0.000003 -0.694868 0.497916 0.000001 -0.867225 0.497916 0.000000 -0.867225 0.181259 0.000000 -0.983435 0.181259 0.000000 -0.983435 -0.181259 0.000000 -0.983436 -0.181257 0.000018 -0.983436 -0.497916 0.000036 -0.867225 -0.497914 0.000038 -0.867226 -0.719137 0.000022 -0.694868 -0.719137 0.000000 -0.694868 -0.995279 0.000020 -0.097058 -1.000000 0.000002 0.000000 -0.798587 -0.000002 -0.601880 -0.708939 -0.000002 -0.705270 0.998597 0.000020 0.052946 0.999044 0.000002 -0.043729 -0.711842 -0.000001 0.702339 -0.806371 -0.000001 0.591410 1.000000 -0.000000 -0.000006 1.000000 -0.000000 0.000007 1.000000 -0.000000 0.000016 1.000000 -0.000000 -0.000008 1.000000 -0.000000 -0.000001 1.000000 -0.000000 -0.000002 1.000000 -0.000001 -0.000000 1.000000 -0.000001 -0.000002 1.000000 0.000000 0.000000 1.000000 0.000000 -0.000001 0.994787 0.000009 0.101972 0.994787 0.000000 0.101971 0.911485 0.000004 0.411333 
						0.911486 0.000002 0.411332 1.000000 -0.000000 -0.000002 1.000000 -0.000000 -0.000002 1.000000 0.000000 -0.000000 1.000000 0.000000 -0.000002 1.000000 -0.000000 0.000001 1.000000 -0.000000 0.000015 1.000000 -0.000000 0.000009 1.000000 -0.000000 0.000012 1.000000 -0.000000 0.000000 1.000000 -0.000000 -0.000000 1.000000 -0.000000 -0.000001 1.000000 -0.000000 0.000004 -0.994787 0.000026 0.101971 -0.994787 0.000021 0.101971 -0.911486 -0.000002 0.411332 -0.911485 0.000004 0.411332 -0.998597 0.000011 0.052946 1.000000 0.000002 0.000000 1.000000 0.000002 0.000000 -0.999951 -0.000000 0.009898 -0.999452 -0.000000 0.033097 -0.999736 0.000000 -0.022976 -0.999951 -0.000000 0.009901 1.000000 -0.000020 0.000000 -0.967737 -0.000000 0.251963 -0.967979 -0.000000 -0.251031 -0.850434 -0.000001 -0.526081 -0.851664 -0.000001 0.524089 -0.999951 -0.000001 0.009900 -0.999951 -0.000001 0.009899 -0.999951 0.000004 0.009935 -0.999951 0.000004 0.009901 0.719137 0.000003 0.694868 0.719138 0.000005 0.694868 0.497916 0.000000 0.867225 0.497916 0.000001 0.867225 0.181259 0.000011 0.983436 0.181259 0.000000 0.983436 -0.181258 0.000028 0.983436 -0.181259 0.000021 0.983435 -0.497915 0.000016 0.867226 -0.497916 0.000026 0.867225 -0.719137 0.000000 0.694868 -0.719137 0.000011 0.694868 -0.995279 0.000020 0.097058 -1.000000 0.000029 -0.000000 -0.803134 -0.000002 0.595798 -0.712911 -0.000002 0.701254 0.998597 0.000020 -0.052946 0.999044 0.000002 0.043729 1.000000 0.000000 0.000000 1.000000 0.000000 0.000000 -0.799051 -0.000001 -0.601263 -0.704259 -0.000001 -0.709943 0.994393 0.105521 0.006892 0.994393 0.105520 0.006892 0.994393 0.105520 0.006892 0.994393 0.105520 0.006892 0.994394 0.000000 0.105741 0.994394 0.000000 0.105742 -0.916379 0.127702 0.379397 -0.976699 0.134311 0.167392 -0.973888 0.091595 0.207734 
						-0.922970 0.277458 0.266726 -0.977898 0.165274 0.128065 -0.997872 0.064102 -0.011909 -0.997591 0.069318 0.002824 -0.996935 0.073475 0.026861 -0.977050 0.194699 0.086402 -0.920646 0.374688 0.109638 -0.976396 0.211744 0.042606 -0.998130 0.055806 -0.024945 -0.998003 0.059807 -0.020331 -0.975123 0.221598 -0.005410 -0.919264 0.386197 -0.076198 -0.975488 0.213887 -0.051727 -0.998688 0.042303 -0.028852 -0.998310 0.050699 -0.028414 -0.976517 0.192839 -0.096061 -0.924446 0.296648 -0.239584 -0.978697 0.159000 -0.129887 -0.999603 0.020554 -0.019252 -0.999170 0.031309 -0.026063 -0.909324 -0.221794 -0.352046 -0.962251 -0.184516 -0.200066 -0.972463 -0.124365 -0.197100 -0.880583 -0.399943 -0.254202 -0.952290 -0.240294 -0.188155 -0.988870 -0.082219 -0.124002 -0.994861 -0.041088 -0.092542 -0.998075 -0.014634 -0.060271 -0.980915 0.116787 -0.155457 -0.930166 0.142378 -0.338409 -0.982668 0.071763 -0.170917 -0.999949 0.008662 -0.005232 -0.999860 0.012452 -0.011160 -0.937915 -0.300778 -0.172768 -0.843944 -0.510435 -0.164971 -0.921476 -0.351131 -0.166101 -0.968974 -0.199081 -0.146479 -0.979864 -0.137456 -0.144817 -0.926757 -0.034577 -0.374067 -0.977531 -0.070911 -0.198506 -0.981622 -0.022101 -0.189552 -0.999458 -0.000897 -0.032911 -0.999883 0.005036 -0.014458 -0.982740 0.025938 -0.183166 -0.999963 0.006629 -0.005559 -0.826798 -0.425245 0.368199 -0.920364 -0.219550 0.323618 -0.897243 -0.286674 0.335816 -0.868399 -0.277047 0.411253 -0.935368 -0.150494 0.320061 -0.976336 0.001239 0.216258 -0.963033 -0.060585 0.262482 -0.947814 -0.137428 0.287685 -0.949507 -0.076559 0.304261 -0.896765 -0.063716 0.437896 -0.960351 -0.014260 0.278430 -0.992033 0.065556 0.107575 -0.985955 0.043080 0.161360 -0.968780 0.047306 0.243365 -0.995331 0.074183 0.061746 -0.999872 -0.006960 -0.014394 -0.999992 -0.003795 -0.001522 -0.999263 -0.015485 -0.035136 -0.998959 -0.035704 -0.028404 
						-0.999473 -0.029584 -0.013349 -0.999656 -0.025735 -0.005126 -0.998317 0.057513 -0.007387 -0.998094 0.061054 0.008998 -0.998397 0.053866 -0.017370 -0.998924 0.043550 -0.015929 -0.999107 0.041122 -0.009705 -0.999200 0.039986 0.000237 -0.992191 0.046519 0.115725 -0.985038 0.015137 0.171673 -0.995810 0.059800 0.069189 -0.998391 0.038430 0.041703 -0.996327 0.031600 0.079589 -0.991021 0.010204 0.133316 -0.999993 -0.000471 -0.003651 -0.999890 0.005247 -0.013864 -0.999992 -0.002610 0.002901 -0.999826 -0.018054 -0.004590 -0.999867 -0.012239 -0.010808 -0.999781 -0.003521 -0.020626 -0.997446 -0.033634 -0.063015 -0.993225 -0.066728 -0.095138 -0.993881 -0.072881 -0.082996 -0.997529 -0.047799 -0.051487 -0.998451 0.050576 -0.023179 -0.998536 0.046898 -0.026934 -0.998513 0.047899 -0.026039 -0.998706 0.046473 -0.020662 -0.997449 0.062844 0.033853 -0.999077 0.039714 0.016343 -0.999987 -0.003057 0.003994 -0.999749 -0.022256 -0.002485 -0.985287 -0.119583 -0.122103 -0.974083 -0.186821 -0.127519 -0.972224 -0.196453 -0.127225 -0.985660 -0.121956 -0.116624 -0.998733 0.040557 -0.029798 -0.999115 0.029357 -0.030121 -0.998872 0.029212 -0.037429 -0.998504 0.043595 -0.033012 -0.972878 -0.043991 0.227099 -0.956860 -0.130105 0.259793 -0.979093 -0.043334 0.198745 -0.959687 -0.140915 0.243195 -0.999581 0.015749 -0.024298 -0.999440 0.010362 -0.031813 -0.985730 -0.168329 0.001291 -0.984641 -0.174584 0.001429 -0.958940 -0.282733 0.022265 -0.960903 -0.276334 0.017460 -0.984235 -0.176843 -0.002644 -0.958869 -0.282786 0.024541 -0.909315 -0.413808 0.043702 -0.910290 -0.412315 0.036990 -0.914084 -0.404523 0.028499 -0.996637 -0.081881 -0.003179 -0.997878 -0.065001 -0.003821 -0.984016 -0.177945 0.006956 -0.980889 -0.194351 0.009201 -0.998771 -0.048785 -0.008705 -0.986756 -0.162199 0.001912 -0.950937 -0.309151 0.012008 -0.946396 -0.322659 0.015053 -0.941768 -0.335813 0.017391 
						-0.992628 -0.104210 0.061890 -0.994541 -0.101282 0.025111 -0.976994 -0.211249 0.029254 -0.976967 -0.206060 0.055450 -0.994446 -0.105103 0.005518 -0.975610 -0.218883 0.016604 -0.934504 -0.354483 0.032320 -0.937798 -0.344316 0.044515 -0.940329 -0.332885 0.070494 -0.989758 -0.142510 -0.008405 -0.987523 -0.157460 -0.002156 -0.964414 -0.264170 0.010908 -0.968830 -0.247709 0.002802 -0.919924 -0.391604 0.019650 -0.926876 -0.375212 0.010801 -0.984005 -0.177707 -0.012395 -0.960348 -0.277905 0.022362 -0.982670 -0.182913 -0.030030 -0.961883 -0.273146 0.013144 -0.914623 -0.402444 0.038764 -0.911266 -0.409283 0.045627 -0.998913 -0.040979 -0.022208 -0.988097 -0.153467 -0.010622 -0.997797 -0.055172 -0.036842 -0.985876 -0.165686 -0.024420 -0.951682 -0.306975 -0.008226 -0.954120 -0.299407 0.003248 -0.994195 -0.107555 -0.003057 -0.974950 -0.222119 0.011674 -0.994479 -0.104811 -0.005139 -0.975765 -0.218575 0.010396 -0.934451 -0.355365 0.022741 -0.933246 -0.358274 0.026322 -0.977480 -0.203387 -0.056280 -0.960705 -0.277519 -0.005374 -0.965819 -0.249908 -0.068844 -0.952900 -0.302801 -0.017137 -0.904832 -0.425770 0.000369 -0.915428 -0.402061 0.018410 -0.996161 -0.079738 -0.036118 -0.982286 -0.185827 -0.024128 -0.994229 -0.103790 -0.027122 -0.978000 -0.207958 -0.016436 -0.941176 -0.337865 -0.005849 -0.947580 -0.319358 -0.010126 -0.995382 -0.095901 -0.004319 -0.977931 -0.208686 0.010056 -0.937559 -0.347258 0.019904 -0.961227 -0.214692 0.173058 -0.983693 -0.132255 0.121890 -0.970379 -0.218535 0.102992 -0.949183 -0.278790 0.146038 -0.933592 -0.335976 0.124601 -0.899879 -0.398832 0.176495 -0.992074 -0.124509 -0.016908 -0.973489 -0.228641 -0.006498 -0.934132 -0.356921 0.002162 -0.750265 -0.654560 0.093026 -0.753011 -0.650914 0.096355 -0.629354 -0.762214 0.151473 -0.614144 -0.774880 0.149626 -0.755931 -0.646990 0.099860 -0.644340 -0.749337 0.152710 -0.511496 -0.839215 0.184635 
						-0.487642 -0.853710 0.182717 -0.465025 -0.866975 0.179181 -0.765278 -0.635009 0.105418 -0.771846 -0.627699 0.101231 -0.690985 -0.707493 0.148303 -0.675276 -0.721434 0.153411 -0.775817 -0.625282 0.084442 -0.702049 -0.699782 0.132028 -0.595784 -0.787412 0.158189 -0.582215 -0.794033 0.174752 -0.560279 -0.808018 0.182194 -0.759869 -0.645394 0.077883 -0.756571 -0.649363 0.076994 -0.596651 -0.793217 0.121715 -0.608126 -0.784169 0.123538 -0.743922 -0.664075 0.074727 -0.576460 -0.807915 0.122340 -0.414980 -0.897034 0.152054 -0.434285 -0.888012 0.151102 -0.447831 -0.880776 0.153888 -0.791220 -0.598163 0.127165 -0.785512 -0.609116 0.109310 -0.681173 -0.713085 0.165872 -0.692747 -0.696445 0.187258 -0.780302 -0.618128 0.095115 -0.668192 -0.729057 0.148312 -0.534441 -0.825557 0.181185 -0.556614 -0.806994 0.197335 -0.577187 -0.787225 0.217100 -0.764875 -0.642667 0.044109 -0.694221 -0.714077 0.090280 -0.703771 -0.710406 0.005431 -0.616521 -0.786135 0.043508 -0.504725 -0.859693 0.078617 -0.586384 -0.800825 0.121794 -0.745849 -0.661317 0.079810 -0.580962 -0.802842 0.133898 -0.746039 -0.660604 0.083839 -0.587945 -0.796551 0.140809 -0.430579 -0.886826 0.167754 -0.422245 -0.892001 0.161381 -0.775142 -0.626094 0.084624 -0.653805 -0.744500 0.135128 -0.769755 -0.633506 0.078404 -0.638232 -0.759305 0.126949 -0.488167 -0.857879 0.160429 -0.511359 -0.842627 0.168795 -0.681128 -0.646029 0.344543 -0.774611 -0.573208 0.267225 -0.682178 -0.658872 0.317049 -0.593138 -0.707390 0.384431 -0.797887 -0.571922 0.190477 -0.704198 -0.664087 0.251186 -0.601980 -0.748937 0.276972 -0.581241 -0.739634 0.339264 -0.487525 -0.773226 0.405513 -0.747693 -0.658032 0.089158 -0.599633 -0.786784 0.146329 -0.445286 -0.878302 0.174088 -0.759796 -0.641864 0.103543 -0.659471 -0.735839 0.153748 -0.535937 -0.823790 0.184773 -0.764295 -0.640308 0.076546 -0.622253 -0.772994 0.123617 
						-0.466131 -0.870884 0.155833 -0.796939 -0.584842 0.151157 -0.701971 -0.679404 0.213653 -0.594269 -0.767075 0.241745 -0.310653 -0.932986 0.181747 -0.332545 -0.924254 0.187533 -0.293350 -0.939351 0.177667 -0.153146 -0.965765 0.209392 -0.165889 -0.962503 0.214634 -0.182912 -0.958153 0.220195 -0.464474 -0.849303 0.250894 -0.481175 -0.831155 0.278660 -0.439045 -0.867938 0.232213 -0.285305 -0.924418 0.253087 -0.314288 -0.911167 0.266454 -0.337094 -0.897004 0.285922 -0.334658 -0.920071 0.203651 -0.311343 -0.929489 0.197776 -0.361077 -0.909075 0.207862 -0.205006 -0.950058 0.235291 -0.179603 -0.956524 0.229793 -0.158543 -0.961787 0.223226 -0.442943 -0.873459 0.202166 -0.417862 -0.884372 0.208030 -0.458823 -0.867969 0.190031 -0.310543 -0.921761 0.232206 -0.290508 -0.926822 0.237921 -0.263211 -0.934448 0.239849 -0.281130 -0.943825 0.173668 -0.264822 -0.948499 0.173835 -0.126249 -0.971934 0.198507 -0.143830 -0.968602 0.202786 -0.411337 -0.885161 0.217466 -0.383696 -0.900352 0.205288 -0.228233 -0.945165 0.233608 -0.255842 -0.935839 0.242385 -0.455072 -0.874979 0.165291 -0.398930 -0.906784 0.136373 -0.291219 -0.934251 0.205832 -0.316534 -0.922761 0.219813 -0.272577 -0.945153 0.179965 -0.279571 -0.942212 0.184597 -0.132714 -0.968554 0.210451 -0.128490 -0.970173 0.205561 -0.357174 -0.913381 0.195349 -0.203738 -0.952492 0.226383 -0.470567 -0.818232 0.330248 -0.388263 -0.835702 0.388398 -0.338221 -0.884653 0.320928 -0.286315 -0.888434 0.358760 -0.292578 -0.936953 0.191094 -0.142773 -0.965781 0.216525 -0.389401 -0.896901 0.209609 -0.233548 -0.942553 0.238852 0.095143 -0.956003 0.277500 0.071853 -0.956682 0.282128 0.228049 -0.930938 0.285217 0.245915 -0.928170 0.279334 0.046464 -0.957008 0.286316 0.208205 -0.933781 0.291040 0.378842 -0.880429 0.285174 0.391327 -0.877873 0.276047 0.401842 -0.875821 0.267320 0.090621 -0.958105 0.271702 
						0.094351 -0.958569 0.268780 0.228144 -0.936275 0.267094 0.229787 -0.935683 0.267758 0.095274 -0.960059 0.263077 0.224054 -0.938431 0.262959 0.367778 -0.899287 0.236691 0.373442 -0.896716 0.237573 0.377855 -0.895367 0.235678 -0.025045 -0.957347 0.287853 -0.001459 -0.958813 0.284033 0.159095 -0.951301 0.264035 0.138229 -0.954972 0.262527 0.024049 -0.959639 0.280205 0.180940 -0.947406 0.263973 0.346456 -0.911086 0.223362 0.329587 -0.918070 0.220270 0.313103 -0.925599 0.212679 0.127969 -0.955224 0.266780 0.114225 -0.955417 0.272271 0.259545 -0.926306 0.273119 0.267781 -0.925777 0.266892 0.408312 -0.875402 0.258751 0.410133 -0.876885 0.250726 0.021880 -0.956497 0.290922 0.189089 -0.935552 0.298307 0.001113 -0.954585 0.297936 0.172235 -0.934641 0.311096 0.353946 -0.879660 0.317681 0.366560 -0.881760 0.296873 0.098545 -0.962975 0.250935 0.224794 -0.941266 0.251964 0.122139 -0.964011 0.236146 0.244950 -0.940298 0.236304 0.381058 -0.898363 0.218491 0.367246 -0.901211 0.230107 0.047796 -0.959744 0.276781 0.200869 -0.943377 0.263993 0.067622 -0.959219 0.274457 0.216564 -0.939640 0.264908 0.372922 -0.899211 0.228800 0.361750 -0.904517 0.225799 -0.018732 -0.949956 0.311820 0.147704 -0.928593 0.340439 -0.052625 -0.943354 0.327587 0.076168 -0.923012 0.377156 0.204943 -0.877573 0.433432 0.323088 -0.872382 0.366829 0.135884 -0.959380 0.247237 0.261928 -0.933646 0.244334 0.139055 -0.956632 0.255966 0.269069 -0.928841 0.254669 0.403682 -0.883986 0.235815 0.395622 -0.890450 0.224907 0.082042 -0.958469 0.273143 0.226351 -0.936864 0.266553 0.378287 -0.896045 0.232384 -0.052445 -0.955582 0.290021 -0.040700 -0.956058 0.290338 0.120572 -0.960076 0.252423 0.079885 -0.968711 0.234983 0.292664 -0.937822 0.186649 0.217421 -0.964580 0.149378 0.136144 -0.955563 0.261466 0.270698 -0.926612 0.260983 
						0.408158 -0.879868 0.243393 0.729417 -0.641117 0.238578 0.732984 -0.629102 0.258776 0.876865 -0.403193 0.261809 0.876668 -0.421108 0.232640 0.729957 -0.621413 0.284620 0.869624 -0.392729 0.299196 0.952111 -0.148684 0.267166 0.961328 -0.162932 0.222039 0.966520 -0.176606 0.186141 0.671382 -0.713808 0.199309 0.640449 -0.738989 0.209095 0.785947 -0.576902 0.222420 0.823577 -0.530764 0.200024 0.614034 -0.759849 0.213523 0.745496 -0.623537 0.235451 0.927930 -0.367611 0.061702 0.942203 -0.327738 0.069574 0.951078 -0.305177 0.048135 0.681282 -0.731352 0.031298 0.701140 -0.707266 0.090435 0.862723 -0.505670 0.002472 0.835462 -0.540237 -0.100736 0.710134 -0.693063 0.123984 0.872012 -0.485366 0.063356 0.953480 -0.287306 -0.091275 0.933524 -0.319209 -0.163210 0.884708 -0.359034 -0.297300 0.699725 -0.682384 0.211513 0.718705 -0.658649 0.222812 0.869362 -0.446858 0.211016 0.851063 -0.486768 0.196847 0.964800 -0.204837 0.164931 0.961043 -0.231937 0.150336 0.720054 -0.614681 0.322007 0.851624 -0.382904 0.357940 0.695534 -0.605056 0.387480 0.812029 -0.368691 0.452410 0.876307 -0.111839 0.468591 0.926661 -0.135403 0.350664 0.597591 -0.773606 0.210758 0.711053 -0.663587 0.232500 0.599604 -0.777267 0.190607 0.703574 -0.684484 0.190957 0.916979 -0.382618 0.112925 0.916390 -0.386188 0.105298 0.712658 -0.685718 0.148019 0.872270 -0.477378 0.106090 0.708021 -0.685991 0.167699 0.865491 -0.480633 0.141128 0.961677 -0.274172 -0.002790 0.961416 -0.272485 -0.037845 0.602853 -0.592822 0.533977 0.657426 -0.340308 0.672296 0.253092 -0.635452 0.729483 0.134904 -0.375355 0.917011 -0.009550 -0.079068 0.996824 0.638857 -0.076535 0.765509 0.624464 -0.757414 0.190706 0.746772 -0.641690 0.174829 0.646976 -0.735904 0.199670 0.788772 -0.586811 0.183007 0.939662 -0.304640 0.155662 0.928318 -0.347400 0.132432 
						0.694968 -0.694873 0.184852 0.850398 -0.497174 0.172165 0.957401 -0.287214 0.029855 0.304061 -0.917324 -0.257027 0.606323 -0.788435 -0.103644 0.695708 -0.633948 -0.337789 0.209469 -0.806365 -0.553081 0.681452 -0.434556 -0.588884 0.079549 -0.551886 -0.830117 0.673610 -0.710190 0.204645 0.821581 -0.537806 0.189130 0.950592 -0.272227 0.149221 0.986234 0.056010 0.155578 0.980655 0.058685 0.186738 0.945722 0.240699 0.218341 0.951309 0.232170 0.202754 0.999128 0.014562 0.039121 0.999778 -0.016772 0.012752 0.906134 0.067511 0.417568 0.830784 0.112104 0.545188 0.749231 0.357493 0.557540 0.839634 0.278246 0.466470 0.997845 0.023565 0.061240 0.984448 0.139632 -0.106606 0.982629 0.146835 -0.113487 0.590112 -0.206574 -0.780446 -0.005161 -0.169923 -0.985444 0.872635 -0.155111 -0.463087 0.781354 0.005879 -0.624060 0.615020 0.029803 -0.787948 0.612809 0.169848 0.771762 0.611014 0.419954 0.671044 0.990976 0.047022 0.125518 0.994512 0.042540 0.095588 0.959546 0.047208 0.277564 0.940179 0.055588 0.336116 0.883052 0.259401 0.391063 0.915641 0.235301 0.325938 0.953036 -0.119160 -0.278431 0.886604 -0.040679 -0.460737 0.999305 -0.033703 -0.015903 0.996846 -0.061184 -0.050548 0.992209 -0.075217 -0.099320 0.963284 -0.021952 -0.267584 0.949810 -0.053568 -0.308205 0.977547 0.048931 -0.204956 0.999336 0.020717 0.029956 0.955404 0.262959 0.134372 0.967087 0.254437 -0.001895 0.972060 0.054722 0.228265 0.934524 0.235810 0.266566 0.998699 -0.008422 0.050289 0.994510 0.037527 0.097684 0.981969 -0.085560 -0.168571 0.915456 -0.044934 -0.399901 0.035744 0.328028 0.943992 -0.998375 -0.053291 -0.020186 -0.998891 -0.036122 -0.030205 -0.997653 -0.067308 -0.012590 -0.984909 -0.073481 0.156697 -0.962897 -0.170534 0.209159 -0.995540 -0.031718 0.088848 -0.999840 -0.014085 -0.011006 -0.999758 -0.020251 -0.008627 
						-0.999925 -0.003709 -0.011691 -0.999081 -0.014511 -0.040326 -0.999044 0.010077 -0.042550 -0.983624 -0.152128 -0.096650 -0.991265 -0.115898 -0.062947 -0.969628 -0.218279 -0.110339 -0.999757 -0.021968 -0.001599 -0.999688 -0.020825 0.013797 -0.999221 0.024655 -0.030804 -0.999599 0.021071 -0.018889 -0.994176 -0.101374 -0.036578 -0.995231 -0.095546 -0.019677 -0.996891 -0.078400 -0.007876 -0.996237 -0.086403 -0.006800 -0.998897 -0.021069 0.041970 -0.999869 0.009176 -0.013374 -0.995738 -0.091653 -0.010289 -0.876705 -0.473632 0.084034 -0.878954 -0.461674 0.119567 -0.872156 -0.484816 0.065559 -0.874764 -0.483339 0.034239 -0.872043 -0.488141 0.035486 -0.878258 -0.476934 0.034602 -0.842209 -0.536088 0.057396 -0.845422 -0.531738 0.050159 -0.841442 -0.536745 0.062300 -0.862960 -0.504401 0.029655 -0.869543 -0.493291 0.023642 -0.856521 -0.514852 0.036040 -0.862799 -0.466552 0.194699 -0.790669 -0.549813 0.269346 -0.869961 -0.491557 0.039242 -0.868883 -0.492928 0.045429 -0.875633 -0.482478 0.021956 -0.877535 -0.478919 0.023871 -0.837149 -0.546730 0.016370 -0.843694 -0.534661 0.048144 -0.802894 -0.595982 -0.012921 -0.869417 -0.491130 0.053910 -0.881651 -0.470874 0.031130 -0.842759 -0.534832 0.060927 -0.850482 -0.524257 0.042848 0.000228 -0.969637 0.244548 0.007426 -0.970990 0.239006 -0.012430 -0.968090 0.250295 -0.191266 -0.930150 0.313429 -0.170321 -0.927960 0.331483 -0.182438 -0.938045 0.294597 -0.058775 -0.964966 0.255706 -0.078640 -0.962367 0.260126 -0.043834 -0.966779 0.251826 0.008608 -0.972657 0.232087 0.002486 -0.975065 0.221906 -0.170788 -0.947808 0.269242 -0.157952 -0.949866 0.269824 -0.171265 -0.948020 0.268193 -0.102957 -0.958457 0.266008 -0.130331 -0.952987 0.273549 -0.019371 -0.972506 0.232070 -0.026082 -0.969963 0.241850 -0.136403 -0.953304 0.269456 -0.109189 -0.957194 0.268062 -0.030562 -0.966161 0.256121 -0.053612 -0.963752 0.261360 
						-0.158397 -0.946064 0.282618 -0.033248 -0.968320 0.247489 -0.080498 -0.960768 0.265416 0.542857 -0.810243 0.220936 0.531830 -0.819583 0.213170 0.553879 -0.800442 0.229152 0.459753 -0.885400 0.068511 0.302014 -0.953226 -0.012151 0.498741 -0.856343 0.133914 0.535536 -0.820969 0.198020 0.538424 -0.820826 0.190640 0.526733 -0.825093 0.204389 0.520503 -0.829356 0.203091 0.505273 -0.839960 0.197906 0.480391 -0.765138 0.428706 0.533431 -0.773824 0.341536 0.273585 -0.789355 0.549608 0.534917 -0.824932 0.182621 0.526299 -0.832466 0.173234 0.497283 -0.842438 0.207384 0.502335 -0.838678 0.210424 0.548758 -0.779064 0.303190 0.557345 -0.781181 0.281289 0.561861 -0.791890 0.239212 0.564966 -0.785917 0.251292 0.514505 -0.842460 0.159831 0.514403 -0.831721 0.208876 0.563033 -0.782748 0.265139 -0.999998 -0.001733 -0.000735 -0.999442 -0.030750 -0.013050 -0.999450 -0.032917 0.003937 -0.999961 0.008761 -0.001068 -0.999463 -0.026250 0.019611 -0.999563 0.023638 -0.017774 -0.999454 -0.012969 0.030394 -0.998024 0.024486 -0.057861 -0.999430 0.004052 0.033510 -0.996703 -0.009957 -0.080518 -0.987234 0.019360 0.158095 -0.999389 0.004199 0.034703 -0.999402 0.020765 0.027659 -0.989937 0.085120 0.113046 -0.999408 0.031699 0.013403 -0.994353 0.097785 0.041237 -0.999412 0.034010 -0.004256 -0.996944 0.077517 -0.009721 -0.999419 0.027221 -0.020515 -0.998131 0.048800 -0.036779 -0.999426 0.013234 -0.031184 -0.998956 0.017848 -0.042056 -0.999432 -0.004109 -0.033441 -0.999578 -0.003542 -0.028828 -0.999437 -0.020193 -0.026793 -0.999908 -0.008155 -0.010820 0.980866 0.194681 -0.001075 0.980901 0.094150 -0.170203 0.954982 0.254489 0.152465 0.248538 0.207233 -0.946194 0.983656 0.179805 0.009574 0.297133 0.627686 0.719529 0.823265 0.549240 -0.143422 0.916383 -0.127631 0.379411 0.973892 -0.091526 0.207744 0.976699 -0.134310 0.167392 
						0.977900 -0.165242 0.128087 0.922973 -0.277421 0.266757 0.997590 -0.069331 0.002820 0.997873 -0.064086 -0.011899 0.996936 -0.073465 0.026862 0.977053 -0.194667 0.086442 0.976397 -0.211738 0.042620 0.920646 -0.374681 0.109657 0.998005 -0.059780 -0.020303 0.998131 -0.055793 -0.024922 0.975124 -0.221594 -0.005385 0.975488 -0.213889 -0.051713 0.919264 -0.386200 -0.076176 0.998309 -0.050702 -0.028428 0.998688 -0.042303 -0.028852 0.976517 -0.192840 -0.096059 0.978698 -0.159028 -0.129850 0.924446 -0.296671 -0.239555 0.999170 -0.031316 -0.026049 0.999603 -0.020565 -0.019240 0.909321 0.221712 -0.352106 0.972463 0.124308 -0.197140 0.962248 0.184452 -0.200139 0.952289 0.240286 -0.188171 0.880580 0.399921 -0.254248 0.994860 0.041079 -0.092551 0.988870 0.082220 -0.124001 0.998074 0.014617 -0.060282 0.980915 -0.116809 -0.155442 0.982668 -0.071757 -0.170920 0.930165 -0.142390 -0.338404 0.999860 -0.012453 -0.011159 0.999949 -0.008680 -0.005227 0.937913 0.300776 -0.172778 0.921464 0.351134 -0.166160 0.843947 0.510434 -0.164955 0.979863 0.137456 -0.144824 0.968972 0.199083 -0.146491 0.926756 0.034521 -0.374073 0.981622 0.022044 -0.189558 0.977531 0.070870 -0.198522 0.999457 0.000863 -0.032923 0.999883 -0.005036 -0.014458 0.982740 -0.025983 -0.183160 0.999963 -0.006632 -0.005559 0.826790 0.425234 0.368232 0.897230 0.286664 0.335862 0.920359 0.219541 0.323636 0.935370 0.150508 0.320046 0.868403 0.277075 0.411224 0.963038 0.060596 0.262463 0.976336 -0.001236 0.216256 0.947819 0.137432 0.287666 0.949517 0.076635 0.304212 0.960356 0.014318 0.278409 0.896772 0.063804 0.437868 0.985957 -0.043065 0.161352 0.992035 -0.065539 0.107570 0.968786 -0.047231 0.243359 0.995333 -0.074159 0.061744 0.999992 0.003785 -0.001523 0.999872 0.006964 -0.014392 0.999263 0.015484 -0.035136 0.999473 0.029590 -0.013347 
						0.998959 0.035697 -0.028407 0.999655 0.025749 -0.005124 0.998094 -0.061055 0.008997 0.998317 -0.057527 -0.007392 0.998397 -0.053866 -0.017370 0.999107 -0.041125 -0.009706 0.998925 -0.043542 -0.015926 0.999201 -0.039976 0.000238 0.985038 -0.015139 0.171674 0.992192 -0.046511 0.115722 0.995811 -0.059776 0.069185 0.996326 -0.031609 0.079592 0.998390 -0.038444 0.041704 0.991021 -0.010201 0.133314 0.999890 -0.005242 -0.013868 0.999993 0.000471 -0.003651 0.999992 0.002609 0.002901 0.999866 0.012255 -0.010813 0.999827 0.018047 -0.004589 0.999781 0.003513 -0.020620 0.997446 0.033634 -0.063015 0.993225 0.066728 -0.095140 0.997529 0.047790 -0.051492 0.993881 0.072885 -0.082991 0.998452 -0.050562 -0.023168 0.998536 -0.046906 -0.026946 0.998706 -0.046473 -0.020661 0.998513 -0.047899 -0.026039 0.997450 -0.062828 0.033853 0.999078 -0.039710 0.016343 0.999987 0.003043 0.003994 0.999750 0.022241 -0.002485 0.985286 0.119582 -0.122110 0.974082 0.186821 -0.127520 0.985661 0.121961 -0.116611 0.972222 0.196455 -0.127240 0.998733 -0.040558 -0.029804 0.999116 -0.029361 -0.030093 0.998504 -0.043595 -0.033013 0.998872 -0.029212 -0.037429 0.956853 0.130100 0.259821 0.972875 0.043983 0.227111 0.979097 0.043351 0.198723 0.959695 0.140922 0.243160 0.999581 -0.015750 -0.024297 0.999441 -0.010380 -0.031789 0.985731 0.168325 0.001290 0.960904 0.276330 0.017459 0.958939 0.282738 0.022266 0.984642 0.174578 0.001427 0.958867 0.282794 0.024544 0.984235 0.176847 -0.002643 0.910290 0.412316 0.036990 0.909315 0.413806 0.043701 0.914082 0.404528 0.028500 0.996638 0.081867 -0.003184 0.980890 0.194348 0.009200 0.984015 0.177952 0.006960 0.997878 0.064992 -0.003825 0.986754 0.162212 0.001923 0.998771 0.048797 -0.008694 0.946397 0.322655 0.015050 0.950934 0.309161 0.012015 0.941770 0.335809 0.017389 
						0.992627 0.104214 0.061889 0.976968 0.206057 0.055452 0.976993 0.211258 0.029252 0.994542 0.101273 0.025113 0.975608 0.218890 0.016603 0.994446 0.105107 0.005518 0.937799 0.344314 0.044515 0.934503 0.354484 0.032320 0.940328 0.332887 0.070494 0.989758 0.142506 -0.008405 0.968834 0.247696 0.002803 0.964418 0.264158 0.010908 0.987523 0.157458 -0.002157 0.919922 0.391609 0.019650 0.926879 0.375205 0.010801 0.960346 0.277913 0.022366 0.984006 0.177706 -0.012396 0.961884 0.273142 0.013141 0.982670 0.182912 -0.030032 0.911263 0.409288 0.045629 0.914627 0.402437 0.038757 0.988097 0.153465 -0.010627 0.998913 0.040983 -0.022198 0.985875 0.165690 -0.024445 0.997798 0.055169 -0.036823 0.954112 0.299432 0.003288 0.951683 0.306974 -0.008217 0.974951 0.222114 0.011674 0.994194 0.107562 -0.003057 0.975765 0.218575 0.010396 0.994479 0.104814 -0.005139 0.933245 0.358274 0.026322 0.934450 0.355367 0.022741 0.960709 0.277506 -0.005398 0.977479 0.203396 -0.056262 0.952899 0.302803 -0.017157 0.965823 0.249903 -0.068804 0.915425 0.402066 0.018418 0.904835 0.425763 0.000430 0.982285 0.185834 -0.024135 0.996162 0.079729 -0.036108 0.978000 0.207957 -0.016435 0.994228 0.103801 -0.027127 0.947574 0.319376 -0.010145 0.941177 0.337864 -0.005848 0.977930 0.208689 0.010057 0.995381 0.095907 -0.004318 0.937559 0.347257 0.019903 0.961228 0.214693 0.173053 0.949182 0.278788 0.146049 0.970380 0.218528 0.102999 0.983693 0.132265 0.121880 0.933589 0.335989 0.124590 0.899881 0.398834 0.176481 0.973489 0.228641 -0.006499 0.992074 0.124515 -0.016909 0.934135 0.356914 0.002163 0.750265 0.654560 0.093027 0.614144 0.774880 0.149626 0.629354 0.762214 0.151473 0.753009 0.650917 0.096355 0.644344 0.749334 0.152709 0.755934 0.646987 0.099859 0.487648 0.853706 0.182716 
						0.511493 0.839217 0.184635 0.465025 0.866975 0.179181 0.765281 0.635006 0.105416 0.675277 0.721433 0.153411 0.690988 0.707490 0.148301 0.771852 0.627692 0.101226 0.702050 0.699782 0.132027 0.775822 0.625276 0.084437 0.582210 0.794035 0.174755 0.595784 0.787412 0.158189 0.560281 0.808017 0.182194 0.759869 0.645394 0.077882 0.608128 0.784168 0.123537 0.596648 0.793218 0.121719 0.756576 0.649359 0.076984 0.576461 0.807913 0.122347 0.743923 0.664072 0.074751 0.434282 0.888013 0.151106 0.414982 0.897031 0.152069 0.447830 0.880776 0.153889 0.791225 0.598157 0.127165 0.692741 0.696451 0.187258 0.681174 0.713084 0.165872 0.785513 0.609115 0.109310 0.668201 0.729048 0.148310 0.780299 0.618131 0.095116 0.556617 0.806992 0.197335 0.534446 0.825554 0.181184 0.577180 0.787230 0.217100 0.694214 0.714083 0.090292 0.764869 0.642673 0.044123 0.616522 0.786134 0.043511 0.703773 0.710404 0.005468 0.586392 0.800821 0.121782 0.504723 0.859699 0.078568 0.580964 0.802840 0.133899 0.745870 0.661290 0.079840 0.587947 0.796549 0.140811 0.746037 0.660605 0.083838 0.422253 0.891996 0.161386 0.430573 0.886829 0.167752 0.653804 0.744501 0.135128 0.775140 0.626097 0.084625 0.638225 0.759310 0.126951 0.769753 0.633509 0.078405 0.511359 0.842627 0.168795 0.488167 0.857878 0.160429 0.681124 0.646023 0.344563 0.593135 0.707378 0.384458 0.682178 0.658873 0.317048 0.774612 0.573207 0.267225 0.704195 0.664091 0.251184 0.797880 0.571933 0.190473 0.581239 0.739637 0.339262 0.601977 0.748940 0.276970 0.487522 0.773215 0.405537 0.599635 0.786782 0.146330 0.747685 0.658041 0.089157 0.445277 0.878306 0.174087 0.659470 0.735840 0.153748 0.759791 0.641869 0.103545 0.535933 0.823793 0.184774 0.622250 0.772997 0.123618 0.764293 0.640310 0.076546 
						0.466121 0.870888 0.155836 0.701974 0.679401 0.213653 0.796937 0.584844 0.151156 0.594269 0.767075 0.241745 0.332542 0.924255 0.187534 0.310659 0.932984 0.181745 0.293340 0.939353 0.177672 0.165872 0.962505 0.214640 0.153161 0.965764 0.209384 0.182916 0.958153 0.220194 0.481180 0.831152 0.278661 0.464465 0.849308 0.250893 0.439043 0.867939 0.232213 0.314284 0.911169 0.266453 0.285303 0.924418 0.253086 0.337091 0.897005 0.285921 0.311337 0.929491 0.197775 0.334654 0.920072 0.203651 0.361080 0.909074 0.207861 0.179612 0.956523 0.229792 0.205010 0.950058 0.235289 0.158535 0.961788 0.223226 0.417862 0.884372 0.208030 0.442941 0.873460 0.202167 0.458823 0.867969 0.190031 0.290519 0.926820 0.237916 0.310547 0.921760 0.232203 0.263213 0.934447 0.239849 0.281136 0.943824 0.173661 0.264823 0.948492 0.173872 0.143835 0.968603 0.202781 0.126250 0.971929 0.198534 0.411342 0.885159 0.217465 0.383691 0.900354 0.205289 0.255842 0.935839 0.242384 0.228236 0.945164 0.233608 0.455082 0.874976 0.165279 0.398930 0.906792 0.136324 0.316524 0.922762 0.219823 0.291216 0.934244 0.205867 0.272599 0.945143 0.179982 0.279550 0.942220 0.184590 0.128479 0.970176 0.205551 0.132718 0.968553 0.210452 0.357169 0.913383 0.195350 0.203733 0.952493 0.226383 0.388263 0.835708 0.388387 0.470565 0.818233 0.330246 0.338221 0.884653 0.320930 0.286312 0.888438 0.358754 0.292582 0.936952 0.191094 0.142773 0.965781 0.216525 0.389409 0.896898 0.209607 0.233540 0.942554 0.238853 -0.095141 0.956003 0.277500 -0.245915 0.928169 0.279334 -0.228041 0.930940 0.285216 -0.071859 0.956681 0.282129 -0.208214 0.933778 0.291041 -0.046475 0.957007 0.286318 -0.391330 0.877872 0.276047 -0.378846 0.880427 0.285174 -0.401839 0.875823 0.267320 -0.090614 0.958106 0.271701 
						-0.229782 0.935685 0.267758 -0.228163 0.936269 0.267099 -0.094351 0.958569 0.268781 -0.224047 0.938433 0.262957 -0.095294 0.960054 0.263087 -0.373443 0.896716 0.237574 -0.367811 0.899270 0.236703 -0.377846 0.895371 0.235677 0.025051 0.957346 0.287855 -0.138214 0.954973 0.262533 -0.159105 0.951300 0.264033 0.001452 0.958814 0.284032 -0.180952 0.947404 0.263972 -0.024048 0.959639 0.280206 -0.329594 0.918069 0.220268 -0.346459 0.911085 0.223361 -0.313118 0.925596 0.212672 -0.127972 0.955223 0.266780 -0.267772 0.925779 0.266892 -0.259543 0.926306 0.273119 -0.114216 0.955418 0.272271 -0.408320 0.875399 0.258750 -0.410127 0.876888 0.250727 -0.189082 0.935555 0.298305 -0.021874 0.956497 0.290920 -0.172229 0.934644 0.311093 -0.001105 0.954586 0.297932 -0.366559 0.881760 0.296872 -0.353934 0.879667 0.317675 -0.224780 0.941273 0.251951 -0.098525 0.962982 0.250916 -0.244952 0.940295 0.236312 -0.122141 0.964020 0.236109 -0.367233 0.901220 0.230094 -0.381061 0.898367 0.218470 -0.200867 0.943377 0.263993 -0.047791 0.959744 0.276782 -0.216564 0.939640 0.264908 -0.067627 0.959218 0.274459 -0.361756 0.904515 0.225798 -0.372924 0.899210 0.228800 -0.147700 0.928596 0.340431 0.018736 0.949958 0.311815 -0.076172 0.923021 0.377133 0.052624 0.943367 0.327551 -0.323093 0.872379 0.366833 -0.204938 0.877543 0.433496 -0.261934 0.933645 0.244331 -0.135903 0.959381 0.247223 -0.269079 0.928839 0.254666 -0.139067 0.956631 0.255963 -0.395597 0.890454 0.224933 -0.403686 0.883985 0.235813 -0.226345 0.936866 0.266552 -0.082049 0.958468 0.273144 -0.378272 0.896051 0.232384 0.052444 0.955591 0.289991 -0.079888 0.968723 0.234932 -0.120575 0.960076 0.252420 0.040691 0.956061 0.290330 -0.292645 0.937824 0.186668 -0.217421 0.964570 0.149442 -0.270695 0.926613 0.260983 -0.136119 0.955565 0.261470 
						-0.408153 0.879870 0.243394 -0.729416 0.641119 0.238578 -0.876671 0.421102 0.232639 -0.876867 0.403188 0.261808 -0.732983 0.629103 0.258776 -0.869625 0.392727 0.299196 -0.729956 0.621415 0.284620 -0.961326 0.162941 0.222042 -0.952111 0.148684 0.267166 -0.966522 0.176600 0.186139 -0.671384 0.713806 0.199310 -0.823583 0.530755 0.200024 -0.785964 0.576878 0.222423 -0.640450 0.738987 0.209096 -0.745507 0.623523 0.235455 -0.614004 0.759876 0.213511 -0.942198 0.327754 0.069573 -0.927939 0.367589 0.061712 -0.951076 0.305185 0.048134 -0.681287 0.731348 0.031294 -0.835467 0.540228 -0.100743 -0.862724 0.505669 0.002472 -0.701137 0.707268 0.090436 -0.872002 0.485384 0.063361 -0.710139 0.693059 0.123983 -0.933525 0.319209 -0.163209 -0.953478 0.287314 -0.091273 -0.884710 0.359025 -0.297302 -0.699716 0.682392 0.211516 -0.851064 0.486767 0.196845 -0.869355 0.446871 0.211019 -0.718712 0.658642 0.222810 -0.964797 0.204849 0.164935 -0.961037 0.231957 0.150344 -0.851623 0.382907 0.357940 -0.720058 0.614676 0.322008 -0.812030 0.368690 0.452411 -0.695523 0.605069 0.387477 -0.926663 0.135395 0.350663 -0.876306 0.111841 0.468594 -0.711012 0.663651 0.232443 -0.597616 0.773580 0.210783 -0.703579 0.684497 0.190894 -0.599599 0.777253 0.190679 -0.916380 0.386221 0.105269 -0.916977 0.382601 0.113005 -0.872272 0.477374 0.106089 -0.712651 0.685724 0.148020 -0.865499 0.480620 0.141126 -0.708023 0.685989 0.167699 -0.961412 0.272497 -0.037844 -0.961680 0.274162 -0.002791 -0.657430 0.340300 0.672296 -0.602851 0.592825 0.533975 -0.134909 0.375357 0.917010 -0.253083 0.635424 0.729510 -0.638862 0.076546 0.765504 0.009533 0.079077 0.996823 -0.746771 0.641691 0.174832 -0.624482 0.757405 0.190684 -0.788792 0.586789 0.182991 -0.647000 0.735886 0.199656 -0.928286 0.347450 0.132530 -0.939688 0.304582 0.155616 
						-0.850390 0.497188 0.172167 -0.694974 0.694868 0.184852 -0.957407 0.287194 0.029854 -0.304063 0.917329 -0.257007 -0.209480 0.806406 -0.553017 -0.695695 0.633975 -0.337764 -0.606327 0.788431 -0.103650 -0.681447 0.434556 -0.588890 -0.079534 0.551873 -0.830127 -0.821575 0.537813 0.189133 -0.673599 0.710199 0.204648 -0.950597 0.272215 0.149214 -0.986235 -0.056016 0.155574 -0.951309 -0.232227 0.202688 -0.945720 -0.240782 0.218260 -0.980655 -0.058676 0.186743 -0.999779 0.016740 0.012754 -0.999129 -0.014546 0.039117 -0.906136 -0.067518 0.417563 -0.839630 -0.278225 0.466490 -0.749273 -0.357638 0.557391 -0.830786 -0.112129 0.545180 -0.982639 -0.146722 -0.113544 -0.984445 -0.139689 -0.106560 -0.997842 -0.023615 0.061262 0.005170 0.169919 -0.985445 -0.590107 0.206573 -0.780449 -0.615025 -0.029847 -0.787942 -0.781378 -0.006014 -0.624029 -0.872631 0.155112 -0.463093 -0.610962 -0.419830 0.671169 -0.612812 -0.169877 0.771753 -0.994509 -0.042493 0.095640 -0.990977 -0.047039 0.125506 -0.959547 -0.047214 0.277561 -0.915641 -0.235293 0.325944 -0.883058 -0.259462 0.391010 -0.940178 -0.055583 0.336119 -0.886616 0.040596 -0.460722 -0.953035 0.119166 -0.278433 -0.996847 0.061158 -0.050549 -0.999304 0.033745 -0.015903 -0.992209 0.075205 -0.099321 -0.949815 0.053530 -0.308197 -0.963280 0.021998 -0.267596 -0.977548 -0.049002 -0.204936 -0.999335 -0.020691 0.030009 -0.967106 -0.254368 -0.001616 -0.955406 -0.263031 0.134219 -0.934525 -0.235776 0.266595 -0.972058 -0.054694 0.228279 -0.994516 -0.037487 0.097638 -0.998708 0.008448 0.050102 -0.981968 0.085578 -0.168569 -0.915448 0.044994 -0.399914 -0.035758 -0.328058 0.943981 0.998891 0.036121 -0.030204 0.998374 0.053300 -0.020188 0.997653 0.067300 -0.012589 0.962900 0.170537 0.209142 0.984910 0.073481 0.156696 0.995540 0.031716 0.088850 0.999758 0.020247 -0.008627 0.999840 0.014080 -0.011008 
						0.999925 0.003705 -0.011693 0.999043 -0.010074 -0.042572 0.999082 0.014500 -0.040313 0.991264 0.115899 -0.062946 0.983624 0.152126 -0.096655 0.969623 0.218283 -0.110376 0.999688 0.020829 0.013797 0.999757 0.021976 -0.001599 0.999600 -0.021055 -0.018874 0.999221 -0.024656 -0.030807 0.995230 0.095548 -0.019676 0.994176 0.101367 -0.036582 0.996891 0.078394 -0.007876 0.996237 0.086402 -0.006800 0.998897 0.021076 0.041968 0.999868 -0.009181 -0.013377 0.995738 0.091649 -0.010290 0.878951 0.461682 0.119565 0.876702 0.473637 0.084033 0.872158 0.484813 0.065559 0.872040 0.488146 0.035488 0.874768 0.483331 0.034235 0.878262 0.476926 0.034595 0.845425 0.531734 0.050158 0.842210 0.536086 0.057396 0.841442 0.536744 0.062300 0.869545 0.493288 0.023643 0.862963 0.504397 0.029656 0.856517 0.514859 0.036040 0.790671 0.549818 0.269334 0.862795 0.466561 0.194693 0.868884 0.492927 0.045430 0.869959 0.491560 0.039243 0.877536 0.478915 0.023907 0.875640 0.482465 0.021969 0.843700 0.534653 0.048137 0.837145 0.546736 0.016381 0.802898 0.595978 -0.012869 0.869417 0.491129 0.053910 0.881647 0.470880 0.031141 0.842761 0.534828 0.060925 0.850477 0.524265 0.042848 -0.007443 0.970991 0.239001 -0.000233 0.969637 0.244547 0.012428 0.968090 0.250295 0.170319 0.927953 0.331504 0.191266 0.930150 0.313429 0.182433 0.938047 0.294596 0.078632 0.962367 0.260127 0.058767 0.964966 0.255708 0.043847 0.966779 0.251823 -0.002486 0.975059 0.221934 -0.008609 0.972657 0.232086 0.157956 0.949867 0.269822 0.170774 0.947806 0.269257 0.171264 0.948009 0.268230 0.130326 0.952988 0.273549 0.102963 0.958456 0.266007 0.026080 0.969963 0.241851 0.019347 0.972502 0.232091 0.109183 0.957194 0.268064 0.136395 0.953304 0.269458 0.030563 0.966161 0.256121 0.053627 0.963751 0.261358 
						0.158398 0.946064 0.282619 0.033256 0.968320 0.247487 0.080509 0.960767 0.265414 -0.531842 0.819576 0.213163 -0.542843 0.810251 0.220940 -0.553865 0.800451 0.229155 -0.302015 0.953226 -0.012117 -0.459762 0.885397 0.068499 -0.498759 0.856335 0.133904 -0.538427 0.820824 0.190640 -0.535537 0.820968 0.198020 -0.526729 0.825095 0.204389 -0.505272 0.839958 0.197917 -0.520541 0.829342 0.203050 -0.533420 0.773834 0.341532 -0.480384 0.765146 0.428699 -0.273578 0.789335 0.549641 -0.526301 0.832465 0.173234 -0.534918 0.824931 0.182621 -0.502329 0.838683 0.210421 -0.497303 0.842421 0.207403 -0.557342 0.781183 0.281288 -0.548765 0.779058 0.303190 -0.561862 0.791889 0.239212 -0.564969 0.785915 0.251291 -0.514494 0.842466 0.159834 -0.514404 0.831720 0.208876 -0.563035 0.782747 0.265139 0.999998 0.001718 -0.000729 0.999961 -0.008811 -0.001074 0.999450 0.032932 0.003938 0.999441 0.030770 -0.013059 0.999559 -0.023730 -0.017843 0.999461 0.026312 0.019657 0.998021 -0.024509 -0.057913 0.999451 0.013006 0.030482 0.996707 0.009951 -0.080474 0.999429 -0.004058 0.033559 0.987232 -0.019361 0.158108 0.989946 -0.085083 0.112997 0.999403 -0.020748 0.027636 0.999388 -0.004203 0.034738 0.994364 -0.097687 0.041196 0.999409 -0.031667 0.013389 0.996949 -0.077452 -0.009713 0.999412 -0.034023 -0.004258 0.998135 -0.048753 -0.036744 0.999419 -0.027223 -0.020517 0.998957 -0.017836 -0.042028 0.999426 -0.013234 -0.031183 0.999579 0.003538 -0.028801 0.999432 0.004109 -0.033446 0.999909 0.008138 -0.010798 0.999436 0.020206 -0.026810 -0.980860 -0.194711 -0.000886 -0.980900 -0.094197 -0.170184 -0.954982 -0.254483 0.152474 -0.248534 -0.207220 -0.946198 -0.983657 -0.179800 0.009568 -0.296934 -0.627431 0.719834 -0.823266 -0.549240 -0.143418 -0.000000 0.608761 -0.793353 -0.000000 0.608761 -0.793353 -0.000000 0.608761 -0.793354 
						-0.000000 0.608761 -0.793353 -0.000000 0.608767 -0.793349 -0.000000 0.608762 -0.793353 -0.000000 0.608762 -0.793353 -0.000000 0.608769 -0.793348 -0.000000 0.608762 -0.793353 -0.000000 0.608762 -0.793353 -0.000000 0.608762 -0.793353 -0.000000 0.608762 -0.793353 -0.000000 0.608761 -0.793354 -0.000000 0.608762 -0.793353 -0.000000 0.608764 -0.793351 -0.000000 0.608762 -0.793353 -0.000000 0.608763 -0.793353 -0.000000 0.608762 -0.793353 -0.000000 0.608761 -0.793353 -0.000000 0.608762 -0.793353 -0.000000 0.608762 -0.793353 -0.000000 0.608762 -0.793353 -0.000000 0.608761 -0.793354 -0.000000 0.608761 -0.793353 -0.000000 0.608762 -0.793353 -0.000000 0.608762 0.793353 -0.000000 0.608762 0.793353 -0.000000 0.608762 0.793353 -0.000000 0.608762 0.793353 -0.000000 0.608750 0.793362 -0.000000 0.608761 0.793354 -0.000000 0.608761 0.793354 -0.000000 0.608756 0.793358 -0.000000 0.608760 0.793354 -0.000000 0.608761 0.793353 -0.000000 0.608762 0.793353 -0.000000 0.608762 0.793353 -0.000000 0.608758 0.793356 -0.000000 0.608761 0.793353 -0.000000 0.608751 0.793361 -0.000000 0.608760 0.793354 -0.000000 0.608761 0.793354 -0.000000 0.608761 0.793353 -0.000000 0.608761 0.793353 -0.000000 0.608761 0.793354 -0.000000 0.608762 0.793353 -0.000000 0.608761 0.793353 -0.000000 0.608767 0.793349 -0.000000 0.608758 0.793356 -0.000000 0.608761 0.793353 0.000000 1.000000 0.000000 0.000000 1.000000 0.000000 0.000000 1.000000 0.000000 0.000000 1.000000 0.000000 0.195147 0.000000 0.980774 0.195093 0.000000 0.980785 0.195086 0.000000 0.980786 0.195139 0.000000 0.980776 0.457860 -0.762056 -0.457858 0.425156 -0.799055 -0.425153 0.381820 -0.888328 -0.255122 0.445195 -0.867995 -0.219968 -0.551458 0.802319 -0.228426 -0.559548 0.795729 -0.231777 -0.571215 0.589433 -0.571211 -0.553527 0.622270 -0.553524 0.304681 0.000000 0.952454 
						0.034576 0.000000 0.999402 0.020465 0.000000 0.999791 0.246041 0.000000 0.969259 -0.195091 0.000000 -0.980785 -0.195091 0.000000 -0.980785 -0.195091 0.000000 -0.980785 -0.195091 0.000000 -0.980785 -0.333587 -0.490038 0.805346 -0.314518 -0.569674 0.759309 -0.425147 -0.799064 0.425144 -0.457865 -0.762051 0.457863 0.502392 0.863998 0.033314 0.493208 0.864361 0.098114 0.559579 0.795704 0.231790 0.551489 0.802294 0.228439 -0.364131 0.307600 -0.879085 -0.372707 0.226866 -0.899789 -0.000000 -0.202198 -0.979345 -0.000000 -0.096715 -0.995312 -0.304679 0.000000 -0.952455 -0.034552 0.000000 -0.999403 -0.020424 0.000000 -0.999791 -0.246020 0.000000 -0.969265 0.127796 0.000000 0.991801 0.186076 0.000000 0.982535 0.131926 0.000000 0.991260 0.130760 0.000000 0.991414 -0.127759 0.000000 -0.991805 -0.186040 0.000000 -0.982542 -0.132112 0.000000 -0.991235 -0.130762 0.000000 -0.991414 0.364137 0.307556 0.879098 0.372713 0.226799 0.899804 0.000000 -0.202339 0.979315 0.000000 -0.096878 0.995296 0.195091 0.000000 0.980785 0.195091 -0.000007 0.980785 0.195091 -0.000124 0.980785 0.195091 -0.000118 0.980785 0.314498 -0.569751 -0.759259 0.333574 -0.490100 -0.805314 0.571230 0.589404 0.571226 0.553541 0.622245 0.553537 -0.381784 -0.888350 0.255098 -0.445171 -0.868011 0.219955 -0.502370 0.864011 -0.033312 -0.493186 0.864374 -0.098110 -0.997459 0.026473 0.066142 0.124991 0.992123 -0.008288 0.192375 0.978081 -0.079686 -0.916311 0.127716 0.379556 -0.195094 -0.000000 0.980785 -0.195093 -0.000000 0.980785 -0.195086 -0.000000 0.980786 -0.195087 -0.000000 0.980786 -0.457931 0.761972 -0.457928 -0.445279 0.867942 -0.220009 -0.381891 0.888284 -0.255169 -0.425231 0.798974 -0.425228 0.551548 -0.802246 -0.228463 0.553536 -0.622254 -0.553532 0.571207 -0.589448 -0.571203 0.559635 -0.795658 -0.231813 -0.304666 -0.000000 0.952459 
						-0.246038 -0.000000 0.969260 -0.020472 -0.000000 0.999790 -0.034553 -0.000000 0.999403 0.195091 0.000000 -0.980785 0.195091 0.000000 -0.980785 0.195091 0.000000 -0.980785 0.195091 0.000000 -0.980785 0.333588 0.490036 0.805347 0.457851 0.762068 0.457848 0.425134 0.799077 0.425131 0.314517 0.569680 0.759305 -0.502390 -0.863999 0.033314 -0.551499 -0.802285 0.228443 -0.559588 -0.795697 0.231793 -0.493210 -0.864359 0.098115 0.364109 -0.307778 -0.879032 -0.000000 0.096803 -0.995304 0.000000 0.202295 -0.979325 0.372692 -0.227038 -0.899752 0.304671 -0.000000 -0.952458 0.246031 -0.000000 -0.969262 0.020443 -0.000000 -0.999791 0.034562 -0.000000 -0.999403 -0.186071 -0.000000 0.982536 -0.127877 -0.000000 0.991790 -0.130467 -0.000000 0.991453 -0.131982 -0.000000 0.991252 0.186103 -0.000000 -0.982530 0.127775 -0.000000 -0.991803 0.131053 -0.000000 -0.991375 0.132052 -0.000000 -0.991243 -0.364131 -0.307601 0.879085 0.000000 0.096833 0.995301 0.000000 0.202295 0.979325 -0.372709 -0.226852 0.899793 -0.195091 0.000000 0.980785 -0.195091 0.000000 0.980785 -0.195091 0.000000 0.980785 -0.195091 0.000000 0.980785 -0.333586 0.490042 -0.805344 -0.314521 0.569664 -0.759315 -0.553528 -0.622267 0.553525 -0.571215 -0.589433 0.571211 0.445194 0.867996 0.219967 0.381818 0.888329 0.255121 0.502451 -0.863963 -0.033318 0.493275 -0.864321 -0.098128 0.000000 1.000000 0.000000 0.000000 1.000000 0.000000 0.000000 1.000000 0.000000 0.000000 1.000000 0.000000 0.000000 1.000000 0.000000 0.000000 1.000000 0.000000 0.000000 1.000000 0.000000 0.000000 1.000000 0.000000 0.000000 1.000000 0.000000 0.000000 1.000000 0.000000 0.000000 1.000000 0.000000 0.000000 1.000000 0.000000 0.000000 1.000000 0.000000 0.000000 1.000000 0.000000 0.000000 1.000000 0.000000 0.000000 1.000000 0.000000 0.000000 1.000000 0.000000 
						0.000000 1.000000 0.000000 0.000000 1.000000 0.000000 0.000000 1.000000 0.000000 0.000000 1.000000 0.000000 0.000000 1.000000 0.000000 0.000000 1.000000 0.000000 0.000000 1.000000 0.000000 0.000000 1.000000 0.000000 0.000000 1.000000 0.000000 0.000000 1.000000 0.000000 0.000000 1.000000 0.000000 0.000000 1.000000 0.000000 0.000000 1.000000 0.000000 0.195094 0.000000 0.980785 0.195093 0.000000 0.980785 0.195085 0.000000 0.980786 0.195086 0.000000 0.980786 0.457911 0.761995 -0.457909 0.445225 0.867976 -0.219983 0.381824 0.888325 -0.255125 0.425197 0.799010 -0.425195 -0.551543 -0.802250 -0.228462 -0.553605 -0.622130 -0.553602 -0.571285 -0.589296 -0.571282 -0.559641 -0.795653 -0.231816 0.304614 0.000000 0.952476 0.245975 0.000000 0.969276 0.020434 0.000000 0.999791 0.034550 0.000000 0.999403 -0.195090 0.000000 -0.980785 -0.195090 -0.000113 -0.980785 -0.195090 -0.000119 -0.980785 -0.195090 -0.000007 -0.980785 -0.333589 0.490033 0.805348 -0.457921 0.761984 0.457919 -0.425207 0.798999 0.425205 -0.314524 0.569652 0.759323 0.502358 -0.864018 0.033311 0.551500 -0.802285 0.228444 0.559599 -0.795687 0.231799 0.493178 -0.864379 0.098108 -0.364134 -0.307577 -0.879092 0.000000 0.096814 -0.995302 0.000000 0.202278 -0.979328 -0.372710 -0.226844 -0.899794 -0.304566 0.000000 -0.952491 -0.245966 0.000000 -0.969279 -0.020467 0.000000 -0.999790 -0.034547 0.000000 -0.999403 0.186036 -0.000000 0.982543 0.127754 -0.000000 0.991806 0.131035 0.000000 0.991378 0.132042 0.000000 0.991244 -0.186070 -0.000000 -0.982537 -0.127818 -0.000000 -0.991798 -0.130762 0.000000 -0.991414 -0.131933 0.000000 -0.991259 0.364136 -0.307566 0.879095 0.000000 0.096940 0.995290 0.000000 0.202406 0.979302 0.372712 -0.226816 0.899800 0.195090 0.000000 0.980785 0.195090 0.000000 0.980785 0.195090 0.000000 0.980785 
						0.195090 0.000000 0.980785 0.333589 0.490030 -0.805350 0.314522 0.569661 -0.759317 0.553598 -0.622142 0.553595 0.571280 -0.589306 0.571277 -0.445225 0.867976 0.219983 -0.381824 0.888325 0.255125 -0.502375 -0.864008 -0.033313 -0.493199 -0.864366 -0.098112 0.268851 0.924900 -0.268849 -0.682958 0.259119 0.682954 0.268924 0.711457 -0.649237 -0.361354 0.329208 0.872379 0.025395 0.997796 -0.061308 0.000000 1.000000 0.000000 0.000000 1.000000 0.000000 0.000000 1.000000 0.000000 0.000000 0.997748 -0.067075 -0.366701 0.285993 -0.885290 -0.366701 0.285993 -0.885290 -0.000000 0.285993 -0.958232 -0.025044 0.997856 -0.060461 -0.702998 0.107675 -0.702994 -0.702998 0.107675 -0.702994 -0.380461 0.107675 -0.918507 -0.035023 0.998773 -0.035023 -0.896078 0.031938 -0.442746 -0.896078 0.031938 -0.442745 -0.706756 0.031592 -0.706752 -0.046492 0.998654 -0.022971 0.037721 -0.999285 -0.002501 -0.995344 -0.070246 0.066001 -0.896264 -0.024633 -0.442837 0.139978 -0.988455 -0.057982 -0.915264 -0.136229 0.379123 0.336747 -0.879321 -0.336745 -0.698186 -0.158358 0.698182 0.049064 -0.997590 -0.049063 -0.360713 -0.333971 0.870833 -0.360713 -0.333971 0.870833 -0.666509 -0.333970 0.666505 0.027036 -0.997501 -0.065269 0.000000 -0.999143 -0.041395 -0.000000 -0.999143 -0.041395 0.015841 -0.999143 -0.038244 0.000000 -0.997471 -0.071080 -0.367178 -0.281791 -0.886439 -0.367178 -0.281791 -0.886439 -0.000000 -0.281791 -0.959476 -0.026467 -0.997606 -0.063898 -0.703104 -0.106274 -0.703101 -0.703104 -0.106274 -0.703100 -0.380518 -0.106274 -0.918647 -0.037907 -0.998562 -0.037907 -0.896104 -0.031035 -0.442758 -0.896104 -0.031035 -0.442758 -0.706776 -0.030698 -0.706771 -0.056159 -0.998036 -0.027748 -0.896247 0.025392 -0.442828 0.035204 0.000000 -0.999380 0.011209 0.000000 -0.999937 0.007780 0.000000 -0.999970 0.031777 0.000000 -0.999495 -0.589648 -0.551936 -0.589645 
						-0.075952 -0.994215 -0.075951 -0.087613 -0.994433 -0.058541 -0.095265 -0.994339 -0.047070 0.321088 0.937664 -0.133002 0.487876 0.723849 -0.487873 -0.188334 -0.000000 -0.982105 0.352626 0.000000 -0.935764 0.296468 -0.000000 -0.955043 -0.119253 0.000000 -0.992864 0.130186 -0.744780 -0.654488 0.138016 -0.706766 -0.693854 0.091374 0.883533 -0.459369 0.100760 0.856300 -0.506554 -0.361517 0.327979 -0.872774 -0.353049 0.385861 -0.852330 -0.577174 0.577706 -0.577171 -0.573677 0.584631 -0.573674 0.056994 -0.998310 -0.011338 0.245321 -0.964101 -0.101617 0.354995 0.373472 -0.857028 -0.000000 -0.033550 -0.999437 0.000000 0.059108 -0.998252 -0.053983 -0.000000 -0.998542 0.364634 0.000000 -0.931151 0.287819 0.000000 -0.957685 -0.026769 -0.000000 -0.999642 -0.109419 0.000000 -0.993996 -0.087475 0.000000 -0.996167 -0.060470 -0.000000 -0.998170 -0.037986 -0.000000 -0.999278 -0.115800 -0.000000 -0.993273 -0.064863 -0.000000 -0.997894 -0.067531 0.000000 -0.997717 -0.050117 0.000000 -0.998743 0.345428 -0.430395 -0.833930 0.356355 -0.364520 -0.860312 0.000000 0.054988 -0.998487 0.000000 -0.040121 -0.999195 0.121536 0.782244 -0.611002 0.129892 0.746127 -0.653010 0.108908 -0.829675 -0.547520 0.117802 -0.797109 -0.592232 -0.356707 -0.362165 -0.861160 -0.364247 -0.306664 -0.879364 0.481381 -0.732494 -0.481378 -0.066294 0.995595 -0.066293 -0.076468 0.995762 -0.051094 -0.083149 0.995690 -0.041083 0.228315 0.972527 -0.045419 -0.594114 -0.542273 -0.594111 -0.709187 0.141930 0.690586 -0.663885 -0.201767 0.720102 -0.715010 -0.160730 0.680387 -0.675358 0.127733 0.726344 -0.734504 -0.089224 0.672713 -0.658858 0.084468 0.747510 -0.720767 -0.030653 0.692499 -0.664954 0.037620 0.745937 -0.710244 -0.005928 0.703930 -0.672233 0.008404 0.740292 -0.799131 0.007404 0.601112 -0.493150 -0.005121 0.869929 -0.513437 -0.088417 0.853560 -0.800810 0.061852 0.595716 
						-0.554621 -0.150804 0.818324 -0.785595 0.119462 0.607099 -0.615455 -0.166764 0.770328 -0.750126 0.153952 0.643125 -0.668020 -0.138152 0.731207 -0.710247 0.151625 0.687429 -0.694397 -0.084713 0.714589 -0.682635 0.116714 0.721379 -0.689616 -0.032074 0.723464 -0.677450 0.067132 0.732499 -0.660517 -0.003213 0.750805 -0.694423 0.026287 0.719087 -0.620559 -0.010943 0.784083 -0.723347 0.012617 0.690369 -0.587191 -0.057040 0.807436 -0.748818 0.031699 0.662017 -0.580361 -0.126150 0.804529 -0.757312 0.074447 0.648796 -0.609284 -0.186058 0.770815 -0.742164 0.119473 0.659483 -0.736686 0.089891 0.670234 -0.689934 0.125172 0.712968 -0.780711 0.108152 0.615462 -0.798515 0.174068 0.576259 -0.775300 0.258458 0.576290 -0.715602 0.316377 0.622751 -0.648174 0.307942 0.696450 -0.614453 0.228963 0.754999 -0.631495 0.131777 0.764100 -0.656835 0.064950 0.751232 -0.862975 0.139887 0.485495 -0.860772 0.054140 0.506104 -0.839996 0.251202 0.480941 -0.779917 0.324728 0.535053 -0.712880 0.335807 0.615658 -0.669247 0.281703 0.687569 -0.663018 0.198467 0.721816 -0.651231 0.436180 0.621004 -0.652489 0.500147 0.569307 -0.566453 0.725415 0.391030 -0.584150 0.724131 0.366611 -0.401292 0.905302 0.139257 -0.456493 0.871263 0.180320 -0.247120 0.968808 0.018509 -0.295280 0.950987 0.091833 -0.122463 0.992473 -0.000612 -0.143436 0.988338 0.051129 -0.685477 0.540722 0.487586 -0.607538 0.710641 0.354807 -0.469140 0.843041 0.263039 -0.281505 0.941033 0.187650 -0.124572 0.986500 0.106300 -0.753255 0.519291 0.403662 -0.627919 0.689594 0.360803 -0.411028 0.843666 0.345375 -0.201756 0.946536 0.251722 -0.072681 0.988267 0.134338 -0.830840 0.415168 0.370596 -0.634659 0.672482 0.380757 -0.284336 0.892405 0.350381 -0.097498 0.966579 0.237107 -0.015930 0.992754 0.119102 -0.860924 0.273810 0.428763 -0.601128 0.697989 0.389174 
						-0.140941 0.967207 0.211299 -0.033277 0.987311 0.155276 0.015111 0.997278 0.072171 -0.628643 0.663378 0.405877 -0.135997 0.983327 0.120720 -0.013416 0.996292 0.084988 0.025970 0.998890 0.039297 -0.613404 0.665475 0.425298 -0.636126 0.243725 0.732081 -0.593667 0.701403 0.394454 -0.284256 0.957218 -0.054162 -0.405194 0.914161 -0.011327 -0.211815 0.968987 -0.127272 -0.285427 0.954937 -0.081408 -0.110066 0.989061 -0.098201 -0.158585 0.985350 -0.062745 -0.592679 0.437663 0.676153 -0.599654 0.709655 0.369870 -0.524024 0.848047 0.078829 -0.361108 0.932516 0.003940 -0.189148 0.981941 -0.003761 -0.630719 0.522800 0.573476 -0.622858 0.690845 0.367126 -0.546906 0.812240 0.202877 -0.358934 0.926442 0.113453 -0.175371 0.982574 0.061591 -0.704302 0.504225 0.499715 -0.636898 0.668814 0.383470 -0.491169 0.820650 0.292039 -0.293150 0.935879 0.195432 -0.126296 0.986527 0.103993 -0.761053 0.433494 0.482577 -0.634087 0.656288 0.408926 -0.408027 0.855811 0.317965 -0.198528 0.955582 0.217829 -0.065918 0.991946 0.108156 -0.778194 0.361845 0.513306 -0.617352 0.656477 0.433490 -0.340391 0.890979 0.300483 -0.118641 0.976901 0.177733 -0.020622 0.996778 0.077512 -0.758589 0.322779 0.566000 -0.593246 0.670420 0.445641 -0.301542 0.918823 0.254632 -0.085839 0.990793 0.104693 -0.007979 0.999531 0.029576 -0.718419 0.327871 0.613493 -0.571631 0.692358 0.440317 -0.302097 0.933185 0.194686 -0.106963 0.993644 0.035092 -0.030613 0.999471 -0.010961 -0.676992 0.371325 0.635452 -0.561458 0.713446 0.419237 -0.340248 0.928530 0.148538 -0.170771 0.985310 -0.000900 -0.076424 0.996786 -0.024036 0.000841 1.000000 0.000000 0.002371 0.999997 0.000982 0.003279 0.999989 0.003279 0.002632 0.999976 0.006355 0.000000 0.999958 0.009191 -0.004391 0.999934 0.010600 -0.009585 0.999908 0.009585 -0.014131 0.999883 0.005853 
						-0.016660 0.999861 0.000000 -0.016354 0.999843 -0.006774 -0.013919 0.999806 -0.013919 0.001426 0.999998 0.001426 0.000839 0.999998 0.002025 0.000000 0.999998 0.002033 -0.000671 0.999999 0.001619 -0.000917 0.999999 0.000917 -0.000438 1.000000 0.000181 0.195101 -0.000001 0.980783 0.195114 0.000000 0.980781 0.195105 0.000000 0.980782 0.195089 -0.000000 0.980786 0.195188 0.000001 0.980766 0.195084 0.000001 0.980786 0.195088 0.000001 0.980786 0.195086 -0.000000 0.980786 0.195117 -0.000001 0.980780 0.195116 -0.000001 0.980780 0.195064 -0.000001 0.980791 0.195093 -0.000001 0.980785 0.195087 0.000001 0.980786 0.195090 0.000001 0.980785 0.195086 0.000001 0.980786 0.195151 0.000000 0.980773 0.195064 -0.000001 0.980791 0.122179 -0.982324 -0.141814 0.043457 -0.993797 -0.102365 0.093068 -0.988192 -0.121719 0.123300 -0.981654 -0.145441 0.145461 -0.979991 -0.135864 0.279789 -0.959208 -0.040469 0.277607 -0.959722 0.043227 0.143270 -0.981091 -0.130134 0.229483 -0.963644 0.136853 0.137715 -0.982308 -0.126910 0.135270 -0.978007 0.158756 0.131689 -0.983152 -0.126766 0.054133 -0.992473 0.109853 0.126702 -0.983433 -0.129641 0.022107 -0.999389 0.027082 0.123948 -0.983199 -0.133999 0.041531 -0.997996 -0.047733 0.123740 -0.982607 -0.138461 0.093085 -0.991849 -0.087007 0.125974 -0.981858 -0.141726 0.151578 -0.985152 -0.080618 0.129232 -0.981292 -0.142705 0.190805 -0.981097 -0.032280 0.131844 -0.981116 -0.141522 0.188631 -0.981207 0.040627 0.132798 -0.981337 -0.139075 0.134622 -0.985173 0.106351 0.131751 -0.981816 -0.136672 0.043846 -0.991181 0.125051 0.129255 -0.982289 -0.135651 -0.033912 -0.996852 0.071667 0.126433 -0.982551 -0.136413 -0.035980 -0.998928 -0.029113 0.123669 -0.982620 -0.138437 0.247771 -0.909773 0.333052 0.138669 -0.908091 0.395148 0.271923 -0.942948 0.192112 0.198941 -0.975763 0.091153 
						0.012758 -0.997237 0.073182 0.063386 -0.997284 0.037500 -0.083038 -0.979111 0.185597 -0.052688 -0.951153 0.304190 0.049680 -0.939386 0.339242 0.138623 -0.944907 0.296537 0.172946 -0.960378 0.218550 0.149729 -0.977414 0.149143 0.089045 -0.988984 0.118241 0.020840 -0.990265 0.137627 -0.024810 -0.979149 0.201624 -0.024168 -0.956847 0.289585 0.034059 -0.929237 0.367910 -0.003660 -0.775818 0.630946 -0.064935 -0.795040 0.603072 -0.113149 -0.613868 0.781258 -0.142127 -0.566454 0.811745 -0.309465 -0.487245 0.816593 -0.272864 -0.396544 0.876526 -0.526325 -0.344943 0.777172 -0.457374 -0.287288 0.841591 -0.095703 -0.826141 0.555277 -0.194399 -0.545388 0.815329 -0.305270 -0.307195 0.901356 -0.444890 -0.191461 0.874880 -0.092794 -0.858490 0.504366 -0.243280 -0.556022 0.794766 -0.374194 -0.260603 0.889980 -0.484110 -0.110414 0.868013 -0.060874 -0.882850 0.465693 -0.268532 -0.591835 0.760014 -0.441852 -0.269763 0.855567 -0.547882 -0.078567 0.832858 -0.012832 -0.892416 0.451032 -0.260372 -0.639131 0.723684 -0.478415 -0.325686 0.815504 -0.603376 -0.103992 0.790648 0.032538 -0.884838 0.464761 -0.219544 -0.682138 0.697488 -0.466988 -0.405846 0.785628 -0.624731 -0.172425 0.761565 0.055663 -0.863735 0.500863 -0.155461 -0.707159 0.689752 -0.404960 -0.481326 0.777388 -0.598596 -0.255040 0.759366 0.043832 -0.839154 0.542125 -0.082619 -0.704974 0.704405 -0.304123 -0.522895 0.796297 -0.527701 -0.317666 0.787794 0.002544 -0.826384 0.563101 -0.019511 -0.669357 0.742684 -0.190906 -0.506099 0.841082 -0.431018 -0.330362 0.839693 -0.035421 -0.837110 0.545886 0.004498 -0.598671 0.800982 -0.106867 -0.420012 0.901204 -0.340729 -0.278108 0.898087 -0.007451 -0.849043 0.528270 -0.036496 -0.495201 0.868012 -0.095071 -0.284742 0.953878 -0.290998 -0.171709 0.941189 -0.055509 -0.718807 0.692990 -0.123922 -0.152197 0.980551 -0.259961 -0.044753 0.964582 
						-0.233167 -0.743070 0.627280 0.045076 -0.884613 0.464143 -0.357151 -0.568808 0.740878 -0.588473 -0.201121 0.783103 -0.567302 -0.277962 0.775181 -0.680709 -0.063148 0.729827 -0.676281 -0.117999 0.727131 0.123863 -0.828949 0.545438 -0.221631 -0.673705 0.704984 -0.538436 -0.426986 0.726478 -0.678805 -0.219687 0.700686 0.074703 -0.782357 0.618334 -0.132451 -0.665260 0.734769 -0.417687 -0.514649 0.748782 -0.619895 -0.319859 0.716534 -0.709236 0.141434 -0.690638 -0.675537 0.127275 -0.726258 -0.715080 -0.161138 -0.680217 -0.663811 -0.202282 -0.720026 -0.659127 0.084135 -0.747311 -0.734703 -0.089549 -0.672453 -0.665320 0.037417 -0.745620 -0.721078 -0.030842 -0.692168 -0.672659 0.008401 -0.739905 -0.710562 -0.005930 -0.703609 -0.799480 0.007400 -0.600647 -0.801091 0.062047 -0.595318 -0.513854 -0.088227 -0.853329 -0.493626 -0.005123 -0.869659 -0.785780 0.119807 -0.606792 -0.554990 -0.150414 -0.818145 -0.750205 0.154435 -0.642918 -0.615692 -0.166229 -0.770254 -0.710193 0.152129 -0.687373 -0.668075 -0.137598 -0.731261 -0.682460 0.117172 -0.721470 -0.694288 -0.084245 -0.714750 -0.677162 0.067505 -0.732731 -0.689359 -0.031700 -0.723726 -0.694079 0.026487 -0.719412 -0.660143 -0.003000 -0.751134 -0.722973 0.012622 -0.690761 -0.620160 -0.010935 -0.784399 -0.748474 0.031487 -0.662416 -0.586793 -0.057230 -0.807712 -0.757075 0.074059 -0.649117 -0.580062 -0.126474 -0.804694 -0.742074 0.119012 -0.659668 -0.609070 -0.186519 -0.770872 -0.689572 0.125384 -0.713281 -0.736311 0.089913 -0.670643 -0.780434 0.107985 -0.615843 -0.798326 0.173709 -0.576628 -0.775258 0.257971 -0.576564 -0.715700 0.315932 -0.622864 -0.648390 0.307527 -0.696432 -0.614781 0.228609 -0.754839 -0.631872 0.131575 -0.763823 -0.657228 0.064938 -0.750889 -0.861007 0.054120 -0.505705 -0.863175 0.140042 -0.485096 -0.840111 0.251524 -0.480571 -0.779918 0.325184 -0.534774 -0.712755 0.336308 -0.615530 
						-0.669008 0.282179 -0.687607 -0.662725 0.198806 -0.721992 -0.652169 0.500593 -0.569282 -0.650930 0.436460 -0.621122 -0.583796 0.724454 -0.366536 -0.566116 0.725635 -0.391109 -0.456035 0.871531 -0.180180 -0.400801 0.905510 -0.139318 -0.294799 0.951154 -0.091655 -0.246546 0.968954 -0.018538 -0.143026 0.988406 -0.050962 -0.121883 0.992544 0.000608 -0.685269 0.541164 -0.487389 -0.607226 0.711047 -0.354526 -0.468810 0.843320 -0.262733 -0.281149 0.941207 -0.187311 -0.124257 0.986573 -0.105988 -0.753170 0.519681 -0.403319 -0.627791 0.689899 -0.360442 -0.410868 0.843911 -0.344966 -0.201588 0.946676 -0.251329 -0.072494 0.988341 -0.133892 -0.830893 0.415457 -0.370152 -0.634683 0.672722 -0.380292 -0.284351 0.892579 -0.349926 -0.097493 0.966700 -0.236615 -0.015928 0.992817 -0.118577 -0.861098 0.273934 -0.428334 -0.601278 0.698078 -0.388782 -0.141138 0.967284 -0.210813 -0.033472 0.987382 -0.154781 0.014910 0.997316 -0.071679 -0.628894 0.663342 -0.405548 -0.136391 0.983327 -0.120270 -0.013781 0.996319 -0.084606 0.025638 0.998912 -0.038961 -0.636534 0.243518 -0.731795 -0.613694 0.665442 -0.424931 -0.594021 0.701227 -0.394233 -0.405602 0.913977 0.011551 -0.284601 0.957090 0.054592 -0.285880 0.954783 0.081620 -0.212145 0.968868 0.127632 -0.159007 0.985270 0.062922 -0.110397 0.988991 0.098537 -0.593042 0.437346 -0.676040 -0.600068 0.709345 -0.369794 -0.524436 0.847797 -0.078787 -0.361541 0.932348 -0.003926 -0.189665 0.981842 0.003763 -0.631007 0.522402 -0.573521 -0.623169 0.690516 -0.367218 -0.547310 0.811932 -0.203023 -0.359346 0.926262 -0.113616 -0.175840 0.982478 -0.061784 -0.704484 0.503766 -0.499922 -0.637146 0.668418 -0.383748 -0.491463 0.820364 -0.292346 -0.293479 0.935707 -0.195758 -0.126634 0.986448 -0.104329 -0.761073 0.433146 -0.482858 -0.634180 0.655943 -0.409334 -0.408188 0.855565 -0.318419 -0.198727 0.955431 -0.218308 
						-0.066108 0.991884 -0.108608 -0.778073 0.361567 -0.513685 -0.617293 0.656282 -0.433869 -0.340376 0.890842 -0.300906 -0.118646 0.976801 -0.178275 -0.020625 0.996739 -0.078015 -0.758297 0.322617 -0.566483 -0.593053 0.670327 -0.446038 -0.301354 0.918755 -0.255097 -0.085652 0.990758 -0.105180 -0.007788 0.999518 -0.030047 -0.718046 0.327907 -0.613911 -0.571277 0.692393 -0.440721 -0.301770 0.933213 -0.195058 -0.106649 0.993665 -0.035432 -0.030231 0.999487 0.010572 -0.676659 0.371503 -0.635703 -0.561032 0.713621 -0.419509 -0.339852 0.928640 -0.148756 -0.170324 0.985388 0.000688 -0.075884 0.996832 0.023807 0.001358 0.999999 0.000000 0.002878 0.999995 -0.001192 0.003644 0.999987 -0.003644 0.002831 0.999973 -0.006835 0.000000 0.999953 -0.009745 -0.004591 0.999928 -0.011084 -0.009929 0.999901 -0.009929 -0.014620 0.999875 -0.006056 -0.017245 0.999851 -0.000000 -0.016825 0.999834 0.006969 -0.014243 0.999797 0.014243 0.001074 0.999999 -0.001074 0.000646 0.999999 -0.001559 0.000000 0.999999 -0.001525 -0.000476 0.999999 -0.001149 -0.000547 1.000000 -0.000547 0.000045 1.000000 0.000019 0.195090 0.000000 0.980785 0.195092 -0.000000 0.980785 0.195090 -0.000001 0.980785 0.195089 0.000000 0.980786 0.195092 -0.000001 0.980785 0.195090 -0.000001 0.980785 0.195084 -0.000000 0.980787 0.195088 0.000000 0.980786 0.195099 0.000001 0.980784 0.195093 0.000001 0.980785 0.195081 0.000001 0.980787 0.195085 0.000001 0.980786 0.195087 -0.000001 0.980786 0.195092 -0.000001 0.980785 0.195026 -0.000001 0.980798 0.195026 0.000000 0.980798 0.195096 0.000001 0.980784 0.121368 -0.982422 0.141832 0.122538 -0.981701 0.145768 0.092230 -0.988227 0.122069 0.042689 -0.993830 0.102371 0.144931 -0.980037 0.136095 0.142877 -0.981095 0.130535 0.277236 -0.959847 -0.042824 0.279325 -0.959335 0.040679 0.137481 -0.982265 0.127492 
						0.229270 -0.963780 -0.136248 0.131693 -0.983060 0.127476 0.135306 -0.978132 -0.157953 0.126976 -0.983312 0.130288 0.054487 -0.992540 -0.109068 0.124679 -0.983010 0.134711 0.022035 -0.999389 -0.027151 0.124763 -0.982421 0.138862 0.041160 -0.998019 0.047584 0.126784 -0.981756 0.141709 0.093536 -0.991807 0.087002 0.129947 -0.981243 0.142394 0.152045 -0.985097 0.080418 0.132487 -0.981124 0.140864 0.191215 -0.981031 0.031856 0.133147 -0.981411 0.138219 0.188825 -0.981149 -0.041128 0.131748 -0.981923 0.135906 0.134609 -0.985118 -0.106876 0.128956 -0.982426 0.134942 0.043606 -0.991123 -0.125597 0.125839 -0.982707 0.135835 -0.034335 -0.996808 -0.072078 0.122916 -0.982755 0.138143 -0.036590 -0.998913 0.028865 0.138701 -0.908291 -0.394676 0.247612 -0.909974 -0.332619 0.271634 -0.943091 -0.191819 0.198614 -0.975842 -0.091024 0.062765 -0.997333 -0.037253 0.012089 -0.997245 -0.073179 -0.083644 -0.979015 -0.185833 -0.053120 -0.950999 -0.304597 0.049483 -0.939234 -0.339691 0.138621 -0.944755 -0.297024 0.173158 -0.960227 -0.219043 0.150119 -0.977297 -0.149518 0.089483 -0.988924 -0.118415 0.021151 -0.990258 -0.137628 -0.024615 -0.979169 -0.201550 -0.023830 -0.956947 -0.289281 0.034260 -0.929389 -0.367507 -0.064612 -0.795240 -0.602842 -0.003452 -0.776102 -0.630599 -0.141791 -0.566768 -0.811584 -0.112959 -0.614249 -0.780986 -0.272549 -0.396944 -0.876443 -0.309317 -0.487660 -0.816401 -0.457103 -0.287734 -0.841585 -0.526214 -0.345383 -0.777052 -0.095306 -0.826259 -0.555170 -0.194057 -0.545555 -0.815298 -0.304895 -0.307448 -0.901396 -0.444499 -0.191801 -0.875004 -0.092268 -0.858528 -0.504398 -0.242832 -0.556099 -0.794850 -0.373743 -0.260725 -0.890134 -0.483688 -0.110572 -0.868228 -0.060379 -0.882779 -0.465892 -0.268117 -0.591778 -0.760206 -0.441413 -0.269712 -0.855810 -0.547452 -0.078536 -0.833144 -0.012483 -0.892264 -0.451342 -0.259983 -0.638915 -0.724014 
						-0.478061 -0.325466 -0.815800 -0.603010 -0.103768 -0.790956 0.032723 -0.884635 -0.465136 -0.219284 -0.681755 -0.697943 -0.466762 -0.405470 -0.785956 -0.624495 -0.172043 -0.761845 0.055674 -0.863471 -0.501316 -0.155441 -0.706805 -0.690119 -0.404926 -0.480905 -0.777666 -0.598521 -0.254516 -0.759602 0.043620 -0.838864 -0.542590 -0.082802 -0.704594 -0.704763 -0.304289 -0.522411 -0.796552 -0.527818 -0.317137 -0.787929 0.002170 -0.826163 -0.563427 -0.019886 -0.669032 -0.742968 -0.191275 -0.505657 -0.841264 -0.431305 -0.329897 -0.839728 -0.035991 -0.836957 -0.546084 0.003963 -0.598450 -0.801150 -0.107356 -0.419719 -0.901283 -0.341168 -0.277752 -0.898030 -0.008043 -0.849025 -0.528292 -0.037113 -0.495143 -0.868019 -0.095685 -0.284610 -0.953856 -0.291525 -0.171529 -0.941058 -0.056057 -0.718922 -0.692826 -0.124585 -0.152292 -0.980452 -0.260564 -0.044784 -0.964417 0.044831 -0.884743 -0.463918 -0.233519 -0.743092 -0.627123 -0.357397 -0.568945 -0.740654 -0.567577 -0.278130 -0.774919 -0.588850 -0.201144 -0.782813 -0.676584 -0.118190 -0.726818 -0.681086 -0.063160 -0.729474 0.123700 -0.829219 -0.545063 -0.221802 -0.673985 -0.704661 -0.538595 -0.427272 -0.726191 -0.678972 -0.219985 -0.700431 0.074729 -0.782667 -0.617939 -0.132448 -0.665636 -0.734430 -0.417702 -0.515046 -0.748501 -0.619932 -0.320283 -0.716312 -0.120286 0.992679 0.010956 -0.170085 0.949532 0.263552 -0.170085 0.949532 0.263552 -0.120286 0.992679 0.010956 -0.208248 -0.036021 0.977412 -0.208248 -0.036021 0.977412 -0.190765 -0.165284 0.967621 -0.190766 -0.165284 0.967620 0.146438 -0.979485 -0.138440 0.146439 -0.979485 -0.138440 0.146439 -0.979485 -0.138440 0.146439 -0.979485 -0.138440 0.146439 -0.979485 -0.138439 0.146439 -0.979485 -0.138440 0.146437 -0.979486 -0.138431 0.146434 -0.979489 -0.138417 0.146441 -0.979483 -0.138449 0.146443 -0.979481 -0.138460 0.146439 -0.979484 -0.138441 0.146439 -0.979485 -0.138440 
						0.170019 0.291719 -0.941272 0.170023 0.291719 -0.941271 0.091993 0.632881 -0.768764 0.091993 0.632881 -0.768764 -0.031436 0.930900 -0.363920 -0.031432 0.930900 -0.363919 -0.238428 0.346601 0.907204 -0.238428 0.346601 0.907204 -0.222202 0.765617 0.603702 -0.222203 0.765618 0.603702 0.190766 0.165284 -0.967621 0.190766 0.165284 -0.967621 0.146439 -0.979485 -0.138440 0.146431 -0.979491 -0.138401 0.146450 -0.979476 -0.138492 0.146439 -0.979485 -0.138439 0.146452 -0.979471 -0.138520 0.146461 -0.979463 -0.138566 0.146439 -0.979484 -0.138441 0.146448 -0.979477 -0.138483 0.146428 -0.979494 -0.138386 0.146443 -0.979481 -0.138461 0.146426 -0.979495 -0.138381 0.146402 -0.979516 -0.138258 -0.120286 0.992679 -0.010956 -0.120286 0.992679 -0.010956 -0.170085 0.949532 -0.263554 -0.170086 0.949532 -0.263554 -0.208248 -0.036021 -0.977412 -0.190766 -0.165284 -0.967620 -0.190765 -0.165284 -0.967621 -0.208248 -0.036021 -0.977412 0.146439 -0.979485 0.138440 0.146439 -0.979485 0.138440 0.146439 -0.979485 0.138440 0.146439 -0.979485 0.138440 0.146439 -0.979485 0.138439 0.146440 -0.979483 0.138447 0.146443 -0.979481 0.138464 0.146439 -0.979485 0.138440 0.146440 -0.979483 0.138447 0.146439 -0.979485 0.138440 0.146439 -0.979484 0.138441 0.146443 -0.979481 0.138461 0.170019 0.291718 0.941272 0.091989 0.632881 0.768765 0.091989 0.632881 0.768765 0.170019 0.291718 0.941273 -0.031436 0.930900 0.363919 -0.031437 0.930900 0.363919 -0.238428 0.346602 -0.907204 -0.238428 0.346602 -0.907204 -0.222203 0.765617 -0.603702 -0.222203 0.765617 -0.603702 0.190766 0.165284 0.967621 0.190766 0.165284 0.967621 0.146440 -0.979483 0.138446 0.146448 -0.979476 0.138487 0.146434 -0.979489 0.138412 0.146442 -0.979482 0.138453 0.146414 -0.979504 0.138332 0.146405 -0.979512 0.138284 0.146447 -0.979478 0.138481 0.146439 -0.979484 0.138442 
						0.146441 -0.979483 0.138451 0.146431 -0.979491 0.138401 0.146405 -0.979513 0.138278 0.146420 -0.979499 0.138356 0.221644 -0.789110 -0.572869 0.221645 -0.789108 -0.572871 0.169267 -0.959373 -0.225727 0.169267 -0.959373 -0.225727 0.239692 -0.554385 -0.796998 0.239693 -0.554384 -0.796998 0.215816 -0.067024 -0.974131 0.215816 -0.067024 -0.974131 0.170537 0.254092 -0.952026 0.170537 0.254092 -0.952026 0.092780 0.601884 -0.793175 0.092779 0.601885 -0.793175 0.016793 0.823171 -0.567545 0.016793 0.823171 -0.567544 -0.105630 0.990184 -0.091533 -0.105630 0.990184 -0.091536 -0.169267 0.959372 0.225727 -0.169267 0.959373 0.225726 -0.221645 0.789106 0.572874 -0.221645 0.789107 0.572873 -0.239693 0.554379 0.797002 -0.239693 0.554379 0.797001 -0.215816 0.067022 0.974131 -0.215816 0.067024 0.974131 -0.170537 -0.254092 0.952027 -0.170537 -0.254089 0.952027 -0.092779 -0.601885 0.793175 -0.092780 -0.601882 0.793177 -0.170537 -0.254089 0.952027 -0.170536 -0.254092 0.952027 -0.016791 -0.823176 0.567538 -0.016792 -0.823174 0.567541 0.105632 -0.990184 0.091526 0.105631 -0.990184 0.091530 0.134236 0.436388 -0.889689 0.134236 0.436389 -0.889688 0.134235 0.436385 -0.889690 0.134239 0.436374 -0.889695 0.134228 0.436392 -0.889688 0.134229 0.436392 -0.889688 0.134237 0.436374 -0.889696 -0.891623 -0.450514 0.045216 -0.866233 -0.429113 0.255935 -0.864635 -0.430676 0.258697 -0.905378 -0.416251 0.083816 0.134242 0.436362 -0.889701 0.134244 0.436354 -0.889704 0.134244 0.436354 -0.889704 0.134242 0.436355 -0.889704 0.134242 0.436355 -0.889704 0.345785 0.727552 0.592538 0.677210 0.671604 0.300556 0.716067 0.631750 0.296883 0.390079 0.710958 0.585129 0.970704 0.122654 0.206614 0.970704 0.122654 0.206613 0.970704 0.122654 0.206613 0.970704 0.122654 0.206614 -0.872455 -0.252396 0.418472 -0.974210 -0.084593 0.209185 
						-0.977286 -0.136808 0.161850 -0.899682 -0.243922 0.362041 0.040812 -0.931572 0.361260 0.045998 -0.938854 0.341229 0.044830 -0.937254 0.345754 0.970702 0.122666 0.206617 0.970703 0.122649 0.206623 0.970703 0.122646 0.206624 0.970702 0.122663 0.206618 0.045995 -0.938852 0.341235 0.045993 -0.938852 0.341234 0.045992 -0.938852 0.341234 0.045995 -0.938852 0.341235 -0.235365 0.321783 0.917093 -0.235775 0.321731 0.917006 -0.235840 0.321723 0.916992 -0.235430 0.321774 0.917079 -0.970702 -0.122667 -0.206618 -0.970703 -0.122650 -0.206624 -0.970703 -0.122647 -0.206625 -0.970702 -0.122664 -0.206619 0.044406 -0.936665 0.347399 0.045998 -0.938853 0.341231 0.050018 -0.944212 0.325517 -0.236488 0.335348 0.911929 -0.235865 0.322274 0.916792 -0.235667 0.318265 0.918242 -0.235409 0.313049 0.920099 -0.240015 0.455376 0.857336 -0.236676 0.339736 0.910255 -0.235351 0.312084 0.920442 -0.234952 0.304631 0.923037 -0.235839 0.321730 0.916989 0.055636 -0.951271 0.303294 0.024194 -0.905435 0.423795 0.040769 -0.931516 0.361410 0.018164 -0.894908 0.445881 -0.235835 0.321728 0.916991 -0.781451 -0.343296 -0.521039 -0.681426 -0.542452 -0.491330 -0.669275 -0.552114 -0.497233 -0.784804 -0.384621 -0.485952 -0.435082 -0.847475 -0.304119 -0.362543 -0.931826 -0.016211 -0.327509 -0.936341 -0.126505 -0.413652 -0.858461 -0.303211 -0.523267 -0.281570 0.804307 -0.568432 0.015396 0.822586 -0.556552 -0.104269 0.824244 -0.523300 -0.281573 0.804285 -0.584291 -0.577814 0.569855 -0.625403 -0.565776 0.537373 0.210148 0.552033 0.806906 0.241946 0.638450 0.730646 -0.235867 0.321728 0.916983 -0.235867 0.321728 0.916983 -0.235867 0.321728 0.916983 -0.235867 0.321728 0.916983 0.840703 0.520172 0.150465 0.851628 0.482372 0.205054 -0.834789 -0.261312 0.484606 -0.831213 -0.262031 0.490331 0.045992 -0.938855 0.341227 0.045989 -0.938855 0.341227 
						0.045988 -0.938855 0.341226 0.045992 -0.938855 0.341227 0.970704 0.122654 0.206614 0.970705 0.122653 0.206613 0.970705 0.122653 0.206613 0.970704 0.122654 0.206613 -0.421460 -0.798956 0.429000 -0.476264 -0.720688 0.503767 -0.199284 0.891373 0.407112 -0.199284 0.891371 0.407115 -0.199284 0.891369 0.407122 -0.199284 0.891373 0.407112 -0.199283 0.891362 0.407136 -0.199285 0.891366 0.407128 -0.199283 0.891363 0.407135 0.877790 -0.226965 0.421866 0.866311 -0.192405 0.460961 0.763516 -0.224994 0.605328 0.765672 -0.222956 0.603354 -0.199285 0.891368 0.407121 -0.199288 0.891360 0.407139 -0.199288 0.891359 0.407140 -0.199282 0.891376 0.407107 -0.199282 0.891375 0.407107 -0.736455 0.577599 0.352156 -0.766282 0.551817 0.329104 -0.897674 0.438481 -0.043775 -0.876735 0.480104 -0.028916 -0.235807 0.321731 0.916997 -0.235807 0.321731 0.916997 -0.235807 0.321731 0.916997 -0.235807 0.321731 0.916997 -0.704964 -0.277913 0.652525 -0.689127 -0.278947 0.668800 -0.622674 -0.111335 0.774521 -0.645074 0.001818 0.764118 -0.235978 0.324626 0.915933 -0.234780 0.301215 0.924201 -0.235838 0.321730 0.916990 -0.970703 -0.122666 -0.206614 -0.970703 -0.122666 -0.206614 -0.970703 -0.122665 -0.206614 -0.970703 -0.122665 -0.206614 0.970704 0.122647 0.206620 0.970704 0.122646 0.206620 0.970704 0.122646 0.206620 0.970704 0.122646 0.206620 -0.235851 0.321725 0.916988 -0.235848 0.321725 0.916989 -0.235829 0.321728 0.916993 -0.235832 0.321727 0.916992 0.970701 0.122649 0.206632 0.970701 0.122652 0.206631 0.970700 0.122669 0.206625 0.970700 0.122666 0.206626 -0.045033 0.937535 -0.344965 -0.054110 0.949401 -0.309369 -0.045993 0.938855 -0.341228 -0.236480 0.335201 0.911986 -0.235405 0.312980 0.920124 -0.235665 0.318244 0.918250 -0.235862 0.322238 0.916805 -0.238763 0.396095 0.886624 -0.234915 0.303849 0.923304 
						-0.235417 0.313386 0.919983 -0.236237 0.330122 0.913899 -0.235836 0.321727 0.916991 -0.015468 0.890009 -0.455682 -0.066361 0.963303 -0.260085 -0.238861 0.399255 0.885178 -0.232969 0.269919 0.934275 -0.235834 0.321727 0.916992 -0.976073 0.136568 0.169205 -0.974338 0.181576 0.133023 -0.915157 0.365391 0.170227 -0.922013 0.352659 0.159761 -0.701602 0.709712 0.063739 -0.683629 0.726329 0.071394 -0.540785 0.839191 -0.057526 -0.528758 0.830684 -0.174298 0.207220 -0.189271 0.959810 0.207225 -0.189270 0.959810 0.186314 -0.010401 0.982435 0.169026 0.108584 0.979612 -0.847536 -0.446427 0.287030 -0.839434 -0.453349 0.299708 -0.628455 0.450166 0.634346 -0.656340 0.526121 0.540754 -0.235829 0.321727 0.916993 -0.235827 0.321728 0.916993 -0.235812 0.321730 0.916997 -0.235814 0.321729 0.916996 -0.952738 0.245011 -0.179610 -0.929876 0.290278 -0.225985 0.600755 -0.081133 0.795306 0.606067 -0.079288 0.791452 -0.045990 0.938856 -0.341226 -0.045990 0.938856 -0.341226 -0.045994 0.938855 -0.341226 -0.045993 0.938855 -0.341226 0.970705 0.122646 0.206616 0.970705 0.122646 0.206616 0.970705 0.122646 0.206616 0.970705 0.122646 0.206616 -0.881032 -0.469065 0.061318 -0.894852 -0.434150 0.103704 -0.846013 -0.372403 0.381547 -0.652971 -0.694436 0.302305 -0.948003 -0.221181 0.228845 -0.950737 -0.183099 0.250147 -0.916461 -0.214281 0.337910 -0.960662 -0.144093 0.237414 -0.927898 -0.131248 0.348969 -0.966550 -0.123872 0.224580 -0.951474 -0.099348 0.291250 -0.972940 -0.126106 0.193612 -0.974420 -0.156858 0.160935 -0.974120 -0.152452 0.166881 -0.951316 -0.297964 0.078839 -0.968608 -0.192314 0.157526 -0.917986 -0.353909 0.179027 -0.953974 -0.227218 0.195716 -0.828634 -0.485827 0.278098 -0.941513 -0.242966 0.233499 -0.633212 -0.579096 0.513507 -0.925158 -0.242364 0.292132 -0.464060 -0.496362 0.733671 -0.914895 -0.216327 0.340837 
						-0.712301 -0.139571 0.687857 -0.918386 -0.132436 0.372863 -0.934131 -0.083142 0.347111 -0.934015 -0.083039 0.347447 -0.975115 -0.182342 0.126106 -0.982892 -0.147446 0.110380 -0.982904 -0.147480 0.110226 -0.975115 -0.182393 0.126030 -0.849686 -0.516926 -0.104025 -0.967474 -0.204783 0.148519 -0.522315 -0.850833 0.057179 -0.952462 -0.234155 0.194904 0.240283 -0.497751 0.833372 0.239652 -0.556508 0.795529 0.182269 -0.936181 0.300571 0.235946 -0.649216 0.723083 0.098842 -0.987608 -0.121903 0.101595 -0.988764 -0.109653 0.124094 -0.992252 -0.006023 0.884825 0.462588 0.055660 0.898651 0.427877 0.096682 0.856568 0.438314 0.272347 0.858198 0.436800 0.269635 0.197293 -0.897683 0.394006 0.001468 -0.862919 -0.505340 0.010148 -0.880067 -0.474741 0.228664 -0.207386 0.951159 0.225791 -0.171505 0.958960 -0.321329 0.772085 -0.548300 -0.162069 0.795112 -0.584406 0.400141 0.865068 -0.302563 0.312517 0.902350 -0.296814 0.970704 0.122650 -0.206615 0.970704 0.122650 -0.206615 0.970705 0.122650 -0.206615 0.970705 0.122650 -0.206615 -0.872405 -0.252410 -0.418568 -0.899617 -0.243947 -0.362188 -0.977274 -0.136811 -0.161920 -0.974193 -0.084584 -0.209269 0.040815 -0.931576 -0.361250 0.044824 -0.937245 -0.345780 0.045998 -0.938854 -0.341229 -0.970703 -0.122665 0.206615 -0.970703 -0.122663 0.206616 -0.970703 -0.122646 0.206623 -0.970703 -0.122648 0.206622 0.045996 -0.938852 -0.341234 0.045995 -0.938853 -0.341234 0.045993 -0.938853 -0.341233 0.045993 -0.938853 -0.341233 -0.181516 0.328046 -0.927059 -0.251048 0.319760 -0.913635 -0.661503 0.227326 -0.714658 -0.606487 0.245175 -0.756348 -0.914974 0.244408 0.321072 -0.926604 0.209947 0.311972 -0.969693 -0.015921 0.243808 -0.966619 0.019574 0.255471 -0.045859 0.938666 0.341764 -0.050772 0.945188 0.322554 -0.045998 0.938853 0.341231 0.236912 -0.344847 0.908269 0.235065 -0.306376 0.922431 
						0.235536 -0.315631 0.919185 0.235879 -0.322553 0.916690 -0.214218 0.831215 -0.513023 -0.152156 0.979292 -0.133547 -0.233427 0.685256 -0.689881 -0.236901 0.632225 -0.737679 -0.239532 0.426032 -0.872422 -0.030725 0.916211 0.399517 -0.058179 0.954295 0.293148 0.018202 -0.894975 -0.445745 0.040754 -0.931492 -0.361471 0.235835 -0.321728 0.916991 0.780998 0.343623 -0.521503 0.784348 0.385020 -0.486373 0.665973 0.554685 -0.498803 0.679363 0.544112 -0.492350 0.424222 0.853120 -0.303681 0.399870 0.865201 -0.302542 0.307333 0.943641 -0.122833 0.345516 0.938336 -0.011990 0.523501 0.281573 0.804154 0.523495 0.281573 0.804157 0.556640 0.104274 0.824184 0.568556 -0.015377 0.822501 -0.584491 -0.577761 -0.569705 -0.625523 -0.565738 -0.537273 -0.838970 0.320379 -0.439871 -0.721854 0.486683 -0.492002 0.235868 -0.321728 0.916983 0.235868 -0.321728 0.916983 0.235868 -0.321728 0.916983 0.235868 -0.321728 0.916983 0.569651 0.804587 -0.167742 0.550599 0.832257 -0.064721 0.826695 0.262903 0.497451 0.829533 0.262356 0.492995 -0.045992 0.938854 0.341229 -0.045991 0.938854 0.341229 -0.045988 0.938855 0.341228 -0.045988 0.938855 0.341228 -0.970705 -0.122647 0.206616 -0.970705 -0.122646 0.206616 -0.970705 -0.122646 0.206615 -0.970705 -0.122646 0.206615 -0.421851 -0.798852 -0.428810 -0.476587 -0.720603 -0.503583 -0.203841 0.875625 -0.437870 -0.203841 0.875625 -0.437870 -0.202932 0.878915 -0.431655 -0.207805 0.860237 -0.465628 -0.203083 0.878365 -0.432704 -0.203085 0.878361 -0.432711 -0.204421 0.873471 -0.441883 0.965017 0.046207 -0.258084 0.925327 -0.015143 -0.378867 0.928894 -0.007897 -0.370263 0.965105 0.071079 -0.252034 -0.211763 0.843017 -0.494449 -0.204287 0.873975 -0.440947 -0.207392 0.861921 -0.462689 -0.206927 0.863791 -0.459397 -0.201740 0.883124 -0.423548 0.184870 0.772345 -0.607705 -0.180019 0.957954 -0.223422 
						-0.337561 0.922781 -0.185814 0.105326 0.786209 -0.608919 -0.596619 0.248155 -0.763194 -0.596482 0.248195 -0.763288 -0.596460 0.248202 -0.763303 -0.596597 0.248161 -0.763209 -0.207479 -0.258590 -0.943442 0.487884 0.131812 -0.862899 0.690777 0.066660 -0.719989 -0.045884 -0.236461 -0.970557 -0.202286 -0.046920 -0.978202 -0.235246 0.309996 -0.921174 -0.204561 -0.029271 -0.978416 -0.383927 0.835999 0.392053 -0.936169 0.177928 0.303197 -0.961073 0.062547 0.269120 -0.490503 0.775180 0.398125 0.970704 0.122646 -0.206618 0.971204 0.110887 -0.210873 0.971269 0.109034 -0.211540 0.970793 0.120796 -0.207290 -0.970704 -0.122669 0.206608 -0.974204 -0.117725 0.192531 -0.974734 -0.116944 0.190312 -0.971270 -0.121893 0.204395 0.332543 0.913360 0.234924 0.332352 0.913412 0.234991 0.332322 0.913420 0.235002 0.332513 0.913368 0.234935 -0.046702 0.939814 0.338480 -0.045993 0.938855 0.341228 -0.051909 0.946645 0.318072 -0.236059 0.326221 -0.915345 -0.238908 0.584444 -0.775466 -0.236819 0.633780 -0.736369 -0.236925 0.631886 -0.737961 -0.238982 0.581984 -0.777292 -0.133073 0.990406 -0.037262 -0.130727 0.991082 -0.025836 -0.236097 0.646572 -0.725398 -0.049510 0.943547 0.327517 -0.061446 0.958019 0.280044 -0.032388 0.918838 0.393304 -0.061922 -0.703152 -0.708338 -0.032783 -0.784246 -0.619583 -0.237292 0.624462 -0.744137 -0.977954 0.131684 -0.162066 -0.920424 0.355670 -0.162230 -0.913335 0.368667 -0.172925 -0.976289 0.175752 -0.126377 -0.694958 0.715960 -0.066596 -0.532173 0.828374 0.174896 -0.544847 0.836490 0.058528 -0.676693 0.732508 -0.074286 0.306344 -0.166475 -0.937251 -0.345808 0.049724 -0.936987 -0.523178 -0.100578 -0.846268 0.100633 -0.211014 -0.972289 -0.486902 -0.598564 -0.636119 -0.423892 -0.607040 -0.672174 0.354580 0.525823 -0.773164 0.315667 0.621505 -0.716998 -0.940988 0.073917 -0.330268 -0.839596 0.148737 -0.522451 
						-0.819604 0.159800 -0.550194 -0.928330 0.085956 -0.361683 -0.731744 0.649448 0.206803 -0.875367 0.459553 0.150148 0.815457 0.007695 -0.578767 0.815444 0.007684 -0.578785 -0.045989 0.938855 0.341227 -0.045993 0.938855 0.341227 -0.045993 0.938855 0.341228 -0.045990 0.938855 0.341227 0.970705 0.122638 -0.206619 0.970705 0.122639 -0.206619 0.970705 0.122639 -0.206619 0.970705 0.122638 -0.206619 -0.572624 -0.743657 -0.345074 -0.565891 -0.692076 -0.448104 -0.122127 0.982313 0.141937 -0.122136 0.982312 0.141936 -0.122129 0.982313 0.141938 -0.122131 0.982313 0.141936 0.019146 -0.978404 -0.205813 0.225674 -0.960790 -0.161099 0.225675 -0.960790 -0.161101 0.019146 -0.978404 -0.205813 0.976835 -0.173618 0.125104 0.959217 0.211994 0.186978 0.959217 0.211994 0.186981 0.976834 -0.173618 0.125109 0.017506 0.991583 0.128286 0.154290 0.976131 0.152852 0.154291 0.976131 0.152851 0.017506 0.991583 0.128286 -0.122115 0.982314 0.141939 -0.122130 0.982312 0.141938 -0.122130 0.982312 0.141938 -0.122126 0.982313 0.141937 -0.915482 0.366333 -0.166412 -0.915482 0.366333 -0.166411 -0.681768 0.729373 -0.056629 -0.681768 0.729373 -0.056631 -0.305618 0.950496 0.056171 -0.305619 0.950496 0.056171 0.732333 0.645863 0.215752 0.732333 0.645863 0.215754 0.331481 0.925928 0.181047 0.331481 0.925927 0.181049 -0.970492 -0.009008 -0.240965 -0.970492 -0.009008 -0.240965 -0.784812 -0.546339 -0.292548 -0.784812 -0.546339 -0.292547 -0.316508 -0.911825 -0.261531 -0.316508 -0.911825 -0.261532 -0.316508 -0.911825 -0.261529 -0.316508 -0.911825 -0.261529 0.805495 -0.592259 0.020189 0.805495 -0.592258 0.020187 0.478211 -0.873132 -0.094637 0.478210 -0.873132 -0.094635 -0.122130 0.982312 0.141939 -0.122131 0.982312 0.141939 -0.122133 0.982312 0.141938 -0.122130 0.982312 0.141938 -0.122133 0.982312 0.141937 -0.122132 0.982312 0.141938 
						-0.122127 0.982313 0.141939 -0.122135 0.982312 0.141937 -0.122131 0.982313 0.141938 -0.122131 0.982312 0.141938 -0.122130 0.982313 0.141938 -0.122130 0.982312 0.141938 -0.122129 0.982313 0.141937 -0.122130 0.982313 0.141937 -0.122135 0.982312 0.141937 -0.122136 0.982312 0.141937 -0.122131 0.982312 0.141938 -0.122134 0.982312 0.141937 -0.122133 0.982312 0.141937 -0.122133 0.982312 0.141938 -0.122133 0.982312 0.141937 -0.122133 0.982312 0.141937 -0.122134 0.982312 0.141937 -0.122133 0.982312 0.141937 -0.122128 0.982312 0.141943 -0.122138 0.982311 0.141940 -0.036468 0.986447 0.159976 -0.036468 0.986447 0.159975 -0.036468 0.986447 0.159975 -0.036468 0.986447 0.159976 -0.122129 0.982313 0.141938 -0.122136 0.982312 0.141937 0.980344 -0.007453 0.197153 0.980344 -0.007453 0.197154 0.980344 -0.007453 0.197154 0.980344 -0.007453 0.197154 -0.036468 0.986447 0.159977 -0.036468 0.986447 0.159977 -0.036468 0.986447 0.159977 -0.036468 0.986447 0.159977 -0.980078 -0.001448 -0.198610 -0.980078 -0.001448 -0.198610 -0.980078 -0.001448 -0.198609 -0.980078 -0.001448 -0.198610 -0.122125 0.982313 -0.141939 -0.122126 0.982313 -0.141939 -0.122125 0.982313 -0.141939 -0.122130 0.982313 -0.141938 0.167968 0.605455 0.777953 0.164176 0.634048 0.755665 -0.083136 0.911385 0.403070 -0.085656 0.914646 0.395077 -0.955103 0.088570 -0.282726 -0.971565 0.105229 -0.212104 -0.753571 -0.256921 -0.605081 -0.759289 -0.257428 -0.597672 -0.138330 0.542887 -0.828335 -0.138419 0.542350 -0.828671 -0.137314 0.161393 -0.977291 -0.133622 0.178998 -0.974733 -0.122127 0.982313 -0.141935 -0.122137 0.982312 -0.141933 -0.122132 0.982312 -0.141937 -0.122130 0.982312 -0.141938 -0.861441 0.386498 0.329451 -0.697812 0.715923 -0.022644 -0.714466 0.681262 -0.159436 -0.872473 0.383880 0.302369 -0.368074 0.776884 -0.510855 -0.369884 0.733341 -0.570436 
						-0.391986 -0.337602 -0.855787 -0.339024 -0.290699 -0.894738 -0.153081 -0.046097 -0.987138 -0.138156 -0.006151 -0.990391 -0.589930 0.099140 0.801345 -0.082351 -0.031507 0.996105 0.017778 0.039275 0.999070 -0.540223 0.106902 0.834704 0.257178 0.346072 0.902271 0.253945 0.336042 0.906966 -0.820057 0.561632 -0.109894 -0.792590 0.603680 0.085858 -0.418911 0.895581 0.149828 -0.382343 0.886668 0.260066 -0.122132 0.982312 -0.141938 -0.122132 0.982312 -0.141938 -0.122132 0.982312 -0.141938 -0.122132 0.982312 -0.141938 -0.122130 0.982313 -0.141938 -0.122129 0.982313 -0.141938 -0.122128 0.982313 -0.141939 -0.122131 0.982312 -0.141938 -0.122130 0.982313 -0.141938 -0.122130 0.982313 -0.141938 -0.122131 0.982313 -0.141938 -0.122131 0.982313 -0.141938 -0.122134 0.982312 -0.141936 -0.122134 0.982312 -0.141936 -0.122127 0.982313 -0.141939 -0.122133 0.982312 -0.141937 -0.122132 0.982312 -0.141938 -0.122134 0.982312 -0.141937 -0.122131 0.982312 -0.141938 -0.122130 0.982313 -0.141938 -0.122129 0.982313 -0.141938 -0.122130 0.982313 -0.141938 -0.122130 0.982313 -0.141938 -0.122133 0.982312 -0.141937 -0.122132 0.982312 -0.141942 -0.122143 0.982311 -0.141939 -0.036468 0.986447 -0.159977 -0.036471 0.986445 -0.159988 -0.036479 0.986438 -0.160028 -0.036476 0.986440 -0.160017 -0.122130 0.982313 -0.141938 -0.122132 0.982312 -0.141937 -0.980344 0.007452 0.197153 -0.980344 0.007452 0.197154 -0.980344 0.007452 0.197154 -0.980344 0.007452 0.197154 -0.036468 0.986447 -0.159977 -0.036468 0.986447 -0.159977 -0.036468 0.986447 -0.159977 -0.036468 0.986447 -0.159977 -0.980078 -0.001447 0.198610 -0.980078 -0.001447 0.198609 -0.980078 -0.001448 0.198609 -0.980078 -0.001448 0.198609 
					</float_array>
					<technique_common>
						<accessor count="4922" offset="0" source="#meshId0-bitangents-array" stride="3">
							<param name="X" type="float" />
							<param name="Y" type="float" />
							<param name="Z" type="float" />
						</accessor>
					</technique_common>
				</source>
				<source id="meshId0-tex0" name="meshId0-tex0">
					<float_array id="meshId0-tex0-array" count="9844"> 
						0.287442 0.111362 0.292091 0.100004 0.296745 0.102203 0.292277 0.113082 0.297864 0.089122 0.302300 0.091798 0.265762 0.087828 0.272683 0.074369 0.278176 0.077534 0.271497 0.090456 0.260151 0.101824 0.266092 0.103890 0.300929 0.231263 0.309089 0.241218 0.305034 0.244842 0.296543 0.234475 0.318178 0.250339 0.314494 0.254339 0.310702 0.258547 0.300853 0.248661 0.292012 0.237869 0.281620 0.135124 0.283944 0.123102 0.288920 0.124336 0.286693 0.135864 0.255898 0.116267 0.262004 0.117751 0.253051 0.131049 0.259272 0.131936 0.328110 0.258536 0.324831 0.262875 0.338788 0.265730 0.335947 0.270366 0.333041 0.275225 0.321466 0.267430 0.280551 0.159584 0.280485 0.147322 0.285610 0.147562 0.285681 0.159322 0.251644 0.146048 0.257927 0.146327 0.251702 0.161129 0.257988 0.160794 0.350110 0.271851 0.347735 0.276739 0.361967 0.276839 0.360081 0.281931 0.358172 0.287256 0.345316 0.281856 0.483367 0.259904 0.493212 0.251913 0.496820 0.255938 0.486529 0.264229 0.502236 0.242972 0.506206 0.246596 0.510308 0.250391 0.500523 0.260070 0.489841 0.268706 0.284267 0.183840 0.281815 0.171795 0.286901 0.171035 0.289263 0.182587 0.253230 0.176151 0.259460 0.175202 
						0.256221 0.190968 0.262334 0.189413 0.374242 0.280647 0.372863 0.285893 0.386817 0.283236 0.385958 0.288586 0.385121 0.294167 0.371484 0.291373 0.510366 0.233163 0.514683 0.236382 0.517503 0.222580 0.522127 0.225357 0.526928 0.228287 0.519158 0.239768 0.292633 0.206972 0.287884 0.195603 0.292739 0.193870 0.297303 0.204772 0.260647 0.205437 0.266585 0.203290 0.266469 0.219415 0.272173 0.216698 0.399567 0.284585 0.399236 0.289985 0.412368 0.284681 0.412567 0.290078 0.412829 0.295698 0.398948 0.295613 0.523556 0.211329 0.528441 0.213631 0.528463 0.199519 0.533558 0.201323 0.538855 0.203246 0.533517 0.216070 0.305334 0.228090 0.298468 0.217836 0.302905 0.215193 0.309497 0.225027 0.273629 0.232769 0.279044 0.229507 0.282060 0.245368 0.287134 0.241593 0.425093 0.283528 0.425818 0.288870 0.437619 0.281141 0.438862 0.286375 0.440206 0.291816 0.426626 0.294427 0.532177 0.187270 0.537431 0.188560 0.534663 0.174705 0.540022 0.175468 0.545600 0.176314 0.542894 0.189950 0.321884 0.246382 0.313164 0.237637 0.317012 0.234185 0.325382 0.242573 0.291678 0.257091 0.296362 0.252840 0.302393 0.267825 0.306642 0.263138 0.326359 0.049539 0.318032 0.057782 
						0.316757 0.056772 0.320184 0.052128 0.309071 0.065167 0.311822 0.059735 0.312753 0.057433 0.315750 0.056069 0.317372 0.053192 0.449822 0.277546 0.451571 0.282622 0.461587 0.272778 0.463826 0.277647 0.466199 0.282702 0.453439 0.287895 0.535901 0.161945 0.541313 0.162177 0.535879 0.149116 0.541292 0.148815 0.546933 0.148555 0.546949 0.162471 0.341652 0.261141 0.331411 0.254243 0.334522 0.250114 0.344348 0.256731 0.314101 0.277466 0.317874 0.272389 0.326690 0.285922 0.329950 0.280503 0.534600 0.136340 0.539961 0.135509 0.532077 0.123741 0.537335 0.122389 0.542826 0.121038 0.545554 0.134700 0.363879 0.271797 0.352510 0.267012 0.354763 0.262365 0.365668 0.266957 0.340039 0.293109 0.342755 0.287401 0.354019 0.298956 0.356164 0.293014 0.528336 0.111439 0.533440 0.109580 0.523412 0.099553 0.528313 0.097204 0.533443 0.094813 0.538776 0.107699 0.387704 0.277939 0.375648 0.275452 0.376956 0.270466 0.388519 0.272856 0.368493 0.303406 0.370047 0.297289 0.383319 0.306415 0.384266 0.300183 0.512939 0.219840 0.506107 0.229984 0.502008 0.226930 0.508554 0.217205 0.498324 0.239393 0.494548 0.235946 0.528972 0.247184 0.519292 0.258697 0.514710 0.254459 
						0.523961 0.243404 0.537459 0.234702 0.532079 0.231438 0.517354 0.088196 0.522005 0.085381 0.510220 0.077477 0.514578 0.074223 0.519152 0.070884 0.526881 0.082502 0.412201 0.279338 0.399928 0.279238 0.400242 0.274109 0.412013 0.274210 0.398348 0.307955 0.398681 0.301670 0.413431 0.308015 0.413149 0.301738 0.523425 0.197748 0.518729 0.209062 0.514097 0.206877 0.518592 0.196035 0.544647 0.221409 0.538962 0.218699 0.550466 0.207459 0.544538 0.205328 0.502081 0.067499 0.506102 0.063838 0.493013 0.058357 0.496661 0.054324 0.500503 0.050165 0.510331 0.060071 0.436411 0.275961 0.424402 0.278241 0.423715 0.273167 0.435233 0.270988 0.428418 0.306600 0.427526 0.300393 0.443165 0.303731 0.441675 0.297653 0.529360 0.173972 0.526980 0.186013 0.521996 0.184787 0.524272 0.173245 0.554870 0.193001 0.548759 0.191466 0.557823 0.178178 0.551589 0.177252 0.483106 0.050139 0.486344 0.045773 0.472454 0.042922 0.475253 0.038266 0.478217 0.033447 0.489765 0.041262 0.309844 0.056174 0.310686 0.055366 0.313051 0.056582 0.308685 0.053174 0.309581 0.052918 0.943879 0.030007 0.952800 0.026335 0.953418 0.027112 0.944160 0.031071 0.933980 0.031222 0.933709 0.032253 
						0.455341 0.015622 0.468715 0.021295 0.467327 0.024084 0.454232 0.018534 0.481482 0.028245 0.479828 0.030884 0.465973 0.026792 0.453149 0.021363 0.281693 0.227870 0.289609 0.239706 0.274970 0.215327 0.277686 0.213990 0.284265 0.226275 0.493518 0.036405 0.491616 0.038869 0.504708 0.045699 0.502577 0.047965 0.269503 0.202199 0.265345 0.188614 0.268269 0.187833 0.272337 0.201135 0.514946 0.056037 0.512607 0.058084 0.524131 0.067320 0.521607 0.069129 0.262534 0.174702 0.261095 0.160599 0.264113 0.160405 0.265520 0.174213 0.532176 0.079441 0.529492 0.080994 0.539003 0.092282 0.536185 0.093567 0.261036 0.146439 0.262355 0.132353 0.265352 0.132753 0.264058 0.146543 0.544547 0.105721 0.541621 0.106726 0.548753 0.119629 0.545748 0.120345 0.265033 0.118468 0.269042 0.104900 0.271911 0.105879 0.267978 0.119161 0.551582 0.133873 0.548526 0.134294 0.553005 0.148317 0.549926 0.148440 0.274347 0.091752 0.280907 0.079104 0.283560 0.080631 0.277118 0.093010 0.480232 0.255650 0.481792 0.257760 0.471453 0.264584 0.470121 0.262322 0.472800 0.266881 0.460479 0.270353 0.459383 0.267963 0.553008 0.162823 0.549936 0.162646 0.548552 0.176778 0.286061 0.065195 
						0.288682 0.067013 0.294989 0.053535 0.297500 0.055589 0.300298 0.057095 0.291195 0.068808 0.468757 0.288124 0.455461 0.293550 0.454437 0.290682 0.467462 0.285374 0.440932 0.294693 0.545785 0.190699 0.541655 0.204275 0.427071 0.297368 0.412988 0.298676 0.536200 0.217367 0.529466 0.229841 0.316347 0.034205 0.328895 0.026444 0.330440 0.029250 0.318127 0.036933 0.342035 0.019815 0.343321 0.022706 0.344572 0.025516 0.331959 0.031949 0.319184 0.039981 0.398818 0.298599 0.384701 0.297133 0.521524 0.241561 0.512477 0.252397 0.355646 0.014464 0.356644 0.017448 0.369639 0.010453 0.370339 0.013506 0.371017 0.016474 0.357612 0.020347 0.370777 0.294290 0.357184 0.290095 0.489695 0.247995 0.486253 0.244170 0.477213 0.251556 0.508594 0.269094 0.497069 0.278518 0.493388 0.273509 0.504471 0.264478 0.383918 0.007813 0.384315 0.010913 0.398369 0.006569 0.398460 0.009689 0.398544 0.012720 0.384697 0.013925 0.344055 0.284590 0.331519 0.277828 0.412868 0.006734 0.412652 0.009845 0.427285 0.008308 0.426765 0.011382 0.426255 0.014369 0.412438 0.012868 0.319696 0.269876 0.308702 0.260811 0.441487 0.011280 0.440668 0.014287 0.439868 0.017209 0.298640 0.250722 
						0.965741 0.016085 0.973698 0.010472 0.974389 0.011248 0.966063 0.017103 0.910983 0.018953 0.918650 0.024154 0.918425 0.025223 0.910450 0.019773 0.918215 0.029925 0.908668 0.026086 0.977503 0.017797 0.966804 0.021540 0.307163 0.045605 0.304961 0.043138 0.308606 0.047384 0.960071 0.021805 0.960576 0.022846 0.954036 0.028142 0.960963 0.026014 0.954749 0.030239 0.287698 0.209238 0.293775 0.220568 0.289102 0.223339 0.282782 0.211541 0.304756 0.078845 0.308900 0.081967 0.312661 0.069456 0.316377 0.072912 0.280847 0.061526 0.290169 0.049403 0.278991 0.185115 0.282754 0.197383 0.277642 0.199195 0.273733 0.186420 0.275133 0.159820 0.276443 0.172554 0.271089 0.173341 0.269734 0.160082 0.330426 0.053428 0.340611 0.046506 0.343302 0.050966 0.333491 0.057497 0.351588 0.040680 0.353805 0.045390 0.325752 0.020860 0.339431 0.013996 0.312697 0.028979 0.276259 0.134314 0.275072 0.147034 0.269678 0.146769 0.270920 0.133526 0.363064 0.036030 0.364785 0.040909 0.374897 0.032556 0.376119 0.037564 0.353612 0.008457 0.368194 0.004298 0.282325 0.109527 0.278683 0.121776 0.273446 0.120472 0.277232 0.107717 0.386985 0.030275 0.387705 0.035372 0.399227 0.029199 
						0.399442 0.034339 0.383076 0.001558 0.398137 0.000267 0.293163 0.086286 0.287159 0.097670 0.282255 0.095366 0.288500 0.083526 0.411513 0.029332 0.411224 0.034469 0.423733 0.030668 0.422942 0.035756 0.413250 0.000439 0.428278 0.002079 0.300360 0.075515 0.295753 0.072407 0.302884 0.063463 0.435773 0.033192 0.434490 0.038183 0.447519 0.036882 0.445755 0.041729 0.443084 0.005174 0.457526 0.009697 0.321295 0.061197 0.324545 0.064795 0.300682 0.038409 0.458862 0.041699 0.456635 0.046355 0.469692 0.047599 0.467022 0.052022 0.471468 0.015608 0.484776 0.022850 0.349238 0.035694 0.337721 0.041787 0.335081 0.036875 0.346959 0.030751 0.325229 0.043228 0.479907 0.054525 0.476821 0.058670 0.489407 0.062412 0.485932 0.066241 0.497322 0.031355 0.508986 0.041041 0.309632 0.048937 0.306247 0.054067 0.315079 0.046036 0.313518 0.048767 0.310322 0.050120 0.373586 0.027258 0.361235 0.030866 0.359436 0.025726 0.372302 0.021983 0.498102 0.071182 0.494274 0.074657 0.505908 0.080754 0.501760 0.083843 0.519656 0.051816 0.529228 0.063577 0.398967 0.023769 0.386198 0.024888 0.385438 0.019522 0.398734 0.018358 0.512749 0.091035 0.508324 0.093706 0.518559 0.101927 
						0.513897 0.104155 0.537612 0.076211 0.544725 0.089597 0.944423 0.032055 0.933549 0.033590 0.944930 0.033858 0.933833 0.036390 0.424525 0.025293 0.411781 0.023905 0.412077 0.018497 0.425346 0.019938 0.523282 0.113325 0.518430 0.115088 0.526870 0.125120 0.521873 0.126401 0.550500 0.103606 0.554881 0.118104 0.920856 0.068246 0.921346 0.063322 0.927966 0.063381 0.924924 0.071912 0.922219 0.058474 0.927116 0.054320 0.935316 0.048944 0.933583 0.059568 0.934291 0.064490 0.932667 0.068580 0.931071 0.076083 0.449331 0.031760 0.437081 0.027920 0.438420 0.022666 0.451175 0.026657 0.529292 0.137199 0.524199 0.137985 0.530520 0.149447 0.525379 0.149730 0.557825 0.132953 0.559305 0.148011 0.475512 0.271497 0.478370 0.276285 0.315279 0.055731 0.316316 0.053576 0.925539 0.028188 0.925163 0.029032 0.919016 0.023218 0.461160 0.036776 0.463492 0.031873 0.530543 0.161744 0.525405 0.161521 0.559305 0.163133 0.448110 0.272523 0.446453 0.267703 0.457260 0.263342 0.457534 0.299444 0.471394 0.293779 0.316397 0.050191 0.315328 0.051119 0.312988 0.049803 0.911470 0.018039 0.965284 0.015159 0.973162 0.009514 0.277860 0.159704 0.277797 0.147181 0.278957 0.134724 
						0.281331 0.122445 0.284900 0.110453 0.289641 0.098846 0.295530 0.087714 0.302578 0.077175 0.310681 0.067518 0.310644 0.050657 0.959528 0.021093 0.319445 0.059178 0.328677 0.051267 0.924865 0.030280 0.925098 0.034366 0.339165 0.044162 0.350421 0.038205 0.362157 0.033466 0.374247 0.029925 0.386597 0.027600 0.399100 0.026503 0.411649 0.026637 0.424129 0.027999 0.436425 0.030575 0.448421 0.034339 0.460005 0.039255 0.471066 0.045278 0.481498 0.052348 0.491200 0.060400 0.500080 0.069355 0.508051 0.079129 0.515037 0.089627 0.520970 0.100750 0.525792 0.112391 0.529457 0.124438 0.531928 0.136775 0.533181 0.149285 0.533203 0.161846 0.531993 0.174338 0.529560 0.186639 0.525926 0.198630 0.521124 0.210189 0.515204 0.221202 0.508221 0.231564 0.500266 0.241172 0.502470 0.262244 0.491591 0.271073 0.467548 0.257946 0.484618 0.286784 0.481441 0.281423 0.448962 0.275016 0.437012 0.278533 0.424747 0.280866 0.412286 0.281991 0.399751 0.281893 0.387266 0.280570 0.374952 0.278032 0.362931 0.274302 0.351320 0.269416 0.340232 0.263421 0.329773 0.256376 0.320046 0.248349 0.311142 0.239417 0.303147 0.229668 0.296139 0.219195 0.290184 0.208100 0.285338 0.196489 
						0.281648 0.184476 0.279148 0.172175 0.307532 0.058463 0.319332 0.047738 0.976862 0.070410 0.982542 0.069092 0.984951 0.080822 0.976258 0.081259 0.919265 0.081261 0.916840 0.069992 0.928978 0.087250 0.928647 0.103103 0.919591 0.098996 0.975560 0.095734 0.983621 0.098663 0.946486 0.056633 0.950360 0.060725 0.946468 0.067428 0.942661 0.062767 0.952880 0.063775 0.951948 0.067739 0.952003 0.071840 0.948349 0.074793 0.942457 0.077678 0.941387 0.070566 0.940479 0.066330 0.945800 0.036908 0.934585 0.041796 0.955790 0.034178 0.956289 0.038951 0.947093 0.040836 0.961480 0.032681 0.967607 0.032156 0.965445 0.041968 0.961224 0.039770 0.960067 0.044470 0.956250 0.043512 0.962632 0.046829 0.960861 0.049022 0.958696 0.047869 0.956043 0.046740 0.949749 0.045942 0.942055 0.052797 0.952267 0.050136 0.925318 0.045585 0.917946 0.041839 0.919944 0.056246 0.917538 0.052060 0.952976 0.083650 0.943833 0.088776 0.955606 0.073324 0.960512 0.073305 0.961137 0.083358 0.961242 0.097691 0.952969 0.101095 0.944129 0.104883 0.960135 0.233969 0.967431 0.232001 0.967767 0.247528 0.960092 0.248604 0.975213 0.231655 0.975762 0.247359 0.975923 0.262866 0.967924 0.262866 
						0.960077 0.262866 0.937359 0.065366 0.936925 0.070634 0.936813 0.078137 0.984334 0.233212 0.985343 0.248219 0.922092 0.233286 0.930486 0.236275 0.930426 0.249944 0.921654 0.248256 0.930371 0.262866 0.921318 0.262866 0.985788 0.262866 0.937113 0.238164 0.936995 0.250922 0.943733 0.238300 0.943371 0.250939 0.943144 0.262866 0.936943 0.262866 0.951883 0.236528 0.951416 0.250005 0.951210 0.262866 0.938494 0.060073 0.960635 0.053609 0.955956 0.054341 0.960349 0.061367 0.956340 0.062309 0.952381 0.119157 0.944255 0.122584 0.960581 0.114723 0.960026 0.132876 0.952276 0.137219 0.944485 0.140217 0.952360 0.155076 0.944688 0.157706 0.959706 0.151086 0.959627 0.168863 0.952550 0.172543 0.944779 0.174985 0.952807 0.189515 0.944739 0.191963 0.959771 0.186055 0.960046 0.202616 0.953067 0.205888 0.944578 0.208453 0.952455 0.221819 0.944108 0.224163 0.960176 0.218623 0.936559 0.089578 0.936471 0.105564 0.936733 0.122828 0.929369 0.120334 0.937076 0.140063 0.929968 0.137385 0.937337 0.157248 0.930405 0.154383 0.937443 0.174388 0.930596 0.171346 0.937405 0.191417 0.930605 0.188296 0.937295 0.208077 0.930542 0.205082 0.937176 0.223886 0.930521 0.221301 
						0.968451 0.072057 0.968679 0.082231 0.968443 0.095742 0.983136 0.116220 0.975252 0.112391 0.921341 0.116429 0.922589 0.133633 0.982458 0.133570 0.974823 0.130030 0.981847 0.150779 0.974306 0.147779 0.923408 0.150750 0.923786 0.167750 0.981548 0.167783 0.973924 0.165230 0.981607 0.184569 0.973857 0.182357 0.923660 0.184589 0.923201 0.201241 0.982143 0.201161 0.974124 0.199146 0.983108 0.217459 0.974642 0.215590 0.922585 0.217565 0.980571 0.035930 0.907327 0.042756 0.913726 0.055853 0.975500 0.056472 0.971353 0.047255 0.983028 0.052516 0.967983 0.112032 0.967387 0.129957 0.966898 0.148112 0.966603 0.165907 0.966569 0.183181 0.966773 0.199929 0.967090 0.216166 0.976882 0.063588 0.982739 0.061308 0.916650 0.062890 0.960036 0.067387 0.955999 0.067751 0.967206 0.059832 0.968085 0.066055 0.965098 0.051747 0.479886 0.278817 0.491441 0.249940 0.544857 0.512673 0.550798 0.514738 0.545187 0.528734 0.539452 0.526106 0.518672 0.503480 0.523507 0.505201 0.518858 0.516559 0.514204 0.514359 0.513085 0.527441 0.508650 0.524764 0.538266 0.542194 0.532773 0.539028 0.518936 0.378694 0.514405 0.382087 0.505915 0.371720 0.510096 0.367901 0.510020 0.385300 
						0.501860 0.375344 0.492770 0.366224 0.496455 0.362223 0.500247 0.358016 0.551677 0.484626 0.557898 0.485513 0.555051 0.500295 0.548945 0.498811 0.524256 0.480699 0.529329 0.481438 0.527005 0.493461 0.522029 0.492227 0.486118 0.353687 0.489483 0.349132 0.482839 0.358026 0.472161 0.350832 0.475001 0.346197 0.477908 0.341337 0.552961 0.455769 0.559247 0.455433 0.559305 0.470514 0.553022 0.470235 0.525268 0.457240 0.530398 0.456979 0.530464 0.469240 0.525339 0.469000 0.463214 0.339824 0.465633 0.334707 0.460839 0.344711 0.448982 0.339723 0.450868 0.334631 0.452777 0.329307 0.321108 0.347857 0.324419 0.352334 0.314129 0.360625 0.310426 0.356493 0.327581 0.356659 0.317737 0.364650 0.308713 0.373591 0.304743 0.369967 0.300641 0.366172 0.548614 0.427149 0.554728 0.425594 0.557719 0.440411 0.551489 0.441361 0.521686 0.433976 0.526682 0.432722 0.529134 0.444767 0.524048 0.445527 0.438085 0.330669 0.439465 0.325189 0.436706 0.335916 0.424132 0.333326 0.424990 0.327977 0.425827 0.322395 0.296265 0.380181 0.291790 0.376795 0.300583 0.383400 0.293446 0.393983 0.288822 0.391206 0.284021 0.388276 0.538776 0.399864 0.544480 0.397147 0.550301 0.411126 
						0.544364 0.413272 0.513646 0.411790 0.518316 0.409591 0.523065 0.420959 0.518210 0.422693 0.411712 0.326578 0.412000 0.320949 0.411381 0.331978 0.398581 0.331882 0.398382 0.326485 0.398120 0.320864 0.282508 0.402932 0.277432 0.400494 0.287393 0.405234 0.282486 0.417044 0.277390 0.415240 0.272094 0.413317 0.523815 0.374969 0.528889 0.371194 0.537319 0.383793 0.531904 0.387055 0.501451 0.391535 0.505615 0.388472 0.512481 0.398727 0.508044 0.401370 0.385130 0.327693 0.384322 0.322136 0.385856 0.333034 0.373330 0.335422 0.372087 0.330187 0.370743 0.324747 0.273518 0.428003 0.268054 0.426613 0.278772 0.429292 0.276286 0.441858 0.270926 0.441095 0.265349 0.440249 0.504307 0.353424 0.508556 0.348738 0.519271 0.359471 0.514587 0.363723 0.485567 0.373990 0.489065 0.370181 0.497785 0.378926 0.493937 0.382377 0.491766 0.576582 0.495871 0.570527 0.501317 0.567625 0.502343 0.569179 0.497432 0.567795 0.500627 0.566442 0.502264 0.563388 0.504702 0.562496 0.510651 0.559467 0.359377 0.333941 0.357510 0.328668 0.361126 0.339017 0.349362 0.343785 0.347122 0.338915 0.344749 0.333861 0.269636 0.454386 0.264000 0.454092 0.275048 0.454618 0.275070 0.467447 
						0.269657 0.467748 0.264016 0.468008 0.480998 0.336059 0.484258 0.330641 0.496848 0.339096 0.493075 0.344173 0.466601 0.359831 0.469296 0.355421 0.479538 0.362320 0.476427 0.366448 0.270988 0.481054 0.265395 0.481863 0.276349 0.480223 0.278872 0.492822 0.273614 0.494174 0.268123 0.495525 0.454784 0.323548 0.456929 0.317606 0.470909 0.323454 0.468194 0.329162 0.445280 0.349606 0.447070 0.344765 0.458439 0.349550 0.456186 0.354197 0.277509 0.506983 0.272173 0.508864 0.282613 0.505124 0.287537 0.517010 0.282636 0.519359 0.277506 0.521750 0.426683 0.316380 0.427630 0.310147 0.442455 0.313156 0.440902 0.319273 0.422430 0.343707 0.423244 0.338624 0.435301 0.341111 0.433993 0.346096 0.278870 0.385125 0.273490 0.381861 0.281977 0.369379 0.286988 0.373159 0.302395 0.399358 0.298009 0.396723 0.304841 0.386578 0.308941 0.389633 0.312625 0.377170 0.316400 0.380617 0.291657 0.357866 0.296239 0.362104 0.288944 0.531182 0.284068 0.534061 0.293595 0.528367 0.300729 0.539086 0.296372 0.542340 0.291798 0.545679 0.397800 0.314825 0.397518 0.308548 0.412601 0.308607 0.412268 0.314893 0.398935 0.342353 0.398747 0.337225 0.411020 0.337324 0.410706 0.342454 
						0.266411 0.411235 0.260482 0.409104 0.266302 0.395154 0.271987 0.397864 0.292357 0.420528 0.287524 0.418815 0.292220 0.407501 0.296852 0.409686 0.304847 0.552725 0.300618 0.556492 0.308869 0.549064 0.317936 0.558206 0.314289 0.562239 0.310446 0.566397 0.369274 0.318910 0.367783 0.312832 0.382530 0.309963 0.383422 0.316170 0.375715 0.345574 0.374537 0.340602 0.386547 0.338322 0.387234 0.343396 0.259360 0.439311 0.253126 0.438385 0.256079 0.423562 0.262190 0.425097 0.286677 0.443318 0.281589 0.442591 0.283969 0.430550 0.288953 0.431776 0.324605 0.570790 0.321185 0.575301 0.327843 0.566424 0.338495 0.573641 0.335697 0.578297 0.332732 0.583116 0.501368 0.563645 0.500264 0.561196 0.501105 0.560388 0.933980 0.494510 0.933709 0.493479 0.944160 0.494661 0.943879 0.495725 0.953418 0.498620 0.952800 0.499397 0.497898 0.559980 0.498196 0.559130 0.363430 0.579681 0.362528 0.582224 0.350944 0.577307 0.352087 0.574864 0.361618 0.584803 0.349790 0.579786 0.339883 0.571285 0.341257 0.568964 0.507801 0.386895 0.514810 0.397367 0.517173 0.395994 0.523251 0.407324 0.520765 0.408463 0.329452 0.564215 0.331042 0.562038 0.319749 0.556163 0.321542 0.554151 
						0.525611 0.420073 0.528195 0.419180 0.531958 0.431447 0.529301 0.432087 0.310870 0.547208 0.312847 0.545381 0.302898 0.537434 0.305041 0.535809 0.531801 0.444388 0.534506 0.444008 0.535816 0.456742 0.533089 0.456859 0.295912 0.526936 0.298200 0.525528 0.289979 0.515813 0.292391 0.514636 0.533152 0.469381 0.535877 0.469529 0.534690 0.482249 0.531992 0.481838 0.285157 0.504172 0.287668 0.503238 0.281492 0.492125 0.284079 0.491443 0.529618 0.494117 0.532266 0.494787 0.528624 0.507035 0.526049 0.506110 0.279021 0.479788 0.281657 0.479364 0.277768 0.467278 0.280429 0.467116 0.521308 0.517716 0.523790 0.518892 0.517786 0.530276 0.515419 0.528849 0.317560 0.343054 0.329508 0.335140 0.331063 0.337746 0.319357 0.345490 0.342191 0.328439 0.343486 0.331189 0.332579 0.340278 0.277745 0.454717 0.280406 0.454819 0.278956 0.442225 0.508371 0.539387 0.506193 0.537717 0.510589 0.541047 0.501878 0.551395 0.500268 0.549044 0.498288 0.547106 0.351566 0.348600 0.350470 0.346210 0.361987 0.341546 0.362839 0.344040 0.373936 0.338030 0.281389 0.429924 0.285023 0.417933 0.386202 0.335697 0.398663 0.334572 0.289824 0.406374 0.295745 0.395361 0.480523 0.563134 
						0.482273 0.565295 0.471785 0.572400 0.470338 0.570056 0.484591 0.567024 0.473228 0.574775 0.461712 0.580869 0.460528 0.578358 0.459362 0.575882 0.411198 0.334669 0.423683 0.335993 0.302728 0.384999 0.310683 0.375391 0.448792 0.583097 0.447885 0.580533 0.449714 0.585696 0.437364 0.589304 0.436702 0.586638 0.436053 0.584007 0.435997 0.338531 0.448018 0.342261 0.302355 0.347469 0.306478 0.352085 0.321253 0.368568 0.324696 0.372393 0.330717 0.360913 0.333736 0.365007 0.313879 0.338045 0.424353 0.588962 0.423964 0.586287 0.424751 0.591674 0.411982 0.592794 0.411849 0.590060 0.411723 0.587363 0.459629 0.347146 0.470717 0.353141 0.399300 0.589926 0.399436 0.587231 0.399168 0.592658 0.386424 0.591270 0.386821 0.588564 0.387217 0.585895 0.481176 0.360186 0.490903 0.368214 0.374525 0.585988 0.375177 0.583370 0.373869 0.588643 0.499807 0.377145 0.965741 0.509647 0.966063 0.508629 0.974389 0.514484 0.973698 0.515260 0.966804 0.504192 0.977503 0.507935 0.910450 0.505959 0.908668 0.499646 0.918215 0.495807 0.918425 0.500509 0.910983 0.506779 0.918650 0.501578 0.489655 0.555366 0.491504 0.557385 0.492918 0.558780 0.954036 0.497590 0.960576 0.502886 
						0.960071 0.503927 0.954749 0.495493 0.960963 0.499718 0.533262 0.402572 0.528167 0.405022 0.521847 0.393223 0.526683 0.390288 0.530102 0.555036 0.524888 0.551367 0.502049 0.534596 0.494573 0.543651 0.520780 0.567159 0.515960 0.563028 0.542679 0.428730 0.537216 0.430142 0.533307 0.417368 0.538612 0.415427 0.546836 0.456157 0.541215 0.456481 0.539860 0.443221 0.545429 0.442350 0.494602 0.582358 0.498253 0.587583 0.485198 0.595702 0.482055 0.590119 0.477459 0.559065 0.467647 0.565597 0.457144 0.571172 0.471518 0.602567 0.468915 0.596748 0.545597 0.483809 0.540029 0.483036 0.541271 0.469793 0.546891 0.470020 0.457338 0.608106 0.455304 0.602098 0.446164 0.575653 0.434830 0.578998 0.442755 0.612265 0.441310 0.606110 0.539038 0.510684 0.533717 0.508845 0.537504 0.496091 0.542971 0.497402 0.427874 0.615004 0.427031 0.608750 0.423244 0.581191 0.411508 0.582223 0.412813 0.616296 0.412580 0.609994 0.527389 0.535931 0.522449 0.533036 0.528694 0.521197 0.533832 0.523553 0.397700 0.616124 0.398081 0.609829 0.399726 0.582094 0.388007 0.580807 0.382671 0.614484 0.383664 0.608254 0.508066 0.553099 0.515196 0.544155 0.519755 0.547754 0.367866 0.611389 
						0.369462 0.605283 0.376460 0.578380 0.365194 0.574834 0.353423 0.606865 0.355608 0.600941 0.510267 0.578154 0.505989 0.573425 0.486404 0.551768 0.339481 0.600955 0.342234 0.595268 0.354314 0.570208 0.343927 0.564541 0.326173 0.593713 0.329468 0.588318 0.466377 0.591046 0.463990 0.585812 0.475869 0.579687 0.478990 0.584613 0.485720 0.573334 0.313627 0.585208 0.317431 0.580158 0.334128 0.557893 0.325017 0.550322 0.301963 0.575522 0.306241 0.570864 0.499127 0.556828 0.494193 0.559790 0.495199 0.560493 0.493578 0.563371 0.490766 0.564435 0.439933 0.600088 0.438647 0.594580 0.451513 0.590836 0.453338 0.596215 0.291293 0.564747 0.296004 0.560526 0.316675 0.541906 0.309189 0.532720 0.281721 0.552986 0.286819 0.549243 0.412406 0.603842 0.412215 0.598205 0.425512 0.597040 0.426252 0.602637 0.273337 0.540352 0.278773 0.537122 0.302625 0.522857 0.297052 0.512408 0.266224 0.526966 0.271946 0.524281 0.933549 0.492142 0.944423 0.493677 0.933833 0.489341 0.944930 0.491874 0.384695 0.602194 0.385603 0.596625 0.398872 0.598065 0.398512 0.603695 0.260449 0.512957 0.266402 0.510842 0.292519 0.501475 0.289076 0.490162 0.256068 0.498459 0.262196 0.496934 
						0.920856 0.457486 0.924924 0.453820 0.927966 0.462351 0.921346 0.462410 0.931071 0.449649 0.932667 0.457152 0.934291 0.461242 0.933583 0.466163 0.935316 0.476788 0.927116 0.471412 0.922219 0.467258 0.357800 0.595200 0.359774 0.589905 0.372530 0.593896 0.371082 0.599354 0.253124 0.483610 0.259367 0.482690 0.286750 0.478578 0.285570 0.466833 0.251644 0.468552 0.257944 0.468246 0.335436 0.345066 0.338148 0.349682 0.497961 0.566759 0.500306 0.565906 0.919016 0.502514 0.925163 0.496700 0.925539 0.497544 0.347457 0.584689 0.344976 0.589771 0.251644 0.453430 0.257941 0.453740 0.285544 0.455042 0.339554 0.322784 0.353415 0.317119 0.355488 0.323013 0.353688 0.353221 0.364496 0.348860 0.494633 0.562986 0.495622 0.565443 0.494552 0.566371 0.965284 0.510573 0.973162 0.516218 0.911470 0.507693 0.549913 0.470124 0.549854 0.455963 0.548594 0.484209 0.545916 0.498094 0.541907 0.511662 0.536602 0.524811 0.530042 0.537458 0.522267 0.549550 0.513449 0.560974 0.495670 0.560831 0.959528 0.504639 0.503787 0.570958 0.492822 0.579630 0.924865 0.495451 0.925098 0.491366 0.480510 0.587313 0.467629 0.593856 0.454306 0.599115 0.440610 0.603057 0.426634 0.605650 
						0.412490 0.606874 0.398297 0.606718 0.384185 0.605181 0.370281 0.602276 0.356718 0.598029 0.343623 0.592479 0.331121 0.585679 0.319333 0.577694 0.308372 0.568598 0.298342 0.558479 0.289342 0.547434 0.281457 0.535569 0.274764 0.522996 0.269328 0.509837 0.265201 0.496218 0.262423 0.482269 0.261023 0.468123 0.261013 0.453917 0.262397 0.439785 0.265164 0.425864 0.269293 0.412288 0.274749 0.399196 0.281483 0.386722 0.289424 0.375002 0.298472 0.364166 0.319508 0.366623 0.329157 0.358803 0.326330 0.329779 0.340827 0.354241 0.343401 0.358617 0.356511 0.325880 0.370017 0.321870 0.383877 0.319195 0.397961 0.317887 0.412131 0.317964 0.426248 0.319429 0.440172 0.322273 0.453765 0.326467 0.466894 0.331973 0.479430 0.338735 0.491252 0.346687 0.502247 0.355751 0.512308 0.365840 0.521340 0.376856 0.529256 0.388693 0.535979 0.401235 0.541446 0.414363 0.545604 0.427949 0.548415 0.441860 0.503418 0.558099 0.491617 0.568824 0.976862 0.455322 0.976258 0.444473 0.984951 0.444910 0.982542 0.456640 0.975560 0.429998 0.983621 0.427069 0.928647 0.422629 0.928978 0.438482 0.919265 0.444471 0.919591 0.426736 0.916840 0.455740 0.946486 0.469099 0.942661 0.462965 
						0.946468 0.458304 0.950360 0.465007 0.940479 0.459402 0.941387 0.455166 0.942457 0.448054 0.948349 0.450939 0.952003 0.453892 0.951948 0.457993 0.952880 0.461957 0.934585 0.483936 0.945800 0.488824 0.947093 0.484896 0.956289 0.486781 0.955790 0.491554 0.961480 0.493051 0.961224 0.485962 0.965445 0.483764 0.967607 0.493576 0.956250 0.482220 0.960067 0.481262 0.956043 0.478992 0.958696 0.477863 0.960861 0.476710 0.962632 0.478903 0.942055 0.472935 0.949749 0.479790 0.952267 0.475596 0.917946 0.483893 0.925318 0.480147 0.917538 0.473672 0.919944 0.469486 0.943833 0.436956 0.952976 0.442082 0.944129 0.420849 0.952969 0.424637 0.961242 0.428041 0.961137 0.442374 0.960512 0.452427 0.955606 0.452408 0.960135 0.291763 0.960092 0.277128 0.967767 0.278204 0.967431 0.293731 0.975762 0.278373 0.975213 0.294077 0.936925 0.455098 0.937359 0.460366 0.936813 0.447595 0.985343 0.277513 0.984334 0.292520 0.921654 0.277476 0.930426 0.275788 0.922092 0.292446 0.930486 0.289457 0.936995 0.274810 0.937113 0.287568 0.943371 0.274793 0.943733 0.287432 0.951416 0.275727 0.951883 0.289204 0.938494 0.465659 0.955956 0.471391 0.960635 0.472123 0.956340 0.463423 
						0.960349 0.464365 0.944255 0.403148 0.952381 0.406575 0.944485 0.385515 0.952276 0.388513 0.960026 0.392856 0.960581 0.411009 0.944688 0.368026 0.952360 0.370656 0.944779 0.350747 0.952550 0.353189 0.959627 0.356869 0.959706 0.374646 0.944739 0.333769 0.952807 0.336217 0.944578 0.317279 0.953067 0.319844 0.960046 0.323116 0.959771 0.339677 0.944108 0.301569 0.952455 0.303913 0.960176 0.307109 0.936559 0.436154 0.936471 0.420168 0.929369 0.405398 0.936733 0.402904 0.929968 0.388347 0.937076 0.385669 0.930405 0.371349 0.937337 0.368484 0.930596 0.354386 0.937443 0.351344 0.930605 0.337436 0.937405 0.334315 0.930542 0.320650 0.937295 0.317655 0.930521 0.304431 0.937176 0.301846 0.968679 0.443501 0.968451 0.453675 0.968443 0.429990 0.975252 0.413341 0.983136 0.409512 0.974823 0.395702 0.982458 0.392162 0.921341 0.409303 0.922589 0.392099 0.974306 0.377954 0.981847 0.374953 0.973924 0.360502 0.981548 0.357949 0.923408 0.374982 0.923786 0.357982 0.973857 0.343375 0.981607 0.341163 0.974124 0.326586 0.982143 0.324571 0.923660 0.341143 0.923201 0.324490 0.974642 0.310142 0.983108 0.308273 0.922585 0.308167 0.980571 0.489802 0.971353 0.478477 
						0.975500 0.469260 0.983028 0.473216 0.907327 0.482976 0.913726 0.469879 0.967983 0.413700 0.967387 0.395775 0.966898 0.377620 0.966603 0.359825 0.966569 0.342551 0.966773 0.325803 0.967090 0.309566 0.982739 0.464424 0.976882 0.462144 0.916650 0.462842 0.955999 0.457981 0.960036 0.458345 0.968085 0.459677 0.967206 0.465900 0.965098 0.473985 0.339496 0.351979 0.308479 0.354319 0.538839 0.792375 0.533119 0.786535 0.552738 0.727244 0.557676 0.733167 0.541179 0.685683 0.517394 0.688212 0.521518 0.684102 0.536283 0.682532 0.545648 0.690485 0.514036 0.693846 0.452772 0.814436 0.478571 0.814436 0.478571 0.837029 0.452772 0.837029 0.548316 0.699881 0.513403 0.703594 0.513232 0.701987 0.548145 0.698274 0.529533 0.778579 0.550443 0.719882 0.546487 0.795870 0.564505 0.736748 0.572185 0.737445 0.555092 0.796467 0.478571 0.970930 0.452772 0.970930 0.452772 0.948336 0.478571 0.948336 0.636722 0.879714 0.683663 0.871600 0.685149 0.880199 0.638208 0.888313 0.660478 0.962302 0.651274 0.963893 0.526200 0.681721 0.531206 0.681188 0.625974 0.014877 0.634383 0.026090 0.566451 0.026090 0.574861 0.014877 0.612091 0.658938 0.611273 0.638840 0.620606 0.638460 
						0.638920 0.044325 0.561987 0.043042 0.558862 0.041322 0.642210 0.042592 0.584552 0.007075 0.616282 0.007075 0.595040 0.003073 0.605796 0.003073 0.478571 0.855143 0.452772 0.855143 0.478571 0.871224 0.452772 0.871224 0.478571 0.885732 0.452772 0.885732 0.478571 0.899634 0.452772 0.899634 0.478571 0.914140 0.452772 0.914141 0.478571 0.930221 0.452772 0.930221 0.478571 0.975392 0.452772 0.975392 0.641983 0.044023 0.644646 0.045030 0.452772 0.809972 0.478571 0.809973 0.561774 0.114059 0.558819 0.114309 0.559080 0.042751 0.561987 0.043042 0.662574 0.727833 0.615103 0.732881 0.613347 0.689756 0.660944 0.687818 0.621118 0.789446 0.615103 0.732881 0.632428 0.854874 0.679369 0.846760 0.680838 0.855260 0.633897 0.863374 0.635330 0.871660 0.682271 0.863545 0.613033 0.682052 0.660630 0.680113 0.612719 0.674347 0.660316 0.672408 0.559080 0.042751 0.556257 0.043778 0.612405 0.666642 0.660003 0.664704 0.641901 0.116944 0.638885 0.116613 0.638920 0.044325 0.641983 0.044023 0.644807 0.115885 0.644646 0.045030 0.556238 0.113321 0.556257 0.043778 0.659689 0.656999 0.649537 0.637282 0.689010 0.957370 0.402315 0.901659 0.353992 0.901659 0.353992 0.892807 
						0.402315 0.892807 0.485624 0.794010 0.460272 0.736308 0.464618 0.729804 0.490767 0.787507 0.471819 0.686642 0.476419 0.682938 0.491482 0.682938 0.496082 0.686642 0.467827 0.691964 0.500075 0.691964 0.537754 0.814435 0.537754 0.837028 0.511954 0.837028 0.511954 0.814435 0.466143 0.701729 0.466143 0.700089 0.501758 0.700089 0.501758 0.701729 0.466143 0.722132 0.493531 0.779097 0.469668 0.799882 0.402315 0.755742 0.402315 0.742179 0.446096 0.742179 0.478285 0.798356 0.453768 0.740654 0.511952 0.970929 0.511953 0.948336 0.537753 0.948336 0.537752 0.970929 0.731909 0.115805 0.731892 0.045266 0.734796 0.045012 0.734828 0.116089 0.402315 0.979463 0.392839 0.979463 0.481398 0.681038 0.486504 0.681038 0.669026 0.014682 0.719963 0.016720 0.727896 0.028229 0.660198 0.025520 0.402315 0.667110 0.392839 0.646707 0.402315 0.646707 0.731892 0.045266 0.655246 0.043470 0.735030 0.043594 0.652001 0.041720 0.678995 0.007292 0.710616 0.008558 0.689605 0.003723 0.700325 0.004152 0.537753 0.855143 0.511954 0.855142 0.537753 0.871223 0.511954 0.871223 0.537753 0.885730 0.511954 0.885730 0.537753 0.899633 0.511954 0.899633 0.537753 0.914140 0.511954 0.914140 
						0.537753 0.930221 0.511954 0.930220 0.402315 0.755742 0.353992 0.755742 0.353992 0.742179 0.402315 0.742179 0.511952 0.975391 0.537752 0.975391 0.652216 0.043144 0.649570 0.044133 0.537754 0.809972 0.511954 0.809972 0.353992 0.742179 0.353992 0.698398 0.402315 0.698398 0.402315 0.742179 0.402315 0.875985 0.353992 0.875985 0.353992 0.867235 0.402315 0.867235 0.402315 0.799882 0.353992 0.799882 0.353992 0.776864 0.402315 0.776864 0.353992 0.884515 0.402315 0.884515 0.402315 0.799882 0.402315 0.776864 0.353992 0.690576 0.402315 0.690576 0.353992 0.682754 0.402315 0.682754 0.353992 0.674932 0.402315 0.674932 0.737596 0.046059 0.734796 0.045012 0.652457 0.115575 0.652216 0.043144 0.655246 0.043470 0.655466 0.115272 0.649570 0.114510 0.649570 0.044133 0.737596 0.046059 0.737397 0.115132 0.353992 0.667110 0.363468 0.646707 0.363468 0.979463 0.353992 0.799882 0.402315 0.799882 0.746549 0.770287 0.715682 0.716365 0.719264 0.709536 0.750913 0.763376 0.721824 0.666474 0.725948 0.662363 0.740713 0.660793 0.745609 0.663944 0.718466 0.672107 0.750078 0.668746 0.482362 0.970928 0.482362 0.948336 0.508161 0.948336 0.508161 0.970928 0.717833 0.681855 
						0.717662 0.680248 0.752575 0.676536 0.752746 0.678143 0.719960 0.701856 0.752746 0.754844 0.621118 0.789446 0.668589 0.784398 0.739807 0.775312 0.731520 0.777706 0.702398 0.723598 0.709759 0.721303 0.508163 0.814435 0.508163 0.837027 0.482363 0.837027 0.482364 0.814435 0.698214 0.955779 0.730630 0.659982 0.735636 0.659450 0.624658 0.145452 0.573425 0.142895 0.565557 0.131236 0.633648 0.134634 0.658870 0.636901 0.561774 0.114059 0.638885 0.116613 0.558590 0.115683 0.642124 0.118433 0.614554 0.152789 0.582749 0.151201 0.603842 0.156275 0.593060 0.155737 0.482362 0.930220 0.508161 0.930220 0.482362 0.914140 0.508161 0.914140 0.482362 0.899633 0.508161 0.899633 0.482362 0.885730 0.508161 0.885730 0.482362 0.871222 0.508161 0.871224 0.482363 0.855142 0.508162 0.855142 0.508163 0.809971 0.482364 0.809971 0.641901 0.116944 0.644807 0.115885 0.482362 0.975391 0.508161 0.975391 0.556238 0.113321 0.558819 0.114309 0.270684 0.794010 0.265541 0.787507 0.291690 0.729804 0.296036 0.736308 0.284489 0.686642 0.260225 0.686642 0.264826 0.682938 0.279888 0.682938 0.288481 0.691964 0.256233 0.691964 0.567344 0.970928 0.541545 0.970928 0.541545 0.948335 
						0.567344 0.948335 0.290164 0.701729 0.254550 0.701729 0.254550 0.700089 0.290164 0.700089 0.262777 0.779097 0.290164 0.722132 0.286639 0.799882 0.310211 0.742179 0.353992 0.742179 0.353992 0.755742 0.278023 0.798356 0.302540 0.740654 0.541544 0.814435 0.567343 0.814434 0.567343 0.837027 0.541544 0.837027 0.353992 0.979463 0.269804 0.681038 0.274910 0.681038 0.668688 0.144410 0.660223 0.133354 0.727710 0.132685 0.719466 0.143907 0.353992 0.646707 0.655466 0.115272 0.731909 0.115805 0.735040 0.117456 0.652223 0.117053 0.709915 0.151754 0.678393 0.152066 0.699536 0.155832 0.688850 0.155938 0.541544 0.930220 0.567344 0.930220 0.541544 0.914140 0.567344 0.914140 0.541544 0.899633 0.567344 0.899633 0.541544 0.885730 0.567343 0.885729 0.541544 0.871223 0.567343 0.871222 0.541544 0.855142 0.567343 0.855142 0.541544 0.809972 0.567343 0.809972 0.652457 0.115575 0.649570 0.114510 0.567344 0.975391 0.541545 0.975391 0.353992 0.776864 0.353992 0.799882 0.734828 0.116089 0.737397 0.115132 0.615103 0.732881 0.662574 0.727833 0.668589 0.784398 0.621118 0.789446 0.668589 0.784398 0.662574 0.727833 0.058821 0.627097 0.060315 0.630359 0.058428 0.630236 
						0.062420 0.627333 0.062196 0.630507 0.060594 0.648925 0.058207 0.648641 0.055770 0.648337 0.064065 0.630614 0.066031 0.627517 0.065914 0.630737 0.065041 0.649367 0.062881 0.649171 0.067749 0.630807 0.069646 0.627646 0.069573 0.630883 0.069050 0.649580 0.067083 0.649505 0.071397 0.630899 0.073261 0.627716 0.073228 0.630922 0.073035 0.649548 0.071011 0.649592 0.084041 0.627678 0.086321 0.630705 0.084462 0.630780 0.087590 0.627525 0.088148 0.630606 0.091570 0.648366 0.089407 0.648545 0.087118 0.648703 0.075074 0.630895 0.076866 0.627739 0.076937 0.630889 0.077438 0.649327 0.075171 0.649455 0.089954 0.630406 0.090984 0.627243 0.091732 0.630107 0.095585 0.647851 0.093619 0.648142 0.080457 0.627729 0.082590 0.630800 0.080701 0.630840 0.084721 0.648858 0.082266 0.649016 0.078816 0.630848 0.079818 0.649175 0.048330 0.625808 0.049239 0.629088 0.047497 0.628633 0.051691 0.626363 0.051019 0.629444 0.046623 0.647003 0.044615 0.646595 0.042678 0.646114 0.052831 0.629696 0.055232 0.626794 0.054677 0.629915 0.050988 0.647697 0.048743 0.647363 0.056544 0.630071 0.053344 0.648020 0.088570 0.689006 0.085004 0.689434 0.091966 0.688625 0.097074 0.733822 
						0.092512 0.734525 0.087694 0.735311 0.054116 0.689168 0.050585 0.688511 0.057511 0.689782 0.054228 0.736155 0.049786 0.735116 0.045081 0.734007 0.040778 0.686720 0.038146 0.686247 0.043775 0.687254 0.035949 0.731919 0.032030 0.731085 0.028743 0.730417 0.074975 0.690653 0.072283 0.690917 0.078050 0.690297 0.078429 0.736877 0.074480 0.737516 0.071184 0.737997 0.095048 0.688308 0.097753 0.688042 0.104510 0.732803 0.101119 0.733249 0.060621 0.690305 0.063362 0.690709 0.061487 0.737719 0.058173 0.737039 0.047086 0.687860 0.040378 0.732914 0.081441 0.689877 0.082910 0.736118 0.100096 0.687795 0.102206 0.687520 0.109514 0.732141 0.107236 0.732454 0.065731 0.690972 0.067853 0.691090 0.066354 0.738346 0.064147 0.738160 0.035859 0.685804 0.033787 0.685342 0.026091 0.729884 0.023857 0.729413 0.069957 0.691068 0.068549 0.738283 0.087986 0.784598 0.094054 0.783651 0.093550 0.799711 0.087268 0.800385 0.099978 0.782767 0.099793 0.799078 0.099164 0.813362 0.092760 0.813790 0.086433 0.814257 0.052421 0.785551 0.056745 0.786621 0.056590 0.801846 0.052269 0.800928 0.060151 0.787461 0.059938 0.802589 0.059815 0.816122 0.056506 0.815418 0.052203 0.814589 
						0.020015 0.778367 0.024357 0.779230 0.022927 0.795784 0.018195 0.795004 0.029619 0.780325 0.028618 0.796716 0.028216 0.811202 0.022202 0.810399 0.017116 0.809650 0.076988 0.786444 0.082195 0.785551 0.081355 0.801089 0.076106 0.801784 0.080537 0.814789 0.075341 0.815369 0.105311 0.782004 0.105530 0.798497 0.109738 0.781389 0.110363 0.797992 0.110425 0.812516 0.105207 0.812937 0.062665 0.788021 0.062340 0.803095 0.064560 0.788260 0.064070 0.803319 0.063740 0.816839 0.062141 0.816615 0.035493 0.781601 0.034859 0.797744 0.041520 0.782957 0.041148 0.798818 0.041051 0.812851 0.034664 0.812016 0.113096 0.780943 0.114015 0.797612 0.115624 0.780649 0.116682 0.797390 0.117232 0.811923 0.114405 0.812156 0.066491 0.788169 0.065830 0.803243 0.069085 0.787799 0.068299 0.802922 0.067699 0.816443 0.065351 0.816763 0.047270 0.784302 0.047054 0.799897 0.046990 0.813716 0.014253 0.777379 0.016740 0.777766 0.014671 0.794443 0.012076 0.794105 0.013331 0.809054 0.010622 0.808663 0.072584 0.787208 0.071723 0.802415 0.071030 0.815948 0.075002 0.839113 0.080243 0.838081 0.081062 0.849496 0.075628 0.850923 0.086190 0.837003 0.087107 0.847904 0.088265 0.859598 
						0.082042 0.861670 0.076349 0.863462 0.099302 0.834699 0.105812 0.833434 0.106832 0.842179 0.100266 0.844232 0.111605 0.832219 0.112722 0.840236 0.114249 0.849387 0.108268 0.851930 0.101616 0.854667 0.059583 0.840766 0.061978 0.841341 0.061702 0.853816 0.059104 0.853192 0.063463 0.841553 0.063251 0.854015 0.063051 0.867132 0.061428 0.866927 0.058616 0.866244 0.026581 0.833234 0.033393 0.834789 0.032146 0.845399 0.025390 0.843123 0.040017 0.836214 0.038750 0.847434 0.037314 0.859359 0.030674 0.856750 0.023939 0.853809 0.116091 0.831283 0.117322 0.838799 0.119172 0.830822 0.120451 0.838210 0.122092 0.846878 0.118921 0.847557 0.064915 0.841370 0.064762 0.853768 0.067238 0.840856 0.067291 0.853137 0.067376 0.866107 0.064634 0.866840 0.046151 0.837541 0.044951 0.849243 0.051565 0.838771 0.050537 0.850828 0.049446 0.863536 0.043638 0.861621 0.007206 0.827537 0.010053 0.828452 0.008861 0.836211 0.006010 0.835007 0.014305 0.829854 0.013139 0.838202 0.011770 0.847571 0.007525 0.845145 0.004692 0.843776 0.070620 0.840073 0.070964 0.852166 0.071359 0.864964 0.092633 0.835885 0.093581 0.846152 0.094851 0.857256 0.056091 0.839880 0.055332 0.852174 
						0.054543 0.865099 0.020017 0.831538 0.018855 0.840639 0.017443 0.850632 0.054011 0.878286 0.048679 0.876687 0.058301 0.879425 0.058118 0.892396 0.053744 0.891338 0.048306 0.889808 0.015845 0.862592 0.010076 0.859279 0.022477 0.866076 0.021443 0.879148 0.014628 0.875671 0.008721 0.872393 0.082685 0.874532 0.076789 0.876464 0.089103 0.872248 0.089417 0.885197 0.082837 0.887503 0.076823 0.889428 0.109696 0.863740 0.102855 0.866743 0.115815 0.861012 0.116873 0.874053 0.110624 0.876682 0.103592 0.879640 0.061266 0.880087 0.062948 0.880270 0.062846 0.893119 0.061139 0.892985 0.029361 0.869331 0.036164 0.872210 0.035512 0.885350 0.028525 0.882436 0.120545 0.859112 0.123712 0.858479 0.124808 0.871790 0.121650 0.872284 0.064567 0.879966 0.067424 0.879217 0.067334 0.892088 0.064463 0.892808 0.042665 0.874663 0.042165 0.887813 0.005793 0.856710 0.002950 0.855339 0.004367 0.869871 0.001506 0.868565 0.071588 0.878040 0.071542 0.890960 0.095890 0.869631 0.096409 0.882545 0.089108 0.910394 0.096467 0.907982 0.095823 0.921088 0.088367 0.923170 0.103987 0.905401 0.103410 0.918869 0.102130 0.933759 0.094591 0.935197 0.087176 0.936547 0.048176 0.914838 
						0.053543 0.916174 0.053641 0.928222 0.048449 0.927076 0.057772 0.917062 0.057662 0.928977 0.057637 0.940381 0.053864 0.939902 0.048911 0.939156 0.007544 0.899146 0.013531 0.901990 0.013824 0.915772 0.007865 0.913290 0.020500 0.905070 0.020779 0.918485 0.021572 0.933187 0.014660 0.931237 0.008761 0.929460 0.076026 0.914248 0.082216 0.912504 0.081401 0.924989 0.075213 0.926487 0.080283 0.937716 0.074229 0.938676 0.111233 0.902882 0.110649 0.916741 0.117569 0.900756 0.116916 0.914995 0.115365 0.931353 0.109264 0.932406 0.060659 0.917520 0.060376 0.929359 0.062322 0.917569 0.061934 0.929381 0.061589 0.940597 0.060152 0.940610 0.027829 0.908062 0.028138 0.921134 0.035085 0.910752 0.035433 0.923511 0.036162 0.936745 0.028909 0.935079 0.122333 0.899445 0.121579 0.913989 0.125423 0.899288 0.124559 0.914003 0.122598 0.931078 0.119830 0.930843 0.063874 0.917247 0.063422 0.929086 0.066630 0.916594 0.066055 0.928510 0.065467 0.939990 0.062989 0.940382 0.041951 0.913026 0.042303 0.925505 0.042936 0.938107 0.000267 0.895907 0.003146 0.896983 0.003475 0.911424 0.000609 0.910539 0.004428 0.928149 0.001661 0.927585 0.070742 0.915602 0.070027 0.927650 
						0.069238 0.939426 0.081418 0.964512 0.087488 0.965848 0.080347 0.978777 0.075776 0.976317 0.093712 0.967278 0.085077 0.981422 0.074943 0.990021 0.072100 0.986921 0.069174 0.984065 0.051105 0.962712 0.055082 0.962175 0.056460 0.971619 0.053610 0.972728 0.058070 0.961838 0.058587 0.970940 0.059222 0.977093 0.058111 0.978007 0.056533 0.979595 0.017376 0.968156 0.022428 0.967438 0.031677 0.982990 0.027698 0.984818 0.028369 0.966524 0.036366 0.980810 0.045932 0.989385 0.042733 0.992027 0.040333 0.994210 0.071040 0.962486 0.075859 0.963367 0.071677 0.974196 0.068091 0.972533 0.066698 0.981467 0.064624 0.979544 0.099588 0.968689 0.089609 0.983980 0.104553 0.969975 0.093397 0.986241 0.080157 0.995617 0.077961 0.993015 0.060024 0.961626 0.060033 0.970542 0.061122 0.961500 0.060833 0.970384 0.060500 0.976339 0.060018 0.976444 0.034635 0.965491 0.041213 0.978475 0.040726 0.964444 0.045861 0.976245 0.051946 0.983917 0.048937 0.986574 0.108092 0.971065 0.096109 0.988003 0.110098 0.972032 0.097522 0.989350 0.082570 0.999061 0.082050 0.997646 0.062200 0.961472 0.061634 0.970408 0.064146 0.961581 0.063069 0.970728 0.061837 0.977025 0.061033 0.976382 
						0.046290 0.963488 0.050000 0.974281 0.054481 0.981464 0.011542 0.969100 0.013726 0.968664 0.024752 0.986137 0.023091 0.987045 0.038223 0.995888 0.037466 0.997029 0.067120 0.961893 0.065192 0.971394 0.063015 0.977928 0.063331 0.984738 0.064546 0.986484 0.061161 0.989908 0.060862 0.988888 0.058791 0.983365 0.057749 0.984836 0.070712 0.995439 0.071744 0.997303 0.063554 0.995192 0.063266 0.994383 0.059594 0.982405 0.059547 0.987398 0.059270 0.987934 0.047402 0.998435 0.047235 0.999314 0.048435 0.997007 0.055898 0.994253 0.055633 0.994818 0.072569 0.998787 0.063749 0.995821 0.062376 0.983254 0.061581 0.982329 0.067530 0.990889 0.069099 0.993227 0.062709 0.993371 0.062138 0.992253 0.049693 0.995200 0.056274 0.993567 0.056450 0.986528 0.054995 0.988607 0.053226 0.990746 0.058194 0.990777 0.057532 0.991774 0.058630 0.989710 0.061012 0.981655 0.060392 0.987425 0.060185 0.987016 0.065876 0.988651 0.061510 0.991100 0.060571 0.981553 0.060171 0.981687 0.051493 0.993003 0.056881 0.992705 0.072547 0.999733 0.073564 0.768352 0.070038 0.768946 0.077906 0.767574 0.020080 0.759047 0.017710 0.758609 0.023064 0.759635 0.047774 0.765438 0.042380 0.764084 
						0.052735 0.766699 0.067340 0.769312 0.065231 0.769400 0.111291 0.762045 0.108225 0.762478 0.113700 0.761715 0.036863 0.762733 0.031592 0.761489 0.063138 0.769166 0.060481 0.768613 0.104253 0.763062 0.099454 0.763805 0.082938 0.766654 0.088423 0.765670 0.026922 0.760446 0.057012 0.767775 0.094053 0.764696 0.021272 0.821945 0.015816 0.820884 0.027611 0.823023 0.056434 0.827914 0.052076 0.826983 0.059773 0.828702 0.092331 0.825512 0.085959 0.826162 0.098877 0.824872 0.070635 0.828323 0.067353 0.828945 0.074910 0.827592 0.011746 0.819997 0.008940 0.819384 0.046803 0.826007 0.040784 0.825024 0.065080 0.829355 0.063586 0.829476 0.115042 0.823001 0.110748 0.823548 0.118009 0.822651 0.034272 0.824040 0.062082 0.829245 0.105188 0.824203 0.080073 0.826858 0.071241 0.903419 0.067056 0.904484 0.076546 0.901960 0.003470 0.883299 0.000599 0.882087 0.007864 0.885672 0.041945 0.900541 0.035162 0.898132 0.048159 0.902472 0.064224 0.905172 0.062632 0.905492 0.122283 0.885714 0.117483 0.887275 0.125423 0.885384 0.028015 0.895283 0.020777 0.892094 0.060937 0.905408 0.057949 0.904891 0.111153 0.889685 0.103977 0.892468 0.082662 0.900095 0.089408 0.897843 
						0.013847 0.888771 0.053604 0.903917 0.096599 0.895261 0.068384 0.950916 0.064910 0.951031 0.073003 0.950821 0.007170 0.948054 0.004631 0.947967 0.011284 0.948499 0.044043 0.950966 0.037620 0.950686 0.049651 0.951151 0.062635 0.951155 0.061357 0.951266 0.115881 0.950753 0.111770 0.950505 0.118325 0.951323 0.030676 0.950275 0.023606 0.949731 0.060058 0.951334 0.057739 0.951329 0.106058 0.950447 0.099314 0.950495 0.078652 0.950743 0.085135 0.950671 0.016943 0.949107 0.054258 0.951268 0.092157 0.950585 0.076866 0.627739 0.097564 0.001200 0.101008 0.001314 0.080457 0.627729 0.104436 0.001427 0.084041 0.627678 0.107850 0.001539 0.087590 0.627525 0.111391 0.001655 0.090984 0.627243 0.048330 0.625808 0.070099 0.000267 0.073510 0.000385 0.051691 0.626363 0.076931 0.000503 0.055232 0.626794 0.080368 0.000620 0.058821 0.627097 0.083808 0.000737 0.062420 0.627333 0.087246 0.000853 0.066031 0.627517 0.090682 0.000969 0.069646 0.627646 0.094121 0.001085 0.073261 0.627716 0.059976 0.986951 0.058975 0.988759 0.060645 0.987998 0.055686 0.995138 0.059786 0.987025 0.063606 0.996166 0.060000 0.991673 0.184509 0.372899 0.184116 0.369760 0.186003 0.369637 
						0.187884 0.369490 0.188108 0.372664 0.183895 0.351356 0.186283 0.351072 0.181458 0.351660 0.189753 0.369383 0.191601 0.369260 0.191718 0.372479 0.188569 0.350826 0.190729 0.350630 0.193437 0.369189 0.195261 0.369114 0.195334 0.372350 0.192771 0.350492 0.194738 0.350417 0.197084 0.369097 0.198916 0.369074 0.198948 0.372280 0.196699 0.350405 0.198723 0.350449 0.209728 0.372319 0.210150 0.369217 0.212008 0.369292 0.213836 0.369391 0.213278 0.372473 0.215095 0.351452 0.217258 0.351631 0.212806 0.351294 0.200761 0.369102 0.202625 0.369108 0.202553 0.372258 0.200859 0.350542 0.203126 0.350670 0.215642 0.369591 0.217420 0.369890 0.216672 0.372754 0.219307 0.351855 0.221273 0.352146 0.206144 0.372268 0.206389 0.369157 0.208277 0.369198 0.210409 0.351139 0.207954 0.350981 0.204504 0.369149 0.205506 0.350822 0.174018 0.374187 0.173185 0.371363 0.174928 0.370908 0.176707 0.370552 0.177379 0.373632 0.170304 0.353402 0.172312 0.352994 0.168366 0.353882 0.178519 0.370300 0.180365 0.370081 0.180919 0.373202 0.174431 0.352634 0.176676 0.352300 0.182232 0.369925 0.179033 0.351977 0.210692 0.310564 0.214258 0.310991 0.217655 0.311373 0.218200 0.265473 
						0.222762 0.266176 0.213383 0.264687 0.176274 0.311486 0.179805 0.310829 0.183199 0.310215 0.175475 0.264881 0.179917 0.263843 0.170769 0.265991 0.163835 0.313750 0.166466 0.313277 0.169463 0.312743 0.157719 0.268913 0.161638 0.268078 0.154432 0.269581 0.197972 0.309080 0.200664 0.309344 0.203739 0.309700 0.200168 0.262482 0.204118 0.263121 0.196872 0.262001 0.220737 0.311689 0.223441 0.311955 0.226807 0.266748 0.230198 0.267195 0.186309 0.309692 0.189051 0.309289 0.183862 0.262959 0.187176 0.262278 0.172774 0.312137 0.166067 0.267083 0.207129 0.310120 0.208598 0.263879 0.225784 0.312202 0.227895 0.312477 0.232924 0.267544 0.235202 0.267857 0.191420 0.309026 0.193542 0.308908 0.189836 0.261837 0.192043 0.261651 0.159476 0.314655 0.161548 0.314193 0.151780 0.270113 0.149546 0.270585 0.195646 0.308929 0.194237 0.261714 0.213674 0.215400 0.212956 0.199613 0.219238 0.200288 0.219743 0.216347 0.225481 0.200921 0.225667 0.217231 0.218448 0.186208 0.224852 0.186636 0.212121 0.185741 0.178110 0.214447 0.177958 0.199070 0.182279 0.198152 0.182434 0.213377 0.185627 0.197409 0.185840 0.212537 0.182195 0.184580 0.185504 0.183876 0.177892 0.185409 
						0.145704 0.221631 0.143884 0.204994 0.148617 0.204214 0.150046 0.220768 0.154308 0.203282 0.155308 0.219672 0.147891 0.189599 0.153905 0.188796 0.142805 0.190349 0.202677 0.213554 0.201795 0.198214 0.207044 0.198910 0.207883 0.214447 0.206226 0.185209 0.201030 0.184630 0.231218 0.201501 0.230999 0.217994 0.236051 0.202006 0.235427 0.218609 0.230896 0.187061 0.236113 0.187482 0.188029 0.196903 0.188353 0.211977 0.189759 0.196680 0.190249 0.211738 0.187830 0.183383 0.189429 0.183160 0.160548 0.202254 0.161182 0.218397 0.166837 0.201180 0.167209 0.217041 0.160353 0.187982 0.166740 0.187147 0.239703 0.202386 0.238784 0.219055 0.242370 0.202609 0.241312 0.219349 0.240094 0.187842 0.242920 0.188075 0.191519 0.196755 0.192179 0.211829 0.193988 0.197076 0.194773 0.212199 0.191039 0.183235 0.193388 0.183556 0.172743 0.200101 0.172958 0.215696 0.172679 0.186282 0.139942 0.222619 0.137765 0.205893 0.140360 0.205555 0.142429 0.222232 0.139020 0.190944 0.136311 0.191335 0.197412 0.197583 0.198273 0.212790 0.196718 0.184050 0.200691 0.160885 0.201317 0.149076 0.206751 0.150502 0.205932 0.161918 0.212796 0.152094 0.211878 0.162995 0.207731 0.138328 
						0.213953 0.140401 0.202038 0.136536 0.224991 0.165299 0.225954 0.155767 0.232521 0.157820 0.231501 0.166565 0.238411 0.159763 0.237294 0.167779 0.233957 0.148068 0.239937 0.150612 0.227304 0.145331 0.185272 0.159233 0.184793 0.146807 0.187391 0.146183 0.187667 0.158657 0.188940 0.145983 0.189152 0.158446 0.187117 0.133072 0.188740 0.132867 0.184305 0.133755 0.152270 0.166764 0.151079 0.156876 0.157835 0.154600 0.159082 0.165209 0.164439 0.152564 0.165706 0.163784 0.156363 0.143249 0.163003 0.140640 0.149628 0.146190 0.243010 0.161199 0.241779 0.168715 0.246139 0.161789 0.244860 0.169177 0.244609 0.152441 0.247780 0.153121 0.190451 0.146231 0.190604 0.158629 0.192980 0.146862 0.192927 0.159143 0.190323 0.133158 0.193065 0.133892 0.170640 0.150755 0.171840 0.162458 0.176226 0.149170 0.177254 0.161228 0.169327 0.138377 0.175135 0.136463 0.132896 0.172461 0.131699 0.164992 0.134551 0.163787 0.135742 0.171546 0.138828 0.161797 0.139995 0.170144 0.133214 0.154853 0.137459 0.152427 0.130381 0.156222 0.196652 0.147833 0.196309 0.159926 0.197048 0.135035 0.219269 0.153846 0.218322 0.164113 0.220540 0.142743 0.181020 0.147824 0.181780 0.160119 
						0.180232 0.134900 0.144545 0.159359 0.145706 0.168461 0.143132 0.149367 0.174368 0.123312 0.179700 0.121713 0.183990 0.120573 0.179433 0.108661 0.183807 0.107603 0.173995 0.110190 0.135766 0.140719 0.141534 0.137407 0.148166 0.133923 0.140317 0.124328 0.147132 0.120851 0.134410 0.127606 0.202477 0.123534 0.208373 0.125467 0.214792 0.127751 0.208526 0.112495 0.215106 0.114802 0.202512 0.110571 0.228544 0.133256 0.235384 0.136258 0.241504 0.138986 0.236313 0.123317 0.242561 0.125945 0.229281 0.120359 0.186955 0.119912 0.188637 0.119729 0.186828 0.107014 0.188535 0.106879 0.155050 0.130667 0.161853 0.127789 0.154214 0.117563 0.161201 0.114649 0.246234 0.140886 0.249401 0.141520 0.247339 0.127715 0.250497 0.128209 0.190256 0.120033 0.193113 0.120782 0.190152 0.107191 0.193023 0.107911 0.168354 0.125336 0.167854 0.112186 0.128639 0.144659 0.131482 0.143289 0.130056 0.130128 0.127195 0.131433 0.197277 0.121959 0.197231 0.109039 0.221578 0.130368 0.222097 0.117454 0.214796 0.089606 0.214056 0.076829 0.221511 0.078912 0.222156 0.092017 0.229099 0.081130 0.229676 0.094598 0.220279 0.064802 0.227818 0.066240 0.212864 0.063453 0.173865 0.085161 
						0.174138 0.072923 0.179330 0.071777 0.179232 0.083825 0.183351 0.071022 0.183461 0.082937 0.179553 0.060097 0.183326 0.059618 0.174600 0.060843 0.133233 0.100853 0.133555 0.086709 0.139513 0.084227 0.139220 0.098009 0.146468 0.081514 0.146189 0.094929 0.140349 0.068762 0.147262 0.066812 0.134451 0.070539 0.201715 0.085752 0.200902 0.073513 0.207090 0.075010 0.207904 0.087495 0.205972 0.062284 0.199918 0.061323 0.236338 0.083258 0.236921 0.097117 0.242605 0.085004 0.243257 0.099243 0.234952 0.067593 0.241053 0.068646 0.186065 0.070640 0.186348 0.082479 0.187623 0.070618 0.188010 0.082430 0.185841 0.059390 0.187278 0.059402 0.153827 0.078865 0.153518 0.091937 0.161122 0.076488 0.160774 0.089247 0.154598 0.064921 0.161851 0.063254 0.247267 0.086011 0.248021 0.100554 0.250247 0.085996 0.251111 0.100711 0.245518 0.069157 0.248287 0.068922 0.189111 0.070913 0.189563 0.082752 0.191744 0.071489 0.192319 0.083405 0.188678 0.059618 0.191156 0.060009 0.167992 0.074494 0.167640 0.086973 0.168625 0.061892 0.125956 0.104092 0.126298 0.089460 0.129164 0.088575 0.128836 0.103016 0.130117 0.071850 0.127350 0.072415 0.195716 0.072349 0.196431 0.084397 
						0.194927 0.060573 0.207107 0.035488 0.201464 0.023682 0.206036 0.021222 0.213177 0.034151 0.210766 0.018577 0.219401 0.032722 0.197789 0.013079 0.200632 0.009979 0.194863 0.015934 0.176794 0.037288 0.179299 0.027272 0.182149 0.028381 0.180771 0.037824 0.184276 0.029060 0.183758 0.038161 0.183800 0.021992 0.184911 0.022906 0.182222 0.020405 0.143066 0.031844 0.153387 0.015181 0.157366 0.017009 0.148118 0.032562 0.162055 0.019190 0.154058 0.033476 0.168422 0.007973 0.171621 0.010614 0.166023 0.005790 0.196729 0.037514 0.193780 0.027467 0.197366 0.025804 0.201548 0.036633 0.192387 0.018533 0.190313 0.020456 0.215298 0.016019 0.225277 0.031310 0.219086 0.013759 0.230241 0.030024 0.203649 0.006985 0.205846 0.004383 0.185722 0.029457 0.185713 0.038374 0.186522 0.029616 0.186811 0.038499 0.185707 0.023556 0.186189 0.023660 0.166902 0.021525 0.160324 0.034508 0.171550 0.023755 0.166415 0.035556 0.174626 0.013426 0.177635 0.016082 0.221798 0.011997 0.233780 0.028934 0.223210 0.010649 0.235786 0.027968 0.207738 0.002354 0.208259 0.000939 0.187323 0.029591 0.187889 0.038528 0.188758 0.029271 0.189835 0.038418 0.186722 0.023617 0.187526 0.022975 
						0.175689 0.025718 0.171979 0.036511 0.180170 0.018535 0.137231 0.030900 0.148780 0.012955 0.150441 0.013863 0.139415 0.031336 0.163912 0.004112 0.163156 0.002970 0.190881 0.028606 0.192809 0.038106 0.188704 0.022072 0.189020 0.015261 0.186551 0.011112 0.186850 0.010091 0.190235 0.013516 0.183438 0.015164 0.184480 0.016635 0.196401 0.004561 0.188955 0.005617 0.189243 0.004808 0.197433 0.002697 0.184959 0.012066 0.185236 0.012602 0.185283 0.017595 0.172924 0.000686 0.173091 0.001565 0.181322 0.005182 0.181587 0.005747 0.174124 0.002993 0.189438 0.004179 0.198258 0.001213 0.187270 0.017671 0.188065 0.016746 0.193218 0.009110 0.187827 0.007746 0.188398 0.006629 0.194788 0.006773 0.181963 0.006433 0.175382 0.004800 0.180684 0.011393 0.182139 0.013471 0.178915 0.009253 0.183221 0.008226 0.183883 0.009223 0.184319 0.010290 0.186701 0.018345 0.185874 0.012983 0.186081 0.012575 0.187199 0.008900 0.191564 0.011349 0.185860 0.018312 0.186260 0.018447 0.177182 0.006996 0.182570 0.007294 0.198236 0.000267 0.195726 0.231052 0.199253 0.231646 0.203595 0.232424 0.143399 0.241388 0.145769 0.240951 0.148753 0.240363 0.168069 0.235914 0.173463 0.234560 
						0.178424 0.233299 0.190920 0.230598 0.193029 0.230685 0.233913 0.237520 0.236979 0.237953 0.239389 0.238283 0.157281 0.238509 0.162552 0.237265 0.186170 0.231385 0.188827 0.230832 0.225142 0.236193 0.229941 0.236936 0.208627 0.233344 0.214111 0.234328 0.152611 0.239551 0.182701 0.232223 0.219742 0.235302 0.141505 0.179114 0.146961 0.178054 0.153300 0.176976 0.177765 0.173016 0.182123 0.172084 0.185462 0.171297 0.211648 0.173836 0.218020 0.174487 0.224566 0.175127 0.193042 0.171053 0.196324 0.171676 0.200598 0.172406 0.134629 0.180614 0.137435 0.180001 0.166473 0.174974 0.172492 0.173992 0.189275 0.170522 0.190769 0.170643 0.236437 0.176451 0.240730 0.176998 0.243697 0.177347 0.159961 0.175958 0.187771 0.170753 0.230876 0.175795 0.205761 0.173140 0.192745 0.095515 0.196930 0.096580 0.202235 0.098039 0.126288 0.117912 0.129159 0.116700 0.133553 0.114326 0.160852 0.101867 0.167634 0.099458 0.173848 0.097527 0.188321 0.094507 0.189913 0.094827 0.243171 0.112724 0.247972 0.114285 0.251111 0.114614 0.146467 0.107904 0.153704 0.104716 0.183638 0.095108 0.186626 0.094591 0.229666 0.107531 0.236841 0.110313 0.208350 0.099904 0.215096 0.102156 
						0.139536 0.111228 0.179293 0.096082 0.222288 0.104738 0.190599 0.048968 0.194073 0.049084 0.198692 0.049178 0.130321 0.052032 0.132860 0.051945 0.136973 0.051500 0.163310 0.049313 0.169732 0.049034 0.175340 0.048848 0.187046 0.048733 0.188323 0.048844 0.237458 0.049495 0.241569 0.049246 0.244013 0.048677 0.149295 0.050268 0.156365 0.049725 0.183428 0.048671 0.185747 0.048665 0.225003 0.049504 0.231747 0.049552 0.204340 0.049257 0.210824 0.049329 0.142633 0.050892 0.179947 0.048732 0.217846 0.049414 0.202553 0.372258 0.206144 0.372268 0.226701 0.998681 0.223257 0.998795 0.209728 0.372319 0.230129 0.998567 0.213278 0.372473 0.233557 0.998455 0.216672 0.372754 0.237097 0.998339 0.174018 0.374187 0.177379 0.373632 0.199214 0.999610 0.195803 0.999728 0.180919 0.373202 0.202624 0.999492 0.184509 0.372899 0.206061 0.999375 0.188108 0.372664 0.209501 0.999258 0.191718 0.372479 0.212939 0.999141 0.195334 0.372350 0.216375 0.999026 0.198948 0.372280 0.219814 0.998910 0.185665 0.013049 0.184664 0.011241 0.186334 0.012002 0.181375 0.004862 0.185475 0.012974 0.189295 0.003834 0.185689 0.008326 0.391110 0.268376 0.362197 0.260629 0.336276 0.245663 
						0.406076 0.154698 0.519754 0.139732 0.519754 0.169664 0.512007 0.110820 0.315110 0.224498 0.300144 0.198576 0.391110 0.041020 0.421042 0.041020 0.362197 0.048767 0.512007 0.198576 0.497041 0.224498 0.292397 0.169664 0.292397 0.139732 0.449954 0.048767 0.475876 0.063733 0.336275 0.063733 0.315110 0.084898 0.421042 0.268376 0.449954 0.260629 0.300144 0.110820 0.497041 0.084898 0.475876 0.245663 0.420057 0.575426 0.405512 0.464945 0.473349 0.553351 0.448156 0.567896 0.295031 0.450399 0.302560 0.422300 0.295031 0.479490 0.493919 0.532781 0.508464 0.507589 0.420057 0.354463 0.448156 0.361993 0.390967 0.354463 0.302560 0.507589 0.317105 0.532781 0.515993 0.479490 0.515993 0.450399 0.362868 0.361993 0.337675 0.376538 0.473349 0.376538 0.493919 0.397108 0.390967 0.575426 0.362868 0.567896 0.508464 0.422300 0.317105 0.397108 0.337675 0.553351 0.843962 0.745792 0.830203 0.745792 0.830203 0.993894 0.843962 0.993894 0.716646 0.805797 0.716646 0.866887 0.728798 0.866887 0.728798 0.805798 0.813054 0.504876 0.809411 0.500516 0.798242 0.506857 0.801375 0.512162 0.811382 0.450249 0.808403 0.454363 0.816356 0.461905 0.820466 0.458739 0.734053 0.805797 
						0.734053 0.866887 0.745790 0.860225 0.744730 0.811724 0.793241 0.506857 0.798242 0.506857 0.798242 0.448723 0.793241 0.448723 0.759038 0.854507 0.754132 0.851572 0.745790 0.860225 0.749619 0.864806 0.736816 0.801019 0.734053 0.805797 0.744730 0.811724 0.747863 0.807402 0.826046 0.470099 0.820984 0.471496 0.821346 0.482166 0.826619 0.482919 0.798242 0.448723 0.798242 0.506857 0.809411 0.500516 0.808403 0.454363 0.754132 0.851572 0.753089 0.819651 0.758331 0.840941 0.757951 0.829729 0.817348 0.492281 0.816356 0.461905 0.821346 0.482166 0.820984 0.471496 0.763271 0.828261 0.757951 0.829729 0.758331 0.840941 0.763875 0.841733 0.728798 0.866887 0.734053 0.866887 0.734053 0.805797 0.728798 0.805798 0.817348 0.492281 0.822018 0.495075 0.753089 0.819651 0.757408 0.816323 0.734053 0.866887 0.737345 0.872463 0.800870 0.444175 0.798242 0.448723 0.555061 0.637846 0.521212 0.631587 0.521073 0.631538 0.550601 0.650332 0.244622 0.988558 0.255580 0.988558 0.255580 0.933466 0.244622 0.933466 0.329839 0.932044 0.317417 0.924295 0.314086 0.929936 0.325963 0.936679 0.328060 0.990138 0.337722 0.981111 0.333351 0.977743 0.324892 0.985765 0.876255 0.507615 
						0.886415 0.501975 0.887422 0.455822 0.876255 0.449481 0.308766 0.929936 0.308766 0.991763 0.314086 0.991763 0.314086 0.929936 0.900029 0.461262 0.891066 0.451462 0.887422 0.455822 0.895361 0.464055 0.878883 0.512162 0.889394 0.506088 0.886415 0.501975 0.876255 0.507615 0.343655 0.969029 0.344264 0.955394 0.338657 0.956195 0.338270 0.967542 0.314086 0.991763 0.324892 0.985765 0.325963 0.936679 0.314086 0.929936 0.894369 0.494432 0.895361 0.464055 0.898995 0.484841 0.899358 0.474171 0.333351 0.977743 0.334405 0.945437 0.338270 0.967542 0.338657 0.956195 0.904057 0.486239 0.904632 0.473418 0.899358 0.474171 0.898995 0.484841 0.871252 0.449481 0.871252 0.507615 0.876255 0.507615 0.876255 0.449481 0.339371 0.942466 0.334405 0.945437 0.898479 0.497598 0.894369 0.494432 0.879386 0.444175 0.876255 0.449481 0.316880 0.996599 0.314086 0.991763 0.857721 0.745792 0.857721 0.993894 0.871479 0.745792 0.871479 0.993894 0.885238 0.745792 0.885238 0.993894 0.898997 0.745792 0.898997 0.993894 0.912756 0.745792 0.912756 0.993894 0.926515 0.745792 0.926515 0.993894 0.940272 0.745792 0.940272 0.993894 0.954031 0.745792 0.954031 0.993894 0.967790 0.745792 
						0.967790 0.993894 0.981547 0.745792 0.981547 0.993894 0.995306 0.745792 0.995306 0.993894 0.788928 0.745792 0.775169 0.745792 0.775169 0.993894 0.788928 0.993894 0.802687 0.745792 0.802687 0.993894 0.816446 0.745792 0.816446 0.993894 0.271892 0.933467 0.260934 0.933467 0.260934 0.988558 0.271892 0.988558 0.845811 0.504875 0.857492 0.512162 0.860623 0.506857 0.849456 0.500516 0.847484 0.450249 0.838399 0.458739 0.842509 0.461904 0.850464 0.454362 0.782612 0.448723 0.772452 0.454362 0.771443 0.500516 0.782612 0.506857 0.865626 0.506857 0.865626 0.448722 0.860623 0.448723 0.860623 0.506857 0.758837 0.495074 0.767800 0.504875 0.771443 0.500516 0.763505 0.492281 0.779985 0.444175 0.769471 0.450249 0.772452 0.454362 0.782612 0.448723 0.832820 0.470098 0.832247 0.482919 0.837520 0.482165 0.837883 0.471495 0.860623 0.448723 0.850464 0.454362 0.849456 0.500516 0.860623 0.506857 0.764499 0.461904 0.763505 0.492281 0.759871 0.471496 0.759509 0.482165 0.842509 0.461904 0.841518 0.492282 0.837883 0.471495 0.837520 0.482165 0.754808 0.470099 0.754234 0.482919 0.759509 0.482165 0.759871 0.471496 0.787613 0.506857 0.787613 0.448723 0.782612 0.448723 
						0.782612 0.506857 0.836848 0.495075 0.841518 0.492282 0.760388 0.458739 0.764499 0.461904 0.779479 0.512162 0.782612 0.506857 0.857996 0.444175 0.860623 0.448723 0.520962 0.631477 0.540907 0.660178 0.520891 0.631376 0.528189 0.665501 0.520891 0.631376 0.520866 0.631253 0.514431 0.665501 0.528189 0.665501 0.520866 0.631253 0.520891 0.631127 0.501764 0.660203 0.514431 0.665501 0.520891 0.631127 0.520962 0.631024 0.492140 0.650448 0.501764 0.660203 0.520962 0.631024 0.521057 0.630971 0.487103 0.638130 0.492140 0.650448 0.521057 0.630971 0.521174 0.630951 0.487062 0.624834 0.487103 0.638130 0.521326 0.630962 0.492232 0.612162 0.521441 0.631030 0.501881 0.602480 0.521441 0.631030 0.521515 0.631138 0.514501 0.597283 0.501881 0.602480 0.521515 0.631138 0.521539 0.631268 0.528128 0.597359 0.514501 0.597283 0.521539 0.631268 0.521509 0.631400 0.540653 0.602678 0.528128 0.597359 0.521509 0.631400 0.521432 0.631508 0.550146 0.612401 0.540653 0.602678 0.521432 0.631508 0.521332 0.631564 0.555083 0.624648 0.550146 0.612401 0.521332 0.631564 0.555083 0.624648 0.521057 0.630971 0.521212 0.631587 0.521332 0.631564 0.521174 0.630951 0.520962 0.631024 
						0.521002 0.631045 0.521008 0.631030 0.521057 0.630971 0.521071 0.631495 0.520992 0.631441 0.521234 0.631013 0.521379 0.631498 0.521388 0.631483 0.521327 0.631014 0.521057 0.630971 0.521008 0.631030 0.521157 0.631509 0.521212 0.631587 0.521509 0.631400 0.521457 0.631380 0.521388 0.631483 0.521432 0.631508 0.521234 0.631013 0.521327 0.631014 0.520937 0.631356 0.520918 0.631252 0.520866 0.631253 0.521157 0.631509 0.521008 0.631030 0.521002 0.631045 0.521071 0.631495 0.521457 0.631380 0.521409 0.631068 0.521484 0.631268 0.521466 0.631159 0.520940 0.631145 0.520992 0.631441 0.520918 0.631252 0.520937 0.631356 0.521515 0.631138 0.521466 0.631159 0.521484 0.631268 0.521539 0.631268 0.521332 0.631564 0.521379 0.631498 0.521234 0.631013 0.521174 0.630951 0.520940 0.631145 0.520891 0.631127 0.521409 0.631068 0.521388 0.631483 0.521379 0.631498 0.521332 0.631564 0.521157 0.631509 0.521002 0.631045 0.592581 0.364266 0.593693 0.428653 0.588090 0.429667 0.587214 0.363561 0.582277 0.430401 0.581625 0.362934 0.576341 0.430769 0.575843 0.362478 0.570344 0.430802 0.569901 0.362216 0.653200 0.361375 0.653525 0.429657 0.647524 0.428252 0.647334 0.362214 
						0.641934 0.426953 0.641730 0.363143 0.636703 0.425893 0.636373 0.364053 0.631767 0.425129 0.631254 0.364853 0.627054 0.424669 0.626326 0.365486 0.622489 0.424506 0.621535 0.365917 0.617995 0.424622 0.616828 0.366134 0.613482 0.424996 0.612154 0.366129 0.608866 0.425627 0.607453 0.365916 0.604067 0.426493 0.602662 0.365512 0.599021 0.427538 0.597720 0.364944 0.612620 0.354413 0.616575 0.354223 0.608619 0.354311 0.604472 0.353903 0.600077 0.353173 0.595315 0.352124 0.590075 0.350818 0.584298 0.349434 0.578070 0.348265 0.571619 0.347429 0.644849 0.347711 0.651036 0.346424 0.639068 0.349195 0.633767 0.350651 0.629067 0.351944 0.624737 0.353000 0.620579 0.353751 0.619358 0.345076 0.622944 0.344350 0.618650 0.337872 0.622102 0.337642 0.619025 0.330955 0.622784 0.331384 0.620412 0.322935 0.624757 0.323683 0.622343 0.311416 0.627259 0.312060 0.626986 0.343373 0.626096 0.337442 0.627042 0.332153 0.629462 0.324750 0.632345 0.312825 0.631630 0.342069 0.630924 0.337272 0.632028 0.333307 0.634642 0.326071 0.637617 0.313616 0.637017 0.340599 0.636825 0.337187 0.637919 0.334768 0.640359 0.327450 0.643064 0.314313 0.643352 0.339166 0.643758 0.337222 
						0.644714 0.336037 0.646530 0.328571 0.648652 0.314809 0.650618 0.337370 0.650911 0.336575 0.652877 0.329302 0.654343 0.315053 0.574209 0.338650 0.580079 0.340373 0.581107 0.338967 0.574328 0.337834 0.581581 0.337258 0.574112 0.330236 0.580278 0.329044 0.572182 0.315696 0.577846 0.314843 0.586858 0.341785 0.588053 0.339198 0.587984 0.335947 0.586052 0.327595 0.583333 0.313866 0.592763 0.343332 0.593980 0.339261 0.593399 0.334555 0.591348 0.326148 0.588631 0.312894 0.597774 0.344545 0.598826 0.339191 0.598039 0.333301 0.596035 0.324857 0.593729 0.312034 0.602066 0.345355 0.602834 0.339056 0.602061 0.332356 0.600351 0.323809 0.598657 0.311356 0.605864 0.345809 0.606301 0.338868 0.605675 0.331684 0.604427 0.323034 0.603453 0.310899 0.609356 0.345970 0.609458 0.338639 0.609014 0.331190 0.608415 0.322573 0.608168 0.310681 0.612687 0.345886 0.612480 0.338386 0.612274 0.330896 0.612342 0.322396 0.612852 0.310701 0.615983 0.345585 0.615498 0.338125 0.615571 0.330808 0.616309 0.322511 0.617558 0.310952 0.622841 0.179154 0.617563 0.179169 0.612284 0.179192 0.607001 0.179223 0.601713 0.179263 0.596422 0.179311 0.591127 0.179369 0.585828 0.179434 
						0.580524 0.179506 0.575215 0.179584 0.569901 0.179668 0.654614 0.179159 0.649294 0.179148 0.643987 0.179142 0.638689 0.179139 0.633400 0.179140 0.628119 0.179145 0.714936 0.690810 0.714936 0.700971 0.711049 0.710358 0.689396 0.695891 0.667745 0.710358 0.663856 0.700971 0.674929 0.717543 0.667745 0.681423 0.674929 0.674239 0.684316 0.670351 0.703864 0.674239 0.711049 0.681423 0.684316 0.721431 0.694478 0.721431 0.703864 0.717543 0.663856 0.690810 0.694478 0.670351 0.647318 0.612480 0.645557 0.467175 0.650695 0.467028 0.652225 0.612465 0.574207 0.612221 0.576252 0.466619 0.581892 0.467660 0.579092 0.612328 0.587043 0.469052 0.583973 0.612430 0.591950 0.470511 0.588850 0.612525 0.596597 0.471785 0.593728 0.612605 0.601010 0.472757 0.598610 0.612664 0.605238 0.473384 0.603488 0.612703 0.609329 0.473678 0.608369 0.612719 0.613349 0.473649 0.613251 0.612712 0.617372 0.473307 0.618129 0.612686 0.621481 0.472656 0.623001 0.612648 0.625761 0.471705 0.627864 0.612603 0.630283 0.470493 0.632721 0.612560 0.635097 0.469147 0.637576 0.612526 0.640206 0.467936 0.642438 0.612501 0.589490 0.458734 0.594648 0.460133 0.583529 0.457544 0.576494 0.457139 
						0.643890 0.458516 0.649591 0.457949 0.637715 0.459766 0.632260 0.461268 0.627555 0.462516 0.623444 0.463377 0.619754 0.463876 0.616333 0.464066 0.613054 0.463994 0.609803 0.463688 0.606474 0.463157 0.602945 0.462394 0.599067 0.461385 0.600573 0.454265 0.604379 0.454940 0.600529 0.449100 0.604692 0.448933 0.599060 0.444419 0.603692 0.443358 0.596568 0.438119 0.601673 0.436755 0.607655 0.455541 0.608191 0.449028 0.607715 0.442801 0.606292 0.435784 0.610631 0.456066 0.611285 0.449292 0.611309 0.442633 0.610532 0.435206 0.613469 0.456512 0.614159 0.449673 0.614629 0.442766 0.614507 0.434980 0.616300 0.456868 0.616957 0.450142 0.617812 0.443141 0.618326 0.435064 0.619251 0.457117 0.619808 0.450685 0.620978 0.443731 0.622093 0.435429 0.622477 0.457223 0.622856 0.451296 0.624252 0.444532 0.625917 0.436063 0.626186 0.457134 0.626295 0.451980 0.627780 0.445559 0.629912 0.436969 0.630648 0.456778 0.630391 0.452741 0.631754 0.446842 0.634210 0.438159 0.636123 0.456107 0.635470 0.453557 0.636408 0.448398 0.638964 0.439645 0.641841 0.455329 0.641667 0.454260 0.641924 0.450152 0.644329 0.441407 0.648260 0.454793 0.648132 0.451898 0.650464 0.443396 
						0.575259 0.453843 0.582575 0.452880 0.582090 0.452360 0.573839 0.451406 0.580518 0.450100 0.571734 0.443564 0.578207 0.442677 0.590094 0.452931 0.589125 0.450800 0.587373 0.448157 0.584695 0.441397 0.595922 0.453545 0.595398 0.449670 0.593644 0.446066 0.590896 0.439763 0.733922 0.364080 0.739240 0.363384 0.738338 0.428884 0.732788 0.427877 0.744778 0.362765 0.744098 0.429614 0.750507 0.362316 0.749980 0.429982 0.756395 0.362059 0.755922 0.430017 0.673860 0.361184 0.679671 0.362019 0.679450 0.427453 0.673503 0.428841 0.685224 0.362942 0.684989 0.426168 0.690531 0.363846 0.690173 0.425121 0.695603 0.364642 0.695064 0.424366 0.700485 0.365271 0.699734 0.423913 0.705231 0.365701 0.704257 0.423753 0.709896 0.365919 0.708709 0.423871 0.714526 0.365916 0.713181 0.424244 0.719185 0.365708 0.717756 0.424872 0.723933 0.365309 0.722510 0.425731 0.728829 0.364749 0.727509 0.426769 0.710152 0.354117 0.714071 0.354307 0.718036 0.354208 0.722144 0.353805 0.726500 0.353085 0.731218 0.352048 0.736412 0.350755 0.742136 0.349387 0.748308 0.348232 0.754701 0.347407 0.676011 0.346372 0.682141 0.347650 0.687868 0.349123 0.693119 0.350568 0.697776 0.351852 
						0.702066 0.352901 0.706185 0.353647 0.703847 0.344331 0.707400 0.345052 0.704684 0.337685 0.708104 0.337914 0.704011 0.331484 0.707737 0.331061 0.702060 0.323852 0.706367 0.323113 0.699587 0.312334 0.704458 0.311698 0.699842 0.343361 0.700727 0.337484 0.699793 0.332244 0.697398 0.324907 0.694548 0.313090 0.695242 0.342067 0.695943 0.337314 0.694852 0.333384 0.692265 0.326213 0.689323 0.313872 0.689903 0.340607 0.690097 0.337227 0.689013 0.334830 0.686599 0.327577 0.683926 0.314560 0.683628 0.339184 0.683227 0.337258 0.682280 0.336083 0.680485 0.328684 0.678389 0.315048 0.676430 0.337401 0.676139 0.336613 0.674196 0.329405 0.672750 0.315287 0.746321 0.340412 0.752138 0.338707 0.745303 0.339018 0.744834 0.337324 0.752020 0.337899 0.746130 0.329186 0.752238 0.330370 0.748546 0.315117 0.754158 0.315965 0.739604 0.341807 0.738420 0.339243 0.738491 0.336023 0.740408 0.327748 0.743110 0.314146 0.733752 0.343338 0.732548 0.339302 0.733127 0.334641 0.735163 0.326311 0.737861 0.313180 0.728786 0.344536 0.727746 0.339231 0.728528 0.333396 0.730519 0.325029 0.732809 0.312325 0.724532 0.345337 0.723775 0.339095 0.724544 0.332457 0.726243 0.323989 
						0.727928 0.311651 0.720769 0.345786 0.720340 0.338907 0.720963 0.331790 0.722205 0.323219 0.723175 0.311197 0.717310 0.345943 0.717211 0.338679 0.717656 0.331299 0.718253 0.322761 0.718503 0.310978 0.714008 0.345858 0.714219 0.338427 0.714426 0.331005 0.714361 0.322583 0.713863 0.310995 0.710743 0.345558 0.711226 0.338166 0.711159 0.330917 0.710432 0.322695 0.709199 0.311241 0.704031 0.180649 0.709260 0.180667 0.714492 0.180692 0.719726 0.180725 0.724965 0.180767 0.730209 0.180818 0.735455 0.180878 0.740705 0.180945 0.745960 0.181019 0.751220 0.181099 0.756486 0.181184 0.672550 0.180638 0.677821 0.180630 0.683079 0.180626 0.688328 0.180626 0.693569 0.180630 0.698802 0.180637 0.604540 0.719427 0.581067 0.703742 0.608757 0.698234 0.608757 0.709250 0.565383 0.680268 0.575559 0.676052 0.557594 0.688057 0.553377 0.709250 0.565383 0.727216 0.557594 0.719427 0.586575 0.731432 0.596751 0.727216 0.586575 0.676052 0.596751 0.680268 0.604540 0.688057 0.553377 0.698234 0.575559 0.731432 0.679514 0.610038 0.674651 0.610019 0.676282 0.465871 0.681374 0.466021 0.751988 0.609838 0.747146 0.609941 0.744463 0.466534 0.750054 0.465506 0.742308 0.610040 
						0.739358 0.467911 0.737473 0.610130 0.734494 0.469353 0.732637 0.610206 0.729887 0.470611 0.727798 0.610262 0.725514 0.471570 0.722957 0.610294 0.721332 0.472198 0.718119 0.610306 0.717276 0.472487 0.713281 0.610295 0.713291 0.472456 0.708444 0.610266 0.709303 0.472115 0.703616 0.610223 0.705231 0.471468 0.698796 0.610176 0.700991 0.470523 0.693982 0.610130 0.696510 0.469319 0.689170 0.610091 0.691739 0.467982 0.684351 0.610063 0.686676 0.466778 0.731826 0.459069 0.736938 0.457685 0.742846 0.456509 0.749818 0.456110 0.677383 0.456876 0.683031 0.457441 0.689150 0.458684 0.694555 0.460176 0.699217 0.461415 0.703290 0.462271 0.706948 0.462767 0.710337 0.462957 0.713587 0.462888 0.716808 0.462585 0.720108 0.462060 0.723603 0.461305 0.727446 0.460307 0.722186 0.453919 0.725958 0.453252 0.721880 0.447966 0.726004 0.448133 0.722873 0.442442 0.727463 0.443496 0.724876 0.435901 0.729935 0.437255 0.718940 0.454514 0.718412 0.448058 0.718887 0.441889 0.720301 0.434937 0.715992 0.455032 0.715347 0.448319 0.715326 0.441721 0.716099 0.434361 0.713179 0.455472 0.712498 0.448696 0.712036 0.441851 0.712161 0.434136 0.710373 0.455824 0.709725 0.449159 
						0.708881 0.442221 0.708376 0.434217 0.707449 0.456069 0.706899 0.449695 0.705744 0.442804 0.704643 0.434577 0.704252 0.456173 0.703879 0.450299 0.702501 0.443595 0.700855 0.435203 0.700576 0.456082 0.700472 0.450975 0.699004 0.444612 0.696896 0.436098 0.696156 0.455727 0.696412 0.451727 0.695064 0.445881 0.692635 0.437275 0.690729 0.455058 0.691378 0.452533 0.690453 0.447420 0.687925 0.438745 0.685064 0.454285 0.685237 0.453226 0.684986 0.449155 0.682608 0.440488 0.678704 0.453749 0.678833 0.450880 0.676528 0.442455 0.743793 0.451888 0.751042 0.452845 0.744274 0.451373 0.745833 0.449134 0.752450 0.450431 0.748126 0.441779 0.754540 0.442662 0.736341 0.451935 0.737303 0.449824 0.739041 0.447206 0.741697 0.440508 0.730567 0.452541 0.731088 0.448701 0.732828 0.445130 0.735554 0.438886 0.839178 0.630615 0.839178 0.653123 0.805770 0.653123 0.805770 0.630615 0.805770 0.665867 0.839178 0.665867 0.839178 0.696581 0.805770 0.696581 0.805770 0.735503 0.805770 0.696581 0.839178 0.696581 0.839178 0.735503 0.839178 0.735503 0.839178 0.696581 0.869893 0.696581 0.869893 0.735503 0.775055 0.735503 0.775055 0.696581 0.805770 0.696581 0.805770 0.735503 
						0.805770 0.617871 0.839178 0.617871 0.839178 0.622119 0.805770 0.622119 0.839178 0.626367 0.805770 0.626367 0.805770 0.661619 0.839178 0.661619 0.805770 0.657371 0.839178 0.657371 0.805770 0.587156 0.839178 0.587156 0.873996 0.697681 0.873996 0.734403 0.877000 0.700685 0.877000 0.731399 0.878100 0.704788 0.878100 0.727296 0.770952 0.734403 0.770952 0.697681 0.767948 0.731400 0.767948 0.700685 0.766849 0.727296 0.766849 0.704788 0.922156 0.629639 0.955971 0.629639 0.955971 0.652422 0.922156 0.652422 0.955971 0.665321 0.955971 0.696409 0.922156 0.696409 0.922156 0.665321 0.955971 0.735805 0.922156 0.735805 0.922156 0.696409 0.955971 0.696409 0.922156 0.735805 0.891066 0.735805 0.891066 0.696409 0.922156 0.696409 0.987060 0.735805 0.955971 0.735805 0.955971 0.696409 0.987060 0.696409 0.955971 0.616740 0.955971 0.621040 0.922156 0.621040 0.922156 0.616740 0.955971 0.625340 0.922156 0.625340 0.922156 0.661021 0.955971 0.661021 0.922156 0.656721 0.955971 0.656721 0.922156 0.585651 0.955971 0.585651 0.886913 0.734692 0.886913 0.697523 0.883873 0.731652 0.883873 0.700563 0.882761 0.727499 0.882761 0.704716 0.991213 0.697523 0.991213 0.734692 
						0.994254 0.700563 0.994254 0.731652 0.995366 0.704716 0.995366 0.727499 0.244838 0.885204 0.341952 0.885204 0.341952 0.892374 0.244838 0.892374 0.244838 0.878033 0.341952 0.878033 0.244838 0.870861 0.341952 0.870861 0.244838 0.863691 0.341952 0.863691 0.244838 0.856520 0.341952 0.856520 0.244838 0.849350 0.341952 0.849350 0.244838 0.842179 0.341952 0.842179 0.244838 0.835009 0.341952 0.835009 0.244838 0.827838 0.341952 0.827838 0.244838 0.820666 0.341952 0.820666 0.244838 0.813496 0.341952 0.813496 0.244838 0.806325 0.341952 0.806325 0.244838 0.913886 0.341952 0.913886 0.341952 0.921057 0.244838 0.921057 0.244838 0.906715 0.341952 0.906715 0.244838 0.899545 0.341952 0.899545 0.796482 0.398645 0.802925 0.405087 0.789951 0.418060 0.783508 0.411617 0.802925 0.431034 0.796482 0.437476 0.783508 0.424503 0.772858 0.272512 0.783752 0.277390 0.780947 0.281589 0.770727 0.277272 0.777065 0.418060 0.770534 0.437476 0.764092 0.431034 0.764092 0.405087 0.770534 0.398645 0.837425 0.335862 0.828559 0.344881 0.825356 0.340541 0.833234 0.332881 0.875378 0.390257 0.854650 0.390257 0.854650 0.385759 0.875378 0.385759 0.862491 0.365524 0.873114 0.360165 
						0.875378 0.365031 0.865434 0.369362 0.875378 0.365031 0.875378 0.385759 0.854650 0.385759 0.793097 0.304496 0.770727 0.304496 0.770727 0.299644 0.793097 0.299644 0.879876 0.365031 0.879876 0.385759 0.875378 0.385759 0.875378 0.365031 0.809253 0.345444 0.809253 0.321862 0.814370 0.321862 0.814370 0.345441 0.814370 0.316747 0.837950 0.316747 0.837950 0.321862 0.814370 0.321862 0.834994 0.299669 0.812747 0.299669 0.812747 0.277422 0.788845 0.289378 0.793097 0.299644 0.770727 0.277272 0.780947 0.281589 0.825356 0.340541 0.814370 0.345441 0.837950 0.321862 0.833234 0.332881 0.814370 0.321862 0.823251 0.281942 0.830469 0.289377 0.858770 0.376330 0.865434 0.369362 0.770727 0.299644 0.815002 0.272479 0.826313 0.277645 0.823251 0.281942 0.812747 0.277422 0.834504 0.286587 0.839915 0.297347 0.834994 0.299669 0.830469 0.289377 0.793332 0.287522 0.797582 0.297786 0.793097 0.299644 0.788845 0.289378 0.854927 0.373851 0.858770 0.376330 0.843224 0.324338 0.837950 0.321862 0.765873 0.299644 0.765873 0.277272 0.770727 0.277272 0.770727 0.299644 0.816881 0.350781 0.814370 0.345441 0.792429 0.285588 0.788845 0.289378 0.807920 0.299669 0.807920 0.277422 
						0.812747 0.277422 0.812747 0.299669 0.834994 0.304496 0.812747 0.304496 0.812747 0.299669 0.834994 0.299669 0.850326 0.383750 0.854650 0.385759 0.811353 0.431033 0.824325 0.418060 0.830767 0.424503 0.817795 0.437476 0.843741 0.437476 0.837210 0.418060 0.850184 0.431033 0.871073 0.274271 0.873034 0.278647 0.863635 0.282617 0.861056 0.278755 0.830767 0.411617 0.843741 0.398644 0.850184 0.405086 0.811353 0.405086 0.817795 0.398644 0.853400 0.335735 0.857475 0.332875 0.864288 0.339938 0.861607 0.343725 0.889503 0.364662 0.893999 0.364662 0.893999 0.385389 0.889503 0.385389 0.914273 0.376743 0.910564 0.374189 0.914725 0.364662 0.919268 0.366806 0.914725 0.364662 0.893999 0.385389 0.893999 0.364662 0.852464 0.303680 0.852464 0.299216 0.873034 0.299216 0.873034 0.303680 0.914725 0.360165 0.914725 0.364662 0.893999 0.364662 0.893999 0.360165 0.878763 0.344163 0.874177 0.344163 0.874177 0.323018 0.878763 0.323018 0.874177 0.318432 0.874177 0.323018 0.853034 0.323018 0.853034 0.318432 0.912354 0.587797 0.891149 0.609003 0.891149 0.587797 0.856373 0.289779 0.863635 0.282617 0.873034 0.278647 0.852464 0.299216 0.864288 0.339938 0.857475 0.332875 
						0.853034 0.323018 0.874177 0.344163 0.874177 0.323018 0.908233 0.597560 0.901206 0.604436 0.910564 0.374189 0.903895 0.381108 0.873034 0.299216 0.893493 0.613892 0.891149 0.609003 0.901206 0.604436 0.904169 0.608385 0.912137 0.600120 0.908233 0.597560 0.912354 0.587797 0.916841 0.589851 0.852250 0.288072 0.856373 0.289779 0.852464 0.299216 0.848340 0.297509 0.906791 0.384913 0.903895 0.381108 0.848426 0.325192 0.853034 0.323018 0.877496 0.299216 0.873034 0.299216 0.873034 0.278647 0.877496 0.278647 0.874177 0.344163 0.871966 0.348904 0.856373 0.289779 0.853080 0.286294 0.886548 0.587797 0.891149 0.587797 0.891149 0.609003 0.886548 0.609003 0.912354 0.583196 0.912354 0.587797 0.891149 0.587797 0.891149 0.583196 0.896241 0.390219 0.893999 0.385389 0.871569 0.670219 0.868231 0.672279 0.863496 0.621095 0.867851 0.620782 0.874979 0.669703 0.872157 0.620601 0.877853 0.668988 0.876445 0.620519 0.880543 0.668641 0.880718 0.620500 0.883050 0.668342 0.884990 0.620629 0.885532 0.669075 0.889247 0.620865 0.888423 0.669919 0.893506 0.621198 0.891522 0.670827 0.897775 0.621592 0.894394 0.673193 0.902058 0.622080 0.897891 0.677036 0.906381 0.622651 
						0.901886 0.683101 0.910795 0.623308 0.906301 0.683759 0.915210 0.623967 0.856177 0.682842 0.851710 0.683282 0.845732 0.622784 0.850199 0.622342 0.860645 0.682400 0.854666 0.621900 0.864936 0.676451 0.859133 0.621459 0.888423 0.669919 0.885791 0.678504 0.881478 0.675104 0.885532 0.669075 0.877853 0.668988 0.877023 0.678266 0.874979 0.669703 0.772294 0.350780 0.769883 0.345506 0.780803 0.340884 0.783815 0.345123 0.881219 0.687772 0.860645 0.682400 0.864936 0.676451 0.897891 0.677036 0.901886 0.683101 0.851330 0.413357 0.857840 0.413410 0.861320 0.423827 0.856469 0.426730 0.812865 0.390739 0.812865 0.385351 0.837707 0.385351 0.837707 0.390739 0.828313 0.361102 0.824783 0.365700 0.812865 0.360509 0.815577 0.354680 0.812865 0.360509 0.837707 0.385351 0.812865 0.385351 0.793566 0.316685 0.793566 0.321824 0.769883 0.321824 0.769883 0.316685 0.807477 0.360509 0.812865 0.360509 0.812865 0.385351 0.807477 0.385351 0.876894 0.433292 0.869453 0.432960 0.872496 0.408606 0.876894 0.405819 0.876894 0.405819 0.872496 0.408606 0.859527 0.405829 0.857155 0.400523 0.914277 0.323060 0.893160 0.344178 0.893160 0.323060 0.789067 0.332689 0.780803 0.340884 
						0.769883 0.345506 0.793566 0.321824 0.861320 0.423827 0.857840 0.413410 0.859527 0.405829 0.869453 0.432960 0.872496 0.408606 0.910031 0.332727 0.903175 0.339839 0.824783 0.365700 0.832773 0.374051 0.769883 0.321824 0.895320 0.348904 0.893160 0.344178 0.903175 0.339839 0.906135 0.343956 0.913996 0.335303 0.910031 0.332727 0.914277 0.323060 0.918723 0.325126 0.793813 0.334656 0.789067 0.332689 0.793566 0.321824 0.798314 0.323791 0.837375 0.371079 0.832773 0.374051 0.857155 0.400523 0.859527 0.405829 0.764746 0.321824 0.769883 0.321824 0.769883 0.345506 0.764746 0.345506 0.869453 0.432960 0.865086 0.436725 0.789067 0.332689 0.792786 0.336610 0.888576 0.323060 0.893160 0.323060 0.893160 0.344178 0.888576 0.344178 0.914277 0.318478 0.914277 0.323060 0.893160 0.323060 0.893160 0.318478 0.842889 0.382941 0.837707 0.385351 0.770503 0.976478 0.758054 0.988087 0.734677 0.963021 0.747126 0.951411 0.710343 0.985983 0.698937 0.973899 0.723274 0.950936 0.716566 0.892546 0.736802 0.894477 0.735053 0.901817 0.715961 0.901728 0.736608 0.938624 0.695270 0.920694 0.710288 0.906786 0.761273 0.919976 0.770503 0.930667 0.914317 0.411504 0.915826 0.422613 
						0.911525 0.422325 0.909675 0.413363 0.795943 0.361260 0.783916 0.389576 0.777772 0.386967 0.789799 0.358650 0.761763 0.365901 0.765408 0.353360 0.769358 0.358297 0.767130 0.365964 0.769358 0.358297 0.789799 0.358650 0.777772 0.386967 0.761273 0.919976 0.736608 0.938624 0.738391 0.928095 0.755696 0.918459 0.765408 0.353360 0.789799 0.353360 0.789799 0.358650 0.769358 0.358297 0.912761 0.432887 0.892148 0.432887 0.892148 0.428414 0.909557 0.428780 0.886822 0.426184 0.897101 0.401637 0.902427 0.403866 0.892148 0.428414 0.850919 0.587793 0.872109 0.587793 0.872109 0.608983 0.749340 0.909021 0.755696 0.918459 0.715961 0.901728 0.735053 0.901817 0.911525 0.422325 0.909557 0.428780 0.902427 0.403866 0.909675 0.413363 0.892148 0.428414 0.861942 0.604556 0.855129 0.597432 0.769389 0.376378 0.767130 0.365964 0.738391 0.928095 0.869794 0.613957 0.858933 0.608478 0.861942 0.604556 0.872109 0.608983 0.851201 0.599967 0.846496 0.589847 0.850919 0.587793 0.855129 0.597432 0.756318 0.905607 0.761273 0.919976 0.755696 0.918459 0.749340 0.909021 0.764434 0.378584 0.769389 0.376378 0.907280 0.400523 0.902427 0.403866 0.736608 0.938624 0.710288 0.906786 
						0.715961 0.901728 0.738391 0.928095 0.912761 0.432887 0.909557 0.428780 0.752915 0.901882 0.749340 0.909021 0.876708 0.587793 0.876708 0.608983 0.872109 0.608983 0.872109 0.587793 0.850919 0.583194 0.872109 0.583194 0.872109 0.587793 0.850919 0.587793 0.772384 0.390739 0.777772 0.386967 0.883126 0.022924 0.892336 0.024168 0.842896 0.038710 0.851581 0.032183 0.145533 0.958075 0.139466 0.815524 0.167916 0.814313 0.173983 0.956864 0.136485 0.745492 0.134906 0.708386 0.163356 0.707175 0.164935 0.744281 0.155604 0.525061 0.160487 0.639776 0.132037 0.640987 0.127155 0.526272 0.822118 0.158768 0.830727 0.165239 0.781722 0.150824 0.790852 0.149591 0.123521 0.440894 0.151971 0.439683 0.152975 0.463290 0.124526 0.464501 0.154216 0.492437 0.125766 0.493648 0.134134 0.690257 0.162584 0.689046 0.133165 0.667479 0.161615 0.666268 0.148930 0.368253 0.120480 0.369464 0.119621 0.349271 0.148071 0.348060 0.118567 0.324499 0.147016 0.323288 0.175304 0.987889 0.146854 0.989100 0.165724 0.762807 0.137274 0.764018 0.166745 0.786815 0.138296 0.788026 0.835733 0.177557 0.774463 0.159486 0.835976 0.192438 0.771271 0.173274 0.821263 0.242660 0.771271 0.238305 
						0.801941 0.220046 0.809967 0.220772 0.818111 0.254328 0.773735 0.250605 0.811753 0.262546 0.779489 0.259925 0.803891 0.265113 0.787017 0.263768 0.899659 0.032906 0.837846 0.051139 0.902880 0.046817 0.837601 0.066151 0.902880 0.112425 0.852445 0.116819 0.900394 0.124834 0.855624 0.128590 0.894588 0.134236 0.862039 0.136881 0.886994 0.138114 0.869971 0.139471 0.413590 0.969835 0.413590 0.896237 0.439699 0.896237 0.439699 0.969835 0.803308 0.204487 0.811329 0.205286 0.767844 0.574909 0.767844 0.516797 0.807790 0.516797 0.807790 0.574909 0.991857 0.594378 0.991857 0.658010 0.969178 0.658010 0.969178 0.594378 0.917046 0.574905 0.917046 0.516797 0.956992 0.516797 0.956992 0.574905 0.782879 0.022569 0.814499 0.031850 0.823205 0.038393 0.773647 0.023816 0.283296 0.593295 0.289419 0.582501 0.330437 0.625093 0.320372 0.631289 0.325447 0.653413 0.336156 0.657282 0.325407 0.672237 0.318396 0.662278 0.250679 0.649578 0.258600 0.640932 0.296964 0.661571 0.293058 0.673333 0.856934 0.158446 0.888585 0.149156 0.897826 0.150405 0.848220 0.164996 0.248816 0.614075 0.248535 0.622503 0.236071 0.623961 0.237123 0.612021 0.251457 0.632083 0.240927 0.637834 
						0.316570 0.675668 0.313526 0.665113 0.305374 0.676407 0.306149 0.664416 0.251008 0.583155 0.260457 0.576681 0.264643 0.589119 0.259585 0.592744 0.274746 0.576308 0.272909 0.588948 0.326912 0.647800 0.337753 0.648475 0.325060 0.640229 0.336635 0.636739 0.905174 0.159172 0.843153 0.177466 0.908405 0.173130 0.842907 0.192529 0.857801 0.243366 0.869234 0.221210 0.877360 0.220475 0.908405 0.238958 0.905910 0.251409 0.860991 0.255177 0.900085 0.260842 0.867427 0.263496 0.892466 0.264732 0.875385 0.266094 0.828267 0.050851 0.766306 0.032575 0.828512 0.065899 0.763078 0.046519 0.813633 0.116687 0.763078 0.112283 0.810446 0.128486 0.765570 0.124722 0.804016 0.136797 0.771389 0.134146 0.796066 0.139393 0.779001 0.138033 0.447934 0.711235 0.420857 0.711235 0.420857 0.634909 0.447934 0.634911 0.875975 0.204725 0.867856 0.205534 0.817576 0.516797 0.857522 0.516797 0.857522 0.574909 0.817576 0.574909 0.412665 0.807308 0.439844 0.807308 0.439844 0.883564 0.412665 0.883564 0.907257 0.574905 0.867311 0.574905 0.867311 0.516797 0.907257 0.516797 
					</float_array>
					<technique_common>
						<accessor count="4922" offset="0" source="#meshId0-tex0-array" stride="2">
							<param name="S" type="float" />
							<param name="T" type="float" />
						</accessor>
					</technique_common>
				</source>
				<vertices id="meshId0-vertices">
					<input semantic="POSITION" source="#meshId0-positions" />
				</vertices>
				<polylist count="7386" material="defaultMaterial">
					<input offset="0" semantic="VERTEX" source="#meshId0-vertices" />
					<input offset="0" semantic="NORMAL" source="#meshId0-normals" />
					<input offset="0" semantic="TANGENT" source="#meshId0-tangents" />
					<input offset="0" semantic="BINORMAL" source="#meshId0-bitangents" />
					<input offset="0" semantic="TEXCOORD" source="#meshId0-tex0" set="0" />
					<vcount>
						3 3 3 3 3 3 3 3 3 3 3 3 3 3 3 3 3 3 3 3 3 3 3 3 3 3 3 3 3 3 3 3 3 3 3 3 3 3 3 3 3 3 3 3 3 3 3 3 3 3 3 3 3 3 3 3 3 3 3 3 3 3 3 3 
						3 3 3 3 3 3 3 3 3 3 3 3 3 3 3 3 3 3 3 3 3 3 3 3 3 3 3 3 3 3 3 3 3 3 3 3 3 3 3 3 3 3 3 3 3 3 3 3 3 3 3 3 3 3 3 3 3 3 3 3 3 3 3 3 
						3 3 3 3 3 3 3 3 3 3 3 3 3 3 3 3 3 3 3 3 3 3 3 3 3 3 3 3 3 3 3 3 3 3 3 3 3 3 3 3 3 3 3 3 3 3 3 3 3 3 3 3 3 3 3 3 3 3 3 3 3 3 3 3 
						3 3 3 3 3 3 3 3 3 3 3 3 3 3 3 3 3 3 3 3 3 3 3 3 3 3 3 3 3 3 3 3 3 3 3 3 3 3 3 3 3 3 3 3 3 3 3 3 3 3 3 3 3 3 3 3 3 3 3 3 3 3 3 3 
						3 3 3 3 3 3 3 3 3 3 3 3 3 3 3 3 3 3 3 3 3 3 3 3 3 3 3 3 3 3 3 3 3 3 3 3 3 3 3 3 3 3 3 3 3 3 3 3 3 3 3 3 3 3 3 3 3 3 3 3 3 3 3 3 
						3 3 3 3 3 3 3 3 3 3 3 3 3 3 3 3 3 3 3 3 3 3 3 3 3 3 3 3 3 3 3 3 3 3 3 3 3 3 3 3 3 3 3 3 3 3 3 3 3 3 3 3 3 3 3 3 3 3 3 3 3 3 3 3 
						3 3 3 3 3 3 3 3 3 3 3 3 3 3 3 3 3 3 3 3 3 3 3 3 3 3 3 3 3 3 3 3 3 3 3 3 3 3 3 3 3 3 3 3 3 3 3 3 3 3 3 3 3 3 3 3 3 3 3 3 3 3 3 3 
						3 3 3 3 3 3 3 3 3 3 3 3 3 3 3 3 3 3 3 3 3 3 3 3 3 3 3 3 3 3 3 3 3 3 3 3 3 3 3 3 3 3 3 3 3 3 3 3 3 3 3 3 3 3 3 3 3 3 3 3 3 3 3 3 
						3 3 3 3 3 3 3 3 3 3 3 3 3 3 3 3 3 3 3 3 3 3 3 3 3 3 3 3 3 3 3 3 3 3 3 3 3 3 3 3 3 3 3 3 3 3 3 3 3 3 3 3 3 3 3 3 3 3 3 3 3 3 3 3 
						3 3 3 3 3 3 3 3 3 3 3 3 3 3 3 3 3 3 3 3 3 3 3 3 3 3 3 3 3 3 3 3 3 3 3 3 3 3 3 3 3 3 3 3 3 3 3 3 3 3 3 3 3 3 3 3 3 3 3 3 3 3 3 3 
						3 3 3 3 3 3 3 3 3 3 3 3 3 3 3 3 3 3 3 3 3 3 3 3 3 3 3 3 3 3 3 3 3 3 3 3 3 3 3 3 3 3 3 3 3 3 3 3 3 3 3 3 3 3 3 3 3 3 3 3 3 3 3 3 
						3 3 3 3 3 3 3 3 3 3 3 3 3 3 3 3 3 3 3 3 3 3 3 3 3 3 3 3 3 3 3 3 3 3 3 3 3 3 3 3 3 3 3 3 3 3 3 3 3 3 3 3 3 3 3 3 3 3 3 3 3 3 3 3 
						3 3 3 3 3 3 3 3 3 3 3 3 3 3 3 3 3 3 3 3 3 3 3 3 3 3 3 3 3 3 3 3 3 3 3 3 3 3 3 3 3 3 3 3 3 3 3 3 3 3 3 3 3 3 3 3 3 3 3 3 3 3 3 3 
						3 3 3 3 3 3 3 3 3 3 3 3 3 3 3 3 3 3 3 3 3 3 3 3 3 3 3 3 3 3 3 3 3 3 3 3 3 3 3 3 3 3 3 3 3 3 3 3 3 3 3 3 3 3 3 3 3 3 3 3 3 3 3 3 
						3 3 3 3 3 3 3 3 3 3 3 3 3 3 3 3 3 3 3 3 3 3 3 3 3 3 3 3 3 3 3 3 3 3 3 3 3 3 3 3 3 3 3 3 3 3 3 3 3 3 3 3 3 3 3 3 3 3 3 3 3 3 3 3 
						3 3 3 3 3 3 3 3 3 3 3 3 3 3 3 3 3 3 3 3 3 3 3 3 3 3 3 3 3 3 3 3 3 3 3 3 3 3 3 3 3 3 3 3 3 3 3 3 3 3 3 3 3 3 3 3 3 3 3 3 3 3 3 3 
						3 3 3 3 3 3 3 3 3 3 3 3 3 3 3 3 3 3 3 3 3 3 3 3 3 3 3 3 3 3 3 3 3 3 3 3 3 3 3 3 3 3 3 3 3 3 3 3 3 3 3 3 3 3 3 3 3 3 3 3 3 3 3 3 
						3 3 3 3 3 3 3 3 3 3 3 3 3 3 3 3 3 3 3 3 3 3 3 3 3 3 3 3 3 3 3 3 3 3 3 3 3 3 3 3 3 3 3 3 3 3 3 3 3 3 3 3 3 3 3 3 3 3 3 3 3 3 3 3 
						3 3 3 3 3 3 3 3 3 3 3 3 3 3 3 3 3 3 3 3 3 3 3 3 3 3 3 3 3 3 3 3 3 3 3 3 3 3 3 3 3 3 3 3 3 3 3 3 3 3 3 3 3 3 3 3 3 3 3 3 3 3 3 3 
						3 3 3 3 3 3 3 3 3 3 3 3 3 3 3 3 3 3 3 3 3 3 3 3 3 3 3 3 3 3 3 3 3 3 3 3 3 3 3 3 3 3 3 3 3 3 3 3 3 3 3 3 3 3 3 3 3 3 3 3 3 3 3 3 
						3 3 3 3 3 3 3 3 3 3 3 3 3 3 3 3 3 3 3 3 3 3 3 3 3 3 3 3 3 3 3 3 3 3 3 3 3 3 3 3 3 3 3 3 3 3 3 3 3 3 3 3 3 3 3 3 3 3 3 3 3 3 3 3 
						3 3 3 3 3 3 3 3 3 3 3 3 3 3 3 3 3 3 3 3 3 3 3 3 3 3 3 3 3 3 3 3 3 3 3 3 3 3 3 3 3 3 3 3 3 3 3 3 3 3 3 3 3 3 3 3 3 3 3 3 3 3 3 3 
						3 3 3 3 3 3 3 3 3 3 3 3 3 3 3 3 3 3 3 3 3 3 3 3 3 3 3 3 3 3 3 3 3 3 3 3 3 3 3 3 3 3 3 3 3 3 3 3 3 3 3 3 3 3 3 3 3 3 3 3 3 3 3 3 
						3 3 3 3 3 3 3 3 3 3 3 3 3 3 3 3 3 3 3 3 3 3 3 3 3 3 3 3 3 3 3 3 3 3 3 3 3 3 3 3 3 3 3 3 3 3 3 3 3 3 3 3 3 3 3 3 3 3 3 3 3 3 3 3 
						3 3 3 3 3 3 3 3 3 3 3 3 3 3 3 3 3 3 3 3 3 3 3 3 3 3 3 3 3 3 3 3 3 3 3 3 3 3 3 3 3 3 3 3 3 3 3 3 3 3 3 3 3 3 3 3 3 3 3 3 3 3 3 3 
						3 3 3 3 3 3 3 3 3 3 3 3 3 3 3 3 3 3 3 3 3 3 3 3 3 3 3 3 3 3 3 3 3 3 3 3 3 3 3 3 3 3 3 3 3 3 3 3 3 3 3 3 3 3 3 3 3 3 3 3 3 3 3 3 
						3 3 3 3 3 3 3 3 3 3 3 3 3 3 3 3 3 3 3 3 3 3 3 3 3 3 3 3 3 3 3 3 3 3 3 3 3 3 3 3 3 3 3 3 3 3 3 3 3 3 3 3 3 3 3 3 3 3 3 3 3 3 3 3 
						3 3 3 3 3 3 3 3 3 3 3 3 3 3 3 3 3 3 3 3 3 3 3 3 3 3 3 3 3 3 3 3 3 3 3 3 3 3 3 3 3 3 3 3 3 3 3 3 3 3 3 3 3 3 3 3 3 3 3 3 3 3 3 3 
						3 3 3 3 3 3 3 3 3 3 3 3 3 3 3 3 3 3 3 3 3 3 3 3 3 3 3 3 3 3 3 3 3 3 3 3 3 3 3 3 3 3 3 3 3 3 3 3 3 3 3 3 3 3 3 3 3 3 3 3 3 3 3 3 
						3 3 3 3 3 3 3 3 3 3 3 3 3 3 3 3 3 3 3 3 3 3 3 3 3 3 3 3 3 3 3 3 3 3 3 3 3 3 3 3 3 3 3 3 3 3 3 3 3 3 3 3 3 3 3 3 3 3 3 3 3 3 3 3 
						3 3 3 3 3 3 3 3 3 3 3 3 3 3 3 3 3 3 3 3 3 3 3 3 3 3 3 3 3 3 3 3 3 3 3 3 3 3 3 3 3 3 3 3 3 3 3 3 3 3 3 3 3 3 3 3 3 3 3 3 3 3 3 3 
						3 3 3 3 3 3 3 3 3 3 3 3 3 3 3 3 3 3 3 3 3 3 3 3 3 3 3 3 3 3 3 3 3 3 3 3 3 3 3 3 3 3 3 3 3 3 3 3 3 3 3 3 3 3 3 3 3 3 3 3 3 3 3 3 
						3 3 3 3 3 3 3 3 3 3 3 3 3 3 3 3 3 3 3 3 3 3 3 3 3 3 3 3 3 3 3 3 3 3 3 3 3 3 3 3 3 3 3 3 3 3 3 3 3 3 3 3 3 3 3 3 3 3 3 3 3 3 3 3 
						3 3 3 3 3 3 3 3 3 3 3 3 3 3 3 3 3 3 3 3 3 3 3 3 3 3 3 3 3 3 3 3 3 3 3 3 3 3 3 3 3 3 3 3 3 3 3 3 3 3 3 3 3 3 3 3 3 3 3 3 3 3 3 3 
						3 3 3 3 3 3 3 3 3 3 3 3 3 3 3 3 3 3 3 3 3 3 3 3 3 3 3 3 3 3 3 3 3 3 3 3 3 3 3 3 3 3 3 3 3 3 3 3 3 3 3 3 3 3 3 3 3 3 3 3 3 3 3 3 
						3 3 3 3 3 3 3 3 3 3 3 3 3 3 3 3 3 3 3 3 3 3 3 3 3 3 3 3 3 3 3 3 3 3 3 3 3 3 3 3 3 3 3 3 3 3 3 3 3 3 3 3 3 3 3 3 3 3 3 3 3 3 3 3 
						3 3 3 3 3 3 3 3 3 3 3 3 3 3 3 3 3 3 3 3 3 3 3 3 3 3 3 3 3 3 3 3 3 3 3 3 3 3 3 3 3 3 3 3 3 3 3 3 3 3 3 3 3 3 3 3 3 3 3 3 3 3 3 3 
						3 3 3 3 3 3 3 3 3 3 3 3 3 3 3 3 3 3 3 3 3 3 3 3 3 3 3 3 3 3 3 3 3 3 3 3 3 3 3 3 3 3 3 3 3 3 3 3 3 3 3 3 3 3 3 3 3 3 3 3 3 3 3 3 
						3 3 3 3 3 3 3 3 3 3 3 3 3 3 3 3 3 3 3 3 3 3 3 3 3 3 3 3 3 3 3 3 3 3 3 3 3 3 3 3 3 3 3 3 3 3 3 3 3 3 3 3 3 3 3 3 3 3 3 3 3 3 3 3 
						3 3 3 3 3 3 3 3 3 3 3 3 3 3 3 3 3 3 3 3 3 3 3 3 3 3 3 3 3 3 3 3 3 3 3 3 3 3 3 3 3 3 3 3 3 3 3 3 3 3 3 3 3 3 3 3 3 3 3 3 3 3 3 3 
						3 3 3 3 3 3 3 3 3 3 3 3 3 3 3 3 3 3 3 3 3 3 3 3 3 3 3 3 3 3 3 3 3 3 3 3 3 3 3 3 3 3 3 3 3 3 3 3 3 3 3 3 3 3 3 3 3 3 3 3 3 3 3 3 
						3 3 3 3 3 3 3 3 3 3 3 3 3 3 3 3 3 3 3 3 3 3 3 3 3 3 3 3 3 3 3 3 3 3 3 3 3 3 3 3 3 3 3 3 3 3 3 3 3 3 3 3 3 3 3 3 3 3 3 3 3 3 3 3 
						3 3 3 3 3 3 3 3 3 3 3 3 3 3 3 3 3 3 3 3 3 3 3 3 3 3 3 3 3 3 3 3 3 3 3 3 3 3 3 3 3 3 3 3 3 3 3 3 3 3 3 3 3 3 3 3 3 3 3 3 3 3 3 3 
						3 3 3 3 3 3 3 3 3 3 3 3 3 3 3 3 3 3 3 3 3 3 3 3 3 3 3 3 3 3 3 3 3 3 3 3 3 3 3 3 3 3 3 3 3 3 3 3 3 3 3 3 3 3 3 3 3 3 3 3 3 3 3 3 
						3 3 3 3 3 3 3 3 3 3 3 3 3 3 3 3 3 3 3 3 3 3 3 3 3 3 3 3 3 3 3 3 3 3 3 3 3 3 3 3 3 3 3 3 3 3 3 3 3 3 3 3 3 3 3 3 3 3 3 3 3 3 3 3 
						3 3 3 3 3 3 3 3 3 3 3 3 3 3 3 3 3 3 3 3 3 3 3 3 3 3 3 3 3 3 3 3 3 3 3 3 3 3 3 3 3 3 3 3 3 3 3 3 3 3 3 3 3 3 3 3 3 3 3 3 3 3 3 3 
						3 3 3 3 3 3 3 3 3 3 3 3 3 3 3 3 3 3 3 3 3 3 3 3 3 3 3 3 3 3 3 3 3 3 3 3 3 3 3 3 3 3 3 3 3 3 3 3 3 3 3 3 3 3 3 3 3 3 3 3 3 3 3 3 
						3 3 3 3 3 3 3 3 3 3 3 3 3 3 3 3 3 3 3 3 3 3 3 3 3 3 3 3 3 3 3 3 3 3 3 3 3 3 3 3 3 3 3 3 3 3 3 3 3 3 3 3 3 3 3 3 3 3 3 3 3 3 3 3 
						3 3 3 3 3 3 3 3 3 3 3 3 3 3 3 3 3 3 3 3 3 3 3 3 3 3 3 3 3 3 3 3 3 3 3 3 3 3 3 3 3 3 3 3 3 3 3 3 3 3 3 3 3 3 3 3 3 3 3 3 3 3 3 3 
						3 3 3 3 3 3 3 3 3 3 3 3 3 3 3 3 3 3 3 3 3 3 3 3 3 3 3 3 3 3 3 3 3 3 3 3 3 3 3 3 3 3 3 3 3 3 3 3 3 3 3 3 3 3 3 3 3 3 3 3 3 3 3 3 
						3 3 3 3 3 3 3 3 3 3 3 3 3 3 3 3 3 3 3 3 3 3 3 3 3 3 3 3 3 3 3 3 3 3 3 3 3 3 3 3 3 3 3 3 3 3 3 3 3 3 3 3 3 3 3 3 3 3 3 3 3 3 3 3 
						3 3 3 3 3 3 3 3 3 3 3 3 3 3 3 3 3 3 3 3 3 3 3 3 3 3 3 3 3 3 3 3 3 3 3 3 3 3 3 3 3 3 3 3 3 3 3 3 3 3 3 3 3 3 3 3 3 3 3 3 3 3 3 3 
						3 3 3 3 3 3 3 3 3 3 3 3 3 3 3 3 3 3 3 3 3 3 3 3 3 3 3 3 3 3 3 3 3 3 3 3 3 3 3 3 3 3 3 3 3 3 3 3 3 3 3 3 3 3 3 3 3 3 3 3 3 3 3 3 
						3 3 3 3 3 3 3 3 3 3 3 3 3 3 3 3 3 3 3 3 3 3 3 3 3 3 3 3 3 3 3 3 3 3 3 3 3 3 3 3 3 3 3 3 3 3 3 3 3 3 3 3 3 3 3 3 3 3 3 3 3 3 3 3 
						3 3 3 3 3 3 3 3 3 3 3 3 3 3 3 3 3 3 3 3 3 3 3 3 3 3 3 3 3 3 3 3 3 3 3 3 3 3 3 3 3 3 3 3 3 3 3 3 3 3 3 3 3 3 3 3 3 3 3 3 3 3 3 3 
						3 3 3 3 3 3 3 3 3 3 3 3 3 3 3 3 3 3 3 3 3 3 3 3 3 3 3 3 3 3 3 3 3 3 3 3 3 3 3 3 3 3 3 3 3 3 3 3 3 3 3 3 3 3 3 3 3 3 3 3 3 3 3 3 
						3 3 3 3 3 3 3 3 3 3 3 3 3 3 3 3 3 3 3 3 3 3 3 3 3 3 3 3 3 3 3 3 3 3 3 3 3 3 3 3 3 3 3 3 3 3 3 3 3 3 3 3 3 3 3 3 3 3 3 3 3 3 3 3 
						3 3 3 3 3 3 3 3 3 3 3 3 3 3 3 3 3 3 3 3 3 3 3 3 3 3 3 3 3 3 3 3 3 3 3 3 3 3 3 3 3 3 3 3 3 3 3 3 3 3 3 3 3 3 3 3 3 3 3 3 3 3 3 3 
						3 3 3 3 3 3 3 3 3 3 3 3 3 3 3 3 3 3 3 3 3 3 3 3 3 3 3 3 3 3 3 3 3 3 3 3 3 3 3 3 3 3 3 3 3 3 3 3 3 3 3 3 3 3 3 3 3 3 3 3 3 3 3 3 
						3 3 3 3 3 3 3 3 3 3 3 3 3 3 3 3 3 3 3 3 3 3 3 3 3 3 3 3 3 3 3 3 3 3 3 3 3 3 3 3 3 3 3 3 3 3 3 3 3 3 3 3 3 3 3 3 3 3 3 3 3 3 3 3 
						3 3 3 3 3 3 3 3 3 3 3 3 3 3 3 3 3 3 3 3 3 3 3 3 3 3 3 3 3 3 3 3 3 3 3 3 3 3 3 3 3 3 3 3 3 3 3 3 3 3 3 3 3 3 3 3 3 3 3 3 3 3 3 3 
						3 3 3 3 3 3 3 3 3 3 3 3 3 3 3 3 3 3 3 3 3 3 3 3 3 3 3 3 3 3 3 3 3 3 3 3 3 3 3 3 3 3 3 3 3 3 3 3 3 3 3 3 3 3 3 3 3 3 3 3 3 3 3 3 
						3 3 3 3 3 3 3 3 3 3 3 3 3 3 3 3 3 3 3 3 3 3 3 3 3 3 3 3 3 3 3 3 3 3 3 3 3 3 3 3 3 3 3 3 3 3 3 3 3 3 3 3 3 3 3 3 3 3 3 3 3 3 3 3 
						3 3 3 3 3 3 3 3 3 3 3 3 3 3 3 3 3 3 3 3 3 3 3 3 3 3 3 3 3 3 3 3 3 3 3 3 3 3 3 3 3 3 3 3 3 3 3 3 3 3 3 3 3 3 3 3 3 3 3 3 3 3 3 3 
						3 3 3 3 3 3 3 3 3 3 3 3 3 3 3 3 3 3 3 3 3 3 3 3 3 3 3 3 3 3 3 3 3 3 3 3 3 3 3 3 3 3 3 3 3 3 3 3 3 3 3 3 3 3 3 3 3 3 3 3 3 3 3 3 
						3 3 3 3 3 3 3 3 3 3 3 3 3 3 3 3 3 3 3 3 3 3 3 3 3 3 3 3 3 3 3 3 3 3 3 3 3 3 3 3 3 3 3 3 3 3 3 3 3 3 3 3 3 3 3 3 3 3 3 3 3 3 3 3 
						3 3 3 3 3 3 3 3 3 3 3 3 3 3 3 3 3 3 3 3 3 3 3 3 3 3 3 3 3 3 3 3 3 3 3 3 3 3 3 3 3 3 3 3 3 3 3 3 3 3 3 3 3 3 3 3 3 3 3 3 3 3 3 3 
						3 3 3 3 3 3 3 3 3 3 3 3 3 3 3 3 3 3 3 3 3 3 3 3 3 3 3 3 3 3 3 3 3 3 3 3 3 3 3 3 3 3 3 3 3 3 3 3 3 3 3 3 3 3 3 3 3 3 3 3 3 3 3 3 
						3 3 3 3 3 3 3 3 3 3 3 3 3 3 3 3 3 3 3 3 3 3 3 3 3 3 3 3 3 3 3 3 3 3 3 3 3 3 3 3 3 3 3 3 3 3 3 3 3 3 3 3 3 3 3 3 3 3 3 3 3 3 3 3 
						3 3 3 3 3 3 3 3 3 3 3 3 3 3 3 3 3 3 3 3 3 3 3 3 3 3 3 3 3 3 3 3 3 3 3 3 3 3 3 3 3 3 3 3 3 3 3 3 3 3 3 3 3 3 3 3 3 3 3 3 3 3 3 3 
						3 3 3 3 3 3 3 3 3 3 3 3 3 3 3 3 3 3 3 3 3 3 3 3 3 3 3 3 3 3 3 3 3 3 3 3 3 3 3 3 3 3 3 3 3 3 3 3 3 3 3 3 3 3 3 3 3 3 3 3 3 3 3 3 
						3 3 3 3 3 3 3 3 3 3 3 3 3 3 3 3 3 3 3 3 3 3 3 3 3 3 3 3 3 3 3 3 3 3 3 3 3 3 3 3 3 3 3 3 3 3 3 3 3 3 3 3 3 3 3 3 3 3 3 3 3 3 3 3 
						3 3 3 3 3 3 3 3 3 3 3 3 3 3 3 3 3 3 3 3 3 3 3 3 3 3 3 3 3 3 3 3 3 3 3 3 3 3 3 3 3 3 3 3 3 3 3 3 3 3 3 3 3 3 3 3 3 3 3 3 3 3 3 3 
						3 3 3 3 3 3 3 3 3 3 3 3 3 3 3 3 3 3 3 3 3 3 3 3 3 3 3 3 3 3 3 3 3 3 3 3 3 3 3 3 3 3 3 3 3 3 3 3 3 3 3 3 3 3 3 3 3 3 3 3 3 3 3 3 
						3 3 3 3 3 3 3 3 3 3 3 3 3 3 3 3 3 3 3 3 3 3 3 3 3 3 3 3 3 3 3 3 3 3 3 3 3 3 3 3 3 3 3 3 3 3 3 3 3 3 3 3 3 3 3 3 3 3 3 3 3 3 3 3 
						3 3 3 3 3 3 3 3 3 3 3 3 3 3 3 3 3 3 3 3 3 3 3 3 3 3 3 3 3 3 3 3 3 3 3 3 3 3 3 3 3 3 3 3 3 3 3 3 3 3 3 3 3 3 3 3 3 3 3 3 3 3 3 3 
						3 3 3 3 3 3 3 3 3 3 3 3 3 3 3 3 3 3 3 3 3 3 3 3 3 3 3 3 3 3 3 3 3 3 3 3 3 3 3 3 3 3 3 3 3 3 3 3 3 3 3 3 3 3 3 3 3 3 3 3 3 3 3 3 
						3 3 3 3 3 3 3 3 3 3 3 3 3 3 3 3 3 3 3 3 3 3 3 3 3 3 3 3 3 3 3 3 3 3 3 3 3 3 3 3 3 3 3 3 3 3 3 3 3 3 3 3 3 3 3 3 3 3 3 3 3 3 3 3 
						3 3 3 3 3 3 3 3 3 3 3 3 3 3 3 3 3 3 3 3 3 3 3 3 3 3 3 3 3 3 3 3 3 3 3 3 3 3 3 3 3 3 3 3 3 3 3 3 3 3 3 3 3 3 3 3 3 3 3 3 3 3 3 3 
						3 3 3 3 3 3 3 3 3 3 3 3 3 3 3 3 3 3 3 3 3 3 3 3 3 3 3 3 3 3 3 3 3 3 3 3 3 3 3 3 3 3 3 3 3 3 3 3 3 3 3 3 3 3 3 3 3 3 3 3 3 3 3 3 
						3 3 3 3 3 3 3 3 3 3 3 3 3 3 3 3 3 3 3 3 3 3 3 3 3 3 3 3 3 3 3 3 3 3 3 3 3 3 3 3 3 3 3 3 3 3 3 3 3 3 3 3 3 3 3 3 3 3 3 3 3 3 3 3 
						3 3 3 3 3 3 3 3 3 3 3 3 3 3 3 3 3 3 3 3 3 3 3 3 3 3 3 3 3 3 3 3 3 3 3 3 3 3 3 3 3 3 3 3 3 3 3 3 3 3 3 3 3 3 3 3 3 3 3 3 3 3 3 3 
						3 3 3 3 3 3 3 3 3 3 3 3 3 3 3 3 3 3 3 3 3 3 3 3 3 3 3 3 3 3 3 3 3 3 3 3 3 3 3 3 3 3 3 3 3 3 3 3 3 3 3 3 3 3 3 3 3 3 3 3 3 3 3 3 
						3 3 3 3 3 3 3 3 3 3 3 3 3 3 3 3 3 3 3 3 3 3 3 3 3 3 3 3 3 3 3 3 3 3 3 3 3 3 3 3 3 3 3 3 3 3 3 3 3 3 3 3 3 3 3 3 3 3 3 3 3 3 3 3 
						3 3 3 3 3 3 3 3 3 3 3 3 3 3 3 3 3 3 3 3 3 3 3 3 3 3 3 3 3 3 3 3 3 3 3 3 3 3 3 3 3 3 3 3 3 3 3 3 3 3 3 3 3 3 3 3 3 3 3 3 3 3 3 3 
						3 3 3 3 3 3 3 3 3 3 3 3 3 3 3 3 3 3 3 3 3 3 3 3 3 3 3 3 3 3 3 3 3 3 3 3 3 3 3 3 3 3 3 3 3 3 3 3 3 3 3 3 3 3 3 3 3 3 3 3 3 3 3 3 
						3 3 3 3 3 3 3 3 3 3 3 3 3 3 3 3 3 3 3 3 3 3 3 3 3 3 3 3 3 3 3 3 3 3 3 3 3 3 3 3 3 3 3 3 3 3 3 3 3 3 3 3 3 3 3 3 3 3 3 3 3 3 3 3 
						3 3 3 3 3 3 3 3 3 3 3 3 3 3 3 3 3 3 3 3 3 3 3 3 3 3 3 3 3 3 3 3 3 3 3 3 3 3 3 3 3 3 3 3 3 3 3 3 3 3 3 3 3 3 3 3 3 3 3 3 3 3 3 3 
						3 3 3 3 3 3 3 3 3 3 3 3 3 3 3 3 3 3 3 3 3 3 3 3 3 3 3 3 3 3 3 3 3 3 3 3 3 3 3 3 3 3 3 3 3 3 3 3 3 3 3 3 3 3 3 3 3 3 3 3 3 3 3 3 
						3 3 3 3 3 3 3 3 3 3 3 3 3 3 3 3 3 3 3 3 3 3 3 3 3 3 3 3 3 3 3 3 3 3 3 3 3 3 3 3 3 3 3 3 3 3 3 3 3 3 3 3 3 3 3 3 3 3 3 3 3 3 3 3 
						3 3 3 3 3 3 3 3 3 3 3 3 3 3 3 3 3 3 3 3 3 3 3 3 3 3 3 3 3 3 3 3 3 3 3 3 3 3 3 3 3 3 3 3 3 3 3 3 3 3 3 3 3 3 3 3 3 3 3 3 3 3 3 3 
						3 3 3 3 3 3 3 3 3 3 3 3 3 3 3 3 3 3 3 3 3 3 3 3 3 3 3 3 3 3 3 3 3 3 3 3 3 3 3 3 3 3 3 3 3 3 3 3 3 3 3 3 3 3 3 3 3 3 3 3 3 3 3 3 
						3 3 3 3 3 3 3 3 3 3 3 3 3 3 3 3 3 3 3 3 3 3 3 3 3 3 3 3 3 3 3 3 3 3 3 3 3 3 3 3 3 3 3 3 3 3 3 3 3 3 3 3 3 3 3 3 3 3 3 3 3 3 3 3 
						3 3 3 3 3 3 3 3 3 3 3 3 3 3 3 3 3 3 3 3 3 3 3 3 3 3 3 3 3 3 3 3 3 3 3 3 3 3 3 3 3 3 3 3 3 3 3 3 3 3 3 3 3 3 3 3 3 3 3 3 3 3 3 3 
						3 3 3 3 3 3 3 3 3 3 3 3 3 3 3 3 3 3 3 3 3 3 3 3 3 3 3 3 3 3 3 3 3 3 3 3 3 3 3 3 3 3 3 3 3 3 3 3 3 3 3 3 3 3 3 3 3 3 3 3 3 3 3 3 
						3 3 3 3 3 3 3 3 3 3 3 3 3 3 3 3 3 3 3 3 3 3 3 3 3 3 3 3 3 3 3 3 3 3 3 3 3 3 3 3 3 3 3 3 3 3 3 3 3 3 3 3 3 3 3 3 3 3 3 3 3 3 3 3 
						3 3 3 3 3 3 3 3 3 3 3 3 3 3 3 3 3 3 3 3 3 3 3 3 3 3 3 3 3 3 3 3 3 3 3 3 3 3 3 3 3 3 3 3 3 3 3 3 3 3 3 3 3 3 3 3 3 3 3 3 3 3 3 3 
						3 3 3 3 3 3 3 3 3 3 3 3 3 3 3 3 3 3 3 3 3 3 3 3 3 3 3 3 3 3 3 3 3 3 3 3 3 3 3 3 3 3 3 3 3 3 3 3 3 3 3 3 3 3 3 3 3 3 3 3 3 3 3 3 
						3 3 3 3 3 3 3 3 3 3 3 3 3 3 3 3 3 3 3 3 3 3 3 3 3 3 3 3 3 3 3 3 3 3 3 3 3 3 3 3 3 3 3 3 3 3 3 3 3 3 3 3 3 3 3 3 3 3 3 3 3 3 3 3 
						3 3 3 3 3 3 3 3 3 3 3 3 3 3 3 3 3 3 3 3 3 3 3 3 3 3 3 3 3 3 3 3 3 3 3 3 3 3 3 3 3 3 3 3 3 3 3 3 3 3 3 3 3 3 3 3 3 3 3 3 3 3 3 3 
						3 3 3 3 3 3 3 3 3 3 3 3 3 3 3 3 3 3 3 3 3 3 3 3 3 3 3 3 3 3 3 3 3 3 3 3 3 3 3 3 3 3 3 3 3 3 3 3 3 3 3 3 3 3 3 3 3 3 3 3 3 3 3 3 
						3 3 3 3 3 3 3 3 3 3 3 3 3 3 3 3 3 3 3 3 3 3 3 3 3 3 3 3 3 3 3 3 3 3 3 3 3 3 3 3 3 3 3 3 3 3 3 3 3 3 3 3 3 3 3 3 3 3 3 3 3 3 3 3 
						3 3 3 3 3 3 3 3 3 3 3 3 3 3 3 3 3 3 3 3 3 3 3 3 3 3 3 3 3 3 3 3 3 3 3 3 3 3 3 3 3 3 3 3 3 3 3 3 3 3 3 3 3 3 3 3 3 3 3 3 3 3 3 3 
						3 3 3 3 3 3 3 3 3 3 3 3 3 3 3 3 3 3 3 3 3 3 3 3 3 3 3 3 3 3 3 3 3 3 3 3 3 3 3 3 3 3 3 3 3 3 3 3 3 3 3 3 3 3 3 3 3 3 3 3 3 3 3 3 
						3 3 3 3 3 3 3 3 3 3 3 3 3 3 3 3 3 3 3 3 3 3 3 3 3 3 3 3 3 3 3 3 3 3 3 3 3 3 3 3 3 3 3 3 3 3 3 3 3 3 3 3 3 3 3 3 3 3 3 3 3 3 3 3 
						3 3 3 3 3 3 3 3 3 3 3 3 3 3 3 3 3 3 3 3 3 3 3 3 3 3 3 3 3 3 3 3 3 3 3 3 3 3 3 3 3 3 3 3 3 3 3 3 3 3 3 3 3 3 3 3 3 3 3 3 3 3 3 3 
						3 3 3 3 3 3 3 3 3 3 3 3 3 3 3 3 3 3 3 3 3 3 3 3 3 3 3 3 3 3 3 3 3 3 3 3 3 3 3 3 3 3 3 3 3 3 3 3 3 3 3 3 3 3 3 3 3 3 3 3 3 3 3 3 
						3 3 3 3 3 3 3 3 3 3 3 3 3 3 3 3 3 3 3 3 3 3 3 3 3 3 3 3 3 3 3 3 3 3 3 3 3 3 3 3 3 3 3 3 3 3 3 3 3 3 3 3 3 3 3 3 3 3 3 3 3 3 3 3 
						3 3 3 3 3 3 3 3 3 3 3 3 3 3 3 3 3 3 3 3 3 3 3 3 3 3 3 3 3 3 3 3 3 3 3 3 3 3 3 3 3 3 3 3 3 3 3 3 3 3 3 3 3 3 3 3 3 3 3 3 3 3 3 3 
						3 3 3 3 3 3 3 3 3 3 3 3 3 3 3 3 3 3 3 3 3 3 3 3 3 3 3 3 3 3 3 3 3 3 3 3 3 3 3 3 3 3 3 3 3 3 3 3 3 3 3 3 3 3 3 3 3 3 3 3 3 3 3 3 
						3 3 3 3 3 3 3 3 3 3 3 3 3 3 3 3 3 3 3 3 3 3 3 3 3 3 3 3 3 3 3 3 3 3 3 3 3 3 3 3 3 3 3 3 3 3 3 3 3 3 3 3 3 3 3 3 3 3 3 3 3 3 3 3 
						3 3 3 3 3 3 3 3 3 3 3 3 3 3 3 3 3 3 3 3 3 3 3 3 3 3 3 3 3 3 3 3 3 3 3 3 3 3 3 3 3 3 3 3 3 3 3 3 3 3 3 3 3 3 3 3 3 3 3 3 3 3 3 3 
						3 3 3 3 3 3 3 3 3 3 3 3 3 3 3 3 3 3 3 3 3 3 3 3 3 3 3 3 3 3 3 3 3 3 3 3 3 3 3 3 3 3 3 3 3 3 3 3 3 3 3 3 3 3 3 3 3 3 3 3 3 3 3 3 
						3 3 3 3 3 3 3 3 3 3 3 3 3 3 3 3 3 3 3 3 3 3 3 3 3 3 3 3 3 3 3 3 3 3 3 3 3 3 3 3 3 3 3 3 3 3 3 3 3 3 3 3 3 3 3 3 3 3 3 3 3 3 3 3 
						3 3 3 3 3 3 3 3 3 3 3 3 3 3 3 3 3 3 3 3 3 3 3 3 3 3 3 3 3 3 3 3 3 3 3 3 3 3 3 3 3 3 3 3 3 3 3 3 3 3 3 3 3 3 3 3 3 3 3 3 3 3 3 3 
						3 3 3 3 3 3 3 3 3 3 3 3 3 3 3 3 3 3 3 3 3 3 3 3 3 3 
					</vcount>
					<p>
						3 0 1 1 2 3 2 1 4 4 5 2 9 6 7 7 8 9 11 10 6 6 9 11 15 12 13 13 14 15 14 13 16 16 17 14 19 14 17 17 18 19 20 15 14 14 19 20 24 21 22 22 23 24 23 22 0 0 3 23 26 25 10 10 11 26 28 27 25 25 26 28 17 16 29 29 30 17 30 29 31 31 32 30 34 30 32 32 33 34 18 17 30 30 34 18 38 35 36 36 37 38 37 36 21 21 24 37 40 39 27 27 28 40 42 41 39 39 40 42 32 31 43 43 44 32 44 43 45 45 46 44 48 44 46 46 47 48 33 32 44 44 48 33 52 49 50 50 51 52 51 50 53 53 54 51 56 51 54 54 55 56 57 52 51 51 56 57 61 58 59 59 60 61 60 59 35 35 38 60 63 62 41 41 42 63 65 64 62 62 63 65 
						46 45 66 66 67 46 67 66 68 68 69 67 71 67 69 69 70 71 47 46 67 67 71 47 54 53 72 72 73 54 73 72 74 74 75 73 77 73 75 75 76 77 55 54 73 73 77 55 81 78 79 79 80 81 80 79 58 58 61 80 83 82 64 64 65 83 85 84 82 82 83 85 69 68 86 86 87 69 87 86 88 88 89 87 91 87 89 89 90 91 70 69 87 87 91 70 75 74 92 92 93 75 93 92 94 94 95 93 97 93 95 95 96 97 76 75 93 93 97 76 101 98 99 99 100 101 100 99 78 78 81 100 103 102 84 84 85 103 105 104 102 102 103 105 89 88 106 106 107 89 107 106 108 108 109 107 111 107 109 109 110 111 90 89 107 107 111 90 95 94 112 112 113 95 113 112 114 114 115 113 117 113 115 115 116 117 96 95 113 113 117 96 
						121 118 119 119 120 121 120 119 98 98 101 120 123 122 104 104 105 123 125 124 122 122 123 125 129 126 127 127 128 129 128 127 130 130 131 128 133 128 131 131 132 133 134 129 128 128 133 134 109 108 135 135 136 109 136 135 137 137 138 136 140 136 138 138 139 140 110 109 136 136 140 110 115 114 141 141 142 115 142 141 143 143 144 142 146 142 144 144 145 146 116 115 142 142 146 116 150 147 148 148 149 150 149 148 118 118 121 149 152 151 124 124 125 152 154 153 151 151 152 154 144 143 155 155 156 144 156 155 157 157 158 156 160 156 158 158 159 160 145 144 156 156 160 145 164 161 162 162 163 164 163 162 147 147 150 163 166 165 153 153 154 166 168 167 165 165 166 168 158 157 169 169 170 158 170 169 171 171 172 170 174 170 172 172 173 174 159 158 170 170 174 159 
						178 175 176 176 177 178 177 176 161 161 164 177 180 179 167 167 168 180 182 181 179 179 180 182 186 183 184 184 185 186 185 184 187 187 188 185 192 189 190 190 191 192 194 193 189 189 192 194 172 171 195 195 196 172 196 195 197 197 198 196 200 196 198 198 199 200 173 172 196 196 200 173 204 201 202 202 203 204 203 202 175 175 178 203 206 205 181 181 182 206 208 207 205 205 206 208 212 209 210 210 211 212 211 210 183 183 186 211 214 213 193 193 194 214 216 215 213 213 214 216 198 197 217 217 218 198 218 217 219 219 220 218 222 218 220 220 221 222 199 198 218 218 222 199 226 223 224 224 225 226 225 224 201 201 204 225 228 227 207 207 208 228 230 229 227 227 228 230 234 231 232 232 233 234 233 232 209 209 212 233 236 235 215 215 216 236 238 237 235 235 236 238 
						220 219 239 239 240 220 240 239 241 241 242 240 244 240 242 242 243 244 221 220 240 240 244 221 247 132 245 245 246 247 246 245 248 248 249 246 253 250 251 251 252 253 255 254 250 250 253 255 259 256 257 257 258 259 258 257 260 260 261 258 262 258 261 261 243 262 263 259 258 258 262 263 265 105 103 103 264 265 264 103 85 85 266 264 268 264 266 266 267 268 20 265 264 264 268 20 261 260 269 269 270 261 270 269 271 271 272 270 244 270 272 272 221 244 243 261 270 270 244 243 266 85 83 83 273 266 273 83 65 65 274 273 276 273 274 274 275 276 267 266 273 273 276 267 272 271 277 277 278 272 278 277 279 279 280 278 222 278 280 280 199 222 221 272 278 278 222 221 274 65 63 63 281 274 281 63 42 42 282 281 284 281 282 282 283 284 275 274 281 281 284 275 
						280 279 285 285 286 280 286 285 287 287 288 286 200 286 288 288 173 200 199 280 286 286 200 199 282 42 40 40 289 282 289 40 28 28 290 289 292 289 290 290 291 292 283 282 289 289 292 283 288 287 293 293 294 288 294 293 295 295 296 294 174 294 296 296 159 174 173 288 294 294 174 173 290 28 26 26 297 290 297 26 11 11 298 297 300 297 298 298 299 300 291 290 297 297 300 291 296 295 301 301 302 296 302 301 303 303 304 302 160 302 304 304 145 160 159 296 302 302 160 159 298 11 9 9 305 298 305 9 8 8 306 305 308 305 306 306 307 308 299 298 305 305 308 299 312 309 310 310 311 312 311 310 49 49 313 311 314 311 313 313 137 314 315 312 311 311 314 315 304 303 316 316 317 304 317 316 238 238 318 317 146 317 318 318 116 146 145 304 317 317 146 145 
						306 8 319 319 320 306 320 319 321 321 322 320 324 320 322 322 323 324 307 306 320 320 324 307 328 325 326 326 327 328 327 326 230 230 329 327 140 327 329 329 110 140 139 328 327 327 140 139 318 238 236 236 330 318 330 236 216 216 331 330 117 330 331 331 96 117 116 318 330 330 117 116 329 230 228 228 332 329 332 228 208 208 333 332 111 332 333 333 90 111 110 329 332 332 111 110 331 216 214 214 334 331 334 214 194 194 335 334 97 334 335 335 76 97 96 331 334 334 97 96 339 336 337 337 338 339 338 337 340 340 341 338 343 338 341 341 342 343 344 339 338 338 343 344 333 208 206 206 345 333 345 206 182 182 346 345 91 345 346 346 70 91 90 333 345 345 91 90 335 194 192 192 347 335 347 192 191 191 348 347 77 347 348 348 55 77 76 335 347 347 77 76 
						341 340 349 349 350 341 350 349 351 351 352 350 354 350 352 352 353 354 342 341 350 350 354 342 346 182 180 180 355 346 355 180 168 168 356 355 71 355 356 356 47 71 70 346 355 355 71 70 188 187 357 357 358 188 358 357 309 309 359 358 363 360 361 361 362 363 191 190 360 360 363 191 352 351 364 364 365 352 365 364 366 366 367 365 369 365 367 367 368 369 353 352 365 365 369 353 356 168 166 166 370 356 370 166 154 154 371 370 48 370 371 371 33 48 47 356 370 370 48 47 367 366 372 372 373 367 373 372 374 374 375 373 377 373 375 375 376 377 368 367 373 373 377 368 371 154 152 152 378 371 378 152 125 125 379 378 34 378 379 379 18 34 33 371 378 378 34 33 375 374 380 380 381 375 381 380 256 256 259 381 382 381 259 259 263 382 376 375 381 381 382 376 
						379 125 123 123 383 379 383 123 105 105 265 383 19 383 265 265 20 19 18 379 383 383 19 18 387 384 385 385 386 387 391 388 389 389 390 391 393 391 390 390 392 393 395 387 386 386 394 395 397 336 339 339 396 397 396 339 344 344 398 396 322 396 398 398 323 322 321 397 396 396 322 321 401 252 399 399 400 401 400 399 384 384 387 400 402 400 387 387 395 402 403 401 400 400 402 403 407 404 405 405 406 407 406 405 12 12 15 406 268 406 15 15 20 268 267 407 406 406 268 267 5 4 408 408 409 5 409 408 410 410 411 409 319 412 413 413 321 319 8 7 412 412 319 8 417 414 415 415 416 417 416 415 404 404 407 416 276 416 407 407 267 276 275 417 416 416 276 275 421 418 419 419 420 421 420 419 414 414 417 420 284 420 417 417 275 284 283 421 420 420 284 283 
						425 422 423 423 424 425 424 423 426 426 427 424 337 428 429 429 340 337 336 430 428 428 337 336 434 431 432 432 433 434 433 432 418 418 421 433 292 433 421 421 283 292 291 434 433 433 292 291 427 426 435 435 436 427 436 435 437 437 438 436 349 439 440 440 351 349 340 429 439 439 349 340 444 441 442 442 443 444 443 442 431 431 434 443 300 443 434 434 291 300 299 444 443 443 300 299 438 437 445 445 446 438 446 445 447 447 448 446 364 449 450 450 366 364 351 440 449 449 364 351 454 451 452 452 453 454 453 452 441 441 444 453 308 453 444 444 299 308 307 454 453 453 308 307 448 447 455 455 456 448 456 455 457 457 458 456 372 459 460 460 374 372 366 450 459 459 372 366 463 130 461 461 462 463 462 461 451 451 454 462 324 462 454 454 307 324 323 463 462 462 324 323 
						458 457 464 464 465 458 465 464 466 466 467 465 380 468 469 469 256 380 374 460 468 468 380 374 411 410 470 470 471 411 471 470 422 422 425 471 397 472 430 430 336 397 321 413 472 472 397 321 467 466 473 473 474 467 474 473 475 475 476 474 257 477 478 478 260 257 256 469 477 477 257 256 482 479 480 480 481 482 481 480 126 126 483 481 343 481 483 483 344 343 342 482 481 481 343 342 476 475 484 484 485 476 485 484 486 486 487 485 269 488 489 489 271 269 260 478 488 488 269 260 491 323 398 398 490 491 490 398 344 344 492 490 494 490 492 492 493 494 248 491 490 490 494 248 498 495 496 496 497 498 497 496 479 479 482 497 354 497 482 482 342 354 353 498 497 497 354 353 487 486 499 499 500 487 500 499 501 501 502 500 277 503 504 504 279 277 271 489 503 503 277 271 
						508 505 506 506 507 508 507 506 495 495 498 507 369 507 498 498 353 369 368 508 507 507 369 368 502 501 509 509 510 502 510 509 511 511 512 510 285 513 514 514 287 285 279 504 513 513 285 279 516 255 253 253 515 516 515 253 252 252 401 515 517 515 401 401 403 517 518 516 515 515 517 518 522 519 520 520 521 522 521 520 505 505 508 521 377 521 508 508 368 377 376 522 521 521 377 376 512 511 523 523 524 512 524 523 525 525 526 524 293 527 528 528 295 293 287 514 527 527 293 287 532 529 530 530 531 532 530 533 534 534 531 530 534 535 536 536 531 534 536 537 538 538 531 536 538 539 532 532 531 538 543 540 541 541 542 543 542 541 519 519 522 542 382 542 522 522 376 382 263 543 542 542 382 263 526 525 544 544 545 526 545 544 546 546 547 545 301 548 549 549 303 301 
						295 528 548 548 301 295 313 49 52 52 550 313 550 52 57 57 551 550 138 550 551 551 139 138 137 313 550 550 138 137 553 134 133 133 552 553 552 133 132 132 247 552 555 554 254 254 255 555 389 556 554 554 555 389 242 241 557 557 558 242 558 557 540 540 543 558 262 558 543 543 263 262 243 242 558 558 262 243 547 546 559 559 560 547 560 559 231 231 234 560 316 561 237 237 238 316 303 549 561 561 316 303 564 315 562 562 563 564 563 562 223 223 226 563 326 565 229 229 230 326 325 566 565 565 326 325 569 493 567 567 568 569 568 567 134 134 553 568 388 570 556 556 389 388 384 571 572 572 385 384 36 35 573 573 574 36 574 573 418 418 432 574 575 574 432 432 431 575 21 36 574 574 575 21 22 21 575 575 576 22 576 575 431 431 442 576 577 576 442 442 441 577 
						0 22 576 576 577 0 1 0 577 577 578 1 578 577 441 441 452 578 579 578 452 452 451 579 4 1 578 578 579 4 408 4 579 579 580 408 580 579 451 451 461 580 581 580 461 461 130 581 410 408 580 580 581 410 249 248 494 494 582 249 582 494 493 493 569 582 399 583 571 571 384 399 252 251 583 583 399 252 581 130 127 127 584 581 584 127 126 126 585 584 470 584 585 585 422 470 410 581 584 584 470 410 390 389 555 555 586 390 586 555 255 255 516 586 587 586 516 516 518 587 392 390 586 586 587 392 423 422 585 585 588 423 588 585 126 126 480 588 589 588 480 480 479 589 426 423 588 588 589 426 435 426 589 589 590 435 590 589 479 479 496 590 591 590 496 496 495 591 437 435 590 590 591 437 445 437 591 591 592 445 592 591 495 495 506 592 593 592 506 506 505 593 
						447 445 592 592 593 447 455 447 593 593 594 455 594 593 505 505 520 594 595 594 520 520 519 595 457 455 594 594 595 457 464 457 595 595 596 464 596 595 519 519 541 596 597 596 541 541 540 597 466 464 596 596 597 466 473 466 597 597 598 473 598 597 540 540 557 598 599 598 557 557 241 599 475 473 598 598 599 475 484 475 599 599 600 484 600 599 241 241 239 600 601 600 239 239 219 601 486 484 600 600 601 486 499 486 601 601 602 499 602 601 219 219 217 602 603 602 217 217 197 603 501 499 602 602 603 501 509 501 603 603 604 509 604 603 197 197 195 604 605 604 195 195 171 605 511 509 604 604 605 511 523 511 605 605 606 523 606 605 171 171 169 606 607 606 169 169 157 607 525 523 606 606 607 525 544 525 607 607 608 544 608 607 157 157 155 608 609 608 155 155 143 609 
						546 544 608 608 609 546 559 546 609 609 610 559 610 609 143 143 141 610 611 610 141 141 114 611 231 559 610 610 611 231 232 231 611 611 612 232 612 611 114 114 112 612 613 612 112 112 94 613 209 232 612 612 613 209 210 209 613 613 614 210 614 613 94 94 92 614 615 614 92 92 74 615 183 210 614 614 615 183 184 183 615 615 616 184 616 615 74 74 72 616 617 616 72 72 53 617 187 184 616 616 617 187 348 191 363 363 618 348 618 363 362 362 619 618 56 618 619 619 57 56 55 348 618 618 56 55 359 309 312 312 620 359 620 312 315 315 564 620 622 621 566 566 325 622 362 361 621 621 622 362 562 315 314 314 623 562 623 314 137 137 135 623 624 623 135 135 108 624 223 562 623 623 624 223 224 223 624 624 625 224 625 624 108 108 106 625 626 625 106 106 88 626 
						201 224 625 625 626 201 202 201 626 626 627 202 627 626 88 88 86 627 628 627 86 86 68 628 175 202 627 627 628 175 176 175 628 628 629 176 629 628 68 68 66 629 630 629 66 66 45 630 161 176 629 629 630 161 162 161 630 630 631 162 631 630 45 45 43 631 632 631 43 43 31 632 147 162 631 631 632 147 148 147 632 632 633 148 633 632 31 31 29 633 634 633 29 29 16 634 118 148 633 633 634 118 119 118 634 634 635 119 635 634 16 16 13 635 636 635 13 13 12 636 98 119 635 635 636 98 99 98 636 636 637 99 637 636 12 12 405 637 638 637 405 405 404 638 78 99 637 637 638 78 79 78 638 638 639 79 639 638 404 404 415 639 640 639 415 415 414 640 58 79 639 639 640 58 59 58 640 640 641 59 641 640 414 414 419 641 573 641 419 419 418 573 
						35 59 641 641 573 35 131 130 463 463 642 131 642 463 323 323 491 642 245 642 491 491 248 245 132 131 642 642 245 132 492 344 483 483 643 492 643 483 126 126 129 643 567 643 129 129 134 567 493 492 643 643 567 493 647 644 645 645 646 647 649 529 532 532 648 649 532 539 650 650 648 532 650 651 652 652 648 650 654 653 647 647 646 654 658 655 656 656 657 658 656 659 660 660 657 656 660 661 662 662 657 660 662 663 664 664 657 662 664 665 658 658 657 664 667 518 517 517 666 667 666 517 403 403 668 666 670 666 668 668 669 670 535 667 666 666 670 535 668 403 402 402 671 668 671 402 395 395 672 671 674 671 672 672 673 674 669 668 671 671 674 669 676 669 674 674 675 676 675 674 673 673 677 675 679 675 677 677 678 679 680 676 675 675 679 680 682 535 670 670 681 682 
						681 670 669 669 676 681 683 681 676 676 680 683 655 682 681 681 683 655 685 392 587 587 684 685 587 518 667 667 684 587 667 535 534 534 684 667 534 533 686 686 684 534 686 687 685 685 684 686 689 663 662 662 688 689 662 661 690 690 688 662 690 691 692 692 688 690 692 693 694 694 688 692 694 695 689 689 688 694 699 696 697 697 698 699 698 697 700 700 701 698 703 698 701 701 702 703 704 699 698 698 703 704 538 537 705 705 706 538 706 705 665 665 664 706 707 706 664 664 663 707 539 538 706 706 707 539 701 700 708 708 709 701 713 710 711 711 712 713 715 713 712 712 714 715 702 701 709 709 716 702 712 711 717 717 718 712 718 717 719 719 720 718 722 718 720 720 721 722 714 712 718 718 722 714 720 719 723 723 724 720 724 723 696 696 699 724 725 724 699 699 704 725 
						721 720 724 724 725 721 536 535 682 682 726 536 726 682 655 655 658 726 705 726 658 658 665 705 537 536 726 726 705 537 679 678 727 727 728 679 727 729 730 730 728 727 730 659 656 656 728 730 656 655 683 683 728 656 683 680 679 679 728 683 732 695 694 694 731 732 731 694 693 693 733 731 735 731 733 733 734 735 736 732 731 731 735 736 738 736 735 735 737 738 737 735 734 734 739 737 741 737 739 739 740 741 742 738 737 737 741 742 744 742 741 741 743 744 743 741 740 740 745 743 747 743 745 745 746 747 748 744 743 743 747 748 750 748 747 747 749 750 749 747 746 746 751 749 723 749 751 751 696 723 719 750 749 749 723 719 650 539 707 707 752 650 752 707 663 663 689 752 753 752 689 689 695 753 651 650 752 752 753 651 755 651 753 753 754 755 754 753 695 695 732 754 
						756 754 732 732 736 756 757 755 754 754 756 757 759 757 756 756 758 759 758 756 736 736 738 758 760 758 738 738 742 760 761 759 758 758 760 761 763 761 760 760 762 763 762 760 742 742 744 762 764 762 744 744 748 764 765 763 762 762 764 765 767 765 764 764 766 767 766 764 748 748 750 766 717 766 750 750 719 717 711 767 766 766 717 711 692 691 768 768 769 692 769 768 644 644 647 769 770 769 647 647 653 770 693 692 769 769 770 693 772 653 654 654 771 772 773 652 651 651 755 773 774 773 755 755 757 774 776 772 771 771 775 776 778 776 775 775 777 778 779 774 757 757 759 779 780 779 759 759 761 780 782 778 777 777 781 782 784 782 781 781 783 784 785 780 761 761 763 785 786 785 763 763 765 786 788 784 783 783 787 788 790 788 787 787 789 790 791 786 765 765 767 791 
						710 791 767 767 711 710 700 790 789 789 708 700 672 395 394 394 792 672 393 392 685 685 793 393 685 687 794 794 793 685 797 795 796 796 792 797 796 673 672 672 792 796 733 693 770 770 798 733 798 770 653 653 772 798 799 798 772 772 776 799 734 733 798 798 799 734 739 734 799 799 800 739 800 799 776 776 778 800 801 800 778 778 782 801 740 739 800 800 801 740 745 740 801 801 802 745 802 801 782 782 784 802 803 802 784 784 788 803 746 745 802 802 803 746 751 746 803 803 804 751 804 803 788 788 790 804 697 804 790 790 700 697 696 751 804 804 697 696 645 644 805 805 806 645 805 795 797 797 806 805 794 687 686 686 807 794 686 533 530 530 807 686 530 529 649 649 807 530 730 729 808 808 809 730 809 808 691 691 690 809 660 809 690 690 661 660 659 730 809 809 660 659 
						808 729 810 810 811 808 811 810 795 795 805 811 768 811 805 805 644 768 691 808 811 811 768 691 677 673 796 796 812 677 812 796 795 795 810 812 727 812 810 810 729 727 678 677 812 812 727 678 619 362 622 622 813 619 813 622 325 325 328 813 551 813 328 328 139 551 57 619 813 813 551 57 357 187 617 617 814 357 814 617 53 53 50 814 310 814 50 50 49 310 309 357 814 814 310 309 818 815 816 816 817 818 822 819 820 820 821 822 824 822 821 821 823 824 826 818 817 817 825 826 830 827 828 828 829 830 829 828 831 831 832 829 834 829 832 832 833 834 835 830 829 829 834 835 839 836 837 837 838 839 843 840 841 841 842 843 819 843 842 842 820 819 815 839 838 838 816 815 845 835 834 834 844 845 844 834 833 833 846 844 848 844 846 846 847 848 849 845 844 844 848 849 
						853 850 851 851 852 853 857 854 855 855 856 857 840 857 856 856 841 840 836 853 852 852 837 836 859 849 848 848 858 859 858 848 847 847 860 858 862 858 860 860 861 862 863 859 858 858 862 863 867 864 865 865 866 867 866 865 868 868 869 866 871 866 869 869 870 871 872 867 866 866 871 872 876 873 874 874 875 876 880 877 878 878 879 880 854 880 879 879 855 854 850 876 875 875 851 850 882 863 862 862 881 882 881 862 861 861 883 881 885 881 883 883 884 885 886 882 881 881 885 886 888 872 871 871 887 888 887 871 870 870 889 887 891 887 889 889 890 891 892 888 887 887 891 892 896 893 894 894 895 896 900 897 898 898 899 900 877 900 899 899 878 877 873 896 895 895 874 873 902 886 885 885 901 902 901 885 884 884 903 901 905 901 903 903 904 905 906 902 901 901 905 906 
						908 892 891 891 907 908 907 891 890 890 909 907 911 907 909 909 910 911 912 908 907 907 911 912 916 913 914 914 915 916 920 917 918 918 919 920 897 920 919 919 898 897 893 916 915 915 894 893 922 906 905 905 921 922 921 905 904 904 923 921 925 921 923 923 924 925 926 922 921 921 925 926 928 912 911 911 927 928 927 911 910 910 929 927 931 927 929 929 930 931 932 928 927 927 931 932 936 933 934 934 935 936 940 937 938 938 939 940 917 940 939 939 918 917 913 936 935 935 914 913 944 941 942 942 943 944 943 942 945 945 946 943 948 943 946 946 947 948 949 944 943 943 948 949 951 926 925 925 950 951 950 925 924 924 952 950 954 950 952 952 953 954 955 951 950 950 954 955 957 932 931 931 956 957 956 931 930 930 958 956 960 956 958 958 959 960 961 957 956 956 960 961 
						965 962 963 963 964 965 969 966 967 967 968 969 937 969 968 968 938 937 933 965 964 964 934 933 971 961 960 960 970 971 970 960 959 959 972 970 974 970 972 972 973 974 975 971 970 970 974 975 979 976 977 977 978 979 983 980 981 981 982 983 966 983 982 982 967 966 962 979 978 978 963 962 985 975 974 974 984 985 984 974 973 973 986 984 988 984 986 986 987 988 989 985 984 984 988 989 993 990 991 991 992 993 997 994 995 995 996 997 980 997 996 996 981 980 976 993 992 992 977 976 1001 998 999 999 1000 1001 1005 1002 1003 1003 1004 1005 1007 1005 1004 1004 1006 1007 1009 1001 1000 1000 1008 1009 1011 989 988 988 1010 1011 1010 988 987 987 1012 1010 1014 1010 1012 1012 1013 1014 1015 1011 1010 1010 1014 1015 1019 1016 1017 1017 1018 1019 1023 1020 1021 1021 1022 1023 994 1023 1022 1022 995 994 990 1019 1018 1018 991 990 
						1027 1024 1025 1025 1026 1027 1031 1028 1029 1029 1030 1031 1002 1031 1030 1030 1003 1002 998 1027 1026 1026 999 998 1033 1015 1014 1014 1032 1033 1032 1014 1013 1013 1034 1032 1036 1032 1034 1034 1035 1036 1037 1033 1032 1032 1036 1037 1041 1038 1039 1039 1040 1041 1045 1042 1043 1043 1044 1045 1020 1045 1044 1044 1021 1020 1016 1041 1040 1040 1017 1016 1049 1046 1047 1047 1048 1049 1053 1050 1051 1051 1052 1053 1028 1053 1052 1052 1029 1028 1024 1049 1048 1048 1025 1024 1055 1037 1036 1036 1054 1055 1054 1036 1035 1035 1056 1054 1058 1054 1056 1056 1057 1058 1059 1055 1054 1054 1058 1059 1062 947 1060 1060 1061 1062 1066 1063 1064 1064 1065 1066 1068 1066 1065 1065 1067 1068 1070 1062 1061 1061 1069 1070 1074 1071 1072 1072 1073 1074 1073 1072 1075 1075 1076 1073 1077 1073 1076 1076 1057 1077 1078 1074 1073 1073 1077 1078 919 918 1079 1079 1080 919 1080 1079 831 831 1081 1080 1083 1080 1081 1081 1082 1083 898 919 1080 1080 1083 898 
						1085 1078 1077 1077 1084 1085 1084 1077 1057 1057 1056 1084 1086 1084 1056 1056 1035 1086 1087 1085 1084 1084 1086 1087 899 898 1083 1083 1088 899 1088 1083 1082 1082 1089 1088 1091 1088 1089 1089 1090 1091 878 899 1088 1088 1091 878 1093 1087 1086 1086 1092 1093 1092 1086 1035 1035 1034 1092 1094 1092 1034 1034 1013 1094 1095 1093 1092 1092 1094 1095 879 878 1091 1091 1096 879 1096 1091 1090 1090 1097 1096 1099 1096 1097 1097 1098 1099 855 879 1096 1096 1099 855 1101 1095 1094 1094 1100 1101 1100 1094 1013 1013 1012 1100 1102 1100 1012 1012 987 1102 1103 1101 1100 1100 1102 1103 856 855 1099 1099 1104 856 1104 1099 1098 1098 1105 1104 1107 1104 1105 1105 1106 1107 841 856 1104 1104 1107 841 1109 1103 1102 1102 1108 1109 1108 1102 987 987 986 1108 1110 1108 986 986 973 1110 1111 1109 1108 1108 1110 1111 842 841 1107 1107 1112 842 1112 1107 1106 1106 1113 1112 1115 1112 1113 1113 1114 1115 820 842 1112 1112 1115 820 
						1117 1111 1110 1110 1116 1117 1116 1110 973 973 972 1116 1118 1116 972 972 959 1118 1119 1117 1116 1116 1118 1119 821 820 1115 1115 1120 821 1120 1115 1114 1114 1121 1120 1123 1120 1121 1121 1122 1123 823 821 1120 1120 1123 823 1127 1124 1125 1125 1126 1127 1126 1125 1128 1128 1129 1126 1130 1126 1129 1129 955 1130 864 1127 1126 1126 1130 864 1132 1119 1118 1118 1131 1132 1131 1118 959 959 958 1131 1133 1131 958 958 930 1133 1051 1132 1131 1131 1133 1051 1135 823 1123 1123 1134 1135 1134 1123 1122 1122 1136 1134 1138 1134 1136 1136 1137 1138 1139 1135 1134 1134 1138 1139 1143 1140 1141 1141 1142 1143 1142 1141 953 953 952 1142 1144 1142 952 952 924 1144 1043 1143 1142 1142 1144 1043 1052 1051 1133 1133 1145 1052 1145 1133 930 930 929 1145 1146 1145 929 929 910 1146 1029 1052 1145 1145 1146 1029 1044 1043 1144 1144 1147 1044 1147 1144 924 924 923 1147 1148 1147 923 923 904 1148 1021 1044 1147 1147 1148 1021 
						1030 1029 1146 1146 1149 1030 1149 1146 910 910 909 1149 1150 1149 909 909 890 1150 1003 1030 1149 1149 1150 1003 1154 1151 1152 1152 1153 1154 1153 1152 1155 1155 1156 1153 1158 1153 1156 1156 1157 1158 1159 1154 1153 1153 1158 1159 1022 1021 1148 1148 1160 1022 1160 1148 904 904 903 1160 1161 1160 903 903 884 1161 995 1022 1160 1160 1161 995 1004 1003 1150 1150 1162 1004 1162 1150 890 890 889 1162 1163 1162 889 889 870 1163 1006 1004 1162 1162 1163 1006 1165 1159 1158 1158 1164 1165 1164 1158 1157 1157 1166 1164 1168 1164 1166 1166 1167 1168 1169 1165 1164 1164 1168 1169 996 995 1161 1161 1170 996 1170 1161 884 884 883 1170 1171 1170 883 883 861 1171 981 996 1170 1170 1171 981 1173 1009 1008 1008 1172 1173 1175 1007 1006 1006 1174 1175 1177 1175 1174 1174 1176 1177 1124 1173 1172 1172 1178 1124 1180 1169 1168 1168 1179 1180 1179 1168 1167 1167 1181 1179 1183 1179 1181 1181 1182 1183 1184 1180 1179 1179 1183 1184 
						982 981 1171 1171 1185 982 1185 1171 861 861 860 1185 1186 1185 860 860 847 1186 967 982 1185 1185 1186 967 1188 1184 1183 1183 1187 1188 1187 1183 1182 1182 1189 1187 1191 1187 1189 1189 1190 1191 1192 1188 1187 1187 1191 1192 968 967 1186 1186 1193 968 1193 1186 847 847 846 1193 1194 1193 846 846 833 1194 938 968 1193 1193 1194 938 1196 1192 1191 1191 1195 1196 1195 1191 1190 1190 1197 1195 1072 1195 1197 1197 1075 1072 1071 1196 1195 1195 1072 1071 939 938 1194 1194 1198 939 1198 1194 833 833 832 1198 1079 1198 832 832 831 1079 918 939 1198 1198 1079 918 1202 1199 1200 1200 1201 1202 1201 1200 1203 1203 1204 1201 1208 1205 1206 1206 1207 1208 1210 1209 1205 1205 1208 1210 1152 1151 1211 1211 1212 1152 1212 1211 1139 1139 1138 1212 1213 1212 1138 1138 1137 1213 1155 1152 1212 1212 1213 1155 1216 1067 1214 1214 1215 1216 1215 1214 1217 1217 1218 1215 1200 1215 1218 1218 1203 1200 1199 1216 1215 1215 1200 1199 
						1222 1219 1220 1220 1221 1222 1221 1220 1082 1082 1081 1221 828 1221 1081 1081 831 828 827 1222 1221 1221 828 827 1224 826 825 825 1223 1224 1225 824 823 823 1135 1225 1226 1225 1135 1135 1139 1226 1228 1224 1223 1223 1227 1228 1232 1229 1230 1230 1231 1232 1231 1230 1090 1090 1089 1231 1220 1231 1089 1089 1082 1220 1219 1232 1231 1231 1220 1219 1236 1233 1234 1234 1235 1236 1235 1234 1098 1098 1097 1235 1230 1235 1097 1097 1090 1230 1229 1236 1235 1235 1230 1229 1240 1237 1238 1238 1239 1240 1242 1241 1151 1151 1154 1242 1243 1242 1154 1154 1159 1243 1245 1240 1239 1239 1244 1245 1249 1246 1247 1247 1248 1249 1248 1247 1106 1106 1105 1248 1234 1248 1105 1105 1098 1234 1233 1249 1248 1248 1234 1233 1251 1245 1244 1244 1250 1251 1252 1243 1159 1159 1165 1252 1253 1252 1165 1165 1169 1253 1255 1251 1250 1250 1254 1255 1259 1256 1257 1257 1258 1259 1258 1257 1114 1114 1113 1258 1247 1258 1113 1113 1106 1247 1246 1259 1258 1258 1247 1246 
						1261 1255 1254 1254 1260 1261 1262 1253 1169 1169 1180 1262 1263 1262 1180 1180 1184 1263 1265 1261 1260 1260 1264 1265 1269 1266 1267 1267 1268 1269 1268 1267 1122 1122 1121 1268 1257 1268 1121 1121 1114 1257 1256 1269 1268 1268 1257 1256 1271 1265 1264 1264 1270 1271 1272 1263 1184 1184 1188 1272 1273 1272 1188 1188 1192 1273 1275 1271 1270 1270 1274 1275 1278 949 1276 1276 1277 1278 1277 1276 1137 1137 1136 1277 1267 1277 1136 1136 1122 1267 1266 1278 1277 1277 1267 1266 1280 1275 1274 1274 1279 1280 1281 1273 1192 1192 1196 1281 1282 1281 1196 1196 1071 1282 1284 1280 1279 1279 1283 1284 1286 1228 1227 1227 1285 1286 1287 1226 1139 1139 1211 1287 1241 1287 1211 1211 1151 1241 1237 1286 1285 1285 1238 1237 1289 1284 1283 1283 1288 1289 1290 1282 1071 1071 1074 1290 1291 1290 1074 1074 1078 1291 1293 1289 1288 1288 1292 1293 1297 1294 1295 1295 1296 1297 1296 1295 1157 1157 1156 1296 1298 1296 1156 1156 1155 1298 941 1297 1296 1296 1298 941 
						1300 1293 1292 1292 1299 1300 1301 1291 1078 1078 1085 1301 1302 1301 1085 1085 1087 1302 1304 1300 1299 1299 1303 1304 1213 1137 1305 1305 1306 1213 1306 1305 1070 1070 1307 1306 1309 1306 1307 1307 1308 1309 1155 1213 1306 1306 1309 1155 1313 1310 1311 1311 1312 1313 1312 1311 1167 1167 1166 1312 1295 1312 1166 1166 1157 1295 1294 1313 1312 1312 1295 1294 1315 1304 1303 1303 1314 1315 1316 1302 1087 1087 1093 1316 1317 1316 1093 1093 1095 1317 1319 1315 1314 1314 1318 1319 1323 1320 1321 1321 1322 1323 1322 1321 1182 1182 1181 1322 1311 1322 1181 1181 1167 1311 1310 1323 1322 1322 1311 1310 1325 1319 1318 1318 1324 1325 1326 1317 1095 1095 1101 1326 1327 1326 1101 1101 1103 1327 1329 1325 1324 1324 1328 1329 1065 1064 1330 1330 1331 1065 1331 1330 1332 1332 1333 1331 1214 1331 1333 1333 1217 1214 1067 1065 1331 1331 1214 1067 1337 1334 1335 1335 1336 1337 1336 1335 1190 1190 1189 1336 1321 1336 1189 1189 1182 1321 1320 1337 1336 1336 1321 1320 
						1339 1329 1328 1328 1338 1339 1340 1327 1103 1103 1109 1340 1341 1340 1109 1109 1111 1341 1343 1339 1338 1338 1342 1343 1347 1344 1345 1345 1346 1347 1345 1348 1349 1349 1346 1345 1349 1350 1351 1351 1346 1349 1351 1352 1353 1353 1346 1351 1353 1354 1347 1347 1346 1353 1358 1355 1356 1356 1357 1358 1357 1356 1075 1075 1197 1357 1335 1357 1197 1197 1190 1335 1334 1358 1357 1357 1335 1334 1360 1343 1342 1342 1359 1360 1361 1341 1111 1111 1117 1361 1362 1361 1117 1117 1119 1362 1364 1360 1359 1359 1363 1364 865 864 1130 1130 1365 865 1365 1130 955 955 954 1365 1366 1365 954 954 953 1366 868 865 1365 1365 1366 868 946 945 1367 1367 1368 946 1371 1369 1210 1210 1370 1371 1063 1371 1370 1370 1064 1063 947 946 1368 1368 1060 947 1373 1059 1058 1058 1372 1373 1372 1058 1057 1057 1076 1372 1356 1372 1076 1076 1075 1356 1355 1373 1372 1372 1356 1355 1375 1364 1363 1363 1374 1375 1376 1362 1119 1119 1132 1376 1050 1376 1132 1132 1051 1050 
						1046 1375 1374 1374 1047 1046 1379 1128 1377 1377 1378 1379 1381 1380 1140 1140 1143 1381 1042 1381 1143 1143 1043 1042 1038 1379 1378 1378 1039 1038 1384 1308 1382 1382 1383 1384 1386 1385 1199 1199 1202 1386 1369 1387 1209 1209 1210 1369 945 1384 1383 1383 1367 945 1389 850 853 853 1388 1389 1388 853 836 836 1390 1388 1249 1388 1390 1390 1246 1249 1233 1389 1388 1388 1249 1233 1390 836 839 839 1391 1390 1391 839 815 815 1392 1391 1259 1391 1392 1392 1256 1259 1246 1390 1391 1391 1259 1246 1392 815 818 818 1393 1392 1393 818 826 826 1394 1393 1269 1393 1394 1394 1266 1269 1256 1392 1393 1393 1269 1256 1394 826 1224 1224 1395 1394 1395 1224 1228 1228 1396 1395 1278 1395 1396 1396 949 1278 1266 1394 1395 1395 1278 1266 1307 1070 1069 1069 1397 1307 1398 1068 1067 1067 1216 1398 1385 1398 1216 1216 1199 1385 1308 1307 1397 1397 1382 1308 944 949 1396 1396 1399 944 1399 1396 1228 1228 1286 1399 1400 1399 1286 1286 1237 1400 
						941 944 1399 1399 1400 941 1370 1210 1208 1208 1401 1370 1401 1208 1207 1207 1402 1401 1330 1401 1402 1402 1332 1330 1064 1370 1401 1401 1330 1064 1400 1237 1240 1240 1403 1400 1403 1240 1245 1245 1404 1403 1297 1403 1404 1404 1294 1297 941 1400 1403 1403 1297 941 1404 1245 1251 1251 1405 1404 1405 1251 1255 1255 1406 1405 1313 1405 1406 1406 1310 1313 1294 1404 1405 1405 1313 1294 1406 1255 1261 1261 1407 1406 1407 1261 1265 1265 1408 1407 1323 1407 1408 1408 1320 1323 1310 1406 1407 1407 1323 1310 1408 1265 1271 1271 1409 1408 1409 1271 1275 1275 1410 1409 1337 1409 1410 1410 1334 1337 1320 1408 1409 1409 1337 1320 1410 1275 1280 1280 1411 1410 1411 1280 1284 1284 1412 1411 1358 1411 1412 1412 1355 1358 1334 1410 1411 1411 1358 1334 1412 1284 1289 1289 1413 1412 1413 1289 1293 1293 1414 1413 1373 1413 1414 1414 1059 1373 1355 1412 1413 1413 1373 1355 1414 1293 1300 1300 1415 1414 1415 1300 1304 1304 1416 1415 1055 1415 1416 1416 1037 1055 
						1059 1414 1415 1415 1055 1059 1416 1304 1315 1315 1417 1416 1417 1315 1319 1319 1418 1417 1033 1417 1418 1418 1015 1033 1037 1416 1417 1417 1033 1037 1418 1319 1325 1325 1419 1418 1419 1325 1329 1329 1420 1419 1011 1419 1420 1420 989 1011 1015 1418 1419 1419 1011 1015 1420 1329 1339 1339 1421 1420 1421 1339 1343 1343 1422 1421 985 1421 1422 1422 975 985 989 1420 1421 1421 985 989 1422 1343 1360 1360 1423 1422 1423 1360 1364 1364 1424 1423 971 1423 1424 1424 961 971 975 1422 1423 1423 971 975 1424 1364 1375 1375 1425 1424 1425 1375 1046 1046 1426 1425 957 1425 1426 1426 932 957 961 1424 1425 1425 957 961 1426 1046 1049 1049 1427 1426 1427 1049 1024 1024 1428 1427 928 1427 1428 1428 912 928 932 1426 1427 1427 928 932 1428 1024 1027 1027 1429 1428 1429 1027 998 998 1430 1429 908 1429 1430 1430 892 908 912 1428 1429 1429 908 912 1430 998 1001 1001 1431 1430 1431 1001 1009 1009 1432 1431 888 1431 1432 1432 872 888 
						892 1430 1431 1431 888 892 1174 1006 1163 1163 1433 1174 1433 1163 870 870 869 1433 1434 1433 869 869 868 1434 1176 1174 1433 1433 1434 1176 1125 1124 1178 1178 1435 1125 1437 1177 1176 1176 1436 1437 1380 1437 1436 1436 1140 1380 1128 1125 1435 1435 1377 1128 1129 1128 1379 1379 1438 1129 1438 1379 1038 1038 1439 1438 951 1438 1439 1439 926 951 955 1129 1438 1438 951 955 1439 1038 1041 1041 1440 1439 1440 1041 1016 1016 1441 1440 922 1440 1441 1441 906 922 926 1439 1440 1440 922 926 1441 1016 1019 1019 1442 1441 1442 1019 990 990 1443 1442 902 1442 1443 1443 886 902 906 1441 1442 1442 902 906 1443 990 993 993 1444 1443 1444 993 976 976 1445 1444 882 1444 1445 1445 863 882 886 1443 1444 1444 882 886 1445 976 979 979 1446 1445 1446 979 962 962 1447 1446 859 1446 1447 1447 849 859 863 1445 1446 1446 859 863 1447 962 965 965 1448 1447 1448 965 933 933 1449 1448 845 1448 1449 1449 835 845 
						849 1447 1448 1448 845 849 1449 933 936 936 1450 1449 1450 936 913 913 1451 1450 830 1450 1451 1451 827 830 835 1449 1450 1450 830 835 1451 913 916 916 1452 1451 1452 916 893 893 1453 1452 1222 1452 1453 1453 1219 1222 827 1451 1452 1452 1222 827 1453 893 896 896 1454 1453 1454 896 873 873 1455 1454 1232 1454 1455 1455 1229 1232 1219 1453 1454 1454 1232 1219 1455 873 876 876 1456 1455 1456 876 850 850 1389 1456 1236 1456 1389 1389 1233 1236 1229 1455 1456 1456 1236 1229 1276 949 948 948 1457 1276 1457 948 947 947 1062 1457 1305 1457 1062 1062 1070 1305 1137 1276 1457 1457 1305 1137 1298 1155 1309 1309 1458 1298 1458 1309 1308 1308 1384 1458 942 1458 1384 1384 945 942 941 1298 1458 1458 942 941 1462 1459 1460 1460 1461 1462 1460 1463 1464 1464 1461 1460 1468 1465 1466 1466 1467 1468 1466 1348 1345 1345 1467 1466 1345 1344 1469 1469 1467 1345 1473 1470 1471 1471 1472 1473 1471 1474 1475 1475 1472 1471 
						1475 1476 1477 1477 1472 1475 1477 1478 1479 1479 1472 1477 1479 1480 1473 1473 1472 1479 1333 1332 1481 1481 1482 1333 1482 1481 1352 1352 1483 1482 1485 1482 1483 1483 1484 1485 1217 1333 1482 1482 1485 1217 1218 1217 1485 1485 1486 1218 1486 1485 1484 1484 1487 1486 1489 1486 1487 1487 1488 1489 1203 1218 1486 1486 1489 1203 1487 1484 1490 1490 1491 1487 1491 1490 1492 1492 1493 1491 1495 1491 1493 1493 1494 1495 1488 1487 1491 1491 1495 1488 1483 1352 1496 1496 1497 1483 1497 1496 1470 1470 1498 1497 1490 1497 1498 1498 1492 1490 1484 1483 1497 1497 1490 1484 1402 1207 1499 1499 1500 1402 1499 1501 1502 1502 1500 1499 1502 1354 1353 1353 1500 1502 1353 1352 1481 1481 1500 1353 1481 1332 1402 1402 1500 1481 1477 1476 1503 1503 1504 1477 1503 1505 1506 1506 1504 1503 1506 1507 1508 1508 1504 1506 1508 1509 1510 1510 1504 1508 1510 1478 1477 1477 1504 1510 1514 1511 1512 1512 1513 1514 1513 1512 704 704 703 1513 1515 1513 703 703 702 1515 
						1516 1514 1513 1513 1515 1516 1518 1350 1349 1349 1517 1518 1517 1349 1348 1348 1519 1517 1475 1517 1519 1519 1476 1475 1474 1518 1517 1517 1475 1474 1521 1516 1515 1515 1520 1521 1520 1515 702 702 716 1520 1523 1522 715 715 714 1523 1525 1524 1522 1522 1523 1525 1527 1525 1523 1523 1526 1527 1526 1523 714 714 722 1526 1528 1526 722 722 721 1528 1529 1527 1526 1526 1528 1529 1531 1529 1528 1528 1530 1531 1530 1528 721 721 725 1530 1512 1530 725 725 704 1512 1511 1531 1530 1530 1512 1511 1496 1352 1351 1351 1532 1496 1532 1351 1350 1350 1518 1532 1471 1532 1518 1518 1474 1471 1470 1496 1532 1532 1471 1470 1534 1494 1493 1493 1533 1534 1493 1492 1498 1498 1533 1493 1498 1470 1473 1473 1533 1498 1473 1480 1535 1535 1533 1473 1535 1536 1534 1534 1533 1535 1506 1505 1537 1537 1538 1506 1538 1537 1539 1539 1540 1538 1542 1538 1540 1540 1541 1542 1507 1506 1538 1538 1542 1507 1540 1539 1543 1543 1544 1540 1544 1543 1545 1545 1546 1544 
						1548 1544 1546 1546 1547 1548 1541 1540 1544 1544 1548 1541 1546 1545 1549 1549 1550 1546 1550 1549 1551 1551 1552 1550 1554 1550 1552 1552 1553 1554 1547 1546 1550 1550 1554 1547 1552 1551 1555 1555 1556 1552 1556 1555 1529 1529 1531 1556 1557 1556 1531 1531 1511 1557 1553 1552 1556 1556 1557 1553 1519 1348 1466 1466 1558 1519 1558 1466 1465 1465 1559 1558 1503 1558 1559 1559 1505 1503 1476 1519 1558 1558 1503 1476 1559 1465 1560 1560 1561 1559 1561 1560 1562 1562 1563 1561 1537 1561 1563 1563 1539 1537 1505 1559 1561 1561 1537 1505 1563 1562 1564 1564 1565 1563 1565 1564 1566 1566 1567 1565 1543 1565 1567 1567 1545 1543 1539 1563 1565 1565 1543 1539 1567 1566 1568 1568 1569 1567 1569 1568 1570 1570 1571 1569 1549 1569 1571 1571 1551 1549 1545 1567 1569 1569 1549 1545 1571 1570 1572 1572 1573 1571 1573 1572 1525 1525 1527 1573 1555 1573 1527 1527 1529 1555 1551 1571 1573 1573 1555 1551 1575 1509 1508 1508 1574 1575 1574 1508 1507 1507 1576 1574 
						1460 1574 1576 1576 1463 1460 1459 1575 1574 1574 1460 1459 1464 1463 1577 1577 1578 1464 1578 1577 1579 1579 1580 1578 1560 1581 1582 1582 1562 1560 1465 1468 1581 1581 1560 1465 1580 1579 1583 1583 1584 1580 1584 1583 1585 1585 1586 1584 1564 1587 1588 1588 1566 1564 1562 1582 1587 1587 1564 1562 1586 1585 1589 1589 1590 1586 1590 1589 1591 1591 1592 1590 1568 1593 1594 1594 1570 1568 1566 1588 1593 1593 1568 1566 1592 1591 1595 1595 1596 1592 1596 1595 1516 1516 1521 1596 1572 1597 1524 1524 1525 1572 1570 1594 1597 1597 1572 1570 1204 1203 1489 1489 1598 1204 1489 1488 1599 1599 1598 1489 1599 1600 1601 1601 1598 1599 1603 1501 1499 1499 1602 1603 1499 1207 1206 1206 1602 1499 1576 1507 1542 1542 1604 1576 1604 1542 1541 1541 1605 1604 1577 1604 1605 1605 1579 1577 1463 1576 1604 1604 1577 1463 1605 1541 1548 1548 1606 1605 1606 1548 1547 1547 1607 1606 1583 1606 1607 1607 1585 1583 1579 1605 1606 1606 1583 1579 1607 1547 1554 1554 1608 1607 
						1608 1554 1553 1553 1609 1608 1589 1608 1609 1609 1591 1589 1585 1607 1608 1608 1589 1585 1609 1553 1557 1557 1610 1609 1610 1557 1511 1511 1514 1610 1595 1610 1514 1514 1516 1595 1591 1609 1610 1610 1595 1591 1612 1459 1462 1462 1611 1612 1469 1344 1347 1347 1613 1469 1347 1354 1502 1502 1613 1347 1502 1501 1603 1603 1613 1502 1601 1600 1612 1612 1611 1601 1615 1536 1535 1535 1614 1615 1614 1535 1480 1480 1479 1614 1510 1614 1479 1479 1478 1510 1509 1615 1614 1614 1510 1509 1617 1536 1615 1615 1616 1617 1616 1615 1509 1509 1575 1616 1612 1616 1575 1575 1459 1612 1600 1617 1616 1616 1612 1600 1599 1488 1495 1495 1618 1599 1618 1495 1494 1494 1534 1618 1617 1618 1534 1534 1536 1617 1600 1599 1618 1618 1617 1600 1436 1176 1434 1434 1619 1436 1619 1434 868 868 1366 1619 1141 1619 1366 1366 953 1141 1140 1436 1619 1619 1141 1140 1432 1009 1173 1173 1620 1432 1620 1173 1124 1124 1127 1620 867 1620 1127 1127 864 867 872 1432 1620 1620 867 872 
						1624 1621 1622 1622 1623 1624 1628 1625 1626 1626 1627 1628 1625 1629 1630 1630 1626 1625 1634 1631 1632 1632 1633 1634 1638 1635 1636 1636 1637 1638 1640 1623 1622 1622 1639 1640 1644 1641 1642 1642 1643 1644 1635 1640 1639 1639 1636 1635 1648 1645 1646 1646 1647 1648 1621 1624 1642 1642 1641 1621 1652 1649 1650 1650 1651 1652 1652 1653 1654 1656 1628 1627 1627 1655 1656 1660 1657 1658 1658 1659 1660 1661 1662 1663 1665 1659 1658 1658 1664 1665 1665 1666 1659 1664 1658 1667 1657 1660 1668 1668 1669 1657 1671 1669 1668 1668 1670 1671 1673 1634 1633 1633 1672 1673 1675 1673 1672 1672 1674 1675 1677 1675 1674 1674 1676 1677 1679 1677 1676 1676 1678 1679 1681 1679 1678 1678 1680 1681 1683 1681 1680 1680 1682 1683 1647 1683 1682 1682 1648 1647 1645 1684 1685 1685 1646 1645 1686 1664 1667 1686 1667 1687 1631 1688 1689 1689 1632 1631 1693 1690 1691 1691 1692 1693 1629 1638 1637 1637 1630 1629 1697 1694 1695 1695 1696 1697 1699 1698 1644 1644 1643 1699 
						1703 1700 1701 1701 1702 1703 1649 1704 1705 1705 1650 1649 1704 1703 1702 1702 1705 1704 1696 1706 1707 1707 1697 1696 1706 1708 1709 1709 1707 1706 1666 1665 1710 1710 1711 1666 1708 1712 1713 1713 1709 1708 1717 1714 1715 1715 1716 1717 1719 1718 1714 1714 1717 1719 1692 1691 1720 1720 1721 1692 1693 1716 1715 1715 1690 1693 1723 1722 1661 1661 1663 1723 1653 1652 1651 1651 1724 1653 1728 1725 1726 1726 1727 1728 1732 1729 1730 1730 1731 1732 1736 1733 1734 1734 1735 1736 1738 1737 1733 1733 1736 1738 1742 1739 1740 1740 1741 1742 1746 1743 1744 1744 1745 1746 1732 1731 1747 1747 1748 1732 1752 1749 1750 1750 1751 1752 1754 1753 1749 1749 1752 1754 1748 1747 1743 1743 1746 1748 1758 1755 1756 1756 1757 1758 1754 1730 1729 1729 1753 1754 1762 1759 1760 1760 1761 1762 1725 1763 1764 1735 1734 1765 1765 1766 1735 1770 1767 1768 1768 1769 1770 1771 1772 1773 1770 1769 1774 1774 1775 1770 1774 1769 1776 1775 1777 1770 1779 1768 1767 1767 1778 1779 
						1779 1778 1780 1780 1781 1779 1741 1740 1782 1782 1783 1741 1783 1782 1784 1784 1785 1783 1785 1784 1786 1786 1787 1785 1787 1786 1788 1788 1789 1787 1789 1788 1790 1790 1791 1789 1791 1790 1792 1792 1793 1791 1793 1792 1757 1757 1756 1793 1797 1794 1795 1795 1796 1797 1799 1798 1755 1755 1758 1799 1800 1801 1777 1800 1777 1775 1803 1802 1739 1739 1742 1803 1807 1804 1805 1805 1806 1807 1745 1744 1737 1737 1738 1745 1811 1808 1809 1809 1810 1811 1815 1812 1813 1813 1814 1815 1817 1728 1727 1727 1816 1817 1819 1750 1749 1749 1818 1819 1808 1817 1816 1816 1809 1808 1821 1806 1805 1805 1820 1821 1823 1821 1820 1820 1822 1823 1825 1823 1822 1822 1824 1825 1827 1774 1776 1776 1826 1827 1831 1828 1829 1829 1830 1831 1828 1832 1833 1833 1829 1828 1835 1762 1761 1761 1834 1835 1830 1760 1759 1759 1831 1830 1771 1836 1837 1837 1772 1771 1725 1764 1838 1838 1726 1725 1840 1811 1810 1810 1839 1840 1844 1841 1842 1842 1843 1844 1848 1845 1846 1846 1847 1848 
						1850 1849 1845 1845 1848 1850 1854 1851 1852 1852 1853 1854 1858 1855 1856 1856 1857 1858 1844 1843 1859 1859 1860 1844 1700 1861 1862 1862 1701 1700 1866 1863 1864 1864 1865 1866 1860 1859 1855 1855 1858 1860 1870 1867 1868 1868 1869 1870 1866 1842 1841 1841 1863 1866 1651 1871 1724 1847 1846 1872 1872 1873 1847 1877 1874 1875 1875 1876 1877 1722 1723 1878 1877 1876 1879 1879 1880 1877 1879 1876 1881 1880 1882 1877 1884 1875 1874 1874 1883 1884 1884 1883 1885 1885 1886 1884 1853 1852 1887 1887 1888 1853 1888 1887 1889 1889 1890 1888 1890 1889 1891 1891 1892 1890 1892 1891 1893 1893 1894 1892 1894 1893 1895 1895 1896 1894 1896 1895 1897 1897 1898 1896 1898 1897 1869 1869 1868 1898 1900 1899 1867 1867 1870 1900 1901 1902 1882 1901 1882 1880 1904 1903 1851 1851 1854 1904 1857 1856 1849 1849 1850 1857 1906 1879 1881 1881 1905 1906 1910 1907 1908 1908 1909 1910 1914 1911 1912 1912 1913 1914 1911 1915 1916 1916 1912 1911 1920 1917 1918 1918 1919 1920 
						1924 1921 1922 1922 1923 1924 1926 1909 1908 1908 1925 1926 1930 1927 1928 1928 1929 1930 1927 1931 1932 1932 1928 1927 1921 1926 1925 1925 1922 1921 1936 1933 1934 1934 1935 1936 1907 1910 1932 1932 1931 1907 1726 1838 1937 1939 1914 1913 1913 1938 1939 1943 1940 1941 1941 1942 1943 1836 1944 1837 1946 1942 1941 1941 1945 1946 1946 1947 1942 1945 1941 1948 1940 1943 1949 1949 1950 1940 1952 1950 1949 1949 1951 1952 1954 1920 1919 1919 1953 1954 1956 1954 1953 1953 1955 1956 1958 1956 1955 1955 1957 1958 1960 1958 1957 1957 1959 1960 1962 1960 1959 1959 1961 1962 1964 1962 1961 1961 1963 1964 1935 1964 1963 1963 1936 1935 1933 1965 1966 1966 1934 1933 1967 1945 1948 1967 1948 1968 1917 1969 1970 1970 1918 1917 1915 1924 1923 1923 1916 1915 1927 1930 1971 1971 1972 1927 1947 1946 1973 1973 1974 1947 1978 1975 1976 1976 1977 1978 1865 1864 1979 1979 1980 1865 1712 1661 1722 1722 1713 1712 1981 1982 1983 1982 1981 1984 1984 1985 1982 1987 1982 1985 
						1985 1986 1987 1988 1983 1982 1982 1987 1988 1984 1989 1985 1989 1984 1990 1990 1991 1989 1993 1989 1991 1991 1992 1993 1986 1985 1989 1989 1993 1986 1990 1994 1991 1994 1990 1995 1995 1996 1994 1998 1994 1996 1996 1997 1998 1992 1991 1994 1994 1998 1992 1995 1999 1996 1999 1995 2000 2000 2001 1999 2003 1999 2001 2001 2002 2003 1997 1996 1999 1999 2003 1997 2004 2005 2006 2005 2004 2007 2007 2008 2005 2010 2005 2008 2008 2009 2010 2011 2006 2005 2005 2010 2011 2000 2012 2001 2012 2000 2013 2013 2014 2012 2016 2012 2014 2014 2015 2016 2002 2001 2012 2012 2016 2002 2007 2017 2008 2017 2007 2018 2018 2019 2017 2021 2017 2019 2019 2020 2021 2009 2008 2017 2017 2021 2009 2022 2023 2024 2023 2022 2004 2004 2006 2023 2025 2023 2006 2006 2011 2025 2026 2024 2023 2023 2025 2026 2013 2027 2014 2027 2013 2022 2022 2024 2027 2028 2027 2024 2024 2026 2028 2015 2014 2027 2027 2028 2015 2029 2030 2031 2030 2029 2032 2032 2033 2030 2035 2030 2033 2033 2034 2035 
						2036 2031 2030 2030 2035 2036 2032 2037 2033 2037 2032 2038 2038 2039 2037 2041 2037 2039 2039 2040 2041 2034 2033 2037 2037 2041 2034 2038 2042 2039 2042 2038 1981 1981 1983 2042 2043 2042 1983 1983 1988 2043 2040 2039 2042 2042 2043 2040 2045 2026 2025 2025 2044 2045 2044 2025 2011 2011 2046 2044 2048 2044 2046 2046 2047 2048 2049 2045 2044 2044 2048 2049 2051 1988 1987 1987 2050 2051 2050 1987 1986 1986 2052 2050 2054 2050 2052 2052 2053 2054 2055 2051 2050 2050 2054 2055 2057 2034 2041 2041 2056 2057 2056 2041 2040 2040 2058 2056 2060 2056 2058 2058 2059 2060 2061 2057 2056 2056 2060 2061 2063 2002 2016 2016 2062 2063 2062 2016 2015 2015 2064 2062 2066 2062 2064 2064 2065 2066 2067 2063 2062 2062 2066 2067 2046 2011 2010 2010 2068 2046 2068 2010 2009 2009 2069 2068 2071 2068 2069 2069 2070 2071 2047 2046 2068 2068 2071 2047 2052 1986 1993 1993 2072 2052 2072 1993 1992 1992 2073 2072 2075 2072 2073 2073 2074 2075 2053 2052 2072 2072 2075 2053 
						2058 2040 2043 2043 2076 2058 2076 2043 1988 1988 2051 2076 2077 2076 2051 2051 2055 2077 2059 2058 2076 2076 2077 2059 2064 2015 2028 2028 2078 2064 2078 2028 2026 2026 2045 2078 2079 2078 2045 2045 2049 2079 2065 2064 2078 2078 2079 2065 2069 2009 2021 2021 2080 2069 2080 2021 2020 2020 2081 2080 2083 2080 2081 2081 2082 2083 2070 2069 2080 2080 2083 2070 2073 1992 1998 1998 2084 2073 2084 1998 1997 1997 2085 2084 2087 2084 2085 2085 2086 2087 2074 2073 2084 2084 2087 2074 2089 2036 2035 2035 2088 2089 2088 2035 2034 2034 2057 2088 2090 2088 2057 2057 2061 2090 2091 2089 2088 2088 2090 2091 2085 1997 2003 2003 2092 2085 2092 2003 2002 2002 2063 2092 2093 2092 2063 2063 2067 2093 2086 2085 2092 2092 2093 2086 2097 2094 2095 2095 2096 2097 2096 2095 2098 2098 2099 2096 2101 2096 2099 2099 2100 2101 2102 2097 2096 2096 2101 2102 2106 2103 2104 2104 2105 2106 2105 2104 2107 2107 2108 2105 2110 2105 2108 2108 2109 2110 2111 2106 2105 2105 2110 2111 
						2115 2112 2113 2113 2114 2115 2114 2113 2116 2116 2117 2114 2119 2114 2117 2117 2118 2119 2120 2115 2114 2114 2119 2120 2124 2121 2122 2122 2123 2124 2123 2122 2094 2094 2097 2123 2125 2123 2097 2097 2102 2125 2126 2124 2123 2123 2125 2126 2099 2098 2127 2127 2128 2099 2128 2127 2129 2129 2130 2128 2132 2128 2130 2130 2131 2132 2100 2099 2128 2128 2132 2100 2108 2107 2133 2133 2134 2108 2134 2133 2135 2135 2136 2134 2138 2134 2136 2136 2137 2138 2109 2108 2134 2134 2138 2109 2117 2116 2139 2139 2140 2117 2140 2139 2141 2141 2142 2140 2144 2140 2142 2142 2143 2144 2118 2117 2140 2140 2144 2118 2130 2129 2145 2145 2146 2130 2146 2145 2147 2147 2148 2146 2150 2146 2148 2148 2149 2150 2131 2130 2146 2146 2150 2131 2136 2135 2151 2151 2152 2136 2152 2151 2153 2153 2154 2152 2156 2152 2154 2154 2155 2156 2137 2136 2152 2152 2156 2137 2142 2141 2157 2157 2158 2142 2158 2157 2103 2103 2106 2158 2159 2158 2106 2106 2111 2159 2143 2142 2158 2158 2159 2143 
						2163 2160 2161 2161 2162 2163 2162 2161 2112 2112 2115 2162 2164 2162 2115 2115 2120 2164 2165 2163 2162 2162 2164 2165 2154 2153 2166 2166 2167 2154 2167 2166 2121 2121 2124 2167 2168 2167 2124 2124 2126 2168 2155 2154 2167 2167 2168 2155 2172 2169 2170 2170 2171 2172 2171 2170 2173 2173 2174 2171 2176 2171 2174 2174 2175 2176 2177 2172 2171 2171 2176 2177 2181 2178 2179 2179 2180 2181 2180 2179 2182 2182 2183 2180 2185 2180 2183 2183 2184 2185 2186 2181 2180 2180 2185 2186 2190 2187 2188 2188 2189 2190 2189 2188 2191 2191 2192 2189 2194 2189 2192 2192 2193 2194 2195 2190 2189 2189 2194 2195 2199 2196 2197 2197 2198 2199 2198 2197 2200 2200 2201 2198 2203 2198 2201 2201 2202 2203 2204 2199 2198 2198 2203 2204 2183 2182 2205 2205 2206 2183 2206 2205 2207 2207 2208 2206 2210 2206 2208 2208 2209 2210 2184 2183 2206 2206 2210 2184 2192 2191 2211 2211 2212 2192 2212 2211 2213 2213 2214 2212 2216 2212 2214 2214 2215 2216 2193 2192 2212 2212 2216 2193 
						2201 2200 2217 2217 2218 2201 2218 2217 2219 2219 2220 2218 2222 2218 2220 2220 2221 2222 2202 2201 2218 2218 2222 2202 2226 2223 2224 2224 2225 2226 2225 2224 2227 2227 2228 2225 2230 2225 2228 2228 2229 2230 2231 2226 2225 2225 2230 2231 2214 2213 2232 2232 2233 2214 2233 2232 2169 2169 2172 2233 2234 2233 2172 2172 2177 2234 2215 2214 2233 2233 2234 2215 2174 2173 2235 2235 2236 2174 2236 2235 2178 2178 2181 2236 2237 2236 2181 2181 2186 2237 2175 2174 2236 2236 2237 2175 2220 2219 2238 2238 2239 2220 2239 2238 2187 2187 2190 2239 2240 2239 2190 2190 2195 2240 2221 2220 2239 2239 2240 2221 2228 2227 2241 2241 2242 2228 2242 2241 2196 2196 2199 2242 2243 2242 2199 2199 2204 2243 2229 2228 2242 2242 2243 2229 2245 2221 2240 2240 2244 2245 2244 2240 2195 2195 2246 2244 2248 2244 2246 2246 2247 2248 2249 2245 2244 2244 2248 2249 2251 2229 2243 2243 2250 2251 2250 2243 2204 2204 2252 2250 2254 2250 2252 2252 2253 2254 2255 2251 2250 2250 2254 2255 
						2257 2177 2176 2176 2256 2257 2256 2176 2175 2175 2258 2256 2260 2256 2258 2258 2259 2260 2261 2257 2256 2256 2260 2261 2263 2186 2185 2185 2262 2263 2262 2185 2184 2184 2264 2262 2266 2262 2264 2264 2265 2266 2267 2263 2262 2262 2266 2267 2246 2195 2194 2194 2268 2246 2268 2194 2193 2193 2269 2268 2271 2268 2269 2269 2270 2271 2247 2246 2268 2268 2271 2247 2252 2204 2203 2203 2272 2252 2272 2203 2202 2202 2273 2272 2275 2272 2273 2273 2274 2275 2253 2252 2272 2272 2275 2253 2264 2184 2210 2210 2276 2264 2276 2210 2209 2209 2277 2276 2279 2276 2277 2277 2278 2279 2265 2264 2276 2276 2279 2265 2269 2193 2216 2216 2280 2269 2280 2216 2215 2215 2281 2280 2283 2280 2281 2281 2282 2283 2270 2269 2280 2280 2283 2270 2273 2202 2222 2222 2284 2273 2284 2222 2221 2221 2245 2284 2285 2284 2245 2245 2249 2285 2274 2273 2284 2284 2285 2274 2287 2231 2230 2230 2286 2287 2286 2230 2229 2229 2251 2286 2288 2286 2251 2251 2255 2288 2289 2287 2286 2286 2288 2289 
						2281 2215 2234 2234 2290 2281 2290 2234 2177 2177 2257 2290 2291 2290 2257 2257 2261 2291 2282 2281 2290 2290 2291 2282 2258 2175 2237 2237 2292 2258 2292 2237 2186 2186 2263 2292 2293 2292 2263 2263 2267 2293 2259 2258 2292 2292 2293 2259 2297 2294 2295 2295 2296 2297 2296 2295 2298 2298 2299 2296 2301 2296 2299 2299 2300 2301 2302 2297 2296 2296 2301 2302 2306 2303 2304 2304 2305 2306 2305 2304 2307 2307 2308 2305 2310 2305 2308 2308 2309 2310 2311 2306 2305 2305 2310 2311 2315 2312 2313 2313 2314 2315 2314 2313 2316 2316 2317 2314 2319 2314 2317 2317 2318 2319 2320 2315 2314 2314 2319 2320 2324 2321 2322 2322 2323 2324 2323 2322 2294 2294 2297 2323 2325 2323 2297 2297 2302 2325 2326 2324 2323 2323 2325 2326 2299 2298 2327 2327 2328 2299 2328 2327 2329 2329 2330 2328 2332 2328 2330 2330 2331 2332 2300 2299 2328 2328 2332 2300 2308 2307 2333 2333 2334 2308 2334 2333 2335 2335 2336 2334 2338 2334 2336 2336 2337 2338 2309 2308 2334 2334 2338 2309 
						2317 2316 2339 2339 2340 2317 2340 2339 2341 2341 2342 2340 2344 2340 2342 2342 2343 2344 2318 2317 2340 2340 2344 2318 2330 2329 2345 2345 2346 2330 2346 2345 2347 2347 2348 2346 2350 2346 2348 2348 2349 2350 2331 2330 2346 2346 2350 2331 2336 2335 2351 2351 2352 2336 2352 2351 2353 2353 2354 2352 2356 2352 2354 2354 2355 2356 2337 2336 2352 2352 2356 2337 2342 2341 2357 2357 2358 2342 2358 2357 2303 2303 2306 2358 2359 2358 2306 2306 2311 2359 2343 2342 2358 2358 2359 2343 2363 2360 2361 2361 2362 2363 2362 2361 2312 2312 2315 2362 2364 2362 2315 2315 2320 2364 2365 2363 2362 2362 2364 2365 2354 2353 2366 2366 2367 2354 2367 2366 2321 2321 2324 2367 2368 2367 2324 2324 2326 2368 2355 2354 2367 2367 2368 2355 2372 2369 2370 2370 2371 2372 2371 2370 2373 2373 2374 2371 2376 2371 2374 2374 2375 2376 2377 2372 2371 2371 2376 2377 2381 2378 2379 2379 2380 2381 2380 2379 2382 2382 2383 2380 2385 2380 2383 2383 2384 2385 2386 2381 2380 2380 2385 2386 
						2390 2387 2388 2388 2389 2390 2389 2388 2391 2391 2392 2389 2394 2389 2392 2392 2393 2394 2395 2390 2389 2389 2394 2395 2399 2396 2397 2397 2398 2399 2398 2397 2369 2369 2372 2398 2400 2398 2372 2372 2377 2400 2401 2399 2398 2398 2400 2401 2374 2373 2402 2402 2403 2374 2403 2402 2404 2404 2405 2403 2407 2403 2405 2405 2406 2407 2375 2374 2403 2403 2407 2375 2383 2382 2408 2408 2409 2383 2409 2408 2410 2410 2411 2409 2413 2409 2411 2411 2412 2413 2384 2383 2409 2409 2413 2384 2392 2391 2414 2414 2415 2392 2415 2414 2416 2416 2417 2415 2419 2415 2417 2417 2418 2419 2393 2392 2415 2415 2419 2393 2405 2404 2420 2420 2421 2405 2421 2420 2422 2422 2423 2421 2425 2421 2423 2423 2424 2425 2406 2405 2421 2421 2425 2406 2411 2410 2426 2426 2427 2411 2427 2426 2428 2428 2429 2427 2431 2427 2429 2429 2430 2431 2412 2411 2427 2427 2431 2412 2417 2416 2432 2432 2433 2417 2433 2432 2378 2378 2381 2433 2434 2433 2381 2381 2386 2434 2418 2417 2433 2433 2434 2418 
						2438 2435 2436 2436 2437 2438 2437 2436 2387 2387 2390 2437 2439 2437 2390 2390 2395 2439 2440 2438 2437 2437 2439 2440 2429 2428 2441 2441 2442 2429 2442 2441 2396 2396 2399 2442 2443 2442 2399 2399 2401 2443 2430 2429 2442 2442 2443 2430 2447 2444 2445 2445 2446 2447 2449 2386 2385 2385 2448 2449 2453 2450 2451 2451 2452 2453 2456 2448 2454 2454 2455 2456 2458 2440 2439 2439 2457 2458 2461 2457 2459 2459 2460 2461 2452 2451 2462 2462 2463 2452 2465 2430 2443 2443 2464 2465 2469 2466 2467 2467 2468 2469 2460 2459 2470 2470 2471 2460 2473 2418 2434 2434 2472 2473 2476 2474 2473 2473 2475 2476 2475 2473 2472 2472 2477 2475 2457 2439 2395 2395 2459 2457 2480 2478 2465 2465 2479 2480 2450 2407 2406 2406 2451 2450 2464 2443 2401 2401 2444 2464 2446 2445 2481 2481 2482 2446 2484 2413 2412 2412 2483 2484 2472 2434 2386 2386 2449 2472 2486 2485 2474 2474 2476 2486 2470 2394 2393 2393 2485 2470 2462 2425 2424 2424 2487 2462 2485 2393 2419 2419 2474 2485 
						2466 2376 2375 2375 2467 2466 2478 2431 2430 2430 2465 2478 2467 2375 2407 2407 2450 2467 2459 2395 2394 2394 2470 2459 2451 2406 2425 2425 2462 2451 2454 2384 2413 2413 2484 2454 2481 2377 2376 2376 2466 2481 2474 2419 2418 2418 2473 2474 2445 2400 2377 2377 2481 2445 2444 2401 2400 2400 2445 2444 2483 2412 2431 2431 2478 2483 2448 2385 2384 2384 2454 2448 2489 2067 2066 2066 2488 2489 2488 2066 2065 2065 2490 2488 2166 2488 2490 2490 2121 2166 2153 2489 2488 2488 2166 2153 2492 2091 2090 2090 2491 2492 2491 2090 2061 2061 2493 2491 2161 2491 2493 2493 2112 2161 2160 2492 2491 2491 2161 2160 2495 2055 2054 2054 2494 2495 2494 2054 2053 2053 2496 2494 2157 2494 2496 2496 2103 2157 2141 2495 2494 2494 2157 2141 2498 2086 2093 2093 2497 2498 2497 2093 2067 2067 2489 2497 2151 2497 2489 2489 2153 2151 2135 2498 2497 2497 2151 2135 2500 2070 2083 2083 2499 2500 2499 2083 2082 2082 2501 2499 2145 2499 2501 2501 2147 2145 2129 2500 2499 2499 2145 2129 
						2503 2059 2077 2077 2502 2503 2502 2077 2055 2055 2495 2502 2139 2502 2495 2495 2141 2139 2116 2503 2502 2502 2139 2116 2505 2074 2087 2087 2504 2505 2504 2087 2086 2086 2498 2504 2133 2504 2498 2498 2135 2133 2107 2505 2504 2504 2133 2107 2507 2047 2071 2071 2506 2507 2506 2071 2070 2070 2500 2506 2127 2506 2500 2500 2129 2127 2098 2507 2506 2506 2127 2098 2490 2065 2079 2079 2508 2490 2508 2079 2049 2049 2509 2508 2122 2508 2509 2509 2094 2122 2121 2490 2508 2508 2122 2121 2493 2061 2060 2060 2510 2493 2510 2060 2059 2059 2503 2510 2113 2510 2503 2503 2116 2113 2112 2493 2510 2510 2113 2112 2496 2053 2075 2075 2511 2496 2511 2075 2074 2074 2505 2511 2104 2511 2505 2505 2107 2104 2103 2496 2511 2511 2104 2103 2509 2049 2048 2048 2512 2509 2512 2048 2047 2047 2507 2512 2095 2512 2507 2507 2098 2095 2094 2509 2512 2512 2095 2094 2514 2120 2119 2119 2513 2514 2513 2119 2118 2118 2515 2513 2241 2513 2515 2515 2196 2241 2227 2514 2513 2513 2241 2227 
						2517 2111 2110 2110 2516 2517 2516 2110 2109 2109 2518 2516 2238 2516 2518 2518 2187 2238 2219 2517 2516 2516 2238 2219 2520 2102 2101 2101 2519 2520 2519 2101 2100 2100 2521 2519 2235 2519 2521 2521 2178 2235 2173 2520 2519 2519 2235 2173 2523 2155 2168 2168 2522 2523 2522 2168 2126 2126 2524 2522 2232 2522 2524 2524 2169 2232 2213 2523 2522 2522 2232 2213 2526 2165 2164 2164 2525 2526 2525 2164 2120 2120 2514 2525 2224 2525 2514 2514 2227 2224 2223 2526 2525 2525 2224 2223 2528 2143 2159 2159 2527 2528 2527 2159 2111 2111 2517 2527 2217 2527 2517 2517 2219 2217 2200 2528 2527 2527 2217 2200 2530 2137 2156 2156 2529 2530 2529 2156 2155 2155 2523 2529 2211 2529 2523 2523 2213 2211 2191 2530 2529 2529 2211 2191 2532 2131 2150 2150 2531 2532 2531 2150 2149 2149 2533 2531 2205 2531 2533 2533 2207 2205 2182 2532 2531 2531 2205 2182 2515 2118 2144 2144 2534 2515 2534 2144 2143 2143 2528 2534 2197 2534 2528 2528 2200 2197 2196 2515 2534 2534 2197 2196 
						2518 2109 2138 2138 2535 2518 2535 2138 2137 2137 2530 2535 2188 2535 2530 2530 2191 2188 2187 2518 2535 2535 2188 2187 2521 2100 2132 2132 2536 2521 2536 2132 2131 2131 2532 2536 2179 2536 2532 2532 2182 2179 2178 2521 2536 2536 2179 2178 2524 2126 2125 2125 2537 2524 2537 2125 2102 2102 2520 2537 2170 2537 2520 2520 2173 2170 2169 2524 2537 2537 2170 2169 2539 2282 2291 2291 2538 2539 2538 2291 2261 2261 2540 2538 2366 2538 2540 2540 2321 2366 2353 2539 2538 2538 2366 2353 2542 2289 2288 2288 2541 2542 2541 2288 2255 2255 2543 2541 2361 2541 2543 2543 2312 2361 2360 2542 2541 2541 2361 2360 2545 2274 2285 2285 2544 2545 2544 2285 2249 2249 2546 2544 2357 2544 2546 2546 2303 2357 2341 2545 2544 2544 2357 2341 2548 2270 2283 2283 2547 2548 2547 2283 2282 2282 2539 2547 2351 2547 2539 2539 2353 2351 2335 2548 2547 2547 2351 2335 2550 2265 2279 2279 2549 2550 2549 2279 2278 2278 2551 2549 2345 2549 2551 2551 2347 2345 2329 2550 2549 2549 2345 2329 
						2553 2253 2275 2275 2552 2553 2552 2275 2274 2274 2545 2552 2339 2552 2545 2545 2341 2339 2316 2553 2552 2552 2339 2316 2555 2247 2271 2271 2554 2555 2554 2271 2270 2270 2548 2554 2333 2554 2548 2548 2335 2333 2307 2555 2554 2554 2333 2307 2557 2267 2266 2266 2556 2557 2556 2266 2265 2265 2550 2556 2327 2556 2550 2550 2329 2327 2298 2557 2556 2556 2327 2298 2540 2261 2260 2260 2558 2540 2558 2260 2259 2259 2559 2558 2322 2558 2559 2559 2294 2322 2321 2540 2558 2558 2322 2321 2543 2255 2254 2254 2560 2543 2560 2254 2253 2253 2553 2560 2313 2560 2553 2553 2316 2313 2312 2543 2560 2560 2313 2312 2546 2249 2248 2248 2561 2546 2561 2248 2247 2247 2555 2561 2304 2561 2555 2555 2307 2304 2303 2546 2561 2561 2304 2303 2559 2259 2293 2293 2562 2559 2562 2293 2267 2267 2557 2562 2295 2562 2557 2557 2298 2295 2294 2559 2562 2562 2295 2294 2564 2355 2368 2368 2563 2564 2563 2368 2326 2326 2565 2563 2441 2563 2565 2565 2396 2441 2428 2564 2563 2563 2441 2428 
						2567 2365 2364 2364 2566 2567 2566 2364 2320 2320 2568 2566 2436 2566 2568 2568 2387 2436 2435 2567 2566 2566 2436 2435 2570 2343 2359 2359 2569 2570 2569 2359 2311 2311 2571 2569 2432 2569 2571 2571 2378 2432 2416 2570 2569 2569 2432 2416 2573 2337 2356 2356 2572 2573 2572 2356 2355 2355 2564 2572 2426 2572 2564 2564 2428 2426 2410 2573 2572 2572 2426 2410 2575 2331 2350 2350 2574 2575 2574 2350 2349 2349 2576 2574 2420 2574 2576 2576 2422 2420 2404 2575 2574 2574 2420 2404 2578 2318 2344 2344 2577 2578 2577 2344 2343 2343 2570 2577 2414 2577 2570 2570 2416 2414 2391 2578 2577 2577 2414 2391 2580 2309 2338 2338 2579 2580 2579 2338 2337 2337 2573 2579 2408 2579 2573 2573 2410 2408 2382 2580 2579 2579 2408 2382 2582 2300 2332 2332 2581 2582 2581 2332 2331 2331 2575 2581 2402 2581 2575 2575 2404 2402 2373 2582 2581 2581 2402 2373 2565 2326 2325 2325 2583 2565 2583 2325 2302 2302 2584 2583 2397 2583 2584 2584 2369 2397 2396 2565 2583 2583 2397 2396 
						2568 2320 2319 2319 2585 2568 2585 2319 2318 2318 2578 2585 2388 2585 2578 2578 2391 2388 2387 2568 2585 2585 2388 2387 2571 2311 2310 2310 2586 2571 2586 2310 2309 2309 2580 2586 2379 2586 2580 2580 2382 2379 2378 2571 2586 2586 2379 2378 2584 2302 2301 2301 2587 2584 2587 2301 2300 2300 2582 2587 2370 2587 2582 2582 2373 2370 2369 2584 2587 2587 2370 2369 2591 2588 2589 2589 2590 2591 2593 2591 2590 2590 2592 2593 2595 2593 2592 2592 2594 2595 2597 2595 2594 2594 2596 2597 2601 2598 2599 2599 2600 2601 2603 2601 2600 2600 2602 2603 2605 2603 2602 2602 2604 2605 2607 2605 2604 2604 2606 2607 2609 2607 2606 2606 2608 2609 2611 2609 2608 2608 2610 2611 2613 2611 2610 2610 2612 2613 2588 2613 2612 2612 2589 2588 2614 2483 2478 2478 2480 2614 2615 2449 2448 2448 2456 2615 2471 2470 2485 2485 2486 2471 2616 2464 2444 2444 2447 2616 2617 2458 2457 2457 2461 2617 2618 2484 2483 2483 2614 2618 2468 2467 2450 2450 2453 2468 2477 2472 2449 2449 2615 2477 
						2482 2481 2466 2466 2469 2482 2479 2465 2464 2464 2616 2479 2463 2462 2487 2487 2619 2463 2455 2454 2484 2484 2618 2455 2468 2453 2620 2461 2460 2620 2616 2447 2620 2615 2456 2620 2471 2486 2620 2453 2452 2620 2617 2461 2620 2614 2480 2620 2618 2614 2620 2447 2446 2620 2477 2615 2620 2469 2468 2620 2482 2469 2620 2476 2475 2620 2463 2619 2620 2480 2479 2620 2455 2618 2620 2446 2482 2620 2475 2477 2620 2486 2476 2620 2460 2471 2620 2452 2463 2620 2479 2616 2620 2456 2455 2620 2621 2622 2623 2625 2621 2623 2623 2624 2625 2624 2623 2626 2626 2627 2624 2623 2622 2628 2628 2626 2623 2625 2624 2629 2631 2625 2629 2629 2630 2631 2630 2629 2632 2632 2633 2630 2629 2624 2627 2627 2632 2629 2631 2630 2634 2636 2631 2634 2634 2635 2636 2635 2634 2637 2637 2638 2635 2634 2630 2633 2633 2637 2634 2636 2635 2639 2641 2636 2639 2639 2640 2641 2640 2639 2642 2642 2643 2640 2639 2635 2638 2638 2642 2639 2644 2645 2646 2648 2644 2646 2646 2647 2648 2647 2646 2649 
						2649 2650 2647 2646 2645 2651 2651 2649 2646 2641 2640 2652 2654 2641 2652 2652 2653 2654 2653 2652 2655 2655 2656 2653 2652 2640 2643 2643 2655 2652 2648 2647 2657 2659 2648 2657 2657 2658 2659 2658 2657 2660 2660 2661 2658 2657 2647 2650 2650 2660 2657 2662 2663 2664 2644 2662 2664 2664 2645 2644 2645 2664 2665 2665 2651 2645 2664 2663 2666 2666 2665 2664 2654 2653 2667 2662 2654 2667 2667 2663 2662 2663 2667 2668 2668 2666 2663 2667 2653 2656 2656 2668 2667 2669 2670 2671 2673 2669 2671 2671 2672 2673 2672 2671 2674 2674 2675 2672 2671 2670 2676 2676 2674 2671 2673 2672 2677 2679 2673 2677 2677 2678 2679 2678 2677 2680 2680 2681 2678 2677 2672 2675 2675 2680 2677 2679 2678 2682 2621 2679 2682 2682 2622 2621 2622 2682 2683 2683 2628 2622 2682 2678 2681 2681 2683 2682 2665 2666 2684 2684 2685 2665 2651 2665 2685 2685 2686 2651 2686 2685 2687 2687 2688 2686 2685 2684 2689 2689 2687 2685 2626 2628 2690 2690 2691 2626 2627 2626 2691 2691 2692 2627 
						2692 2691 2693 2693 2694 2692 2691 2690 2695 2695 2693 2691 2680 2675 2696 2696 2697 2680 2681 2680 2697 2697 2698 2681 2698 2697 2699 2699 2700 2698 2697 2696 2701 2701 2699 2697 2655 2643 2702 2702 2703 2655 2656 2655 2703 2703 2704 2656 2704 2703 2705 2705 2706 2704 2703 2702 2707 2707 2705 2703 2649 2651 2686 2686 2708 2649 2650 2649 2708 2708 2709 2650 2709 2708 2710 2710 2711 2709 2708 2686 2688 2688 2710 2708 2632 2627 2692 2692 2712 2632 2633 2632 2712 2712 2713 2633 2713 2712 2714 2714 2715 2713 2712 2692 2694 2694 2714 2712 2683 2681 2698 2698 2716 2683 2628 2683 2716 2716 2690 2628 2690 2716 2717 2717 2695 2690 2716 2698 2700 2700 2717 2716 2668 2656 2704 2704 2718 2668 2666 2668 2718 2718 2684 2666 2684 2718 2719 2719 2689 2684 2718 2704 2706 2706 2719 2718 2660 2650 2709 2709 2720 2660 2661 2660 2720 2720 2721 2661 2721 2720 2722 2722 2723 2721 2720 2709 2711 2711 2722 2720 2637 2633 2713 2713 2724 2637 2638 2637 2724 2724 2725 2638 
						2725 2724 2726 2726 2727 2725 2724 2713 2715 2715 2726 2724 2674 2676 2728 2728 2729 2674 2675 2674 2729 2729 2696 2675 2696 2729 2730 2730 2701 2696 2729 2728 2731 2731 2730 2729 2642 2638 2725 2725 2732 2642 2643 2642 2732 2732 2702 2643 2702 2732 2733 2733 2707 2702 2732 2725 2727 2727 2733 2732 2737 2734 2735 2735 2736 2737 2739 2737 2736 2736 2738 2739 2738 2736 2740 2740 2741 2738 2736 2735 2742 2742 2740 2736 2746 2743 2744 2744 2745 2746 2748 2746 2745 2745 2747 2748 2747 2745 2749 2749 2750 2747 2745 2744 2751 2751 2749 2745 2755 2752 2753 2753 2754 2755 2757 2755 2754 2754 2756 2757 2756 2754 2758 2758 2759 2756 2754 2753 2760 2760 2758 2754 2764 2761 2762 2762 2763 2764 2734 2764 2763 2763 2735 2734 2735 2763 2765 2765 2742 2735 2763 2762 2766 2766 2765 2763 2768 2739 2738 2738 2767 2768 2770 2768 2767 2767 2769 2770 2769 2767 2771 2771 2772 2769 2767 2738 2741 2741 2771 2767 2774 2748 2747 2747 2773 2774 2776 2774 2773 2773 2775 2776 
						2775 2773 2777 2777 2778 2775 2773 2747 2750 2750 2777 2773 2780 2757 2756 2756 2779 2780 2782 2780 2779 2779 2781 2782 2781 2779 2783 2783 2784 2781 2779 2756 2759 2759 2783 2779 2786 2770 2769 2769 2785 2786 2788 2786 2785 2785 2787 2788 2787 2785 2789 2789 2790 2787 2785 2769 2772 2772 2789 2785 2792 2776 2775 2775 2791 2792 2794 2792 2791 2791 2793 2794 2793 2791 2795 2795 2796 2793 2791 2775 2778 2778 2795 2791 2798 2782 2781 2781 2797 2798 2743 2798 2797 2797 2744 2743 2744 2797 2799 2799 2751 2744 2797 2781 2784 2784 2799 2797 2803 2800 2801 2801 2802 2803 2752 2803 2802 2802 2753 2752 2753 2802 2804 2804 2760 2753 2802 2801 2805 2805 2804 2802 2807 2794 2793 2793 2806 2807 2761 2807 2806 2806 2762 2761 2762 2806 2808 2808 2766 2762 2806 2793 2796 2796 2808 2806 2812 2809 2810 2810 2811 2812 2814 2812 2811 2811 2813 2814 2813 2811 2815 2815 2816 2813 2811 2810 2817 2817 2815 2811 2821 2818 2819 2819 2820 2821 2823 2821 2820 2820 2822 2823 
						2822 2820 2824 2824 2825 2822 2820 2819 2826 2826 2824 2820 2830 2827 2828 2828 2829 2830 2832 2830 2829 2829 2831 2832 2831 2829 2833 2833 2834 2831 2829 2828 2835 2835 2833 2829 2839 2836 2837 2837 2838 2839 2841 2839 2838 2838 2840 2841 2840 2838 2842 2842 2843 2840 2838 2837 2844 2844 2842 2838 2846 2823 2822 2822 2845 2846 2848 2846 2845 2845 2847 2848 2847 2845 2849 2849 2850 2847 2845 2822 2825 2825 2849 2845 2852 2832 2831 2831 2851 2852 2854 2852 2851 2851 2853 2854 2853 2851 2855 2855 2856 2853 2851 2831 2834 2834 2855 2851 2858 2841 2840 2840 2857 2858 2860 2858 2857 2857 2859 2860 2859 2857 2861 2861 2862 2859 2857 2840 2843 2843 2861 2857 2866 2863 2864 2864 2865 2866 2868 2866 2865 2865 2867 2868 2867 2865 2869 2869 2870 2867 2865 2864 2871 2871 2869 2865 2873 2854 2853 2853 2872 2873 2809 2873 2872 2872 2810 2809 2810 2872 2874 2874 2817 2810 2872 2853 2856 2856 2874 2872 2876 2814 2813 2813 2875 2876 2818 2876 2875 2875 2819 2818 
						2819 2875 2877 2877 2826 2819 2875 2813 2816 2816 2877 2875 2879 2860 2859 2859 2878 2879 2827 2879 2878 2878 2828 2827 2828 2878 2880 2880 2835 2828 2878 2859 2862 2862 2880 2878 2882 2868 2867 2867 2881 2882 2836 2882 2881 2881 2837 2836 2837 2881 2883 2883 2844 2837 2881 2867 2870 2870 2883 2881 2880 2862 2884 2884 2885 2880 2835 2880 2885 2885 2886 2835 2886 2885 2887 2887 2888 2886 2885 2884 2889 2889 2887 2885 2883 2870 2890 2890 2891 2883 2844 2883 2891 2891 2892 2844 2892 2891 2893 2893 2894 2892 2891 2890 2895 2895 2893 2891 2815 2817 2896 2896 2897 2815 2816 2815 2897 2897 2898 2816 2898 2897 2899 2899 2900 2898 2897 2896 2901 2901 2899 2897 2824 2826 2902 2902 2903 2824 2825 2824 2903 2903 2904 2825 2904 2903 2905 2905 2906 2904 2903 2902 2907 2907 2905 2903 2833 2835 2886 2886 2908 2833 2834 2833 2908 2908 2909 2834 2909 2908 2910 2910 2911 2909 2908 2886 2888 2888 2910 2908 2842 2844 2892 2892 2912 2842 2843 2842 2912 2912 2913 2843 
						2913 2912 2914 2914 2915 2913 2912 2892 2894 2894 2914 2912 2849 2825 2904 2904 2916 2849 2850 2849 2916 2916 2917 2850 2917 2916 2918 2918 2919 2917 2916 2904 2906 2906 2918 2916 2855 2834 2909 2909 2920 2855 2856 2855 2920 2920 2921 2856 2921 2920 2922 2922 2923 2921 2920 2909 2911 2911 2922 2920 2861 2843 2913 2913 2924 2861 2862 2861 2924 2924 2884 2862 2884 2924 2925 2925 2889 2884 2924 2913 2915 2915 2925 2924 2869 2871 2926 2926 2927 2869 2870 2869 2927 2927 2890 2870 2890 2927 2928 2928 2895 2890 2927 2926 2929 2929 2928 2927 2874 2856 2921 2921 2930 2874 2817 2874 2930 2930 2896 2817 2896 2930 2931 2931 2901 2896 2930 2921 2923 2923 2931 2930 2877 2816 2898 2898 2932 2877 2826 2877 2932 2932 2902 2826 2902 2932 2933 2933 2907 2902 2932 2898 2900 2900 2933 2932 2937 2934 2935 2935 2936 2937 2939 2937 2936 2936 2938 2939 2938 2936 2940 2940 2941 2938 2936 2935 2942 2942 2940 2936 2946 2943 2944 2944 2945 2946 2948 2946 2945 2945 2947 2948 
						2947 2945 2949 2949 2950 2947 2945 2944 2951 2951 2949 2945 2955 2952 2953 2953 2954 2955 2957 2955 2954 2954 2956 2957 2956 2954 2958 2958 2959 2956 2954 2953 2960 2960 2958 2954 2964 2961 2962 2962 2963 2964 2934 2964 2963 2963 2935 2934 2935 2963 2965 2965 2942 2935 2963 2962 2966 2966 2965 2963 2968 2939 2938 2938 2967 2968 2970 2968 2967 2967 2969 2970 2969 2967 2971 2971 2972 2969 2967 2938 2941 2941 2971 2967 2974 2948 2947 2947 2973 2974 2976 2974 2973 2973 2975 2976 2975 2973 2977 2977 2978 2975 2973 2947 2950 2950 2977 2973 2980 2957 2956 2956 2979 2980 2982 2980 2979 2979 2981 2982 2981 2979 2983 2983 2984 2981 2979 2956 2959 2959 2983 2979 2986 2970 2969 2969 2985 2986 2988 2986 2985 2985 2987 2988 2987 2985 2989 2989 2990 2987 2985 2969 2972 2972 2989 2985 2992 2976 2975 2975 2991 2992 2994 2992 2991 2991 2993 2994 2993 2991 2995 2995 2996 2993 2991 2975 2978 2978 2995 2991 2998 2982 2981 2981 2997 2998 2943 2998 2997 2997 2944 2943 
						2944 2997 2999 2999 2951 2944 2997 2981 2984 2984 2999 2997 3003 3000 3001 3001 3002 3003 2952 3003 3002 3002 2953 2952 2953 3002 3004 3004 2960 2953 3002 3001 3005 3005 3004 3002 3007 2994 2993 2993 3006 3007 2961 3007 3006 3006 2962 2961 2962 3006 3008 3008 2966 2962 3006 2993 2996 2996 3008 3006 3012 3009 3010 3010 3011 3012 3014 3012 3011 3011 3013 3014 3013 3011 3015 3015 3016 3013 3011 3010 3017 3017 3015 3011 3021 3018 3019 3019 3020 3021 3023 3021 3020 3020 3022 3023 3022 3020 3024 3024 3025 3022 3020 3019 3026 3026 3024 3020 3030 3027 3028 3028 3029 3030 3032 3030 3029 3029 3031 3032 3031 3029 3033 3033 3034 3031 3029 3028 3035 3035 3033 3029 3039 3036 3037 3037 3038 3039 3009 3039 3038 3038 3010 3009 3010 3038 3040 3040 3017 3010 3038 3037 3041 3041 3040 3038 3043 3014 3013 3013 3042 3043 3045 3043 3042 3042 3044 3045 3044 3042 3046 3046 3047 3044 3042 3013 3016 3016 3046 3042 3049 3023 3022 3022 3048 3049 3051 3049 3048 3048 3050 3051 
						3050 3048 3052 3052 3053 3050 3048 3022 3025 3025 3052 3048 3055 3032 3031 3031 3054 3055 3057 3055 3054 3054 3056 3057 3056 3054 3058 3058 3059 3056 3054 3031 3034 3034 3058 3054 3061 3045 3044 3044 3060 3061 3063 3061 3060 3060 3062 3063 3062 3060 3064 3064 3065 3062 3060 3044 3047 3047 3064 3060 3067 3051 3050 3050 3066 3067 3069 3067 3066 3066 3068 3069 3068 3066 3070 3070 3071 3068 3066 3050 3053 3053 3070 3066 3073 3057 3056 3056 3072 3073 3018 3073 3072 3072 3019 3018 3019 3072 3074 3074 3026 3019 3072 3056 3059 3059 3074 3072 3078 3075 3076 3076 3077 3078 3027 3078 3077 3077 3028 3027 3028 3077 3079 3079 3035 3028 3077 3076 3080 3080 3079 3077 3082 3069 3068 3068 3081 3082 3036 3082 3081 3081 3037 3036 3037 3081 3083 3083 3041 3037 3081 3068 3071 3071 3083 3081 3087 3084 3085 3085 3086 3087 3024 3026 3088 3088 3089 3024 3093 3090 3091 3091 3092 3093 3096 3089 3094 3094 3095 3096 3079 3080 3097 3097 3098 3079 3101 3098 3099 3099 3100 3101 
						3103 3093 3092 3092 3102 3103 3083 3071 3104 3104 3105 3083 3109 3106 3107 3107 3108 3109 3111 3101 3100 3100 3110 3111 3074 3059 3112 3112 3113 3074 3112 3114 3115 3115 3116 3112 3113 3112 3116 3116 3117 3113 3035 3079 3098 3098 3101 3035 3104 3118 3119 3119 3120 3104 3047 3046 3090 3090 3093 3047 3041 3083 3105 3105 3084 3041 3122 3087 3086 3086 3121 3122 3053 3052 3123 3123 3124 3053 3026 3074 3113 3113 3088 3026 3114 3125 3126 3126 3115 3114 3034 3033 3111 3111 3125 3034 3065 3064 3103 3103 3127 3065 3058 3034 3125 3125 3114 3058 3016 3015 3106 3106 3109 3016 3071 3070 3118 3118 3104 3071 3046 3016 3109 3109 3090 3046 3033 3035 3101 3101 3111 3033 3064 3047 3093 3093 3103 3064 3052 3025 3096 3096 3123 3052 3015 3017 3122 3122 3106 3015 3059 3058 3114 3114 3112 3059 3017 3040 3087 3087 3122 3017 3040 3041 3084 3084 3087 3040 3070 3053 3124 3124 3118 3070 3025 3024 3089 3089 3096 3025 2705 2707 3128 3128 3129 2705 2706 2705 3129 3129 3130 2706 
						3130 3129 2807 2807 2761 3130 3129 3128 2794 2794 2807 3129 2730 2731 3131 3131 3132 2730 2701 2730 3132 3132 3133 2701 3133 3132 2803 2803 2752 3133 3132 3131 2800 2800 2803 3132 2693 2695 3134 3134 3135 2693 2694 2693 3135 3135 3136 2694 3136 3135 2798 2798 2743 3136 3135 3134 2782 2782 2798 3135 2733 2727 3137 3137 3138 2733 2707 2733 3138 3138 3128 2707 3128 3138 2792 2792 2794 3128 3138 3137 2776 2776 2792 3138 2722 2711 3139 3139 3140 2722 2723 2722 3140 3140 3141 2723 3141 3140 2786 2786 2788 3141 3140 3139 2770 2770 2786 3140 2717 2700 3142 3142 3143 2717 2695 2717 3143 3143 3134 2695 3134 3143 2780 2780 2782 3134 3143 3142 2757 2757 2780 3143 2726 2715 3144 3144 3145 2726 2727 2726 3145 3145 3137 2727 3137 3145 2774 2774 2776 3137 3145 3144 2748 2748 2774 3145 2710 2688 3146 3146 3147 2710 2711 2710 3147 3147 3139 2711 3139 3147 2768 2768 2770 3139 3147 3146 2739 2739 2768 3147 2719 2706 3130 3130 3148 2719 2689 2719 3148 3148 3149 2689 
						3149 3148 2764 2764 2734 3149 3148 3130 2761 2761 2764 3148 2699 2701 3133 3133 3150 2699 2700 2699 3150 3150 3142 2700 3142 3150 2755 2755 2757 3142 3150 3133 2752 2752 2755 3150 2714 2694 3136 3136 3151 2714 2715 2714 3151 3151 3144 2715 3144 3151 2746 2746 2748 3144 3151 3136 2743 2743 2746 3151 2687 2689 3149 3149 3152 2687 2688 2687 3152 3152 3146 2688 3146 3152 2737 2737 2739 3146 3152 3149 2734 2734 2737 3152 2758 2760 3153 3153 3154 2758 2759 2758 3154 3154 3155 2759 3155 3154 2882 2882 2836 3155 3154 3153 2868 2868 2882 3154 2749 2751 3156 3156 3157 2749 2750 2749 3157 3157 3158 2750 3158 3157 2879 2879 2827 3158 3157 3156 2860 2860 2879 3157 2740 2742 3159 3159 3160 2740 2741 2740 3160 3160 3161 2741 3161 3160 2876 2876 2818 3161 3160 3159 2814 2814 2876 3160 2808 2796 3162 3162 3163 2808 2766 2808 3163 3163 3164 2766 3164 3163 2873 2873 2809 3164 3163 3162 2854 2854 2873 3163 2804 2805 3165 3165 3166 2804 2760 2804 3166 3166 3153 2760 
						3153 3166 2866 2866 2868 3153 3166 3165 2863 2863 2866 3166 2799 2784 3167 3167 3168 2799 2751 2799 3168 3168 3156 2751 3156 3168 2858 2858 2860 3156 3168 3167 2841 2841 2858 3168 2795 2778 3169 3169 3170 2795 2796 2795 3170 3170 3162 2796 3162 3170 2852 2852 2854 3162 3170 3169 2832 2832 2852 3170 2789 2772 3171 3171 3172 2789 2790 2789 3172 3172 3173 2790 3173 3172 2846 2846 2848 3173 3172 3171 2823 2823 2846 3172 2783 2759 3155 3155 3174 2783 2784 2783 3174 3174 3167 2784 3167 3174 2839 2839 2841 3167 3174 3155 2836 2836 2839 3174 2777 2750 3158 3158 3175 2777 2778 2777 3175 3175 3169 2778 3169 3175 2830 2830 2832 3169 3175 3158 2827 2827 2830 3175 2771 2741 3161 3161 3176 2771 2772 2771 3176 3176 3171 2772 3171 3176 2821 2821 2823 3171 3176 3161 2818 2818 2821 3176 2765 2766 3164 3164 3177 2765 2742 2765 3177 3177 3159 2742 3159 3177 2812 2812 2814 3159 3177 3164 2809 2809 2812 3177 2931 2923 3178 3178 3179 2931 2901 2931 3179 3179 3180 2901 
						3180 3179 3007 3007 2961 3180 3179 3178 2994 2994 3007 3179 2928 2929 3181 3181 3182 2928 2895 2928 3182 3182 3183 2895 3183 3182 3003 3003 2952 3183 3182 3181 3000 3000 3003 3182 2925 2915 3184 3184 3185 2925 2889 2925 3185 3185 3186 2889 3186 3185 2998 2998 2943 3186 3185 3184 2982 2982 2998 3185 2922 2911 3187 3187 3188 2922 2923 2922 3188 3188 3178 2923 3178 3188 2992 2992 2994 3178 3188 3187 2976 2976 2992 3188 2918 2906 3189 3189 3190 2918 2919 2918 3190 3190 3191 2919 3191 3190 2986 2986 2988 3191 3190 3189 2970 2970 2986 3190 2914 2894 3192 3192 3193 2914 2915 2914 3193 3193 3184 2915 3184 3193 2980 2980 2982 3184 3193 3192 2957 2957 2980 3193 2910 2888 3194 3194 3195 2910 2911 2910 3195 3195 3187 2911 3187 3195 2974 2974 2976 3187 3195 3194 2948 2948 2974 3195 2905 2907 3196 3196 3197 2905 2906 2905 3197 3197 3189 2906 3189 3197 2968 2968 2970 3189 3197 3196 2939 2939 2968 3197 2899 2901 3180 3180 3198 2899 2900 2899 3198 3198 3199 2900 
						3199 3198 2964 2964 2934 3199 3198 3180 2961 2961 2964 3198 2893 2895 3183 3183 3200 2893 2894 2893 3200 3200 3192 2894 3192 3200 2955 2955 2957 3192 3200 3183 2952 2952 2955 3200 2887 2889 3186 3186 3201 2887 2888 2887 3201 3201 3194 2888 3194 3201 2946 2946 2948 3194 3201 3186 2943 2943 2946 3201 2933 2900 3199 3199 3202 2933 2907 2933 3202 3202 3196 2907 3196 3202 2937 2937 2939 3196 3202 3199 2934 2934 2937 3202 3008 2996 3203 3203 3204 3008 2966 3008 3204 3204 3205 2966 3205 3204 3082 3082 3036 3205 3204 3203 3069 3069 3082 3204 3004 3005 3206 3206 3207 3004 2960 3004 3207 3207 3208 2960 3208 3207 3078 3078 3027 3208 3207 3206 3075 3075 3078 3207 2999 2984 3209 3209 3210 2999 2951 2999 3210 3210 3211 2951 3211 3210 3073 3073 3018 3211 3210 3209 3057 3057 3073 3210 2995 2978 3212 3212 3213 2995 2996 2995 3213 3213 3203 2996 3203 3213 3067 3067 3069 3203 3213 3212 3051 3051 3067 3213 2989 2972 3214 3214 3215 2989 2990 2989 3215 3215 3216 2990 
						3216 3215 3061 3061 3063 3216 3215 3214 3045 3045 3061 3215 2983 2959 3217 3217 3218 2983 2984 2983 3218 3218 3209 2984 3209 3218 3055 3055 3057 3209 3218 3217 3032 3032 3055 3218 2977 2950 3219 3219 3220 2977 2978 2977 3220 3220 3212 2978 3212 3220 3049 3049 3051 3212 3220 3219 3023 3023 3049 3220 2971 2941 3221 3221 3222 2971 2972 2971 3222 3222 3214 2972 3214 3222 3043 3043 3045 3214 3222 3221 3014 3014 3043 3222 2965 2966 3205 3205 3223 2965 2942 2965 3223 3223 3224 2942 3224 3223 3039 3039 3009 3224 3223 3205 3036 3036 3039 3223 2958 2960 3208 3208 3225 2958 2959 2958 3225 3225 3217 2959 3217 3225 3030 3030 3032 3217 3225 3208 3027 3027 3030 3225 2949 2951 3211 3211 3226 2949 2950 2949 3226 3226 3219 2950 3219 3226 3021 3021 3023 3219 3226 3211 3018 3018 3021 3226 2940 2942 3224 3224 3227 2940 2941 2940 3227 3227 3221 2941 3221 3227 3012 3012 3014 3221 3227 3224 3009 3009 3012 3227 3231 3228 3229 3229 3230 3231 3230 3229 3232 3232 3233 3230 
						3233 3232 3234 3234 3235 3233 3235 3234 3236 3236 3237 3235 3241 3238 3239 3239 3240 3241 3240 3239 3242 3242 3243 3240 3243 3242 3244 3244 3245 3243 3245 3244 3246 3246 3247 3245 3247 3246 3248 3248 3249 3247 3249 3248 3250 3250 3251 3249 3251 3250 3252 3252 3253 3251 3253 3252 3228 3228 3231 3253 3118 3124 3254 3254 3119 3118 3089 3088 3255 3255 3094 3089 3125 3111 3110 3110 3126 3125 3084 3105 3256 3256 3085 3084 3098 3097 3257 3257 3099 3098 3124 3123 3258 3258 3254 3124 3090 3109 3108 3108 3091 3090 3088 3113 3117 3117 3255 3088 3106 3122 3121 3121 3107 3106 3105 3104 3120 3120 3256 3105 3127 3103 3102 3102 3259 3127 3123 3096 3095 3095 3258 3123 3108 3260 3091 3099 3260 3100 3256 3260 3085 3255 3260 3094 3110 3260 3126 3091 3260 3092 3257 3260 3099 3254 3260 3119 3258 3260 3254 3085 3260 3086 3117 3260 3255 3107 3260 3108 3121 3260 3107 3115 3260 3116 3102 3260 3259 3119 3260 3120 3095 3260 3258 3086 3260 3121 3116 3260 3117 3126 3260 3115 
						3100 3260 3110 3092 3260 3102 3120 3260 3256 3094 3260 3095 3264 3261 3262 3262 3263 3264 3267 3265 3266 3266 3264 3267 3263 3268 3269 3269 3264 3263 3272 3270 3271 3271 3264 3272 3266 3273 3274 3274 3264 3266 3269 3275 3276 3276 3264 3269 3271 3277 3278 3278 3264 3271 3280 3279 3272 3272 3264 3280 3282 3281 3261 3261 3264 3282 3276 3283 3280 3280 3264 3276 3278 3284 3267 3267 3264 3278 3264 3274 3285 3285 3282 3264 3289 3286 3287 3287 3288 3289 3292 3290 3291 3291 3287 3292 3294 3293 3288 3288 3287 3294 3297 3295 3296 3296 3287 3297 3299 3298 3292 3292 3287 3299 3301 3300 3294 3294 3287 3301 3303 3302 3297 3297 3287 3303 3296 3304 3305 3305 3287 3296 3286 3306 3307 3307 3287 3286 3305 3308 3301 3301 3287 3305 3291 3309 3303 3303 3287 3291 3310 3299 3287 3287 3307 3310 3314 3311 3312 3312 3313 3314 3318 3315 3316 3316 3317 3318 3322 3319 3320 3320 3321 3322 3326 3323 3324 3324 3325 3326 3330 3327 3328 3328 3329 3330 3334 3331 3332 3332 3333 3334 
						3338 3335 3336 3336 3337 3338 3342 3339 3340 3340 3341 3342 3346 3343 3344 3344 3345 3346 3350 3347 3348 3348 3349 3350 3330 3329 3351 3351 3352 3330 3352 3351 3353 3353 3354 3352 3350 3349 3355 3355 3356 3350 3356 3355 3357 3357 3358 3356 3362 3359 3360 3360 3361 3362 3366 3363 3364 3364 3365 3366 3368 3346 3345 3345 3367 3368 3370 3342 3341 3341 3369 3370 3372 3338 3337 3337 3371 3372 3343 3326 3325 3325 3344 3343 3323 3373 3374 3374 3324 3323 3335 3362 3361 3361 3336 3335 3319 3368 3367 3367 3320 3319 3359 3370 3369 3369 3360 3359 3378 3375 3376 3376 3377 3378 3382 3379 3380 3380 3381 3382 3386 3383 3384 3384 3385 3386 3390 3387 3388 3388 3389 3390 3394 3391 3392 3392 3393 3394 3398 3395 3396 3396 3397 3398 3402 3399 3400 3400 3401 3402 3406 3403 3404 3404 3405 3406 3410 3407 3408 3408 3409 3410 3414 3411 3412 3412 3413 3414 3416 3393 3392 3392 3415 3416 3418 3416 3415 3415 3417 3418 3420 3413 3412 3412 3419 3420 3422 3420 3419 3419 3421 3422 
						3426 3423 3424 3424 3425 3426 3430 3427 3428 3428 3429 3430 3409 3408 3431 3431 3432 3409 3405 3404 3433 3433 3434 3405 3401 3400 3435 3435 3436 3401 3389 3388 3407 3407 3410 3389 3438 3437 3387 3387 3390 3438 3425 3424 3399 3399 3402 3425 3432 3431 3383 3383 3386 3432 3434 3433 3423 3423 3426 3434 3440 3439 3311 3311 3314 3440 3442 3441 3439 3439 3440 3442 3444 3443 3441 3441 3442 3444 3446 3445 3443 3443 3444 3446 3448 3447 3445 3445 3446 3448 3450 3449 3447 3447 3448 3450 3452 3451 3449 3449 3450 3452 3454 3453 3451 3451 3452 3454 3456 3455 3453 3453 3454 3456 3458 3457 3455 3455 3456 3458 3460 3459 3457 3457 3458 3460 3464 3461 3462 3462 3463 3464 3466 3465 3461 3461 3464 3466 3468 3467 3465 3465 3466 3468 3313 3312 3467 3467 3468 3313 3472 3469 3470 3470 3471 3472 3476 3473 3474 3474 3475 3476 3480 3477 3478 3478 3479 3480 3484 3481 3482 3482 3483 3484 3488 3485 3486 3486 3487 3488 3492 3489 3490 3490 3491 3492 3496 3493 3494 3494 3495 3496 
						3500 3497 3498 3498 3499 3500 3504 3501 3502 3502 3503 3504 3506 3483 3482 3482 3505 3506 3508 3506 3505 3505 3507 3508 3510 3503 3502 3502 3509 3510 3512 3510 3509 3509 3511 3512 3516 3513 3514 3514 3515 3516 3520 3517 3518 3518 3519 3520 3499 3498 3521 3521 3522 3499 3495 3494 3523 3523 3524 3495 3491 3490 3525 3525 3526 3491 3479 3478 3497 3497 3500 3479 3528 3527 3477 3477 3480 3528 3515 3514 3489 3489 3492 3515 3522 3521 3473 3473 3476 3522 3524 3523 3513 3513 3516 3524 3378 3377 3529 3529 3530 3378 3530 3529 3531 3531 3532 3530 3536 3533 3534 3534 3535 3536 3540 3537 3538 3538 3539 3540 3544 3541 3542 3542 3543 3544 3548 3545 3546 3546 3547 3548 3552 3549 3550 3550 3551 3552 3551 3550 3553 3553 3554 3551 3554 3553 3555 3555 3556 3554 3560 3557 3558 3558 3559 3560 3564 3561 3562 3562 3563 3564 3568 3565 3566 3566 3567 3568 3572 3569 3570 3570 3571 3572 3576 3573 3574 3574 3575 3576 3578 3577 3376 3376 3375 3578 3582 3579 3580 3580 3581 3582 
						3586 3583 3584 3584 3585 3586 3529 3377 3587 3587 3588 3529 3592 3589 3590 3590 3591 3592 3596 3593 3594 3594 3595 3596 3600 3597 3598 3598 3599 3600 3553 3550 3601 3601 3602 3553 3605 3531 3603 3603 3604 3605 3609 3606 3607 3607 3608 3609 3592 3591 3610 3610 3611 3592 3611 3610 3612 3612 3613 3611 3609 3608 3614 3614 3615 3609 3615 3614 3616 3616 3617 3615 3621 3618 3619 3619 3620 3621 3625 3622 3623 3623 3624 3625 3627 3605 3604 3604 3626 3627 3555 3553 3602 3602 3628 3555 3631 3600 3629 3629 3630 3631 3531 3529 3588 3588 3603 3531 3377 3376 3632 3632 3587 3377 3597 3621 3620 3620 3598 3597 3583 3627 3626 3626 3633 3583 3618 3555 3628 3628 3619 3618 3637 3634 3635 3635 3636 3637 3639 3637 3636 3636 3638 3639 3641 3639 3638 3638 3640 3641 3643 3641 3640 3640 3642 3643 3647 3644 3645 3645 3646 3647 3649 3647 3646 3646 3648 3649 3651 3649 3648 3648 3650 3651 3653 3651 3650 3650 3652 3653 3655 3653 3652 3652 3654 3655 3657 3655 3654 3654 3656 3657 
						3659 3657 3656 3656 3658 3659 3661 3659 3658 3658 3660 3661 3663 3661 3660 3660 3662 3663 3665 3663 3662 3662 3664 3665 3667 3665 3664 3664 3666 3667 3634 3667 3666 3666 3635 3634 3669 3659 3661 3661 3668 3669 3668 3661 3663 3663 3670 3668 3670 3663 3665 3665 3671 3670 3671 3665 3667 3667 3672 3671 3672 3667 3634 3634 3673 3672 3673 3634 3637 3637 3674 3673 3674 3637 3639 3639 3675 3674 3675 3639 3641 3641 3676 3675 3676 3641 3643 3643 3677 3676 3679 3644 3647 3647 3678 3679 3678 3647 3649 3649 3680 3678 3680 3649 3651 3651 3681 3680 3681 3651 3653 3653 3682 3681 3682 3653 3655 3655 3683 3682 3683 3655 3657 3657 3684 3683 3684 3657 3659 3659 3669 3684 3686 3683 3684 3684 3685 3686 3688 3686 3685 3685 3687 3688 3690 3688 3687 3687 3689 3690 3692 3690 3689 3689 3691 3692 3694 3692 3691 3691 3693 3694 3695 3682 3683 3683 3686 3695 3696 3695 3686 3686 3688 3696 3697 3696 3688 3688 3690 3697 3698 3697 3690 3690 3692 3698 3699 3698 3692 3692 3694 3699 
						3700 3681 3682 3682 3695 3700 3701 3700 3695 3695 3696 3701 3702 3701 3696 3696 3697 3702 3703 3702 3697 3697 3698 3703 3704 3703 3698 3698 3699 3704 3705 3680 3681 3681 3700 3705 3706 3705 3700 3700 3701 3706 3707 3706 3701 3701 3702 3707 3708 3707 3702 3702 3703 3708 3709 3708 3703 3703 3704 3709 3710 3678 3680 3680 3705 3710 3711 3710 3705 3705 3706 3711 3712 3711 3706 3706 3707 3712 3713 3712 3707 3707 3708 3713 3714 3713 3708 3708 3709 3714 3715 3679 3678 3678 3710 3715 3715 3710 3711 3716 3715 3711 3711 3712 3716 3717 3716 3712 3712 3713 3717 3718 3717 3713 3713 3714 3718 3720 3676 3677 3677 3719 3720 3720 3719 3721 3723 3721 3719 3719 3722 3723 3725 3723 3722 3722 3724 3725 3727 3725 3724 3724 3726 3727 3728 3675 3676 3676 3720 3728 3729 3728 3720 3720 3721 3729 3730 3729 3721 3721 3723 3730 3731 3730 3723 3723 3725 3731 3732 3731 3725 3725 3727 3732 3733 3674 3675 3675 3728 3733 3734 3733 3728 3728 3729 3734 3735 3734 3729 3729 3730 3735 
						3736 3735 3730 3730 3731 3736 3737 3736 3731 3731 3732 3737 3738 3673 3674 3674 3733 3738 3739 3738 3733 3733 3734 3739 3740 3739 3734 3734 3735 3740 3741 3740 3735 3735 3736 3741 3742 3741 3736 3736 3737 3742 3743 3672 3673 3673 3738 3743 3744 3743 3738 3738 3739 3744 3745 3744 3739 3739 3740 3745 3746 3745 3740 3740 3741 3746 3747 3746 3741 3741 3742 3747 3748 3671 3672 3672 3743 3748 3749 3748 3743 3743 3744 3749 3750 3749 3744 3744 3745 3750 3751 3750 3745 3745 3746 3751 3752 3751 3746 3746 3747 3752 3753 3670 3671 3671 3748 3753 3754 3753 3748 3748 3749 3754 3755 3754 3749 3749 3750 3755 3756 3755 3750 3750 3751 3756 3757 3756 3751 3751 3752 3757 3758 3668 3670 3670 3753 3758 3759 3758 3753 3753 3754 3759 3760 3759 3754 3754 3755 3760 3761 3760 3755 3755 3756 3761 3762 3761 3756 3756 3757 3762 3763 3669 3668 3668 3758 3763 3764 3763 3758 3758 3759 3764 3765 3764 3759 3759 3760 3765 3766 3765 3760 3760 3761 3766 3767 3766 3761 3761 3762 3767 
						3685 3684 3669 3669 3763 3685 3687 3685 3763 3763 3764 3687 3689 3687 3764 3764 3765 3689 3691 3689 3765 3765 3766 3691 3693 3691 3766 3766 3767 3693 3769 3768 3693 3693 3767 3769 3770 3769 3767 3767 3762 3770 3771 3770 3762 3762 3757 3771 3772 3771 3757 3757 3752 3772 3773 3772 3752 3752 3747 3773 3774 3773 3747 3747 3742 3774 3775 3774 3742 3742 3737 3775 3776 3775 3737 3737 3732 3776 3777 3776 3732 3732 3727 3777 3778 3777 3727 3727 3726 3778 3780 3779 3718 3718 3714 3780 3781 3780 3714 3714 3709 3781 3782 3781 3709 3709 3704 3782 3783 3782 3704 3704 3699 3783 3784 3783 3699 3699 3694 3784 3768 3784 3694 3694 3693 3768 3788 3785 3786 3786 3787 3788 3791 3789 3790 3790 3788 3791 3788 3792 3793 3793 3794 3788 3788 3795 3796 3796 3785 3788 3798 3797 3791 3791 3788 3798 3787 3799 3798 3798 3788 3787 3790 3800 3792 3792 3788 3790 3788 3794 3801 3801 3795 3788 3805 3802 3803 3803 3804 3805 3809 3806 3807 3807 3808 3809 3811 3809 3808 3808 3810 3811 
						3813 3811 3810 3810 3812 3813 3815 3813 3812 3812 3814 3815 3817 3815 3814 3814 3816 3817 3819 3817 3816 3816 3818 3819 3821 3819 3818 3818 3820 3821 3823 3821 3820 3820 3822 3823 3825 3823 3822 3822 3824 3825 3827 3825 3824 3824 3826 3827 3829 3827 3826 3826 3828 3829 3831 3829 3828 3828 3830 3831 3833 3831 3830 3830 3832 3833 3835 3833 3832 3832 3834 3835 3802 3835 3834 3834 3803 3802 3837 3812 3810 3810 3836 3837 3836 3810 3808 3808 3838 3836 3838 3808 3807 3807 3839 3838 3841 3804 3803 3803 3840 3841 3840 3803 3834 3834 3842 3840 3842 3834 3832 3832 3843 3842 3843 3832 3830 3830 3844 3843 3844 3830 3828 3828 3845 3844 3845 3828 3826 3826 3846 3845 3846 3826 3824 3824 3847 3846 3847 3824 3822 3822 3848 3847 3848 3822 3820 3820 3849 3848 3849 3820 3818 3818 3850 3849 3850 3818 3816 3816 3851 3850 3851 3816 3814 3814 3852 3851 3852 3814 3812 3812 3837 3852 3854 3851 3852 3852 3853 3854 3856 3854 3853 3853 3855 3856 3858 3856 3855 3855 3857 3858 
						3860 3858 3857 3857 3859 3860 3666 3860 3859 3859 3635 3666 3861 3850 3851 3851 3854 3861 3862 3861 3854 3854 3856 3862 3863 3862 3856 3856 3858 3863 3864 3863 3858 3858 3860 3864 3664 3864 3860 3860 3666 3664 3865 3849 3850 3850 3861 3865 3866 3865 3861 3861 3862 3866 3867 3866 3862 3862 3863 3867 3868 3867 3863 3863 3864 3868 3662 3868 3864 3864 3664 3662 3869 3848 3849 3849 3865 3869 3870 3869 3865 3865 3866 3870 3871 3870 3866 3866 3867 3871 3872 3871 3867 3867 3868 3872 3660 3872 3868 3868 3662 3660 3873 3847 3848 3848 3869 3873 3874 3873 3869 3869 3870 3874 3875 3874 3870 3870 3871 3875 3876 3875 3871 3871 3872 3876 3658 3876 3872 3872 3660 3658 3877 3846 3847 3847 3873 3877 3878 3877 3873 3873 3874 3878 3879 3878 3874 3874 3875 3879 3880 3879 3875 3875 3876 3880 3656 3880 3876 3876 3658 3656 3881 3845 3846 3846 3877 3881 3882 3881 3877 3877 3878 3882 3883 3882 3878 3878 3879 3883 3884 3883 3879 3879 3880 3884 3654 3884 3880 3880 3656 3654 
						3885 3844 3845 3845 3881 3885 3886 3885 3881 3881 3882 3886 3887 3886 3882 3882 3883 3887 3888 3887 3883 3883 3884 3888 3652 3888 3884 3884 3654 3652 3889 3843 3844 3844 3885 3889 3890 3889 3885 3885 3886 3890 3891 3890 3886 3886 3887 3891 3892 3891 3887 3887 3888 3892 3650 3892 3888 3888 3652 3650 3893 3842 3843 3843 3889 3893 3894 3893 3889 3889 3890 3894 3895 3894 3890 3890 3891 3895 3896 3895 3891 3891 3892 3896 3648 3896 3892 3892 3650 3648 3897 3840 3842 3842 3893 3897 3898 3897 3893 3893 3894 3898 3899 3898 3894 3894 3895 3899 3900 3899 3895 3895 3896 3900 3646 3900 3896 3896 3648 3646 3901 3841 3840 3840 3897 3901 3901 3897 3898 3902 3901 3898 3898 3899 3902 3903 3902 3899 3899 3900 3903 3645 3903 3900 3900 3646 3645 3905 3838 3839 3839 3904 3905 3905 3904 3906 3908 3906 3904 3904 3907 3908 3910 3908 3907 3907 3909 3910 3640 3910 3909 3909 3642 3640 3911 3836 3838 3838 3905 3911 3912 3911 3905 3905 3906 3912 3913 3912 3906 3906 3908 3913 
						3914 3913 3908 3908 3910 3914 3638 3914 3910 3910 3640 3638 3915 3837 3836 3836 3911 3915 3916 3915 3911 3911 3912 3916 3917 3916 3912 3912 3913 3917 3918 3917 3913 3913 3914 3918 3636 3918 3914 3914 3638 3636 3853 3852 3837 3837 3915 3853 3855 3853 3915 3915 3916 3855 3857 3855 3916 3916 3917 3857 3859 3857 3917 3917 3918 3859 3635 3859 3918 3918 3636 3635 3922 3919 3920 3920 3921 3922 3921 3920 3923 3923 3924 3921 3924 3923 3925 3925 3926 3924 3926 3925 3927 3927 3928 3926 3932 3929 3930 3930 3931 3932 3931 3930 3933 3933 3934 3931 3934 3933 3935 3935 3936 3934 3936 3935 3937 3937 3938 3936 3938 3937 3939 3939 3940 3938 3940 3939 3941 3941 3942 3940 3942 3941 3943 3943 3944 3942 3944 3943 3945 3945 3946 3944 3946 3945 3947 3947 3948 3946 3948 3947 3949 3949 3950 3948 3950 3949 3951 3951 3952 3950 3952 3951 3919 3919 3922 3952 3945 3943 3953 3953 3954 3945 3947 3945 3954 3954 3955 3947 3949 3947 3955 3955 3956 3949 3951 3949 3956 3956 3957 3951 
						3919 3951 3957 3957 3958 3919 3920 3919 3958 3958 3959 3920 3923 3920 3959 3959 3960 3923 3925 3923 3960 3960 3961 3925 3927 3925 3961 3961 3962 3927 3930 3929 3963 3963 3964 3930 3933 3930 3964 3964 3965 3933 3935 3933 3965 3965 3966 3935 3937 3935 3966 3966 3967 3937 3939 3937 3967 3967 3968 3939 3941 3939 3968 3968 3969 3941 3943 3941 3969 3969 3953 3943 3969 3968 3970 3970 3971 3969 3971 3970 3972 3972 3973 3971 3973 3972 3974 3974 3975 3973 3975 3974 3976 3976 3977 3975 3977 3976 3978 3978 3979 3977 3968 3967 3980 3980 3970 3968 3970 3980 3981 3981 3972 3970 3972 3981 3982 3982 3974 3972 3974 3982 3983 3983 3976 3974 3976 3983 3984 3984 3978 3976 3967 3966 3985 3985 3980 3967 3980 3985 3986 3986 3981 3980 3981 3986 3987 3987 3982 3981 3982 3987 3988 3988 3983 3982 3983 3988 3989 3989 3984 3983 3966 3965 3990 3990 3985 3966 3985 3990 3991 3991 3986 3985 3986 3991 3992 3992 3987 3986 3987 3992 3993 3993 3988 3987 3988 3993 3994 3994 3989 3988 
						3965 3964 3995 3995 3990 3965 3990 3995 3996 3996 3991 3990 3991 3996 3997 3997 3992 3991 3992 3997 3998 3998 3993 3992 3993 3998 3999 3999 3994 3993 3964 3963 4000 4000 3995 3964 4000 3996 3995 3996 4000 4001 4001 3997 3996 3997 4001 4002 4002 3998 3997 3998 4002 4003 4003 3999 3998 3962 3961 4004 4004 4005 3962 4004 4006 4005 4005 4006 4007 4007 4008 4005 4008 4007 4009 4009 4010 4008 4010 4009 4011 4011 4012 4010 3961 3960 4013 4013 4004 3961 4004 4013 4014 4014 4006 4004 4006 4014 4015 4015 4007 4006 4007 4015 4016 4016 4009 4007 4009 4016 4017 4017 4011 4009 3960 3959 4018 4018 4013 3960 4013 4018 4019 4019 4014 4013 4014 4019 4020 4020 4015 4014 4015 4020 4021 4021 4016 4015 4016 4021 4022 4022 4017 4016 3959 3958 4023 4023 4018 3959 4018 4023 4024 4024 4019 4018 4019 4024 4025 4025 4020 4019 4020 4025 4026 4026 4021 4020 4021 4026 4027 4027 4022 4021 3958 3957 4028 4028 4023 3958 4023 4028 4029 4029 4024 4023 4024 4029 4030 4030 4025 4024 
						4025 4030 4031 4031 4026 4025 4026 4031 4032 4032 4027 4026 3957 3956 4033 4033 4028 3957 4028 4033 4034 4034 4029 4028 4029 4034 4035 4035 4030 4029 4030 4035 4036 4036 4031 4030 4031 4036 4037 4037 4032 4031 3956 3955 4038 4038 4033 3956 4033 4038 4039 4039 4034 4033 4034 4039 4040 4040 4035 4034 4035 4040 4041 4041 4036 4035 4036 4041 4042 4042 4037 4036 3955 3954 4043 4043 4038 3955 4038 4043 4044 4044 4039 4038 4039 4044 4045 4045 4040 4039 4040 4045 4046 4046 4041 4040 4041 4046 4047 4047 4042 4041 3954 3953 4048 4048 4043 3954 4043 4048 4049 4049 4044 4043 4044 4049 4050 4050 4045 4044 4045 4050 4051 4051 4046 4045 4046 4051 4052 4052 4047 4046 3953 3969 3971 3971 4048 3953 4048 3971 3973 3973 4049 4048 4049 3973 3975 3975 4050 4049 4050 3975 3977 3977 4051 4050 4051 3977 3979 3979 4052 4051 3979 4053 4054 4054 4052 3979 4052 4054 4055 4055 4047 4052 4047 4055 4056 4056 4042 4047 4042 4056 4057 4057 4037 4042 4037 4057 4058 4058 4032 4037 
						4032 4058 4059 4059 4027 4032 4027 4059 4060 4060 4022 4027 4022 4060 4061 4061 4017 4022 4017 4061 4062 4062 4011 4017 4011 4062 4063 4063 4012 4011 4003 4064 4065 4065 3999 4003 3999 4065 4066 4066 3994 3999 3994 4066 4067 4067 3989 3994 3989 4067 4068 4068 3984 3989 3984 4068 4069 4069 3978 3984 3978 4069 4053 4053 3979 3978 4073 4070 4071 4071 4072 4073 4076 4074 4075 4075 4071 4076 4079 4077 4071 4071 4078 4079 4081 4080 4071 4071 4070 4081 4075 4082 4083 4083 4071 4075 4083 4084 4072 4072 4071 4083 4077 4085 4076 4076 4071 4077 4086 4078 4071 4071 4080 4086 4090 4087 4088 4088 4089 4090 4094 4091 4092 4092 4093 4094 4093 4092 4095 4095 4096 4093 4096 4095 4097 4097 4098 4096 4098 4097 4099 4099 4100 4098 4100 4099 4101 4101 4102 4100 4102 4101 4103 4103 4104 4102 4104 4103 4105 4105 4106 4104 4106 4105 4107 4107 4108 4106 4108 4107 4109 4109 4110 4108 4110 4109 4111 4111 4112 4110 4112 4111 4113 4113 4114 4112 4114 4113 4115 4115 4116 4114 
						4116 4115 4117 4117 4118 4116 4118 4117 4119 4119 4120 4118 4120 4119 4087 4087 4090 4120 4096 4098 4121 4121 4122 4096 4093 4096 4122 4122 4123 4093 4094 4093 4123 4123 4124 4094 4090 4089 4125 4125 4126 4090 4120 4090 4126 4126 4127 4120 4118 4120 4127 4127 4128 4118 4116 4118 4128 4128 4129 4116 4114 4116 4129 4129 4130 4114 4112 4114 4130 4130 4131 4112 4110 4112 4131 4131 4132 4110 4108 4110 4132 4132 4133 4108 4106 4108 4133 4133 4134 4106 4104 4106 4134 4134 4135 4104 4102 4104 4135 4135 4136 4102 4100 4102 4136 4136 4137 4100 4098 4100 4137 4137 4121 4098 4137 4136 4138 4138 4139 4137 4139 4138 4140 4140 4141 4139 4141 4140 4142 4142 4143 4141 4143 4142 4144 4144 4145 4143 4145 4144 3952 3952 3922 4145 4136 4135 4146 4146 4138 4136 4138 4146 4147 4147 4140 4138 4140 4147 4148 4148 4142 4140 4142 4148 4149 4149 4144 4142 4144 4149 3950 3950 3952 4144 4135 4134 4150 4150 4146 4135 4146 4150 4151 4151 4147 4146 4147 4151 4152 4152 4148 4147 
						4148 4152 4153 4153 4149 4148 4149 4153 3948 3948 3950 4149 4134 4133 4154 4154 4150 4134 4150 4154 4155 4155 4151 4150 4151 4155 4156 4156 4152 4151 4152 4156 4157 4157 4153 4152 4153 4157 3946 3946 3948 4153 4133 4132 4158 4158 4154 4133 4154 4158 4159 4159 4155 4154 4155 4159 4160 4160 4156 4155 4156 4160 4161 4161 4157 4156 4157 4161 3944 3944 3946 4157 4132 4131 4162 4162 4158 4132 4158 4162 4163 4163 4159 4158 4159 4163 4164 4164 4160 4159 4160 4164 4165 4165 4161 4160 4161 4165 3942 3942 3944 4161 4131 4130 4166 4166 4162 4131 4162 4166 4167 4167 4163 4162 4163 4167 4168 4168 4164 4163 4164 4168 4169 4169 4165 4164 4165 4169 3940 3940 3942 4165 4130 4129 4170 4170 4166 4130 4166 4170 4171 4171 4167 4166 4167 4171 4172 4172 4168 4167 4168 4172 4173 4173 4169 4168 4169 4173 3938 3938 3940 4169 4129 4128 4174 4174 4170 4129 4170 4174 4175 4175 4171 4170 4171 4175 4176 4176 4172 4171 4172 4176 4177 4177 4173 4172 4173 4177 3936 3936 3938 4173 
						4128 4127 4178 4178 4174 4128 4174 4178 4179 4179 4175 4174 4175 4179 4180 4180 4176 4175 4176 4180 4181 4181 4177 4176 4177 4181 3934 3934 3936 4177 4127 4126 4182 4182 4178 4127 4178 4182 4183 4183 4179 4178 4179 4183 4184 4184 4180 4179 4180 4184 4185 4185 4181 4180 4181 4185 3931 3931 3934 4181 4126 4125 4186 4186 4182 4126 4186 4183 4182 4183 4186 4187 4187 4184 4183 4184 4187 4188 4188 4185 4184 4185 4188 3932 3932 3931 4185 4124 4123 4189 4189 4190 4124 4189 4191 4190 4190 4191 4192 4192 4193 4190 4193 4192 4194 4194 4195 4193 4195 4194 3926 3926 3928 4195 4123 4122 4196 4196 4189 4123 4189 4196 4197 4197 4191 4189 4191 4197 4198 4198 4192 4191 4192 4198 4199 4199 4194 4192 4194 4199 3924 3924 3926 4194 4122 4121 4200 4200 4196 4122 4196 4200 4201 4201 4197 4196 4197 4201 4202 4202 4198 4197 4198 4202 4203 4203 4199 4198 4199 4203 3921 3921 3924 4199 4121 4137 4139 4139 4200 4121 4200 4139 4141 4141 4201 4200 4201 4141 4143 4143 4202 4201 
						4202 4143 4145 4145 4203 4202 4203 4145 3922 3922 3921 4203 4207 4204 4205 4205 4206 4207 4211 4208 4209 4209 4210 4211 4215 4212 4213 4213 4214 4215 4219 4216 4217 4217 4218 4219 4223 4220 4221 4221 4222 4223 4227 4224 4225 4225 4226 4227 4229 4227 4226 4226 4228 4229 4207 4229 4228 4228 4204 4207 4231 4209 4208 4208 4230 4231 4233 4231 4230 4230 4232 4233 4205 4233 4232 4232 4206 4205 4235 4225 4224 4224 4234 4235 4237 4219 4218 4218 4236 4237 4239 4237 4236 4236 4238 4239 4241 4239 4238 4238 4240 4241 4243 4221 4220 4220 4242 4243 4245 4243 4242 4242 4244 4245 4247 4245 4244 4244 4246 4247 4251 4248 4249 4249 4250 4251 4255 4252 4253 4253 4254 4255 4259 4256 4257 4257 4258 4259 4263 4260 4261 4261 4262 4263 4267 4264 4265 4265 4266 4267 4271 4268 4269 4269 4270 4271 4270 4269 4272 4272 4273 4270 4273 4272 4249 4249 4248 4273 4252 4255 4274 4274 4275 4252 4275 4274 4276 4276 4277 4275 4277 4276 4251 4251 4250 4277 4268 4271 4278 4278 4279 4268 
						4262 4261 4280 4280 4281 4262 4281 4280 4282 4282 4283 4281 4283 4282 4284 4284 4285 4283 4264 4267 4286 4286 4287 4264 4287 4286 4288 4288 4289 4287 4289 4288 4290 4290 4291 4289 4295 4292 4293 4293 4294 4295 4292 4296 4297 4297 4293 4292 4296 4298 4299 4299 4297 4296 4298 4300 4301 4301 4299 4298 4300 4302 4303 4303 4301 4300 4302 4304 4305 4305 4303 4302 4304 4306 4307 4307 4305 4304 4306 4308 4309 4309 4307 4306 4308 4310 4311 4311 4309 4308 4310 4312 4313 4313 4311 4310 4312 4314 4315 4315 4313 4312 4314 4316 4317 4317 4315 4314 4321 4318 4319 4319 4320 4321 4318 4322 4323 4323 4319 4318 4322 4324 4325 4325 4323 4322 4329 4326 4327 4327 4328 4329 4328 4330 4331 4331 4332 4328 4336 4333 4334 4334 4335 4336 4337 4329 4328 4328 4332 4337 4339 4337 4332 4332 4338 4339 4329 4337 4340 4340 4341 4329 4345 4342 4343 4343 4344 4345 4349 4346 4347 4347 4348 4349 4353 4350 4351 4351 4352 4353 4354 4355 4356 4360 4357 4358 4358 4359 4360 4364 4361 4362 
						4362 4363 4364 4368 4365 4366 4366 4367 4368 4372 4369 4370 4370 4371 4372 4373 4374 4375 4379 4376 4377 4377 4378 4379 4383 4380 4381 4381 4382 4383 4382 4381 4384 4373 4375 4385 4385 4386 4373 4354 4356 4387 4387 4388 4354 4378 4377 4389 4393 4390 4391 4391 4392 4393 4397 4394 4395 4395 4396 4397 4401 4398 4399 4399 4400 4401 4403 4402 4350 4350 4353 4403 4405 4404 4342 4342 4345 4405 4409 4406 4407 4407 4408 4409 4344 4343 4410 4410 4411 4344 4335 4334 4412 4412 4413 4335 4417 4414 4415 4415 4416 4417 4421 4418 4419 4419 4420 4421 4392 4391 4394 4394 4397 4392 4423 4422 4402 4402 4403 4423 4427 4424 4425 4425 4426 4427 4430 4428 4426 4426 4429 4430 4434 4431 4432 4432 4433 4434 4426 4425 4435 4435 4429 4426 4429 4435 4436 4436 4437 4429 4439 4435 4425 4425 4438 4439 4443 4440 4441 4441 4442 4443 4447 4444 4445 4445 4446 4447 4451 4448 4449 4449 4450 4451 4452 4453 4454 4458 4455 4456 4456 4457 4458 4462 4459 4460 4460 4461 4462 4466 4463 4464 
						4464 4465 4466 4470 4467 4468 4468 4469 4470 4471 4472 4473 4477 4474 4475 4475 4476 4477 4481 4478 4479 4479 4480 4481 4480 4482 4481 4484 4472 4471 4471 4483 4484 4486 4453 4452 4452 4485 4486 4476 4487 4477 4491 4488 4489 4489 4490 4491 4495 4492 4493 4493 4494 4495 4499 4496 4497 4497 4498 4499 4448 4500 4501 4501 4449 4448 4440 4502 4503 4503 4441 4440 4507 4504 4505 4505 4506 4507 4509 4443 4442 4442 4508 4509 4511 4434 4433 4433 4510 4511 4515 4512 4513 4513 4514 4515 4519 4516 4517 4517 4518 4519 4492 4491 4490 4490 4493 4492 4500 4520 4521 4521 4501 4500 4324 4295 4294 4294 4325 4324 4525 4522 4523 4523 4524 4525 4527 4526 4522 4522 4525 4527 4529 4528 4526 4526 4527 4529 4531 4530 4528 4528 4529 4531 4533 4532 4530 4530 4531 4533 4535 4534 4532 4532 4533 4535 4537 4536 4534 4534 4535 4537 4539 4538 4536 4536 4537 4539 4541 4540 4538 4538 4539 4541 4543 4542 4540 4540 4541 4543 4545 4544 4542 4542 4543 4545 4547 4546 4544 4544 4545 4547 
						4551 4548 4549 4549 4550 4551 4553 4552 4548 4548 4551 4553 4555 4554 4552 4552 4553 4555 4559 4556 4557 4557 4558 4559 4562 4560 4558 4558 4561 4562 4566 4563 4564 4564 4565 4566 4558 4557 4567 4567 4561 4558 4561 4567 4568 4568 4569 4561 4571 4567 4557 4557 4570 4571 4575 4572 4573 4573 4574 4575 4579 4576 4577 4577 4578 4579 4583 4580 4581 4581 4582 4583 4584 4585 4586 4590 4587 4588 4588 4589 4590 4594 4591 4592 4592 4593 4594 4598 4595 4596 4596 4597 4598 4602 4599 4600 4600 4601 4602 4603 4604 4605 4609 4606 4607 4607 4608 4609 4613 4610 4611 4611 4612 4613 4612 4614 4613 4616 4604 4603 4603 4615 4616 4618 4585 4584 4584 4617 4618 4608 4619 4609 4623 4620 4621 4621 4622 4623 4627 4624 4625 4625 4626 4627 4631 4628 4629 4629 4630 4631 4580 4632 4633 4633 4581 4580 4572 4634 4635 4635 4573 4572 4639 4636 4637 4637 4638 4639 4641 4575 4574 4574 4640 4641 4643 4566 4565 4565 4642 4643 4647 4644 4645 4645 4646 4647 4651 4648 4649 4649 4650 4651 
						4624 4623 4622 4622 4625 4624 4632 4652 4653 4653 4633 4632 4657 4654 4655 4655 4656 4657 4656 4658 4659 4659 4660 4656 4664 4661 4662 4662 4663 4664 4665 4657 4656 4656 4660 4665 4667 4665 4660 4660 4666 4667 4657 4665 4668 4668 4669 4657 4673 4670 4671 4671 4672 4673 4677 4674 4675 4675 4676 4677 4681 4678 4679 4679 4680 4681 4682 4683 4684 4688 4685 4686 4686 4687 4688 4692 4689 4690 4690 4691 4692 4696 4693 4694 4694 4695 4696 4700 4697 4698 4698 4699 4700 4701 4702 4703 4707 4704 4705 4705 4706 4707 4711 4708 4709 4709 4710 4711 4710 4709 4712 4701 4703 4713 4713 4714 4701 4682 4684 4715 4715 4716 4682 4706 4705 4717 4721 4718 4719 4719 4720 4721 4725 4722 4723 4723 4724 4725 4729 4726 4727 4727 4728 4729 4731 4730 4678 4678 4681 4731 4733 4732 4670 4670 4673 4733 4737 4734 4735 4735 4736 4737 4672 4671 4738 4738 4739 4672 4663 4662 4740 4740 4741 4663 4745 4742 4743 4743 4744 4745 4749 4746 4747 4747 4748 4749 4720 4719 4722 4722 4725 4720 
						4751 4750 4730 4730 4731 4751 4524 4523 4554 4554 4555 4524 4755 4752 4753 4753 4754 4755 4759 4756 4757 4757 4758 4759 4763 4760 4761 4761 4762 4763 4767 4764 4765 4765 4766 4767 4771 4768 4769 4769 4770 4771 4775 4772 4773 4773 4774 4775 4777 4775 4774 4774 4776 4777 4767 4777 4776 4776 4764 4767 4779 4762 4761 4761 4778 4779 4781 4779 4778 4778 4780 4781 4765 4781 4780 4780 4766 4765 4785 4782 4783 4783 4784 4785 4787 4785 4784 4784 4786 4787 4759 4788 4789 4789 4756 4759 4791 4760 4763 4763 4790 4791 4793 4791 4790 4790 4792 4793 4757 4793 4792 4792 4758 4757 4773 4772 4783 4783 4782 4773 4795 4770 4769 4769 4794 4795 4797 4795 4794 4794 4796 4797 4801 4798 4799 4799 4800 4801 4803 4799 4798 4798 4802 4803 4805 4803 4802 4802 4804 4805 4807 4805 4804 4804 4806 4807 4809 4754 4753 4753 4808 4809 4811 4809 4808 4808 4810 4811 4813 4811 4810 4810 4812 4813 4815 4813 4812 4812 4814 4815 4817 4815 4814 4814 4816 4817 4819 4817 4816 4816 4818 4819 
						4823 4820 4821 4821 4822 4823 4800 4799 4797 4797 4824 4800 4825 4796 4798 4798 4801 4825 4824 4797 4796 4796 4825 4824 4829 4826 4827 4827 4828 4829 4833 4830 4831 4831 4832 4833 4837 4834 4835 4835 4836 4837 4841 4838 4839 4839 4840 4841 4845 4842 4843 4843 4844 4845 4849 4846 4847 4847 4848 4849 4853 4850 4851 4851 4852 4853 4857 4854 4855 4855 4856 4857 4861 4858 4859 4859 4860 4861 4860 4859 4862 4862 4863 4860 4863 4862 4851 4851 4850 4863 4849 4848 4864 4864 4865 4849 4865 4864 4866 4866 4867 4865 4867 4866 4853 4853 4852 4867 4871 4868 4869 4869 4870 4871 4870 4869 4872 4872 4873 4870 4873 4872 4843 4843 4842 4873 4847 4846 4874 4874 4875 4847 4875 4874 4876 4876 4877 4875 4877 4876 4845 4845 4844 4877 4871 4858 4861 4861 4868 4871 4857 4856 4878 4878 4879 4857 4879 4878 4880 4880 4881 4879 4885 4882 4883 4883 4884 4885 4882 4885 4886 4886 4887 4882 4887 4886 4888 4888 4889 4887 4889 4888 4890 4890 4891 4889 4841 4840 4892 4892 4893 4841 
						4893 4892 4894 4894 4895 4893 4895 4894 4896 4896 4897 4895 4897 4896 4898 4898 4899 4897 4899 4898 4900 4900 4901 4899 4901 4900 4902 4902 4903 4901 4907 4904 4905 4905 4906 4907 4880 4885 4884 4884 4908 4880 4882 4881 4909 4909 4883 4882 4881 4880 4908 4908 4909 4881 4913 4910 4911 4911 4912 4913 4917 4914 4915 4915 4916 4917 4921 4918 4919 4919 4920 4921 1771 1825 1824 1824 1836 1771 
					</p>
				</polylist>
			</mesh>
		</geometry>
	</library_geometries>
	<library_visual_scenes>
		<visual_scene id="RootNode" name="RootNode">
			<node id="Circle" name="Circle">
				<matrix>1.000000 0.000000 0.000000 0.000000 0.000000 1.000000 0.000000 0.000000 0.000000 0.000000 1.000000 0.000000 0.000000 0.000000 0.000000 1.000000</matrix>
				<instance_geometry url="#meshId0">
					<bind_material>
						<technique_common>
							<instance_material symbol="defaultMaterial" target="#DefaultMaterial" />
						</technique_common>
					</bind_material>
				</instance_geometry>
			</node>
		</visual_scene>
	</library_visual_scenes>
	<scene>
		<instance_visual_scene url="#RootNode" />
	</scene>
</COLLADA>
